2026-05-07 02:01:11.476 [main] INFO  com.zaxxer.hikari.HikariDataSource - HikariPool-1 - Starting...
2026-05-07 02:01:12.826 [main] ERROR com.zaxxer.hikari.pool.HikariPool - HikariPool-1 - Exception during pool initialization.
java.sql.SQLException: Access denied for user 'attendance_user'@'localhost' (using password: YES)
	at com.mysql.cj.jdbc.exceptions.SQLError.createSQLException(SQLError.java:130)
	at com.mysql.cj.jdbc.exceptions.SQLExceptionsMapping.translateException(SQLExceptionsMapping.java:122)
	at com.mysql.cj.jdbc.ConnectionImpl.createNewIO(ConnectionImpl.java:825)
	at com.mysql.cj.jdbc.ConnectionImpl.<init>(ConnectionImpl.java:446)
	at com.mysql.cj.jdbc.ConnectionImpl.getInstance(ConnectionImpl.java:239)
	at com.mysql.cj.jdbc.NonRegisteringDriver.connect(NonRegisteringDriver.java:188)
	at com.zaxxer.hikari.util.DriverDataSource.getConnection(DriverDataSource.java:138)
	at com.zaxxer.hikari.pool.PoolBase.newConnection(PoolBase.java:359)
	at com.zaxxer.hikari.pool.PoolBase.newPoolEntry(PoolBase.java:201)
	at com.zaxxer.hikari.pool.HikariPool.createPoolEntry(HikariPool.java:470)
	at com.zaxxer.hikari.pool.HikariPool.checkFailFast(HikariPool.java:561)
	at com.zaxxer.hikari.pool.HikariPool.<init>(HikariPool.java:100)
	at com.zaxxer.hikari.HikariDataSource.<init>(HikariDataSource.java:81)
	at com.attendance.system.dao.DatabaseManager.initializeConnectionPool(DatabaseManager.java:91)
	at com.attendance.system.dao.DatabaseManager.<init>(DatabaseManager.java:27)
	at com.attendance.system.dao.DatabaseManager.getInstance(DatabaseManager.java:32)
	at com.attendance.system.dao.DatabaseManager.main(DatabaseManager.java:323)
2026-05-07 02:01:12.830 [main] ERROR c.a.system.dao.DatabaseManager - Failed to initialize database connection pool
com.zaxxer.hikari.pool.HikariPool$PoolInitializationException: Failed to initialize pool: Access denied for user 'attendance_user'@'localhost' (using password: YES)
	at com.zaxxer.hikari.pool.HikariPool.throwPoolInitializationException(HikariPool.java:596)
	at com.zaxxer.hikari.pool.HikariPool.checkFailFast(HikariPool.java:582)
	at com.zaxxer.hikari.pool.HikariPool.<init>(HikariPool.java:100)
	at com.zaxxer.hikari.HikariDataSource.<init>(HikariDataSource.java:81)
	at com.attendance.system.dao.DatabaseManager.initializeConnectionPool(DatabaseManager.java:91)
	at com.attendance.system.dao.DatabaseManager.<init>(DatabaseManager.java:27)
	at com.attendance.system.dao.DatabaseManager.getInstance(DatabaseManager.java:32)
	at com.attendance.system.dao.DatabaseManager.main(DatabaseManager.java:323)
Caused by: java.sql.SQLException: Access denied for user 'attendance_user'@'localhost' (using password: YES)
	at com.mysql.cj.jdbc.exceptions.SQLError.createSQLException(SQLError.java:130)
	at com.mysql.cj.jdbc.exceptions.SQLExceptionsMapping.translateException(SQLExceptionsMapping.java:122)
	at com.mysql.cj.jdbc.ConnectionImpl.createNewIO(ConnectionImpl.java:825)
	at com.mysql.cj.jdbc.ConnectionImpl.<init>(ConnectionImpl.java:446)
	at com.mysql.cj.jdbc.ConnectionImpl.getInstance(ConnectionImpl.java:239)
	at com.mysql.cj.jdbc.NonRegisteringDriver.connect(NonRegisteringDriver.java:188)
	at com.zaxxer.hikari.util.DriverDataSource.getConnection(DriverDataSource.java:138)
	at com.zaxxer.hikari.pool.PoolBase.newConnection(PoolBase.java:359)
	at com.zaxxer.hikari.pool.PoolBase.newPoolEntry(PoolBase.java:201)
	at com.zaxxer.hikari.pool.HikariPool.createPoolEntry(HikariPool.java:470)
	at com.zaxxer.hikari.pool.HikariPool.checkFailFast(HikariPool.java:561)
	... 6 common frames omitted
2026-05-07 02:01:13.728 [main] INFO  c.a.system.server.ServerLauncher - Starting Student Attendance System Server...
2026-05-07 02:01:13.729 [main] INFO  c.a.system.server.ServerLauncher - Initializing database connection...
2026-05-07 02:01:13.779 [main] INFO  com.zaxxer.hikari.HikariDataSource - HikariPool-1 - Starting...
2026-05-07 02:01:15.151 [main] ERROR com.zaxxer.hikari.pool.HikariPool - HikariPool-1 - Exception during pool initialization.
java.sql.SQLException: Access denied for user 'attendance_user'@'localhost' (using password: YES)
	at com.mysql.cj.jdbc.exceptions.SQLError.createSQLException(SQLError.java:130)
	at com.mysql.cj.jdbc.exceptions.SQLExceptionsMapping.translateException(SQLExceptionsMapping.java:122)
	at com.mysql.cj.jdbc.ConnectionImpl.createNewIO(ConnectionImpl.java:825)
	at com.mysql.cj.jdbc.ConnectionImpl.<init>(ConnectionImpl.java:446)
	at com.mysql.cj.jdbc.ConnectionImpl.getInstance(ConnectionImpl.java:239)
	at com.mysql.cj.jdbc.NonRegisteringDriver.connect(NonRegisteringDriver.java:188)
	at com.zaxxer.hikari.util.DriverDataSource.getConnection(DriverDataSource.java:138)
	at com.zaxxer.hikari.pool.PoolBase.newConnection(PoolBase.java:359)
	at com.zaxxer.hikari.pool.PoolBase.newPoolEntry(PoolBase.java:201)
	at com.zaxxer.hikari.pool.HikariPool.createPoolEntry(HikariPool.java:470)
	at com.zaxxer.hikari.pool.HikariPool.checkFailFast(HikariPool.java:561)
	at com.zaxxer.hikari.pool.HikariPool.<init>(HikariPool.java:100)
	at com.zaxxer.hikari.HikariDataSource.<init>(HikariDataSource.java:81)
	at com.attendance.system.dao.DatabaseManager.initializeConnectionPool(DatabaseManager.java:91)
	at com.attendance.system.dao.DatabaseManager.<init>(DatabaseManager.java:27)
	at com.attendance.system.dao.DatabaseManager.getInstance(DatabaseManager.java:32)
	at com.attendance.system.server.ServerLauncher.initializeDatabase(ServerLauncher.java:163)
	at com.attendance.system.server.ServerLauncher.start(ServerLauncher.java:71)
	at com.attendance.system.server.ServerLauncher.main(ServerLauncher.java:365)
2026-05-07 02:01:15.160 [main] ERROR c.a.system.dao.DatabaseManager - Failed to initialize database connection pool
com.zaxxer.hikari.pool.HikariPool$PoolInitializationException: Failed to initialize pool: Access denied for user 'attendance_user'@'localhost' (using password: YES)
	at com.zaxxer.hikari.pool.HikariPool.throwPoolInitializationException(HikariPool.java:596)
	at com.zaxxer.hikari.pool.HikariPool.checkFailFast(HikariPool.java:582)
	at com.zaxxer.hikari.pool.HikariPool.<init>(HikariPool.java:100)
	at com.zaxxer.hikari.HikariDataSource.<init>(HikariDataSource.java:81)
	at com.attendance.system.dao.DatabaseManager.initializeConnectionPool(DatabaseManager.java:91)
	at com.attendance.system.dao.DatabaseManager.<init>(DatabaseManager.java:27)
	at com.attendance.system.dao.DatabaseManager.getInstance(DatabaseManager.java:32)
	at com.attendance.system.server.ServerLauncher.initializeDatabase(ServerLauncher.java:163)
	at com.attendance.system.server.ServerLauncher.start(ServerLauncher.java:71)
	at com.attendance.system.server.ServerLauncher.main(ServerLauncher.java:365)
Caused by: java.sql.SQLException: Access denied for user 'attendance_user'@'localhost' (using password: YES)
	at com.mysql.cj.jdbc.exceptions.SQLError.createSQLException(SQLError.java:130)
	at com.mysql.cj.jdbc.exceptions.SQLExceptionsMapping.translateException(SQLExceptionsMapping.java:122)
	at com.mysql.cj.jdbc.ConnectionImpl.createNewIO(ConnectionImpl.java:825)
	at com.mysql.cj.jdbc.ConnectionImpl.<init>(ConnectionImpl.java:446)
	at com.mysql.cj.jdbc.ConnectionImpl.getInstance(ConnectionImpl.java:239)
	at com.mysql.cj.jdbc.NonRegisteringDriver.connect(NonRegisteringDriver.java:188)
	at com.zaxxer.hikari.util.DriverDataSource.getConnection(DriverDataSource.java:138)
	at com.zaxxer.hikari.pool.PoolBase.newConnection(PoolBase.java:359)
	at com.zaxxer.hikari.pool.PoolBase.newPoolEntry(PoolBase.java:201)
	at com.zaxxer.hikari.pool.HikariPool.createPoolEntry(HikariPool.java:470)
	at com.zaxxer.hikari.pool.HikariPool.checkFailFast(HikariPool.java:561)
	... 8 common frames omitted
2026-05-07 02:01:15.164 [main] ERROR c.a.system.server.ServerLauncher - Failed to initialize database
java.lang.RuntimeException: Database initialization failed
	at com.attendance.system.dao.DatabaseManager.initializeConnectionPool(DatabaseManager.java:102)
	at com.attendance.system.dao.DatabaseManager.<init>(DatabaseManager.java:27)
	at com.attendance.system.dao.DatabaseManager.getInstance(DatabaseManager.java:32)
	at com.attendance.system.server.ServerLauncher.initializeDatabase(ServerLauncher.java:163)
	at com.attendance.system.server.ServerLauncher.start(ServerLauncher.java:71)
	at com.attendance.system.server.ServerLauncher.main(ServerLauncher.java:365)
Caused by: com.zaxxer.hikari.pool.HikariPool$PoolInitializationException: Failed to initialize pool: Access denied for user 'attendance_user'@'localhost' (using password: YES)
	at com.zaxxer.hikari.pool.HikariPool.throwPoolInitializationException(HikariPool.java:596)
	at com.zaxxer.hikari.pool.HikariPool.checkFailFast(HikariPool.java:582)
	at com.zaxxer.hikari.pool.HikariPool.<init>(HikariPool.java:100)
	at com.zaxxer.hikari.HikariDataSource.<init>(HikariDataSource.java:81)
	at com.attendance.system.dao.DatabaseManager.initializeConnectionPool(DatabaseManager.java:91)
	... 5 common frames omitted
Caused by: java.sql.SQLException: Access denied for user 'attendance_user'@'localhost' (using password: YES)
	at com.mysql.cj.jdbc.exceptions.SQLError.createSQLException(SQLError.java:130)
	at com.mysql.cj.jdbc.exceptions.SQLExceptionsMapping.translateException(SQLExceptionsMapping.java:122)
	at com.mysql.cj.jdbc.ConnectionImpl.createNewIO(ConnectionImpl.java:825)
	at com.mysql.cj.jdbc.ConnectionImpl.<init>(ConnectionImpl.java:446)
	at com.mysql.cj.jdbc.ConnectionImpl.getInstance(ConnectionImpl.java:239)
	at com.mysql.cj.jdbc.NonRegisteringDriver.connect(NonRegisteringDriver.java:188)
	at com.zaxxer.hikari.util.DriverDataSource.getConnection(DriverDataSource.java:138)
	at com.zaxxer.hikari.pool.PoolBase.newConnection(PoolBase.java:359)
	at com.zaxxer.hikari.pool.PoolBase.newPoolEntry(PoolBase.java:201)
	at com.zaxxer.hikari.pool.HikariPool.createPoolEntry(HikariPool.java:470)
	at com.zaxxer.hikari.pool.HikariPool.checkFailFast(HikariPool.java:561)
	... 8 common frames omitted
2026-05-07 02:01:15.170 [main] ERROR c.a.system.server.ServerLauncher - Failed to start server
java.lang.Exception: Database initialization failed
	at com.attendance.system.server.ServerLauncher.initializeDatabase(ServerLauncher.java:168)
	at com.attendance.system.server.ServerLauncher.start(ServerLauncher.java:71)
	at com.attendance.system.server.ServerLauncher.main(ServerLauncher.java:365)
Caused by: java.lang.RuntimeException: Database initialization failed
	at com.attendance.system.dao.DatabaseManager.initializeConnectionPool(DatabaseManager.java:102)
	at com.attendance.system.dao.DatabaseManager.<init>(DatabaseManager.java:27)
	at com.attendance.system.dao.DatabaseManager.getInstance(DatabaseManager.java:32)
	at com.attendance.system.server.ServerLauncher.initializeDatabase(ServerLauncher.java:163)
	... 2 common frames omitted
Caused by: com.zaxxer.hikari.pool.HikariPool$PoolInitializationException: Failed to initialize pool: Access denied for user 'attendance_user'@'localhost' (using password: YES)
	at com.zaxxer.hikari.pool.HikariPool.throwPoolInitializationException(HikariPool.java:596)
	at com.zaxxer.hikari.pool.HikariPool.checkFailFast(HikariPool.java:582)
	at com.zaxxer.hikari.pool.HikariPool.<init>(HikariPool.java:100)
	at com.zaxxer.hikari.HikariDataSource.<init>(HikariDataSource.java:81)
	at com.attendance.system.dao.DatabaseManager.initializeConnectionPool(DatabaseManager.java:91)
	... 5 common frames omitted
Caused by: java.sql.SQLException: Access denied for user 'attendance_user'@'localhost' (using password: YES)
	at com.mysql.cj.jdbc.exceptions.SQLError.createSQLException(SQLError.java:130)
	at com.mysql.cj.jdbc.exceptions.SQLExceptionsMapping.translateException(SQLExceptionsMapping.java:122)
	at com.mysql.cj.jdbc.ConnectionImpl.createNewIO(ConnectionImpl.java:825)
	at com.mysql.cj.jdbc.ConnectionImpl.<init>(ConnectionImpl.java:446)
	at com.mysql.cj.jdbc.ConnectionImpl.getInstance(ConnectionImpl.java:239)
	at com.mysql.cj.jdbc.NonRegisteringDriver.connect(NonRegisteringDriver.java:188)
	at com.zaxxer.hikari.util.DriverDataSource.getConnection(DriverDataSource.java:138)
	at com.zaxxer.hikari.pool.PoolBase.newConnection(PoolBase.java:359)
	at com.zaxxer.hikari.pool.PoolBase.newPoolEntry(PoolBase.java:201)
	at com.zaxxer.hikari.pool.HikariPool.createPoolEntry(HikariPool.java:470)
	at com.zaxxer.hikari.pool.HikariPool.checkFailFast(HikariPool.java:561)
	... 8 common frames omitted
2026-05-07 02:01:15.179 [main] INFO  com.zaxxer.hikari.HikariDataSource - HikariPool-2 - Starting...
2026-05-07 02:01:16.200 [main] ERROR com.zaxxer.hikari.pool.HikariPool - HikariPool-2 - Exception during pool initialization.
java.sql.SQLException: Access denied for user 'attendance_user'@'localhost' (using password: YES)
	at com.mysql.cj.jdbc.exceptions.SQLError.createSQLException(SQLError.java:130)
	at com.mysql.cj.jdbc.exceptions.SQLExceptionsMapping.translateException(SQLExceptionsMapping.java:122)
	at com.mysql.cj.jdbc.ConnectionImpl.createNewIO(ConnectionImpl.java:825)
	at com.mysql.cj.jdbc.ConnectionImpl.<init>(ConnectionImpl.java:446)
	at com.mysql.cj.jdbc.ConnectionImpl.getInstance(ConnectionImpl.java:239)
	at com.mysql.cj.jdbc.NonRegisteringDriver.connect(NonRegisteringDriver.java:188)
	at com.zaxxer.hikari.util.DriverDataSource.getConnection(DriverDataSource.java:138)
	at com.zaxxer.hikari.pool.PoolBase.newConnection(PoolBase.java:359)
	at com.zaxxer.hikari.pool.PoolBase.newPoolEntry(PoolBase.java:201)
	at com.zaxxer.hikari.pool.HikariPool.createPoolEntry(HikariPool.java:470)
	at com.zaxxer.hikari.pool.HikariPool.checkFailFast(HikariPool.java:561)
	at com.zaxxer.hikari.pool.HikariPool.<init>(HikariPool.java:100)
	at com.zaxxer.hikari.HikariDataSource.<init>(HikariDataSource.java:81)
	at com.attendance.system.dao.DatabaseManager.initializeConnectionPool(DatabaseManager.java:91)
	at com.attendance.system.dao.DatabaseManager.<init>(DatabaseManager.java:27)
	at com.attendance.system.dao.DatabaseManager.getInstance(DatabaseManager.java:32)
	at com.attendance.system.server.ServerLauncher.cleanup(ServerLauncher.java:342)
	at com.attendance.system.server.ServerLauncher.start(ServerLauncher.java:99)
	at com.attendance.system.server.ServerLauncher.main(ServerLauncher.java:365)
2026-05-07 02:01:16.202 [main] ERROR c.a.system.dao.DatabaseManager - Failed to initialize database connection pool
com.zaxxer.hikari.pool.HikariPool$PoolInitializationException: Failed to initialize pool: Access denied for user 'attendance_user'@'localhost' (using password: YES)
	at com.zaxxer.hikari.pool.HikariPool.throwPoolInitializationException(HikariPool.java:596)
	at com.zaxxer.hikari.pool.HikariPool.checkFailFast(HikariPool.java:582)
	at com.zaxxer.hikari.pool.HikariPool.<init>(HikariPool.java:100)
	at com.zaxxer.hikari.HikariDataSource.<init>(HikariDataSource.java:81)
	at com.attendance.system.dao.DatabaseManager.initializeConnectionPool(DatabaseManager.java:91)
	at com.attendance.system.dao.DatabaseManager.<init>(DatabaseManager.java:27)
	at com.attendance.system.dao.DatabaseManager.getInstance(DatabaseManager.java:32)
	at com.attendance.system.server.ServerLauncher.cleanup(ServerLauncher.java:342)
	at com.attendance.system.server.ServerLauncher.start(ServerLauncher.java:99)
	at com.attendance.system.server.ServerLauncher.main(ServerLauncher.java:365)
Caused by: java.sql.SQLException: Access denied for user 'attendance_user'@'localhost' (using password: YES)
	at com.mysql.cj.jdbc.exceptions.SQLError.createSQLException(SQLError.java:130)
	at com.mysql.cj.jdbc.exceptions.SQLExceptionsMapping.translateException(SQLExceptionsMapping.java:122)
	at com.mysql.cj.jdbc.ConnectionImpl.createNewIO(ConnectionImpl.java:825)
	at com.mysql.cj.jdbc.ConnectionImpl.<init>(ConnectionImpl.java:446)
	at com.mysql.cj.jdbc.ConnectionImpl.getInstance(ConnectionImpl.java:239)
	at com.mysql.cj.jdbc.NonRegisteringDriver.connect(NonRegisteringDriver.java:188)
	at com.zaxxer.hikari.util.DriverDataSource.getConnection(DriverDataSource.java:138)
	at com.zaxxer.hikari.pool.PoolBase.newConnection(PoolBase.java:359)
	at com.zaxxer.hikari.pool.PoolBase.newPoolEntry(PoolBase.java:201)
	at com.zaxxer.hikari.pool.HikariPool.createPoolEntry(HikariPool.java:470)
	at com.zaxxer.hikari.pool.HikariPool.checkFailFast(HikariPool.java:561)
	... 8 common frames omitted
2026-05-07 02:01:16.203 [main] WARN  c.a.system.server.ServerLauncher - Failed to close database connections
java.lang.RuntimeException: Database initialization failed
	at com.attendance.system.dao.DatabaseManager.initializeConnectionPool(DatabaseManager.java:102)
	at com.attendance.system.dao.DatabaseManager.<init>(DatabaseManager.java:27)
	at com.attendance.system.dao.DatabaseManager.getInstance(DatabaseManager.java:32)
	at com.attendance.system.server.ServerLauncher.cleanup(ServerLauncher.java:342)
	at com.attendance.system.server.ServerLauncher.start(ServerLauncher.java:99)
	at com.attendance.system.server.ServerLauncher.main(ServerLauncher.java:365)
Caused by: com.zaxxer.hikari.pool.HikariPool$PoolInitializationException: Failed to initialize pool: Access denied for user 'attendance_user'@'localhost' (using password: YES)
	at com.zaxxer.hikari.pool.HikariPool.throwPoolInitializationException(HikariPool.java:596)
	at com.zaxxer.hikari.pool.HikariPool.checkFailFast(HikariPool.java:582)
	at com.zaxxer.hikari.pool.HikariPool.<init>(HikariPool.java:100)
	at com.zaxxer.hikari.HikariDataSource.<init>(HikariDataSource.java:81)
	at com.attendance.system.dao.DatabaseManager.initializeConnectionPool(DatabaseManager.java:91)
	... 5 common frames omitted
Caused by: java.sql.SQLException: Access denied for user 'attendance_user'@'localhost' (using password: YES)
	at com.mysql.cj.jdbc.exceptions.SQLError.createSQLException(SQLError.java:130)
	at com.mysql.cj.jdbc.exceptions.SQLExceptionsMapping.translateException(SQLExceptionsMapping.java:122)
	at com.mysql.cj.jdbc.ConnectionImpl.createNewIO(ConnectionImpl.java:825)
	at com.mysql.cj.jdbc.ConnectionImpl.<init>(ConnectionImpl.java:446)
	at com.mysql.cj.jdbc.ConnectionImpl.getInstance(ConnectionImpl.java:239)
	at com.mysql.cj.jdbc.NonRegisteringDriver.connect(NonRegisteringDriver.java:188)
	at com.zaxxer.hikari.util.DriverDataSource.getConnection(DriverDataSource.java:138)
	at com.zaxxer.hikari.pool.PoolBase.newConnection(PoolBase.java:359)
	at com.zaxxer.hikari.pool.PoolBase.newPoolEntry(PoolBase.java:201)
	at com.zaxxer.hikari.pool.HikariPool.createPoolEntry(HikariPool.java:470)
	at com.zaxxer.hikari.pool.HikariPool.checkFailFast(HikariPool.java:561)
	... 8 common frames omitted
2026-05-07 02:01:16.204 [main] ERROR c.a.system.server.ServerLauncher - Server startup failed
java.lang.Exception: Database initialization failed
	at com.attendance.system.server.ServerLauncher.initializeDatabase(ServerLauncher.java:168)
	at com.attendance.system.server.ServerLauncher.start(ServerLauncher.java:71)
	at com.attendance.system.server.ServerLauncher.main(ServerLauncher.java:365)
Caused by: java.lang.RuntimeException: Database initialization failed
	at com.attendance.system.dao.DatabaseManager.initializeConnectionPool(DatabaseManager.java:102)
	at com.attendance.system.dao.DatabaseManager.<init>(DatabaseManager.java:27)
	at com.attendance.system.dao.DatabaseManager.getInstance(DatabaseManager.java:32)
	at com.attendance.system.server.ServerLauncher.initializeDatabase(ServerLauncher.java:163)
	... 2 common frames omitted
Caused by: com.zaxxer.hikari.pool.HikariPool$PoolInitializationException: Failed to initialize pool: Access denied for user 'attendance_user'@'localhost' (using password: YES)
	at com.zaxxer.hikari.pool.HikariPool.throwPoolInitializationException(HikariPool.java:596)
	at com.zaxxer.hikari.pool.HikariPool.checkFailFast(HikariPool.java:582)
	at com.zaxxer.hikari.pool.HikariPool.<init>(HikariPool.java:100)
	at com.zaxxer.hikari.HikariDataSource.<init>(HikariDataSource.java:81)
	at com.attendance.system.dao.DatabaseManager.initializeConnectionPool(DatabaseManager.java:91)
	... 5 common frames omitted
Caused by: java.sql.SQLException: Access denied for user 'attendance_user'@'localhost' (using password: YES)
	at com.mysql.cj.jdbc.exceptions.SQLError.createSQLException(SQLError.java:130)
	at com.mysql.cj.jdbc.exceptions.SQLExceptionsMapping.translateException(SQLExceptionsMapping.java:122)
	at com.mysql.cj.jdbc.ConnectionImpl.createNewIO(ConnectionImpl.java:825)
	at com.mysql.cj.jdbc.ConnectionImpl.<init>(ConnectionImpl.java:446)
	at com.mysql.cj.jdbc.ConnectionImpl.getInstance(ConnectionImpl.java:239)
	at com.mysql.cj.jdbc.NonRegisteringDriver.connect(NonRegisteringDriver.java:188)
	at com.zaxxer.hikari.util.DriverDataSource.getConnection(DriverDataSource.java:138)
	at com.zaxxer.hikari.pool.PoolBase.newConnection(PoolBase.java:359)
	at com.zaxxer.hikari.pool.PoolBase.newPoolEntry(PoolBase.java:201)
	at com.zaxxer.hikari.pool.HikariPool.createPoolEntry(HikariPool.java:470)
	at com.zaxxer.hikari.pool.HikariPool.checkFailFast(HikariPool.java:561)
	... 8 common frames omitted
2026-05-07 02:03:59.754 [main] INFO  com.zaxxer.hikari.HikariDataSource - HikariPool-1 - Starting...
2026-05-07 02:04:00.183 [main] INFO  com.zaxxer.hikari.pool.HikariPool - HikariPool-1 - Added connection com.mysql.cj.jdbc.ConnectionImpl@5b7a7f33
2026-05-07 02:04:00.188 [main] INFO  com.zaxxer.hikari.HikariDataSource - HikariPool-1 - Start completed.
2026-05-07 02:04:00.188 [main] INFO  c.a.system.dao.DatabaseManager - Database connection pool initialized successfully
2026-05-07 02:04:00.202 [main] DEBUG c.a.system.dao.DatabaseManager - Database connection test successful
2026-05-07 02:04:00.224 [main] DEBUG c.a.system.dao.DatabaseManager - Database connection test successful
2026-05-07 02:04:01.319 [main] INFO  c.a.system.server.ServerLauncher - Starting Student Attendance System Server...
2026-05-07 02:04:01.321 [main] INFO  c.a.system.server.ServerLauncher - Initializing database connection...
2026-05-07 02:04:01.378 [main] INFO  com.zaxxer.hikari.HikariDataSource - HikariPool-1 - Starting...
2026-05-07 02:04:01.813 [main] INFO  com.zaxxer.hikari.pool.HikariPool - HikariPool-1 - Added connection com.mysql.cj.jdbc.ConnectionImpl@5fb759d6
2026-05-07 02:04:01.816 [main] INFO  com.zaxxer.hikari.HikariDataSource - HikariPool-1 - Start completed.
2026-05-07 02:04:01.816 [main] INFO  c.a.system.dao.DatabaseManager - Database connection pool initialized successfully
2026-05-07 02:04:01.824 [main] DEBUG c.a.system.dao.DatabaseManager - Database connection test successful
2026-05-07 02:04:01.843 [main] INFO  com.zaxxer.hikari.HikariDataSource - HikariPool-2 - Starting...
2026-05-07 02:04:01.851 [main] INFO  com.zaxxer.hikari.pool.HikariPool - HikariPool-2 - Added connection com.mysql.cj.jdbc.ConnectionImpl@2d29b4ee
2026-05-07 02:04:01.852 [main] INFO  com.zaxxer.hikari.HikariDataSource - HikariPool-2 - Start completed.
2026-05-07 02:04:01.852 [main] INFO  c.a.system.dao.DatabaseManager - Database connection pool initialized successfully
2026-05-07 02:04:01.853 [main] DEBUG c.a.system.dao.DatabaseManager - Database connection test successful
2026-05-07 02:04:01.854 [main] DEBUG c.a.system.dao.DatabaseManager - Database connection test successful
2026-05-07 02:04:01.855 [main] INFO  c.a.system.server.ServerLauncher - Database connection established successfully
2026-05-07 02:04:01.855 [main] DEBUG c.a.system.server.ServerLauncher - Setting up RMI system properties...
2026-05-07 02:04:01.855 [main] INFO  c.a.system.server.ServerLauncher - RMI server hostname set to: localhost
2026-05-07 02:04:01.856 [main] INFO  c.a.system.server.ServerLauncher - Setting up RMI registry on port 1099...
2026-05-07 02:04:01.892 [main] INFO  c.a.system.server.ServerLauncher - Created new RMI registry on port 1099
2026-05-07 02:04:01.892 [main] INFO  c.a.system.server.ServerLauncher - Creating and exporting attendance server...
2026-05-07 02:04:01.948 [main] INFO  c.a.system.server.AttendanceServer - AttendanceServer initialized successfully
2026-05-07 02:04:01.949 [main] INFO  c.a.system.server.AttendanceServer - Encryption enabled: true
2026-05-07 02:04:01.950 [main] INFO  c.a.system.server.AttendanceServer - Max concurrent users: 100
2026-05-07 02:04:01.950 [main] INFO  c.a.system.server.ServerLauncher - Attendance server created and exported successfully
2026-05-07 02:04:01.950 [main] INFO  c.a.system.server.ServerLauncher - Binding server to registry with name 'AttendanceService'...
2026-05-07 02:04:01.950 [main] INFO  c.a.system.server.ServerLauncher - Server bound to registry successfully
2026-05-07 02:04:01.950 [main] INFO  c.a.system.server.ServerLauncher - Starting maintenance tasks...
2026-05-07 02:04:01.956 [main] INFO  c.a.system.server.ServerLauncher - Maintenance tasks started
2026-05-07 02:04:01.960 [main] INFO  c.a.system.server.ServerLauncher - Server started successfully!
2026-05-07 02:04:01.960 [main] INFO  c.a.system.server.ServerLauncher - Service name: AttendanceService
2026-05-07 02:04:01.960 [main] INFO  c.a.system.server.ServerLauncher - RMI registry port: 1099
2026-05-07 02:04:01.960 [main] INFO  c.a.system.server.ServerLauncher - Server listening on port: 0
2026-05-07 02:04:01.960 [main] INFO  c.a.system.server.ServerLauncher - Server is ready to accept client connections.
2026-05-07 02:04:55.510 [com.attendance.system.server.ServerLauncher.main()] INFO  c.a.system.server.ServerLauncher - Starting Student Attendance System Server...
2026-05-07 02:04:55.511 [com.attendance.system.server.ServerLauncher.main()] INFO  c.a.system.server.ServerLauncher - Initializing database connection...
2026-05-07 02:04:55.548 [com.attendance.system.server.ServerLauncher.main()] INFO  com.zaxxer.hikari.HikariDataSource - HikariPool-1 - Starting...
2026-05-07 02:04:55.963 [com.attendance.system.server.ServerLauncher.main()] INFO  com.zaxxer.hikari.pool.HikariPool - HikariPool-1 - Added connection com.mysql.cj.jdbc.ConnectionImpl@12cd6e18
2026-05-07 02:04:55.967 [com.attendance.system.server.ServerLauncher.main()] INFO  com.zaxxer.hikari.HikariDataSource - HikariPool-1 - Start completed.
2026-05-07 02:04:55.967 [com.attendance.system.server.ServerLauncher.main()] INFO  c.a.system.dao.DatabaseManager - Database connection pool initialized successfully
2026-05-07 02:04:55.977 [com.attendance.system.server.ServerLauncher.main()] DEBUG c.a.system.dao.DatabaseManager - Database connection test successful
2026-05-07 02:04:55.992 [com.attendance.system.server.ServerLauncher.main()] INFO  com.zaxxer.hikari.HikariDataSource - HikariPool-2 - Starting...
2026-05-07 02:04:56.006 [com.attendance.system.server.ServerLauncher.main()] INFO  com.zaxxer.hikari.pool.HikariPool - HikariPool-2 - Added connection com.mysql.cj.jdbc.ConnectionImpl@e9fad7d
2026-05-07 02:04:56.007 [com.attendance.system.server.ServerLauncher.main()] INFO  com.zaxxer.hikari.HikariDataSource - HikariPool-2 - Start completed.
2026-05-07 02:04:56.007 [com.attendance.system.server.ServerLauncher.main()] INFO  c.a.system.dao.DatabaseManager - Database connection pool initialized successfully
2026-05-07 02:04:56.008 [com.attendance.system.server.ServerLauncher.main()] DEBUG c.a.system.dao.DatabaseManager - Database connection test successful
2026-05-07 02:04:56.010 [com.attendance.system.server.ServerLauncher.main()] DEBUG c.a.system.dao.DatabaseManager - Database connection test successful
2026-05-07 02:04:56.011 [com.attendance.system.server.ServerLauncher.main()] INFO  c.a.system.server.ServerLauncher - Database connection established successfully
2026-05-07 02:04:56.011 [com.attendance.system.server.ServerLauncher.main()] DEBUG c.a.system.server.ServerLauncher - Setting up RMI system properties...
2026-05-07 02:04:56.012 [com.attendance.system.server.ServerLauncher.main()] INFO  c.a.system.server.ServerLauncher - RMI server hostname set to: localhost
2026-05-07 02:04:56.012 [com.attendance.system.server.ServerLauncher.main()] INFO  c.a.system.server.ServerLauncher - Setting up RMI registry on port 1099...
2026-05-07 02:04:56.046 [com.attendance.system.server.ServerLauncher.main()] ERROR c.a.system.server.ServerLauncher - Failed to create RMI registry on port 1099
java.rmi.server.ExportException: Port already in use: 1099; nested exception is: 
	java.net.BindException: Address already in use
	at java.rmi/sun.rmi.transport.tcp.TCPTransport.listen(TCPTransport.java:356)
	at java.rmi/sun.rmi.transport.tcp.TCPTransport.exportObject(TCPTransport.java:251)
	at java.rmi/sun.rmi.transport.tcp.TCPEndpoint.exportObject(TCPEndpoint.java:415)
	at java.rmi/sun.rmi.transport.LiveRef.exportObject(LiveRef.java:147)
	at java.rmi/sun.rmi.server.UnicastServerRef.exportObject(UnicastServerRef.java:235)
	at java.rmi/sun.rmi.registry.RegistryImpl.setup(RegistryImpl.java:223)
	at java.rmi/sun.rmi.registry.RegistryImpl.<init>(RegistryImpl.java:208)
	at java.rmi/java.rmi.registry.LocateRegistry.createRegistry(LocateRegistry.java:203)
	at com.attendance.system.server.ServerLauncher.setupRMIRegistry(ServerLauncher.java:208)
	at com.attendance.system.server.ServerLauncher.start(ServerLauncher.java:77)
	at com.attendance.system.server.ServerLauncher.main(ServerLauncher.java:365)
	at org.codehaus.mojo.exec.ExecJavaMojo$1.run(ExecJavaMojo.java:279)
	at java.base/java.lang.Thread.run(Thread.java:1583)
Caused by: java.net.BindException: Address already in use
	at java.base/sun.nio.ch.Net.bind0(Native Method)
	at java.base/sun.nio.ch.Net.bind(Net.java:577)
	at java.base/sun.nio.ch.Net.bind(Net.java:566)
	at java.base/sun.nio.ch.NioSocketImpl.bind(NioSocketImpl.java:636)
	at java.base/java.net.ServerSocket.bind(ServerSocket.java:391)
	at java.base/java.net.ServerSocket.<init>(ServerSocket.java:278)
	at java.base/java.net.ServerSocket.<init>(ServerSocket.java:171)
	at java.rmi/sun.rmi.transport.tcp.TCPDirectSocketFactory.createServerSocket(TCPDirectSocketFactory.java:45)
	at java.rmi/sun.rmi.transport.tcp.TCPEndpoint.newServerSocket(TCPEndpoint.java:672)
	at java.rmi/sun.rmi.transport.tcp.TCPTransport.listen(TCPTransport.java:344)
	... 12 common frames omitted
2026-05-07 02:04:56.053 [com.attendance.system.server.ServerLauncher.main()] ERROR c.a.system.server.ServerLauncher - Failed to start server
java.rmi.server.ExportException: Port already in use: 1099; nested exception is: 
	java.net.BindException: Address already in use
	at java.rmi/sun.rmi.transport.tcp.TCPTransport.listen(TCPTransport.java:356)
	at java.rmi/sun.rmi.transport.tcp.TCPTransport.exportObject(TCPTransport.java:251)
	at java.rmi/sun.rmi.transport.tcp.TCPEndpoint.exportObject(TCPEndpoint.java:415)
	at java.rmi/sun.rmi.transport.LiveRef.exportObject(LiveRef.java:147)
	at java.rmi/sun.rmi.server.UnicastServerRef.exportObject(UnicastServerRef.java:235)
	at java.rmi/sun.rmi.registry.RegistryImpl.setup(RegistryImpl.java:223)
	at java.rmi/sun.rmi.registry.RegistryImpl.<init>(RegistryImpl.java:208)
	at java.rmi/java.rmi.registry.LocateRegistry.createRegistry(LocateRegistry.java:203)
	at com.attendance.system.server.ServerLauncher.setupRMIRegistry(ServerLauncher.java:208)
	at com.attendance.system.server.ServerLauncher.start(ServerLauncher.java:77)
	at com.attendance.system.server.ServerLauncher.main(ServerLauncher.java:365)
	at org.codehaus.mojo.exec.ExecJavaMojo$1.run(ExecJavaMojo.java:279)
	at java.base/java.lang.Thread.run(Thread.java:1583)
Caused by: java.net.BindException: Address already in use
	at java.base/sun.nio.ch.Net.bind0(Native Method)
	at java.base/sun.nio.ch.Net.bind(Net.java:577)
	at java.base/sun.nio.ch.Net.bind(Net.java:566)
	at java.base/sun.nio.ch.NioSocketImpl.bind(NioSocketImpl.java:636)
	at java.base/java.net.ServerSocket.bind(ServerSocket.java:391)
	at java.base/java.net.ServerSocket.<init>(ServerSocket.java:278)
	at java.base/java.net.ServerSocket.<init>(ServerSocket.java:171)
	at java.rmi/sun.rmi.transport.tcp.TCPDirectSocketFactory.createServerSocket(TCPDirectSocketFactory.java:45)
	at java.rmi/sun.rmi.transport.tcp.TCPEndpoint.newServerSocket(TCPEndpoint.java:672)
	at java.rmi/sun.rmi.transport.tcp.TCPTransport.listen(TCPTransport.java:344)
	... 12 common frames omitted
2026-05-07 02:04:56.055 [com.attendance.system.server.ServerLauncher.main()] INFO  com.zaxxer.hikari.HikariDataSource - HikariPool-2 - Shutdown initiated...
2026-05-07 02:04:56.073 [com.attendance.system.server.ServerLauncher.main()] INFO  com.zaxxer.hikari.HikariDataSource - HikariPool-2 - Shutdown completed.
2026-05-07 02:04:56.074 [com.attendance.system.server.ServerLauncher.main()] INFO  c.a.system.dao.DatabaseManager - Database connection pool closed
2026-05-07 02:04:56.074 [com.attendance.system.server.ServerLauncher.main()] INFO  c.a.system.server.ServerLauncher - Database connections closed
2026-05-07 02:04:56.074 [com.attendance.system.server.ServerLauncher.main()] ERROR c.a.system.server.ServerLauncher - Server startup failed
java.rmi.server.ExportException: Port already in use: 1099; nested exception is: 
	java.net.BindException: Address already in use
	at java.rmi/sun.rmi.transport.tcp.TCPTransport.listen(TCPTransport.java:356)
	at java.rmi/sun.rmi.transport.tcp.TCPTransport.exportObject(TCPTransport.java:251)
	at java.rmi/sun.rmi.transport.tcp.TCPEndpoint.exportObject(TCPEndpoint.java:415)
	at java.rmi/sun.rmi.transport.LiveRef.exportObject(LiveRef.java:147)
	at java.rmi/sun.rmi.server.UnicastServerRef.exportObject(UnicastServerRef.java:235)
	at java.rmi/sun.rmi.registry.RegistryImpl.setup(RegistryImpl.java:223)
	at java.rmi/sun.rmi.registry.RegistryImpl.<init>(RegistryImpl.java:208)
	at java.rmi/java.rmi.registry.LocateRegistry.createRegistry(LocateRegistry.java:203)
	at com.attendance.system.server.ServerLauncher.setupRMIRegistry(ServerLauncher.java:208)
	at com.attendance.system.server.ServerLauncher.start(ServerLauncher.java:77)
	at com.attendance.system.server.ServerLauncher.main(ServerLauncher.java:365)
	at org.codehaus.mojo.exec.ExecJavaMojo$1.run(ExecJavaMojo.java:279)
	at java.base/java.lang.Thread.run(Thread.java:1583)
Caused by: java.net.BindException: Address already in use
	at java.base/sun.nio.ch.Net.bind0(Native Method)
	at java.base/sun.nio.ch.Net.bind(Net.java:577)
	at java.base/sun.nio.ch.Net.bind(Net.java:566)
	at java.base/sun.nio.ch.NioSocketImpl.bind(NioSocketImpl.java:636)
	at java.base/java.net.ServerSocket.bind(ServerSocket.java:391)
	at java.base/java.net.ServerSocket.<init>(ServerSocket.java:278)
	at java.base/java.net.ServerSocket.<init>(ServerSocket.java:171)
	at java.rmi/sun.rmi.transport.tcp.TCPDirectSocketFactory.createServerSocket(TCPDirectSocketFactory.java:45)
	at java.rmi/sun.rmi.transport.tcp.TCPEndpoint.newServerSocket(TCPEndpoint.java:672)
	at java.rmi/sun.rmi.transport.tcp.TCPTransport.listen(TCPTransport.java:344)
	... 12 common frames omitted
2026-05-07 02:05:01.955 [pool-1-thread-2] DEBUG c.a.system.server.ServerLauncher - Server stats - Active connections: 0, Total requests: 0
2026-05-07 02:06:01.955 [pool-1-thread-2] DEBUG c.a.system.server.ServerLauncher - Server stats - Active connections: 0, Total requests: 0
2026-05-07 02:06:39.220 [AWT-EventQueue-0] INFO  c.a.system.client.AttendanceGUI - GUI initialized successfully
2026-05-07 02:06:39.224 [ForkJoinPool.commonPool-worker-2] INFO  c.a.system.client.AttendanceGUI - Attempting to connect to server: rmi://localhost:1099/AttendanceService
2026-05-07 02:06:39.821 [AWT-EventQueue-0] INFO  c.a.system.client.AttendanceGUI - Successfully connected to server
2026-05-07 02:07:01.826 [RMI TCP Connection(2)-127.0.0.1] DEBUG c.a.system.server.AttendanceServer - Executing method: authenticateUser
2026-05-07 02:07:01.827 [RMI TCP Connection(2)-127.0.0.1] DEBUG c.a.system.server.AttendanceServer - Authentication request for user: admin
2026-05-07 02:07:01.844 [RMI TCP Connection(2)-127.0.0.1] WARN  c.a.system.util.SecurityUtil - ATTENDANCE_ENCRYPTION_KEY environment variable not set. Using default key for development only.
2026-05-07 02:07:01.846 [RMI TCP Connection(2)-127.0.0.1] ERROR c.a.system.util.SecurityUtil - Decryption failed for data
java.lang.IllegalArgumentException: Last unit does not have enough valid bits
	at java.base/java.util.Base64$Decoder.decode0(Base64.java:872)
	at java.base/java.util.Base64$Decoder.decode(Base64.java:570)
	at java.base/java.util.Base64$Decoder.decode(Base64.java:593)
	at com.attendance.system.util.SecurityUtil.decryptData(SecurityUtil.java:252)
	at com.attendance.system.util.SecurityUtil.decryptData(SecurityUtil.java:235)
	at com.attendance.system.util.SecurityUtil.decrypt(SecurityUtil.java:479)
	at com.attendance.system.server.AttendanceServer.lambda$authenticateUser$0(AttendanceServer.java:111)
	at com.attendance.system.server.AttendanceServer.executeWithErrorHandling(AttendanceServer.java:1139)
	at com.attendance.system.server.AttendanceServer.authenticateUser(AttendanceServer.java:104)
	at java.base/jdk.internal.reflect.DirectMethodHandleAccessor.invoke(DirectMethodHandleAccessor.java:103)
	at java.base/java.lang.reflect.Method.invoke(Method.java:580)
	at java.rmi/sun.rmi.server.UnicastServerRef.dispatch(UnicastServerRef.java:360)
	at java.rmi/sun.rmi.transport.Transport$1.run(Transport.java:200)
	at java.rmi/sun.rmi.transport.Transport$1.run(Transport.java:197)
	at java.base/java.security.AccessController.doPrivileged(AccessController.java:714)
	at java.rmi/sun.rmi.transport.Transport.serviceCall(Transport.java:196)
	at java.rmi/sun.rmi.transport.tcp.TCPTransport.handleMessages(TCPTransport.java:598)
	at java.rmi/sun.rmi.transport.tcp.TCPTransport$ConnectionHandler.run0(TCPTransport.java:844)
	at java.rmi/sun.rmi.transport.tcp.TCPTransport$ConnectionHandler.lambda$run$0(TCPTransport.java:721)
	at java.base/java.security.AccessController.doPrivileged(AccessController.java:400)
	at java.rmi/sun.rmi.transport.tcp.TCPTransport$ConnectionHandler.run(TCPTransport.java:720)
	at java.base/java.util.concurrent.ThreadPoolExecutor.runWorker(ThreadPoolExecutor.java:1144)
	at java.base/java.util.concurrent.ThreadPoolExecutor$Worker.run(ThreadPoolExecutor.java:642)
	at java.base/java.lang.Thread.run(Thread.java:1583)
2026-05-07 02:07:01.854 [RMI TCP Connection(2)-127.0.0.1] ERROR c.a.system.server.AttendanceServer - Unexpected error in method authenticateUser
java.lang.RuntimeException: Decryption failed
	at com.attendance.system.util.SecurityUtil.decryptData(SecurityUtil.java:280)
	at com.attendance.system.util.SecurityUtil.decryptData(SecurityUtil.java:235)
	at com.attendance.system.util.SecurityUtil.decrypt(SecurityUtil.java:479)
	at com.attendance.system.server.AttendanceServer.lambda$authenticateUser$0(AttendanceServer.java:111)
	at com.attendance.system.server.AttendanceServer.executeWithErrorHandling(AttendanceServer.java:1139)
	at com.attendance.system.server.AttendanceServer.authenticateUser(AttendanceServer.java:104)
	at java.base/jdk.internal.reflect.DirectMethodHandleAccessor.invoke(DirectMethodHandleAccessor.java:103)
	at java.base/java.lang.reflect.Method.invoke(Method.java:580)
	at java.rmi/sun.rmi.server.UnicastServerRef.dispatch(UnicastServerRef.java:360)
	at java.rmi/sun.rmi.transport.Transport$1.run(Transport.java:200)
	at java.rmi/sun.rmi.transport.Transport$1.run(Transport.java:197)
	at java.base/java.security.AccessController.doPrivileged(AccessController.java:714)
	at java.rmi/sun.rmi.transport.Transport.serviceCall(Transport.java:196)
	at java.rmi/sun.rmi.transport.tcp.TCPTransport.handleMessages(TCPTransport.java:598)
	at java.rmi/sun.rmi.transport.tcp.TCPTransport$ConnectionHandler.run0(TCPTransport.java:844)
	at java.rmi/sun.rmi.transport.tcp.TCPTransport$ConnectionHandler.lambda$run$0(TCPTransport.java:721)
	at java.base/java.security.AccessController.doPrivileged(AccessController.java:400)
	at java.rmi/sun.rmi.transport.tcp.TCPTransport$ConnectionHandler.run(TCPTransport.java:720)
	at java.base/java.util.concurrent.ThreadPoolExecutor.runWorker(ThreadPoolExecutor.java:1144)
	at java.base/java.util.concurrent.ThreadPoolExecutor$Worker.run(ThreadPoolExecutor.java:642)
	at java.base/java.lang.Thread.run(Thread.java:1583)
Caused by: java.lang.IllegalArgumentException: Last unit does not have enough valid bits
	at java.base/java.util.Base64$Decoder.decode0(Base64.java:872)
	at java.base/java.util.Base64$Decoder.decode(Base64.java:570)
	at java.base/java.util.Base64$Decoder.decode(Base64.java:593)
	at com.attendance.system.util.SecurityUtil.decryptData(SecurityUtil.java:252)
	... 20 common frames omitted
2026-05-07 02:07:01.895 [AWT-EventQueue-0] WARN  c.a.system.client.LoginFrame - Login failed for user: admin
java.util.concurrent.CompletionException: java.lang.RuntimeException: java.rmi.ServerException: RemoteException occurred in server thread; nested exception is: 
	java.rmi.RemoteException: Unexpected server error in authenticateUser; nested exception is: 
	java.lang.RuntimeException: Decryption failed
	at java.base/java.util.concurrent.CompletableFuture.encodeThrowable(CompletableFuture.java:315)
	at java.base/java.util.concurrent.CompletableFuture.completeThrowable(CompletableFuture.java:320)
	at java.base/java.util.concurrent.CompletableFuture$AsyncSupply.run(CompletableFuture.java:1770)
	at java.base/java.util.concurrent.CompletableFuture$AsyncSupply.exec(CompletableFuture.java:1760)
	at java.base/java.util.concurrent.ForkJoinTask.doExec(ForkJoinTask.java:387)
	at java.base/java.util.concurrent.ForkJoinPool$WorkQueue.topLevelExec(ForkJoinPool.java:1312)
	at java.base/java.util.concurrent.ForkJoinPool.scan(ForkJoinPool.java:1843)
	at java.base/java.util.concurrent.ForkJoinPool.runWorker(ForkJoinPool.java:1808)
	at java.base/java.util.concurrent.ForkJoinWorkerThread.run(ForkJoinWorkerThread.java:188)
Caused by: java.lang.RuntimeException: java.rmi.ServerException: RemoteException occurred in server thread; nested exception is: 
	java.rmi.RemoteException: Unexpected server error in authenticateUser; nested exception is: 
	java.lang.RuntimeException: Decryption failed
	at com.attendance.system.client.LoginFrame.lambda$performLogin$3(LoginFrame.java:434)
	at java.base/java.util.concurrent.CompletableFuture$AsyncSupply.run(CompletableFuture.java:1768)
	... 6 common frames omitted
Caused by: java.rmi.ServerException: RemoteException occurred in server thread; nested exception is: 
	java.rmi.RemoteException: Unexpected server error in authenticateUser; nested exception is: 
	java.lang.RuntimeException: Decryption failed
	at java.rmi/sun.rmi.server.UnicastServerRef.dispatch(UnicastServerRef.java:392)
	at java.rmi/sun.rmi.transport.Transport$1.run(Transport.java:200)
	at java.rmi/sun.rmi.transport.Transport$1.run(Transport.java:197)
	at java.base/java.security.AccessController.doPrivileged(AccessController.java:714)
	at java.rmi/sun.rmi.transport.Transport.serviceCall(Transport.java:196)
	at java.rmi/sun.rmi.transport.tcp.TCPTransport.handleMessages(TCPTransport.java:598)
	at java.rmi/sun.rmi.transport.tcp.TCPTransport$ConnectionHandler.run0(TCPTransport.java:844)
	at java.rmi/sun.rmi.transport.tcp.TCPTransport$ConnectionHandler.lambda$run$0(TCPTransport.java:721)
	at java.base/java.security.AccessController.doPrivileged(AccessController.java:400)
	at java.rmi/sun.rmi.transport.tcp.TCPTransport$ConnectionHandler.run(TCPTransport.java:720)
	at java.base/java.util.concurrent.ThreadPoolExecutor.runWorker(ThreadPoolExecutor.java:1144)
	at java.base/java.util.concurrent.ThreadPoolExecutor$Worker.run(ThreadPoolExecutor.java:642)
	at java.base/java.lang.Thread.run(Thread.java:1583)
	at java.rmi/sun.rmi.transport.StreamRemoteCall.exceptionReceivedFromServer(StreamRemoteCall.java:304)
	at java.rmi/sun.rmi.transport.StreamRemoteCall.executeCall(StreamRemoteCall.java:280)
	at java.rmi/sun.rmi.server.UnicastRef.invoke(UnicastRef.java:166)
	at java.rmi/java.rmi.server.RemoteObjectInvocationHandler.invokeRemoteMethod(RemoteObjectInvocationHandler.java:215)
	at java.rmi/java.rmi.server.RemoteObjectInvocationHandler.invoke(RemoteObjectInvocationHandler.java:160)
	at jdk.proxy3/jdk.proxy3.$Proxy25.authenticateUser(Unknown Source)
	at com.attendance.system.client.LoginFrame.lambda$performLogin$3(LoginFrame.java:432)
	... 7 common frames omitted
Caused by: java.rmi.RemoteException: Unexpected server error in authenticateUser; nested exception is: 
	java.lang.RuntimeException: Decryption failed
	at com.attendance.system.server.AttendanceServer.executeWithErrorHandling(AttendanceServer.java:1151)
	at com.attendance.system.server.AttendanceServer.authenticateUser(AttendanceServer.java:104)
	at java.base/jdk.internal.reflect.DirectMethodHandleAccessor.invoke(DirectMethodHandleAccessor.java:103)
	at java.base/java.lang.reflect.Method.invoke(Method.java:580)
	at java.rmi/sun.rmi.server.UnicastServerRef.dispatch(UnicastServerRef.java:360)
	at java.rmi/sun.rmi.transport.Transport$1.run(Transport.java:200)
	at java.rmi/sun.rmi.transport.Transport$1.run(Transport.java:197)
	at java.base/java.security.AccessController.doPrivileged(AccessController.java:714)
	at java.rmi/sun.rmi.transport.Transport.serviceCall(Transport.java:196)
	at java.rmi/sun.rmi.transport.tcp.TCPTransport.handleMessages(TCPTransport.java:598)
	at java.rmi/sun.rmi.transport.tcp.TCPTransport$ConnectionHandler.run0(TCPTransport.java:844)
	at java.rmi/sun.rmi.transport.tcp.TCPTransport$ConnectionHandler.lambda$run$0(TCPTransport.java:721)
	at java.base/java.security.AccessController.doPrivileged(AccessController.java:400)
	at java.rmi/sun.rmi.transport.tcp.TCPTransport$ConnectionHandler.run(TCPTransport.java:720)
	at java.base/java.util.concurrent.ThreadPoolExecutor.runWorker(ThreadPoolExecutor.java:1144)
	at java.base/java.util.concurrent.ThreadPoolExecutor$Worker.run(ThreadPoolExecutor.java:642)
	at java.base/java.lang.Thread.run(Thread.java:1583)
Caused by: java.lang.RuntimeException: Decryption failed
	at com.attendance.system.util.SecurityUtil.decryptData(SecurityUtil.java:280)
	at com.attendance.system.util.SecurityUtil.decryptData(SecurityUtil.java:235)
	at com.attendance.system.util.SecurityUtil.decrypt(SecurityUtil.java:479)
	at com.attendance.system.server.AttendanceServer.lambda$authenticateUser$0(AttendanceServer.java:111)
	at com.attendance.system.server.AttendanceServer.executeWithErrorHandling(AttendanceServer.java:1139)
	... 16 common frames omitted
Caused by: java.lang.IllegalArgumentException: Last unit does not have enough valid bits
	at java.base/java.util.Base64$Decoder.decode0(Base64.java:872)
	at java.base/java.util.Base64$Decoder.decode(Base64.java:570)
	at java.base/java.util.Base64$Decoder.decode(Base64.java:593)
	at com.attendance.system.util.SecurityUtil.decryptData(SecurityUtil.java:252)
	... 20 common frames omitted
2026-05-07 02:07:01.957 [pool-1-thread-2] DEBUG c.a.system.server.ServerLauncher - Server stats - Active connections: 0, Total requests: 1
2026-05-07 02:08:01.955 [pool-1-thread-2] DEBUG c.a.system.server.ServerLauncher - Server stats - Active connections: 0, Total requests: 1
2026-05-07 02:08:32.482 [AWT-EventQueue-0] INFO  c.a.system.client.AttendanceGUI - Application exiting
2026-05-07 02:09:01.955 [pool-1-thread-2] DEBUG c.a.system.server.ServerLauncher - Server stats - Active connections: 0, Total requests: 1
2026-05-07 02:10:01.955 [pool-1-thread-2] DEBUG c.a.system.server.ServerLauncher - Server stats - Active connections: 0, Total requests: 1
2026-05-07 02:11:01.955 [pool-1-thread-2] DEBUG c.a.system.server.ServerLauncher - Server stats - Active connections: 0, Total requests: 1
2026-05-07 02:11:59.748 [com.attendance.system.server.ServerLauncher.main()] INFO  c.a.system.server.ServerLauncher - Starting Student Attendance System Server...
2026-05-07 02:11:59.751 [com.attendance.system.server.ServerLauncher.main()] INFO  c.a.system.server.ServerLauncher - Initializing database connection...
2026-05-07 02:11:59.790 [com.attendance.system.server.ServerLauncher.main()] INFO  com.zaxxer.hikari.HikariDataSource - HikariPool-1 - Starting...
2026-05-07 02:12:00.207 [com.attendance.system.server.ServerLauncher.main()] INFO  com.zaxxer.hikari.pool.HikariPool - HikariPool-1 - Added connection com.mysql.cj.jdbc.ConnectionImpl@4a25ae17
2026-05-07 02:12:00.211 [com.attendance.system.server.ServerLauncher.main()] INFO  com.zaxxer.hikari.HikariDataSource - HikariPool-1 - Start completed.
2026-05-07 02:12:00.212 [com.attendance.system.server.ServerLauncher.main()] INFO  c.a.system.dao.DatabaseManager - Database connection pool initialized successfully
2026-05-07 02:12:00.227 [com.attendance.system.server.ServerLauncher.main()] DEBUG c.a.system.dao.DatabaseManager - Database connection test successful
2026-05-07 02:12:00.249 [com.attendance.system.server.ServerLauncher.main()] INFO  com.zaxxer.hikari.HikariDataSource - HikariPool-2 - Starting...
2026-05-07 02:12:00.257 [com.attendance.system.server.ServerLauncher.main()] INFO  com.zaxxer.hikari.pool.HikariPool - HikariPool-2 - Added connection com.mysql.cj.jdbc.ConnectionImpl@3af58f0e
2026-05-07 02:12:00.257 [com.attendance.system.server.ServerLauncher.main()] INFO  com.zaxxer.hikari.HikariDataSource - HikariPool-2 - Start completed.
2026-05-07 02:12:00.258 [com.attendance.system.server.ServerLauncher.main()] INFO  c.a.system.dao.DatabaseManager - Database connection pool initialized successfully
2026-05-07 02:12:00.268 [com.attendance.system.server.ServerLauncher.main()] DEBUG c.a.system.dao.DatabaseManager - Database connection test successful
2026-05-07 02:12:00.273 [com.attendance.system.server.ServerLauncher.main()] DEBUG c.a.system.dao.DatabaseManager - Database connection test successful
2026-05-07 02:12:00.276 [com.attendance.system.server.ServerLauncher.main()] INFO  c.a.system.server.ServerLauncher - Database connection established successfully
2026-05-07 02:12:00.276 [com.attendance.system.server.ServerLauncher.main()] DEBUG c.a.system.server.ServerLauncher - Setting up RMI system properties...
2026-05-07 02:12:00.276 [com.attendance.system.server.ServerLauncher.main()] INFO  c.a.system.server.ServerLauncher - RMI server hostname set to: localhost
2026-05-07 02:12:00.278 [com.attendance.system.server.ServerLauncher.main()] INFO  c.a.system.server.ServerLauncher - Setting up RMI registry on port 1099...
2026-05-07 02:12:00.311 [com.attendance.system.server.ServerLauncher.main()] ERROR c.a.system.server.ServerLauncher - Failed to create RMI registry on port 1099
java.rmi.server.ExportException: Port already in use: 1099; nested exception is: 
	java.net.BindException: Address already in use
	at java.rmi/sun.rmi.transport.tcp.TCPTransport.listen(TCPTransport.java:356)
	at java.rmi/sun.rmi.transport.tcp.TCPTransport.exportObject(TCPTransport.java:251)
	at java.rmi/sun.rmi.transport.tcp.TCPEndpoint.exportObject(TCPEndpoint.java:415)
	at java.rmi/sun.rmi.transport.LiveRef.exportObject(LiveRef.java:147)
	at java.rmi/sun.rmi.server.UnicastServerRef.exportObject(UnicastServerRef.java:235)
	at java.rmi/sun.rmi.registry.RegistryImpl.setup(RegistryImpl.java:223)
	at java.rmi/sun.rmi.registry.RegistryImpl.<init>(RegistryImpl.java:208)
	at java.rmi/java.rmi.registry.LocateRegistry.createRegistry(LocateRegistry.java:203)
	at com.attendance.system.server.ServerLauncher.setupRMIRegistry(ServerLauncher.java:208)
	at com.attendance.system.server.ServerLauncher.start(ServerLauncher.java:77)
	at com.attendance.system.server.ServerLauncher.main(ServerLauncher.java:365)
	at org.codehaus.mojo.exec.ExecJavaMojo$1.run(ExecJavaMojo.java:279)
	at java.base/java.lang.Thread.run(Thread.java:1583)
Caused by: java.net.BindException: Address already in use
	at java.base/sun.nio.ch.Net.bind0(Native Method)
	at java.base/sun.nio.ch.Net.bind(Net.java:577)
	at java.base/sun.nio.ch.Net.bind(Net.java:566)
	at java.base/sun.nio.ch.NioSocketImpl.bind(NioSocketImpl.java:636)
	at java.base/java.net.ServerSocket.bind(ServerSocket.java:391)
	at java.base/java.net.ServerSocket.<init>(ServerSocket.java:278)
	at java.base/java.net.ServerSocket.<init>(ServerSocket.java:171)
	at java.rmi/sun.rmi.transport.tcp.TCPDirectSocketFactory.createServerSocket(TCPDirectSocketFactory.java:45)
	at java.rmi/sun.rmi.transport.tcp.TCPEndpoint.newServerSocket(TCPEndpoint.java:672)
	at java.rmi/sun.rmi.transport.tcp.TCPTransport.listen(TCPTransport.java:344)
	... 12 common frames omitted
2026-05-07 02:12:00.322 [com.attendance.system.server.ServerLauncher.main()] ERROR c.a.system.server.ServerLauncher - Failed to start server
java.rmi.server.ExportException: Port already in use: 1099; nested exception is: 
	java.net.BindException: Address already in use
	at java.rmi/sun.rmi.transport.tcp.TCPTransport.listen(TCPTransport.java:356)
	at java.rmi/sun.rmi.transport.tcp.TCPTransport.exportObject(TCPTransport.java:251)
	at java.rmi/sun.rmi.transport.tcp.TCPEndpoint.exportObject(TCPEndpoint.java:415)
	at java.rmi/sun.rmi.transport.LiveRef.exportObject(LiveRef.java:147)
	at java.rmi/sun.rmi.server.UnicastServerRef.exportObject(UnicastServerRef.java:235)
	at java.rmi/sun.rmi.registry.RegistryImpl.setup(RegistryImpl.java:223)
	at java.rmi/sun.rmi.registry.RegistryImpl.<init>(RegistryImpl.java:208)
	at java.rmi/java.rmi.registry.LocateRegistry.createRegistry(LocateRegistry.java:203)
	at com.attendance.system.server.ServerLauncher.setupRMIRegistry(ServerLauncher.java:208)
	at com.attendance.system.server.ServerLauncher.start(ServerLauncher.java:77)
	at com.attendance.system.server.ServerLauncher.main(ServerLauncher.java:365)
	at org.codehaus.mojo.exec.ExecJavaMojo$1.run(ExecJavaMojo.java:279)
	at java.base/java.lang.Thread.run(Thread.java:1583)
Caused by: java.net.BindException: Address already in use
	at java.base/sun.nio.ch.Net.bind0(Native Method)
	at java.base/sun.nio.ch.Net.bind(Net.java:577)
	at java.base/sun.nio.ch.Net.bind(Net.java:566)
	at java.base/sun.nio.ch.NioSocketImpl.bind(NioSocketImpl.java:636)
	at java.base/java.net.ServerSocket.bind(ServerSocket.java:391)
	at java.base/java.net.ServerSocket.<init>(ServerSocket.java:278)
	at java.base/java.net.ServerSocket.<init>(ServerSocket.java:171)
	at java.rmi/sun.rmi.transport.tcp.TCPDirectSocketFactory.createServerSocket(TCPDirectSocketFactory.java:45)
	at java.rmi/sun.rmi.transport.tcp.TCPEndpoint.newServerSocket(TCPEndpoint.java:672)
	at java.rmi/sun.rmi.transport.tcp.TCPTransport.listen(TCPTransport.java:344)
	... 12 common frames omitted
2026-05-07 02:12:00.323 [com.attendance.system.server.ServerLauncher.main()] INFO  com.zaxxer.hikari.HikariDataSource - HikariPool-2 - Shutdown initiated...
2026-05-07 02:12:00.350 [com.attendance.system.server.ServerLauncher.main()] INFO  com.zaxxer.hikari.HikariDataSource - HikariPool-2 - Shutdown completed.
2026-05-07 02:12:00.353 [com.attendance.system.server.ServerLauncher.main()] INFO  c.a.system.dao.DatabaseManager - Database connection pool closed
2026-05-07 02:12:00.353 [com.attendance.system.server.ServerLauncher.main()] INFO  c.a.system.server.ServerLauncher - Database connections closed
2026-05-07 02:12:00.354 [com.attendance.system.server.ServerLauncher.main()] ERROR c.a.system.server.ServerLauncher - Server startup failed
java.rmi.server.ExportException: Port already in use: 1099; nested exception is: 
	java.net.BindException: Address already in use
	at java.rmi/sun.rmi.transport.tcp.TCPTransport.listen(TCPTransport.java:356)
	at java.rmi/sun.rmi.transport.tcp.TCPTransport.exportObject(TCPTransport.java:251)
	at java.rmi/sun.rmi.transport.tcp.TCPEndpoint.exportObject(TCPEndpoint.java:415)
	at java.rmi/sun.rmi.transport.LiveRef.exportObject(LiveRef.java:147)
	at java.rmi/sun.rmi.server.UnicastServerRef.exportObject(UnicastServerRef.java:235)
	at java.rmi/sun.rmi.registry.RegistryImpl.setup(RegistryImpl.java:223)
	at java.rmi/sun.rmi.registry.RegistryImpl.<init>(RegistryImpl.java:208)
	at java.rmi/java.rmi.registry.LocateRegistry.createRegistry(LocateRegistry.java:203)
	at com.attendance.system.server.ServerLauncher.setupRMIRegistry(ServerLauncher.java:208)
	at com.attendance.system.server.ServerLauncher.start(ServerLauncher.java:77)
	at com.attendance.system.server.ServerLauncher.main(ServerLauncher.java:365)
	at org.codehaus.mojo.exec.ExecJavaMojo$1.run(ExecJavaMojo.java:279)
	at java.base/java.lang.Thread.run(Thread.java:1583)
Caused by: java.net.BindException: Address already in use
	at java.base/sun.nio.ch.Net.bind0(Native Method)
	at java.base/sun.nio.ch.Net.bind(Net.java:577)
	at java.base/sun.nio.ch.Net.bind(Net.java:566)
	at java.base/sun.nio.ch.NioSocketImpl.bind(NioSocketImpl.java:636)
	at java.base/java.net.ServerSocket.bind(ServerSocket.java:391)
	at java.base/java.net.ServerSocket.<init>(ServerSocket.java:278)
	at java.base/java.net.ServerSocket.<init>(ServerSocket.java:171)
	at java.rmi/sun.rmi.transport.tcp.TCPDirectSocketFactory.createServerSocket(TCPDirectSocketFactory.java:45)
	at java.rmi/sun.rmi.transport.tcp.TCPEndpoint.newServerSocket(TCPEndpoint.java:672)
	at java.rmi/sun.rmi.transport.tcp.TCPTransport.listen(TCPTransport.java:344)
	... 12 common frames omitted
2026-05-07 02:12:01.955 [pool-1-thread-2] DEBUG c.a.system.server.ServerLauncher - Server stats - Active connections: 0, Total requests: 1
2026-05-07 02:13:01.955 [pool-1-thread-2] DEBUG c.a.system.server.ServerLauncher - Server stats - Active connections: 0, Total requests: 1
2026-05-07 02:13:02.405 [Thread-1] INFO  c.a.system.server.ServerLauncher - Shutdown hook triggered
2026-05-07 02:13:02.405 [Thread-1] INFO  c.a.system.server.ServerLauncher - Stopping Student Attendance System Server...
2026-05-07 02:13:02.405 [Thread-1] INFO  c.a.system.server.ServerLauncher - Service unbound from registry
2026-05-07 02:13:02.411 [Thread-1] INFO  c.a.system.server.ServerLauncher - Server unexported
2026-05-07 02:13:02.411 [Thread-1] INFO  com.zaxxer.hikari.HikariDataSource - HikariPool-2 - Shutdown initiated...
2026-05-07 02:13:02.449 [Thread-1] INFO  com.zaxxer.hikari.HikariDataSource - HikariPool-2 - Shutdown completed.
2026-05-07 02:13:02.450 [Thread-1] INFO  c.a.system.dao.DatabaseManager - Database connection pool closed
2026-05-07 02:13:02.450 [Thread-1] INFO  c.a.system.server.ServerLauncher - Database connections closed
2026-05-07 02:13:02.452 [Thread-1] INFO  c.a.system.server.ServerLauncher - Server stopped successfully
2026-05-07 02:13:30.628 [com.attendance.system.server.ServerLauncher.main()] INFO  c.a.system.server.ServerLauncher - Starting Student Attendance System Server...
2026-05-07 02:13:30.629 [com.attendance.system.server.ServerLauncher.main()] INFO  c.a.system.server.ServerLauncher - Initializing database connection...
2026-05-07 02:13:30.665 [com.attendance.system.server.ServerLauncher.main()] INFO  com.zaxxer.hikari.HikariDataSource - HikariPool-1 - Starting...
2026-05-07 02:13:31.279 [com.attendance.system.server.ServerLauncher.main()] INFO  com.zaxxer.hikari.pool.HikariPool - HikariPool-1 - Added connection com.mysql.cj.jdbc.ConnectionImpl@4a25ae17
2026-05-07 02:13:31.287 [com.attendance.system.server.ServerLauncher.main()] INFO  com.zaxxer.hikari.HikariDataSource - HikariPool-1 - Start completed.
2026-05-07 02:13:31.287 [com.attendance.system.server.ServerLauncher.main()] INFO  c.a.system.dao.DatabaseManager - Database connection pool initialized successfully
2026-05-07 02:13:31.298 [com.attendance.system.server.ServerLauncher.main()] DEBUG c.a.system.dao.DatabaseManager - Database connection test successful
2026-05-07 02:13:31.317 [com.attendance.system.server.ServerLauncher.main()] INFO  com.zaxxer.hikari.HikariDataSource - HikariPool-2 - Starting...
2026-05-07 02:13:31.330 [com.attendance.system.server.ServerLauncher.main()] INFO  com.zaxxer.hikari.pool.HikariPool - HikariPool-2 - Added connection com.mysql.cj.jdbc.ConnectionImpl@3af58f0e
2026-05-07 02:13:31.330 [com.attendance.system.server.ServerLauncher.main()] INFO  com.zaxxer.hikari.HikariDataSource - HikariPool-2 - Start completed.
2026-05-07 02:13:31.330 [com.attendance.system.server.ServerLauncher.main()] INFO  c.a.system.dao.DatabaseManager - Database connection pool initialized successfully
2026-05-07 02:13:31.331 [com.attendance.system.server.ServerLauncher.main()] DEBUG c.a.system.dao.DatabaseManager - Database connection test successful
2026-05-07 02:13:31.333 [com.attendance.system.server.ServerLauncher.main()] DEBUG c.a.system.dao.DatabaseManager - Database connection test successful
2026-05-07 02:13:31.335 [com.attendance.system.server.ServerLauncher.main()] INFO  c.a.system.server.ServerLauncher - Database connection established successfully
2026-05-07 02:13:31.335 [com.attendance.system.server.ServerLauncher.main()] DEBUG c.a.system.server.ServerLauncher - Setting up RMI system properties...
2026-05-07 02:13:31.336 [com.attendance.system.server.ServerLauncher.main()] INFO  c.a.system.server.ServerLauncher - RMI server hostname set to: localhost
2026-05-07 02:13:31.337 [com.attendance.system.server.ServerLauncher.main()] INFO  c.a.system.server.ServerLauncher - Setting up RMI registry on port 1099...
2026-05-07 02:13:31.366 [com.attendance.system.server.ServerLauncher.main()] INFO  c.a.system.server.ServerLauncher - Created new RMI registry on port 1099
2026-05-07 02:13:31.367 [com.attendance.system.server.ServerLauncher.main()] INFO  c.a.system.server.ServerLauncher - Creating and exporting attendance server...
2026-05-07 02:13:31.411 [com.attendance.system.server.ServerLauncher.main()] INFO  c.a.system.server.AttendanceServer - AttendanceServer initialized successfully
2026-05-07 02:13:31.413 [com.attendance.system.server.ServerLauncher.main()] INFO  c.a.system.server.AttendanceServer - Encryption enabled: true
2026-05-07 02:13:31.413 [com.attendance.system.server.ServerLauncher.main()] INFO  c.a.system.server.AttendanceServer - Max concurrent users: 100
2026-05-07 02:13:31.414 [com.attendance.system.server.ServerLauncher.main()] INFO  c.a.system.server.ServerLauncher - Attendance server created and exported successfully
2026-05-07 02:13:31.416 [com.attendance.system.server.ServerLauncher.main()] INFO  c.a.system.server.ServerLauncher - Binding server to registry with name 'AttendanceService'...
2026-05-07 02:13:31.417 [com.attendance.system.server.ServerLauncher.main()] INFO  c.a.system.server.ServerLauncher - Server bound to registry successfully
2026-05-07 02:13:31.418 [com.attendance.system.server.ServerLauncher.main()] INFO  c.a.system.server.ServerLauncher - Starting maintenance tasks...
2026-05-07 02:13:31.423 [com.attendance.system.server.ServerLauncher.main()] INFO  c.a.system.server.ServerLauncher - Maintenance tasks started
2026-05-07 02:13:31.425 [com.attendance.system.server.ServerLauncher.main()] INFO  c.a.system.server.ServerLauncher - Server started successfully!
2026-05-07 02:13:31.426 [com.attendance.system.server.ServerLauncher.main()] INFO  c.a.system.server.ServerLauncher - Service name: AttendanceService
2026-05-07 02:13:31.428 [com.attendance.system.server.ServerLauncher.main()] INFO  c.a.system.server.ServerLauncher - RMI registry port: 1099
2026-05-07 02:13:31.429 [com.attendance.system.server.ServerLauncher.main()] INFO  c.a.system.server.ServerLauncher - Server listening on port: 0
2026-05-07 02:13:31.429 [com.attendance.system.server.ServerLauncher.main()] INFO  c.a.system.server.ServerLauncher - Server is ready to accept client connections.
2026-05-07 02:13:48.839 [AWT-EventQueue-0] INFO  c.a.system.client.AttendanceGUI - GUI initialized successfully
2026-05-07 02:13:48.841 [ForkJoinPool.commonPool-worker-2] INFO  c.a.system.client.AttendanceGUI - Attempting to connect to server: rmi://localhost:1099/AttendanceService
2026-05-07 02:13:49.329 [AWT-EventQueue-0] INFO  c.a.system.client.AttendanceGUI - Successfully connected to server
2026-05-07 02:14:31.422 [pool-1-thread-2] DEBUG c.a.system.server.ServerLauncher - Server stats - Active connections: 0, Total requests: 0
2026-05-07 02:15:31.422 [pool-1-thread-2] DEBUG c.a.system.server.ServerLauncher - Server stats - Active connections: 0, Total requests: 0
2026-05-07 02:15:36.582 [RMI TCP Connection(3)-127.0.0.1] DEBUG c.a.system.server.AttendanceServer - Executing method: registerUser
2026-05-07 02:15:36.583 [RMI TCP Connection(3)-127.0.0.1] DEBUG c.a.system.server.AttendanceServer - Registration request for user: wolde (Student)
2026-05-07 02:15:36.585 [RMI TCP Connection(3)-127.0.0.1] WARN  c.a.system.util.SecurityUtil - ATTENDANCE_ENCRYPTION_KEY environment variable not set. Using default key for development only.
2026-05-07 02:15:36.587 [RMI TCP Connection(3)-127.0.0.1] ERROR c.a.system.util.SecurityUtil - Decryption failed for data
java.lang.IllegalArgumentException: Last unit does not have enough valid bits
	at java.base/java.util.Base64$Decoder.decode0(Base64.java:872)
	at java.base/java.util.Base64$Decoder.decode(Base64.java:570)
	at java.base/java.util.Base64$Decoder.decode(Base64.java:593)
	at com.attendance.system.util.SecurityUtil.decryptData(SecurityUtil.java:252)
	at com.attendance.system.util.SecurityUtil.decryptData(SecurityUtil.java:235)
	at com.attendance.system.util.SecurityUtil.decrypt(SecurityUtil.java:479)
	at com.attendance.system.server.AttendanceServer.lambda$registerUser$4(AttendanceServer.java:189)
	at com.attendance.system.server.AttendanceServer.executeWithErrorHandling(AttendanceServer.java:1139)
	at com.attendance.system.server.AttendanceServer.registerUser(AttendanceServer.java:182)
	at java.base/jdk.internal.reflect.DirectMethodHandleAccessor.invoke(DirectMethodHandleAccessor.java:103)
	at java.base/java.lang.reflect.Method.invoke(Method.java:580)
	at java.rmi/sun.rmi.server.UnicastServerRef.dispatch(UnicastServerRef.java:360)
	at java.rmi/sun.rmi.transport.Transport$1.run(Transport.java:200)
	at java.rmi/sun.rmi.transport.Transport$1.run(Transport.java:197)
	at java.base/java.security.AccessController.doPrivileged(AccessController.java:714)
	at java.rmi/sun.rmi.transport.Transport.serviceCall(Transport.java:196)
	at java.rmi/sun.rmi.transport.tcp.TCPTransport.handleMessages(TCPTransport.java:598)
	at java.rmi/sun.rmi.transport.tcp.TCPTransport$ConnectionHandler.run0(TCPTransport.java:844)
	at java.rmi/sun.rmi.transport.tcp.TCPTransport$ConnectionHandler.lambda$run$0(TCPTransport.java:721)
	at java.base/java.security.AccessController.doPrivileged(AccessController.java:400)
	at java.rmi/sun.rmi.transport.tcp.TCPTransport$ConnectionHandler.run(TCPTransport.java:720)
	at java.base/java.util.concurrent.ThreadPoolExecutor.runWorker(ThreadPoolExecutor.java:1144)
	at java.base/java.util.concurrent.ThreadPoolExecutor$Worker.run(ThreadPoolExecutor.java:642)
	at java.base/java.lang.Thread.run(Thread.java:1583)
2026-05-07 02:15:36.596 [RMI TCP Connection(3)-127.0.0.1] ERROR c.a.system.server.AttendanceServer - Unexpected error in method registerUser
java.lang.RuntimeException: Decryption failed
	at com.attendance.system.util.SecurityUtil.decryptData(SecurityUtil.java:280)
	at com.attendance.system.util.SecurityUtil.decryptData(SecurityUtil.java:235)
	at com.attendance.system.util.SecurityUtil.decrypt(SecurityUtil.java:479)
	at com.attendance.system.server.AttendanceServer.lambda$registerUser$4(AttendanceServer.java:189)
	at com.attendance.system.server.AttendanceServer.executeWithErrorHandling(AttendanceServer.java:1139)
	at com.attendance.system.server.AttendanceServer.registerUser(AttendanceServer.java:182)
	at java.base/jdk.internal.reflect.DirectMethodHandleAccessor.invoke(DirectMethodHandleAccessor.java:103)
	at java.base/java.lang.reflect.Method.invoke(Method.java:580)
	at java.rmi/sun.rmi.server.UnicastServerRef.dispatch(UnicastServerRef.java:360)
	at java.rmi/sun.rmi.transport.Transport$1.run(Transport.java:200)
	at java.rmi/sun.rmi.transport.Transport$1.run(Transport.java:197)
	at java.base/java.security.AccessController.doPrivileged(AccessController.java:714)
	at java.rmi/sun.rmi.transport.Transport.serviceCall(Transport.java:196)
	at java.rmi/sun.rmi.transport.tcp.TCPTransport.handleMessages(TCPTransport.java:598)
	at java.rmi/sun.rmi.transport.tcp.TCPTransport$ConnectionHandler.run0(TCPTransport.java:844)
	at java.rmi/sun.rmi.transport.tcp.TCPTransport$ConnectionHandler.lambda$run$0(TCPTransport.java:721)
	at java.base/java.security.AccessController.doPrivileged(AccessController.java:400)
	at java.rmi/sun.rmi.transport.tcp.TCPTransport$ConnectionHandler.run(TCPTransport.java:720)
	at java.base/java.util.concurrent.ThreadPoolExecutor.runWorker(ThreadPoolExecutor.java:1144)
	at java.base/java.util.concurrent.ThreadPoolExecutor$Worker.run(ThreadPoolExecutor.java:642)
	at java.base/java.lang.Thread.run(Thread.java:1583)
Caused by: java.lang.IllegalArgumentException: Last unit does not have enough valid bits
	at java.base/java.util.Base64$Decoder.decode0(Base64.java:872)
	at java.base/java.util.Base64$Decoder.decode(Base64.java:570)
	at java.base/java.util.Base64$Decoder.decode(Base64.java:593)
	at com.attendance.system.util.SecurityUtil.decryptData(SecurityUtil.java:252)
	... 20 common frames omitted
2026-05-07 02:15:36.646 [ForkJoinPool.commonPool-worker-1] ERROR c.a.system.client.RegistrationFrame - Remote service error during registration
java.rmi.ServerException: RemoteException occurred in server thread; nested exception is: 
	java.rmi.RemoteException: Unexpected server error in registerUser; nested exception is: 
	java.lang.RuntimeException: Decryption failed
	at java.rmi/sun.rmi.server.UnicastServerRef.dispatch(UnicastServerRef.java:392)
	at java.rmi/sun.rmi.transport.Transport$1.run(Transport.java:200)
	at java.rmi/sun.rmi.transport.Transport$1.run(Transport.java:197)
	at java.base/java.security.AccessController.doPrivileged(AccessController.java:714)
	at java.rmi/sun.rmi.transport.Transport.serviceCall(Transport.java:196)
	at java.rmi/sun.rmi.transport.tcp.TCPTransport.handleMessages(TCPTransport.java:598)
	at java.rmi/sun.rmi.transport.tcp.TCPTransport$ConnectionHandler.run0(TCPTransport.java:844)
	at java.rmi/sun.rmi.transport.tcp.TCPTransport$ConnectionHandler.lambda$run$0(TCPTransport.java:721)
	at java.base/java.security.AccessController.doPrivileged(AccessController.java:400)
	at java.rmi/sun.rmi.transport.tcp.TCPTransport$ConnectionHandler.run(TCPTransport.java:720)
	at java.base/java.util.concurrent.ThreadPoolExecutor.runWorker(ThreadPoolExecutor.java:1144)
	at java.base/java.util.concurrent.ThreadPoolExecutor$Worker.run(ThreadPoolExecutor.java:642)
	at java.base/java.lang.Thread.run(Thread.java:1583)
	at java.rmi/sun.rmi.transport.StreamRemoteCall.exceptionReceivedFromServer(StreamRemoteCall.java:304)
	at java.rmi/sun.rmi.transport.StreamRemoteCall.executeCall(StreamRemoteCall.java:280)
	at java.rmi/sun.rmi.server.UnicastRef.invoke(UnicastRef.java:166)
	at java.rmi/java.rmi.server.RemoteObjectInvocationHandler.invokeRemoteMethod(RemoteObjectInvocationHandler.java:215)
	at java.rmi/java.rmi.server.RemoteObjectInvocationHandler.invoke(RemoteObjectInvocationHandler.java:160)
	at jdk.proxy3/jdk.proxy3.$Proxy25.registerUser(Unknown Source)
	at com.attendance.system.client.RegistrationFrame.lambda$performRegistration$7(RegistrationFrame.java:662)
	at java.base/java.util.concurrent.CompletableFuture$AsyncRun.run(CompletableFuture.java:1804)
	at java.base/java.util.concurrent.CompletableFuture$AsyncRun.exec(CompletableFuture.java:1796)
	at java.base/java.util.concurrent.ForkJoinTask.doExec(ForkJoinTask.java:387)
	at java.base/java.util.concurrent.ForkJoinPool$WorkQueue.topLevelExec(ForkJoinPool.java:1312)
	at java.base/java.util.concurrent.ForkJoinPool.scan(ForkJoinPool.java:1843)
	at java.base/java.util.concurrent.ForkJoinPool.runWorker(ForkJoinPool.java:1808)
	at java.base/java.util.concurrent.ForkJoinWorkerThread.run(ForkJoinWorkerThread.java:188)
Caused by: java.rmi.RemoteException: Unexpected server error in registerUser; nested exception is: 
	java.lang.RuntimeException: Decryption failed
	at com.attendance.system.server.AttendanceServer.executeWithErrorHandling(AttendanceServer.java:1151)
	at com.attendance.system.server.AttendanceServer.registerUser(AttendanceServer.java:182)
	at java.base/jdk.internal.reflect.DirectMethodHandleAccessor.invoke(DirectMethodHandleAccessor.java:103)
	at java.base/java.lang.reflect.Method.invoke(Method.java:580)
	at java.rmi/sun.rmi.server.UnicastServerRef.dispatch(UnicastServerRef.java:360)
	at java.rmi/sun.rmi.transport.Transport$1.run(Transport.java:200)
	at java.rmi/sun.rmi.transport.Transport$1.run(Transport.java:197)
	at java.base/java.security.AccessController.doPrivileged(AccessController.java:714)
	at java.rmi/sun.rmi.transport.Transport.serviceCall(Transport.java:196)
	at java.rmi/sun.rmi.transport.tcp.TCPTransport.handleMessages(TCPTransport.java:598)
	at java.rmi/sun.rmi.transport.tcp.TCPTransport$ConnectionHandler.run0(TCPTransport.java:844)
	at java.rmi/sun.rmi.transport.tcp.TCPTransport$ConnectionHandler.lambda$run$0(TCPTransport.java:721)
	at java.base/java.security.AccessController.doPrivileged(AccessController.java:400)
	at java.rmi/sun.rmi.transport.tcp.TCPTransport$ConnectionHandler.run(TCPTransport.java:720)
	at java.base/java.util.concurrent.ThreadPoolExecutor.runWorker(ThreadPoolExecutor.java:1144)
	at java.base/java.util.concurrent.ThreadPoolExecutor$Worker.run(ThreadPoolExecutor.java:642)
	at java.base/java.lang.Thread.run(Thread.java:1583)
Caused by: java.lang.RuntimeException: Decryption failed
	at com.attendance.system.util.SecurityUtil.decryptData(SecurityUtil.java:280)
	at com.attendance.system.util.SecurityUtil.decryptData(SecurityUtil.java:235)
	at com.attendance.system.util.SecurityUtil.decrypt(SecurityUtil.java:479)
	at com.attendance.system.server.AttendanceServer.lambda$registerUser$4(AttendanceServer.java:189)
	at com.attendance.system.server.AttendanceServer.executeWithErrorHandling(AttendanceServer.java:1139)
	... 16 common frames omitted
Caused by: java.lang.IllegalArgumentException: Last unit does not have enough valid bits
	at java.base/java.util.Base64$Decoder.decode0(Base64.java:872)
	at java.base/java.util.Base64$Decoder.decode(Base64.java:570)
	at java.base/java.util.Base64$Decoder.decode(Base64.java:593)
	at com.attendance.system.util.SecurityUtil.decryptData(SecurityUtil.java:252)
	... 20 common frames omitted
2026-05-07 02:16:31.422 [pool-1-thread-2] DEBUG c.a.system.server.ServerLauncher - Server stats - Active connections: 0, Total requests: 1
2026-05-07 02:17:31.422 [pool-1-thread-2] DEBUG c.a.system.server.ServerLauncher - Server stats - Active connections: 0, Total requests: 1
2026-05-07 02:17:32.710 [AWT-EventQueue-0] INFO  c.a.system.client.AttendanceGUI - Application exiting
2026-05-07 02:18:31.422 [pool-1-thread-2] DEBUG c.a.system.server.ServerLauncher - Server stats - Active connections: 0, Total requests: 1
2026-05-07 02:19:31.421 [pool-1-thread-2] DEBUG c.a.system.server.ServerLauncher - Server stats - Active connections: 0, Total requests: 1
2026-05-07 02:20:31.423 [pool-1-thread-2] DEBUG c.a.system.server.ServerLauncher - Server stats - Active connections: 0, Total requests: 1
2026-05-07 02:21:31.422 [pool-1-thread-2] DEBUG c.a.system.server.ServerLauncher - Server stats - Active connections: 0, Total requests: 1
2026-05-07 02:22:17.059 [Thread-2] INFO  c.a.system.server.ServerLauncher - Shutdown hook triggered
2026-05-07 02:22:17.060 [Thread-2] INFO  c.a.system.server.ServerLauncher - Stopping Student Attendance System Server...
2026-05-07 02:22:17.061 [Thread-2] INFO  c.a.system.server.ServerLauncher - Service unbound from registry
2026-05-07 02:22:17.064 [Thread-2] INFO  c.a.system.server.ServerLauncher - Server unexported
2026-05-07 02:22:17.065 [Thread-2] INFO  com.zaxxer.hikari.HikariDataSource - HikariPool-2 - Shutdown initiated...
2026-05-07 02:22:17.091 [Thread-2] INFO  com.zaxxer.hikari.HikariDataSource - HikariPool-2 - Shutdown completed.
2026-05-07 02:22:17.092 [Thread-2] INFO  c.a.system.dao.DatabaseManager - Database connection pool closed
2026-05-07 02:22:17.092 [Thread-2] INFO  c.a.system.server.ServerLauncher - Database connections closed
2026-05-07 02:22:17.092 [Thread-2] INFO  c.a.system.server.ServerLauncher - Server stopped successfully
2026-05-07 02:22:25.642 [com.attendance.system.server.ServerLauncher.main()] INFO  c.a.system.server.ServerLauncher - Starting Student Attendance System Server...
2026-05-07 02:22:25.644 [com.attendance.system.server.ServerLauncher.main()] INFO  c.a.system.server.ServerLauncher - Initializing database connection...
2026-05-07 02:22:25.669 [com.attendance.system.server.ServerLauncher.main()] INFO  com.zaxxer.hikari.HikariDataSource - HikariPool-1 - Starting...
2026-05-07 02:22:26.127 [com.attendance.system.server.ServerLauncher.main()] INFO  com.zaxxer.hikari.pool.HikariPool - HikariPool-1 - Added connection com.mysql.cj.jdbc.ConnectionImpl@28726a96
2026-05-07 02:22:26.131 [com.attendance.system.server.ServerLauncher.main()] INFO  com.zaxxer.hikari.HikariDataSource - HikariPool-1 - Start completed.
2026-05-07 02:22:26.132 [com.attendance.system.server.ServerLauncher.main()] INFO  c.a.system.dao.DatabaseManager - Database connection pool initialized successfully
2026-05-07 02:22:26.144 [com.attendance.system.server.ServerLauncher.main()] DEBUG c.a.system.dao.DatabaseManager - Database connection test successful
2026-05-07 02:22:26.174 [com.attendance.system.server.ServerLauncher.main()] INFO  com.zaxxer.hikari.HikariDataSource - HikariPool-2 - Starting...
2026-05-07 02:22:26.188 [com.attendance.system.server.ServerLauncher.main()] INFO  com.zaxxer.hikari.pool.HikariPool - HikariPool-2 - Added connection com.mysql.cj.jdbc.ConnectionImpl@59259a23
2026-05-07 02:22:26.189 [com.attendance.system.server.ServerLauncher.main()] INFO  com.zaxxer.hikari.HikariDataSource - HikariPool-2 - Start completed.
2026-05-07 02:22:26.190 [com.attendance.system.server.ServerLauncher.main()] INFO  c.a.system.dao.DatabaseManager - Database connection pool initialized successfully
2026-05-07 02:22:26.194 [com.attendance.system.server.ServerLauncher.main()] DEBUG c.a.system.dao.DatabaseManager - Database connection test successful
2026-05-07 02:22:26.197 [com.attendance.system.server.ServerLauncher.main()] DEBUG c.a.system.dao.DatabaseManager - Database connection test successful
2026-05-07 02:22:26.199 [com.attendance.system.server.ServerLauncher.main()] INFO  c.a.system.server.ServerLauncher - Database connection established successfully
2026-05-07 02:22:26.199 [com.attendance.system.server.ServerLauncher.main()] DEBUG c.a.system.server.ServerLauncher - Setting up RMI system properties...
2026-05-07 02:22:26.200 [com.attendance.system.server.ServerLauncher.main()] INFO  c.a.system.server.ServerLauncher - RMI server hostname set to: localhost
2026-05-07 02:22:26.200 [com.attendance.system.server.ServerLauncher.main()] INFO  c.a.system.server.ServerLauncher - Setting up RMI registry on port 1099...
2026-05-07 02:22:26.234 [com.attendance.system.server.ServerLauncher.main()] INFO  c.a.system.server.ServerLauncher - Created new RMI registry on port 1099
2026-05-07 02:22:26.238 [com.attendance.system.server.ServerLauncher.main()] INFO  c.a.system.server.ServerLauncher - Creating and exporting attendance server...
2026-05-07 02:22:26.303 [com.attendance.system.server.ServerLauncher.main()] INFO  c.a.system.server.AttendanceServer - AttendanceServer initialized successfully
2026-05-07 02:22:26.304 [com.attendance.system.server.ServerLauncher.main()] INFO  c.a.system.server.AttendanceServer - Encryption enabled: false
2026-05-07 02:22:26.305 [com.attendance.system.server.ServerLauncher.main()] INFO  c.a.system.server.AttendanceServer - Max concurrent users: 100
2026-05-07 02:22:26.307 [com.attendance.system.server.ServerLauncher.main()] INFO  c.a.system.server.ServerLauncher - Attendance server created and exported successfully
2026-05-07 02:22:26.308 [com.attendance.system.server.ServerLauncher.main()] INFO  c.a.system.server.ServerLauncher - Binding server to registry with name 'AttendanceService'...
2026-05-07 02:22:26.309 [com.attendance.system.server.ServerLauncher.main()] INFO  c.a.system.server.ServerLauncher - Server bound to registry successfully
2026-05-07 02:22:26.310 [com.attendance.system.server.ServerLauncher.main()] INFO  c.a.system.server.ServerLauncher - Starting maintenance tasks...
2026-05-07 02:22:26.317 [com.attendance.system.server.ServerLauncher.main()] INFO  c.a.system.server.ServerLauncher - Maintenance tasks started
2026-05-07 02:22:26.319 [com.attendance.system.server.ServerLauncher.main()] INFO  c.a.system.server.ServerLauncher - Server started successfully!
2026-05-07 02:22:26.322 [com.attendance.system.server.ServerLauncher.main()] INFO  c.a.system.server.ServerLauncher - Service name: AttendanceService
2026-05-07 02:22:26.324 [com.attendance.system.server.ServerLauncher.main()] INFO  c.a.system.server.ServerLauncher - RMI registry port: 1099
2026-05-07 02:22:26.325 [com.attendance.system.server.ServerLauncher.main()] INFO  c.a.system.server.ServerLauncher - Server listening on port: 0
2026-05-07 02:22:26.325 [com.attendance.system.server.ServerLauncher.main()] INFO  c.a.system.server.ServerLauncher - Server is ready to accept client connections.
2026-05-07 02:22:38.193 [AWT-EventQueue-0] INFO  c.a.system.client.AttendanceGUI - GUI initialized successfully
2026-05-07 02:22:38.197 [ForkJoinPool.commonPool-worker-2] INFO  c.a.system.client.AttendanceGUI - Attempting to connect to server: rmi://localhost:1099/AttendanceService
2026-05-07 02:22:38.940 [AWT-EventQueue-0] INFO  c.a.system.client.AttendanceGUI - Successfully connected to server
2026-05-07 02:22:56.612 [RMI TCP Connection(2)-127.0.0.1] DEBUG c.a.system.server.AttendanceServer - Executing method: authenticateUser
2026-05-07 02:22:56.614 [RMI TCP Connection(2)-127.0.0.1] DEBUG c.a.system.server.AttendanceServer - Authentication request for user: admin
2026-05-07 02:22:56.618 [RMI TCP Connection(2)-127.0.0.1] WARN  c.a.system.util.SecurityUtil - ATTENDANCE_ENCRYPTION_KEY environment variable not set. Using default key for development only.
2026-05-07 02:22:56.892 [RMI TCP Connection(2)-127.0.0.1] WARN  c.a.s.service.AuthenticationService - Authentication failed - invalid password for user: admin
2026-05-07 02:22:56.893 [RMI TCP Connection(2)-127.0.0.1] WARN  c.a.system.server.AttendanceServer - Method authenticateUser failed: Invalid username or password
2026-05-07 02:22:56.920 [AWT-EventQueue-0] WARN  c.a.system.client.LoginFrame - Login failed for user: admin
java.util.concurrent.CompletionException: java.lang.RuntimeException: java.rmi.ServerException: RemoteException occurred in server thread; nested exception is: 
	java.rmi.RemoteException: Service error in authenticateUser: Invalid username or password
	at java.base/java.util.concurrent.CompletableFuture.encodeThrowable(CompletableFuture.java:315)
	at java.base/java.util.concurrent.CompletableFuture.completeThrowable(CompletableFuture.java:320)
	at java.base/java.util.concurrent.CompletableFuture$AsyncSupply.run(CompletableFuture.java:1770)
	at java.base/java.util.concurrent.CompletableFuture$AsyncSupply.exec(CompletableFuture.java:1760)
	at java.base/java.util.concurrent.ForkJoinTask.doExec(ForkJoinTask.java:387)
	at java.base/java.util.concurrent.ForkJoinPool$WorkQueue.topLevelExec(ForkJoinPool.java:1312)
	at java.base/java.util.concurrent.ForkJoinPool.scan(ForkJoinPool.java:1843)
	at java.base/java.util.concurrent.ForkJoinPool.runWorker(ForkJoinPool.java:1808)
	at java.base/java.util.concurrent.ForkJoinWorkerThread.run(ForkJoinWorkerThread.java:188)
Caused by: java.lang.RuntimeException: java.rmi.ServerException: RemoteException occurred in server thread; nested exception is: 
	java.rmi.RemoteException: Service error in authenticateUser: Invalid username or password
	at com.attendance.system.client.LoginFrame.lambda$performLogin$3(LoginFrame.java:445)
	at java.base/java.util.concurrent.CompletableFuture$AsyncSupply.run(CompletableFuture.java:1768)
	... 6 common frames omitted
Caused by: java.rmi.ServerException: RemoteException occurred in server thread; nested exception is: 
	java.rmi.RemoteException: Service error in authenticateUser: Invalid username or password
	at java.rmi/sun.rmi.server.UnicastServerRef.dispatch(UnicastServerRef.java:392)
	at java.rmi/sun.rmi.transport.Transport$1.run(Transport.java:200)
	at java.rmi/sun.rmi.transport.Transport$1.run(Transport.java:197)
	at java.base/java.security.AccessController.doPrivileged(AccessController.java:714)
	at java.rmi/sun.rmi.transport.Transport.serviceCall(Transport.java:196)
	at java.rmi/sun.rmi.transport.tcp.TCPTransport.handleMessages(TCPTransport.java:598)
	at java.rmi/sun.rmi.transport.tcp.TCPTransport$ConnectionHandler.run0(TCPTransport.java:844)
	at java.rmi/sun.rmi.transport.tcp.TCPTransport$ConnectionHandler.lambda$run$0(TCPTransport.java:721)
	at java.base/java.security.AccessController.doPrivileged(AccessController.java:400)
	at java.rmi/sun.rmi.transport.tcp.TCPTransport$ConnectionHandler.run(TCPTransport.java:720)
	at java.base/java.util.concurrent.ThreadPoolExecutor.runWorker(ThreadPoolExecutor.java:1144)
	at java.base/java.util.concurrent.ThreadPoolExecutor$Worker.run(ThreadPoolExecutor.java:642)
	at java.base/java.lang.Thread.run(Thread.java:1583)
	at java.rmi/sun.rmi.transport.StreamRemoteCall.exceptionReceivedFromServer(StreamRemoteCall.java:304)
	at java.rmi/sun.rmi.transport.StreamRemoteCall.executeCall(StreamRemoteCall.java:280)
	at java.rmi/sun.rmi.server.UnicastRef.invoke(UnicastRef.java:166)
	at java.rmi/java.rmi.server.RemoteObjectInvocationHandler.invokeRemoteMethod(RemoteObjectInvocationHandler.java:215)
	at java.rmi/java.rmi.server.RemoteObjectInvocationHandler.invoke(RemoteObjectInvocationHandler.java:160)
	at jdk.proxy3/jdk.proxy3.$Proxy25.authenticateUser(Unknown Source)
	at com.attendance.system.client.LoginFrame.lambda$performLogin$3(LoginFrame.java:443)
	... 7 common frames omitted
Caused by: java.rmi.RemoteException: Service error in authenticateUser: Invalid username or password
	at com.attendance.system.server.AttendanceServer.executeWithErrorHandling(AttendanceServer.java:1148)
	at com.attendance.system.server.AttendanceServer.authenticateUser(AttendanceServer.java:104)
	at java.base/jdk.internal.reflect.DirectMethodHandleAccessor.invoke(DirectMethodHandleAccessor.java:103)
	at java.base/java.lang.reflect.Method.invoke(Method.java:580)
	at java.rmi/sun.rmi.server.UnicastServerRef.dispatch(UnicastServerRef.java:360)
	at java.rmi/sun.rmi.transport.Transport$1.run(Transport.java:200)
	at java.rmi/sun.rmi.transport.Transport$1.run(Transport.java:197)
	at java.base/java.security.AccessController.doPrivileged(AccessController.java:714)
	at java.rmi/sun.rmi.transport.Transport.serviceCall(Transport.java:196)
	at java.rmi/sun.rmi.transport.tcp.TCPTransport.handleMessages(TCPTransport.java:598)
	at java.rmi/sun.rmi.transport.tcp.TCPTransport$ConnectionHandler.run0(TCPTransport.java:844)
	at java.rmi/sun.rmi.transport.tcp.TCPTransport$ConnectionHandler.lambda$run$0(TCPTransport.java:721)
	at java.base/java.security.AccessController.doPrivileged(AccessController.java:400)
	at java.rmi/sun.rmi.transport.tcp.TCPTransport$ConnectionHandler.run(TCPTransport.java:720)
	at java.base/java.util.concurrent.ThreadPoolExecutor.runWorker(ThreadPoolExecutor.java:1144)
	at java.base/java.util.concurrent.ThreadPoolExecutor$Worker.run(ThreadPoolExecutor.java:642)
	at java.base/java.lang.Thread.run(Thread.java:1583)
2026-05-07 02:23:25.925 [RMI TCP Connection(3)-127.0.0.1] DEBUG c.a.system.server.AttendanceServer - Executing method: authenticateUser
2026-05-07 02:23:25.926 [RMI TCP Connection(3)-127.0.0.1] DEBUG c.a.system.server.AttendanceServer - Authentication request for user: Admin
2026-05-07 02:23:26.066 [RMI TCP Connection(3)-127.0.0.1] WARN  c.a.s.service.AuthenticationService - Authentication failed - invalid password for user: Admin
2026-05-07 02:23:26.066 [RMI TCP Connection(3)-127.0.0.1] WARN  c.a.system.server.AttendanceServer - Method authenticateUser failed: Invalid username or password
2026-05-07 02:23:26.072 [AWT-EventQueue-0] WARN  c.a.system.client.LoginFrame - Login failed for user: Admin
java.util.concurrent.CompletionException: java.lang.RuntimeException: java.rmi.ServerException: RemoteException occurred in server thread; nested exception is: 
	java.rmi.RemoteException: Service error in authenticateUser: Invalid username or password
	at java.base/java.util.concurrent.CompletableFuture.encodeThrowable(CompletableFuture.java:315)
	at java.base/java.util.concurrent.CompletableFuture.completeThrowable(CompletableFuture.java:320)
	at java.base/java.util.concurrent.CompletableFuture$AsyncSupply.run(CompletableFuture.java:1770)
	at java.base/java.util.concurrent.CompletableFuture$AsyncSupply.exec(CompletableFuture.java:1760)
	at java.base/java.util.concurrent.ForkJoinTask.doExec(ForkJoinTask.java:387)
	at java.base/java.util.concurrent.ForkJoinPool$WorkQueue.topLevelExec(ForkJoinPool.java:1312)
	at java.base/java.util.concurrent.ForkJoinPool.scan(ForkJoinPool.java:1843)
	at java.base/java.util.concurrent.ForkJoinPool.runWorker(ForkJoinPool.java:1808)
	at java.base/java.util.concurrent.ForkJoinWorkerThread.run(ForkJoinWorkerThread.java:188)
Caused by: java.lang.RuntimeException: java.rmi.ServerException: RemoteException occurred in server thread; nested exception is: 
	java.rmi.RemoteException: Service error in authenticateUser: Invalid username or password
	at com.attendance.system.client.LoginFrame.lambda$performLogin$3(LoginFrame.java:445)
	at java.base/java.util.concurrent.CompletableFuture$AsyncSupply.run(CompletableFuture.java:1768)
	... 6 common frames omitted
Caused by: java.rmi.ServerException: RemoteException occurred in server thread; nested exception is: 
	java.rmi.RemoteException: Service error in authenticateUser: Invalid username or password
	at java.rmi/sun.rmi.server.UnicastServerRef.dispatch(UnicastServerRef.java:392)
	at java.rmi/sun.rmi.transport.Transport$1.run(Transport.java:200)
	at java.rmi/sun.rmi.transport.Transport$1.run(Transport.java:197)
	at java.base/java.security.AccessController.doPrivileged(AccessController.java:714)
	at java.rmi/sun.rmi.transport.Transport.serviceCall(Transport.java:196)
	at java.rmi/sun.rmi.transport.tcp.TCPTransport.handleMessages(TCPTransport.java:598)
	at java.rmi/sun.rmi.transport.tcp.TCPTransport$ConnectionHandler.run0(TCPTransport.java:844)
	at java.rmi/sun.rmi.transport.tcp.TCPTransport$ConnectionHandler.lambda$run$0(TCPTransport.java:721)
	at java.base/java.security.AccessController.doPrivileged(AccessController.java:400)
	at java.rmi/sun.rmi.transport.tcp.TCPTransport$ConnectionHandler.run(TCPTransport.java:720)
	at java.base/java.util.concurrent.ThreadPoolExecutor.runWorker(ThreadPoolExecutor.java:1144)
	at java.base/java.util.concurrent.ThreadPoolExecutor$Worker.run(ThreadPoolExecutor.java:642)
	at java.base/java.lang.Thread.run(Thread.java:1583)
	at java.rmi/sun.rmi.transport.StreamRemoteCall.exceptionReceivedFromServer(StreamRemoteCall.java:304)
	at java.rmi/sun.rmi.transport.StreamRemoteCall.executeCall(StreamRemoteCall.java:280)
	at java.rmi/sun.rmi.server.UnicastRef.invoke(UnicastRef.java:166)
	at java.rmi/java.rmi.server.RemoteObjectInvocationHandler.invokeRemoteMethod(RemoteObjectInvocationHandler.java:215)
	at java.rmi/java.rmi.server.RemoteObjectInvocationHandler.invoke(RemoteObjectInvocationHandler.java:160)
	at jdk.proxy3/jdk.proxy3.$Proxy25.authenticateUser(Unknown Source)
	at com.attendance.system.client.LoginFrame.lambda$performLogin$3(LoginFrame.java:443)
	... 7 common frames omitted
Caused by: java.rmi.RemoteException: Service error in authenticateUser: Invalid username or password
	at com.attendance.system.server.AttendanceServer.executeWithErrorHandling(AttendanceServer.java:1148)
	at com.attendance.system.server.AttendanceServer.authenticateUser(AttendanceServer.java:104)
	at java.base/jdk.internal.reflect.DirectMethodHandleAccessor.invoke(DirectMethodHandleAccessor.java:103)
	at java.base/java.lang.reflect.Method.invoke(Method.java:580)
	at java.rmi/sun.rmi.server.UnicastServerRef.dispatch(UnicastServerRef.java:360)
	at java.rmi/sun.rmi.transport.Transport$1.run(Transport.java:200)
	at java.rmi/sun.rmi.transport.Transport$1.run(Transport.java:197)
	at java.base/java.security.AccessController.doPrivileged(AccessController.java:714)
	at java.rmi/sun.rmi.transport.Transport.serviceCall(Transport.java:196)
	at java.rmi/sun.rmi.transport.tcp.TCPTransport.handleMessages(TCPTransport.java:598)
	at java.rmi/sun.rmi.transport.tcp.TCPTransport$ConnectionHandler.run0(TCPTransport.java:844)
	at java.rmi/sun.rmi.transport.tcp.TCPTransport$ConnectionHandler.lambda$run$0(TCPTransport.java:721)
	at java.base/java.security.AccessController.doPrivileged(AccessController.java:400)
	at java.rmi/sun.rmi.transport.tcp.TCPTransport$ConnectionHandler.run(TCPTransport.java:720)
	at java.base/java.util.concurrent.ThreadPoolExecutor.runWorker(ThreadPoolExecutor.java:1144)
	at java.base/java.util.concurrent.ThreadPoolExecutor$Worker.run(ThreadPoolExecutor.java:642)
	at java.base/java.lang.Thread.run(Thread.java:1583)
2026-05-07 02:23:26.318 [pool-1-thread-2] DEBUG c.a.system.server.ServerLauncher - Server stats - Active connections: 0, Total requests: 2
2026-05-07 02:24:20.335 [RMI TCP Connection(4)-127.0.0.1] DEBUG c.a.system.server.AttendanceServer - Executing method: registerUser
2026-05-07 02:24:20.335 [RMI TCP Connection(4)-127.0.0.1] DEBUG c.a.system.server.AttendanceServer - Registration request for user: admin (Student)
2026-05-07 02:24:20.344 [RMI TCP Connection(4)-127.0.0.1] WARN  c.a.system.server.AttendanceServer - Method registerUser failed: Username already exists
2026-05-07 02:24:20.369 [ForkJoinPool.commonPool-worker-2] ERROR c.a.system.client.RegistrationFrame - Remote service error during registration
java.rmi.ServerException: RemoteException occurred in server thread; nested exception is: 
	java.rmi.RemoteException: Service error in registerUser: Username already exists
	at java.rmi/sun.rmi.server.UnicastServerRef.dispatch(UnicastServerRef.java:392)
	at java.rmi/sun.rmi.transport.Transport$1.run(Transport.java:200)
	at java.rmi/sun.rmi.transport.Transport$1.run(Transport.java:197)
	at java.base/java.security.AccessController.doPrivileged(AccessController.java:714)
	at java.rmi/sun.rmi.transport.Transport.serviceCall(Transport.java:196)
	at java.rmi/sun.rmi.transport.tcp.TCPTransport.handleMessages(TCPTransport.java:598)
	at java.rmi/sun.rmi.transport.tcp.TCPTransport$ConnectionHandler.run0(TCPTransport.java:844)
	at java.rmi/sun.rmi.transport.tcp.TCPTransport$ConnectionHandler.lambda$run$0(TCPTransport.java:721)
	at java.base/java.security.AccessController.doPrivileged(AccessController.java:400)
	at java.rmi/sun.rmi.transport.tcp.TCPTransport$ConnectionHandler.run(TCPTransport.java:720)
	at java.base/java.util.concurrent.ThreadPoolExecutor.runWorker(ThreadPoolExecutor.java:1144)
	at java.base/java.util.concurrent.ThreadPoolExecutor$Worker.run(ThreadPoolExecutor.java:642)
	at java.base/java.lang.Thread.run(Thread.java:1583)
	at java.rmi/sun.rmi.transport.StreamRemoteCall.exceptionReceivedFromServer(StreamRemoteCall.java:304)
	at java.rmi/sun.rmi.transport.StreamRemoteCall.executeCall(StreamRemoteCall.java:280)
	at java.rmi/sun.rmi.server.UnicastRef.invoke(UnicastRef.java:166)
	at java.rmi/java.rmi.server.RemoteObjectInvocationHandler.invokeRemoteMethod(RemoteObjectInvocationHandler.java:215)
	at java.rmi/java.rmi.server.RemoteObjectInvocationHandler.invoke(RemoteObjectInvocationHandler.java:160)
	at jdk.proxy3/jdk.proxy3.$Proxy25.registerUser(Unknown Source)
	at com.attendance.system.client.RegistrationFrame.lambda$performRegistration$7(RegistrationFrame.java:662)
	at java.base/java.util.concurrent.CompletableFuture$AsyncRun.run(CompletableFuture.java:1804)
	at java.base/java.util.concurrent.CompletableFuture$AsyncRun.exec(CompletableFuture.java:1796)
	at java.base/java.util.concurrent.ForkJoinTask.doExec(ForkJoinTask.java:387)
	at java.base/java.util.concurrent.ForkJoinPool$WorkQueue.topLevelExec(ForkJoinPool.java:1312)
	at java.base/java.util.concurrent.ForkJoinPool.scan(ForkJoinPool.java:1843)
	at java.base/java.util.concurrent.ForkJoinPool.runWorker(ForkJoinPool.java:1808)
	at java.base/java.util.concurrent.ForkJoinWorkerThread.run(ForkJoinWorkerThread.java:188)
Caused by: java.rmi.RemoteException: Service error in registerUser: Username already exists
	at com.attendance.system.server.AttendanceServer.executeWithErrorHandling(AttendanceServer.java:1148)
	at com.attendance.system.server.AttendanceServer.registerUser(AttendanceServer.java:182)
	at java.base/jdk.internal.reflect.DirectMethodHandleAccessor.invoke(DirectMethodHandleAccessor.java:103)
	at java.base/java.lang.reflect.Method.invoke(Method.java:580)
	at java.rmi/sun.rmi.server.UnicastServerRef.dispatch(UnicastServerRef.java:360)
	at java.rmi/sun.rmi.transport.Transport$1.run(Transport.java:200)
	at java.rmi/sun.rmi.transport.Transport$1.run(Transport.java:197)
	at java.base/java.security.AccessController.doPrivileged(AccessController.java:714)
	at java.rmi/sun.rmi.transport.Transport.serviceCall(Transport.java:196)
	at java.rmi/sun.rmi.transport.tcp.TCPTransport.handleMessages(TCPTransport.java:598)
	at java.rmi/sun.rmi.transport.tcp.TCPTransport$ConnectionHandler.run0(TCPTransport.java:844)
	at java.rmi/sun.rmi.transport.tcp.TCPTransport$ConnectionHandler.lambda$run$0(TCPTransport.java:721)
	at java.base/java.security.AccessController.doPrivileged(AccessController.java:400)
	at java.rmi/sun.rmi.transport.tcp.TCPTransport$ConnectionHandler.run(TCPTransport.java:720)
	at java.base/java.util.concurrent.ThreadPoolExecutor.runWorker(ThreadPoolExecutor.java:1144)
	at java.base/java.util.concurrent.ThreadPoolExecutor$Worker.run(ThreadPoolExecutor.java:642)
	at java.base/java.lang.Thread.run(Thread.java:1583)
2026-05-07 02:24:25.074 [RMI TCP Connection(5)-127.0.0.1] DEBUG c.a.system.server.AttendanceServer - Executing method: registerUser
2026-05-07 02:24:25.079 [RMI TCP Connection(5)-127.0.0.1] DEBUG c.a.system.server.AttendanceServer - Registration request for user: admin (Student)
2026-05-07 02:24:25.102 [RMI TCP Connection(5)-127.0.0.1] WARN  c.a.system.server.AttendanceServer - Method registerUser failed: Username already exists
2026-05-07 02:24:25.117 [ForkJoinPool.commonPool-worker-2] ERROR c.a.system.client.RegistrationFrame - Remote service error during registration
java.rmi.ServerException: RemoteException occurred in server thread; nested exception is: 
	java.rmi.RemoteException: Service error in registerUser: Username already exists
	at java.rmi/sun.rmi.server.UnicastServerRef.dispatch(UnicastServerRef.java:392)
	at java.rmi/sun.rmi.transport.Transport$1.run(Transport.java:200)
	at java.rmi/sun.rmi.transport.Transport$1.run(Transport.java:197)
	at java.base/java.security.AccessController.doPrivileged(AccessController.java:714)
	at java.rmi/sun.rmi.transport.Transport.serviceCall(Transport.java:196)
	at java.rmi/sun.rmi.transport.tcp.TCPTransport.handleMessages(TCPTransport.java:598)
	at java.rmi/sun.rmi.transport.tcp.TCPTransport$ConnectionHandler.run0(TCPTransport.java:844)
	at java.rmi/sun.rmi.transport.tcp.TCPTransport$ConnectionHandler.lambda$run$0(TCPTransport.java:721)
	at java.base/java.security.AccessController.doPrivileged(AccessController.java:400)
	at java.rmi/sun.rmi.transport.tcp.TCPTransport$ConnectionHandler.run(TCPTransport.java:720)
	at java.base/java.util.concurrent.ThreadPoolExecutor.runWorker(ThreadPoolExecutor.java:1144)
	at java.base/java.util.concurrent.ThreadPoolExecutor$Worker.run(ThreadPoolExecutor.java:642)
	at java.base/java.lang.Thread.run(Thread.java:1583)
	at java.rmi/sun.rmi.transport.StreamRemoteCall.exceptionReceivedFromServer(StreamRemoteCall.java:304)
	at java.rmi/sun.rmi.transport.StreamRemoteCall.executeCall(StreamRemoteCall.java:280)
	at java.rmi/sun.rmi.server.UnicastRef.invoke(UnicastRef.java:166)
	at java.rmi/java.rmi.server.RemoteObjectInvocationHandler.invokeRemoteMethod(RemoteObjectInvocationHandler.java:215)
	at java.rmi/java.rmi.server.RemoteObjectInvocationHandler.invoke(RemoteObjectInvocationHandler.java:160)
	at jdk.proxy3/jdk.proxy3.$Proxy25.registerUser(Unknown Source)
	at com.attendance.system.client.RegistrationFrame.lambda$performRegistration$7(RegistrationFrame.java:662)
	at java.base/java.util.concurrent.CompletableFuture$AsyncRun.run(CompletableFuture.java:1804)
	at java.base/java.util.concurrent.CompletableFuture$AsyncRun.exec(CompletableFuture.java:1796)
	at java.base/java.util.concurrent.ForkJoinTask.doExec(ForkJoinTask.java:387)
	at java.base/java.util.concurrent.ForkJoinPool$WorkQueue.topLevelExec(ForkJoinPool.java:1312)
	at java.base/java.util.concurrent.ForkJoinPool.scan(ForkJoinPool.java:1843)
	at java.base/java.util.concurrent.ForkJoinPool.runWorker(ForkJoinPool.java:1808)
	at java.base/java.util.concurrent.ForkJoinWorkerThread.run(ForkJoinWorkerThread.java:188)
Caused by: java.rmi.RemoteException: Service error in registerUser: Username already exists
	at com.attendance.system.server.AttendanceServer.executeWithErrorHandling(AttendanceServer.java:1148)
	at com.attendance.system.server.AttendanceServer.registerUser(AttendanceServer.java:182)
	at java.base/jdk.internal.reflect.DirectMethodHandleAccessor.invoke(DirectMethodHandleAccessor.java:103)
	at java.base/java.lang.reflect.Method.invoke(Method.java:580)
	at java.rmi/sun.rmi.server.UnicastServerRef.dispatch(UnicastServerRef.java:360)
	at java.rmi/sun.rmi.transport.Transport$1.run(Transport.java:200)
	at java.rmi/sun.rmi.transport.Transport$1.run(Transport.java:197)
	at java.base/java.security.AccessController.doPrivileged(AccessController.java:714)
	at java.rmi/sun.rmi.transport.Transport.serviceCall(Transport.java:196)
	at java.rmi/sun.rmi.transport.tcp.TCPTransport.handleMessages(TCPTransport.java:598)
	at java.rmi/sun.rmi.transport.tcp.TCPTransport$ConnectionHandler.run0(TCPTransport.java:844)
	at java.rmi/sun.rmi.transport.tcp.TCPTransport$ConnectionHandler.lambda$run$0(TCPTransport.java:721)
	at java.base/java.security.AccessController.doPrivileged(AccessController.java:400)
	at java.rmi/sun.rmi.transport.tcp.TCPTransport$ConnectionHandler.run(TCPTransport.java:720)
	at java.base/java.util.concurrent.ThreadPoolExecutor.runWorker(ThreadPoolExecutor.java:1144)
	at java.base/java.util.concurrent.ThreadPoolExecutor$Worker.run(ThreadPoolExecutor.java:642)
	at java.base/java.lang.Thread.run(Thread.java:1583)
2026-05-07 02:24:26.317 [pool-1-thread-2] DEBUG c.a.system.server.ServerLauncher - Server stats - Active connections: 0, Total requests: 4
2026-05-07 02:25:26.317 [pool-1-thread-2] DEBUG c.a.system.server.ServerLauncher - Server stats - Active connections: 0, Total requests: 4
2026-05-07 02:26:26.317 [pool-1-thread-2] DEBUG c.a.system.server.ServerLauncher - Server stats - Active connections: 0, Total requests: 4
2026-05-07 02:27:26.317 [pool-1-thread-2] DEBUG c.a.system.server.ServerLauncher - Server stats - Active connections: 0, Total requests: 4
2026-05-07 02:28:25.169 [Thread-2] INFO  c.a.system.server.ServerLauncher - Shutdown hook triggered
2026-05-07 02:28:25.170 [Thread-2] INFO  c.a.system.server.ServerLauncher - Stopping Student Attendance System Server...
2026-05-07 02:28:25.171 [Thread-2] INFO  c.a.system.server.ServerLauncher - Service unbound from registry
2026-05-07 02:28:25.175 [Thread-2] INFO  c.a.system.server.ServerLauncher - Server unexported
2026-05-07 02:28:25.176 [Thread-2] INFO  com.zaxxer.hikari.HikariDataSource - HikariPool-2 - Shutdown initiated...
2026-05-07 02:28:25.216 [Thread-2] INFO  com.zaxxer.hikari.HikariDataSource - HikariPool-2 - Shutdown completed.
2026-05-07 02:28:25.216 [Thread-2] INFO  c.a.system.dao.DatabaseManager - Database connection pool closed
2026-05-07 02:28:25.216 [Thread-2] INFO  c.a.system.server.ServerLauncher - Database connections closed
2026-05-07 02:28:25.217 [Thread-2] INFO  c.a.system.server.ServerLauncher - Server stopped successfully
2026-05-07 02:33:54.242 [com.attendance.system.server.ServerLauncher.main()] INFO  c.a.system.server.ServerLauncher - Starting Student Attendance System Server...
2026-05-07 02:33:54.243 [com.attendance.system.server.ServerLauncher.main()] INFO  c.a.system.server.ServerLauncher - Initializing database connection...
2026-05-07 02:33:54.269 [com.attendance.system.server.ServerLauncher.main()] INFO  com.zaxxer.hikari.HikariDataSource - HikariPool-1 - Starting...
2026-05-07 02:33:54.767 [com.attendance.system.server.ServerLauncher.main()] INFO  com.zaxxer.hikari.pool.HikariPool - HikariPool-1 - Added connection com.mysql.cj.jdbc.ConnectionImpl@4a25ae17
2026-05-07 02:33:54.774 [com.attendance.system.server.ServerLauncher.main()] INFO  com.zaxxer.hikari.HikariDataSource - HikariPool-1 - Start completed.
2026-05-07 02:33:54.775 [com.attendance.system.server.ServerLauncher.main()] INFO  c.a.system.dao.DatabaseManager - Database connection pool initialized successfully
2026-05-07 02:33:54.793 [com.attendance.system.server.ServerLauncher.main()] DEBUG c.a.system.dao.DatabaseManager - Database connection test successful
2026-05-07 02:33:54.827 [com.attendance.system.server.ServerLauncher.main()] INFO  com.zaxxer.hikari.HikariDataSource - HikariPool-2 - Starting...
2026-05-07 02:33:54.845 [com.attendance.system.server.ServerLauncher.main()] INFO  com.zaxxer.hikari.pool.HikariPool - HikariPool-2 - Added connection com.mysql.cj.jdbc.ConnectionImpl@3af58f0e
2026-05-07 02:33:54.847 [com.attendance.system.server.ServerLauncher.main()] INFO  com.zaxxer.hikari.HikariDataSource - HikariPool-2 - Start completed.
2026-05-07 02:33:54.849 [com.attendance.system.server.ServerLauncher.main()] INFO  c.a.system.dao.DatabaseManager - Database connection pool initialized successfully
2026-05-07 02:33:54.852 [com.attendance.system.server.ServerLauncher.main()] DEBUG c.a.system.dao.DatabaseManager - Database connection test successful
2026-05-07 02:33:54.859 [com.attendance.system.server.ServerLauncher.main()] DEBUG c.a.system.dao.DatabaseManager - Database connection test successful
2026-05-07 02:33:54.868 [com.attendance.system.server.ServerLauncher.main()] INFO  c.a.system.server.ServerLauncher - Database connection established successfully
2026-05-07 02:33:54.870 [com.attendance.system.server.ServerLauncher.main()] DEBUG c.a.system.server.ServerLauncher - Setting up RMI system properties...
2026-05-07 02:33:54.871 [com.attendance.system.server.ServerLauncher.main()] INFO  c.a.system.server.ServerLauncher - RMI server hostname set to: localhost
2026-05-07 02:33:54.874 [com.attendance.system.server.ServerLauncher.main()] INFO  c.a.system.server.ServerLauncher - Setting up RMI registry on port 1099...
2026-05-07 02:33:54.977 [com.attendance.system.server.ServerLauncher.main()] INFO  c.a.system.server.ServerLauncher - Created new RMI registry on port 1099
2026-05-07 02:33:54.978 [com.attendance.system.server.ServerLauncher.main()] INFO  c.a.system.server.ServerLauncher - Creating and exporting attendance server...
2026-05-07 02:34:46.235 [AWT-EventQueue-0] INFO  c.a.system.client.AttendanceGUI - GUI initialized successfully
2026-05-07 02:34:46.238 [ForkJoinPool.commonPool-worker-2] INFO  c.a.system.client.AttendanceGUI - Attempting to connect to server: rmi://localhost:1099/AttendanceService
2026-05-07 02:34:46.299 [ForkJoinPool.commonPool-worker-2] ERROR c.a.system.client.AttendanceGUI - Failed to connect to server
java.rmi.ConnectException: Connection refused to host: localhost; nested exception is: 
	java.net.ConnectException: Connection refused
	at java.rmi/sun.rmi.transport.tcp.TCPEndpoint.newSocket(TCPEndpoint.java:625)
	at java.rmi/sun.rmi.transport.tcp.TCPChannel.createConnection(TCPChannel.java:217)
	at java.rmi/sun.rmi.transport.tcp.TCPChannel.newConnection(TCPChannel.java:204)
	at java.rmi/sun.rmi.server.UnicastRef.newCall(UnicastRef.java:345)
	at java.rmi/sun.rmi.registry.RegistryImpl_Stub.lookup(RegistryImpl_Stub.java:116)
	at java.rmi/java.rmi.Naming.lookup(Naming.java:101)
	at com.attendance.system.client.AttendanceGUI.lambda$initializeConnection$0(AttendanceGUI.java:183)
	at java.base/java.util.concurrent.CompletableFuture$AsyncSupply.run(CompletableFuture.java:1768)
	at java.base/java.util.concurrent.CompletableFuture$AsyncSupply.exec(CompletableFuture.java:1760)
	at java.base/java.util.concurrent.ForkJoinTask.doExec(ForkJoinTask.java:387)
	at java.base/java.util.concurrent.ForkJoinPool$WorkQueue.topLevelExec(ForkJoinPool.java:1312)
	at java.base/java.util.concurrent.ForkJoinPool.scan(ForkJoinPool.java:1843)
	at java.base/java.util.concurrent.ForkJoinPool.runWorker(ForkJoinPool.java:1808)
	at java.base/java.util.concurrent.ForkJoinWorkerThread.run(ForkJoinWorkerThread.java:188)
Caused by: java.net.ConnectException: Connection refused
	at java.base/sun.nio.ch.Net.connect0(Native Method)
	at java.base/sun.nio.ch.Net.connect(Net.java:601)
	at java.base/sun.nio.ch.Net.connect(Net.java:590)
	at java.base/sun.nio.ch.NioSocketImpl.connect(NioSocketImpl.java:583)
	at java.base/java.net.SocksSocketImpl.connect(SocksSocketImpl.java:327)
	at java.base/java.net.Socket.connect(Socket.java:751)
	at java.base/java.net.Socket.connect(Socket.java:686)
	at java.base/java.net.Socket.<init>(Socket.java:555)
	at java.base/java.net.Socket.<init>(Socket.java:324)
	at java.rmi/sun.rmi.transport.tcp.TCPDirectSocketFactory.createSocket(TCPDirectSocketFactory.java:40)
	at java.rmi/sun.rmi.transport.tcp.TCPEndpoint.newSocket(TCPEndpoint.java:619)
	... 13 common frames omitted
2026-05-07 02:34:51.342 [ForkJoinPool.commonPool-worker-2] INFO  c.a.system.client.AttendanceGUI - Attempting to connect to server: rmi://localhost:1099/AttendanceService
2026-05-07 02:34:51.343 [ForkJoinPool.commonPool-worker-2] ERROR c.a.system.client.AttendanceGUI - Failed to connect to server
java.rmi.ConnectException: Connection refused to host: localhost; nested exception is: 
	java.net.ConnectException: Connection refused
	at java.rmi/sun.rmi.transport.tcp.TCPEndpoint.newSocket(TCPEndpoint.java:625)
	at java.rmi/sun.rmi.transport.tcp.TCPChannel.createConnection(TCPChannel.java:217)
	at java.rmi/sun.rmi.transport.tcp.TCPChannel.newConnection(TCPChannel.java:204)
	at java.rmi/sun.rmi.server.UnicastRef.newCall(UnicastRef.java:345)
	at java.rmi/sun.rmi.registry.RegistryImpl_Stub.lookup(RegistryImpl_Stub.java:116)
	at java.rmi/java.rmi.Naming.lookup(Naming.java:101)
	at com.attendance.system.client.AttendanceGUI.lambda$initializeConnection$0(AttendanceGUI.java:183)
	at java.base/java.util.concurrent.CompletableFuture$AsyncSupply.run(CompletableFuture.java:1768)
	at java.base/java.util.concurrent.CompletableFuture$AsyncSupply.exec(CompletableFuture.java:1760)
	at java.base/java.util.concurrent.ForkJoinTask.doExec(ForkJoinTask.java:387)
	at java.base/java.util.concurrent.ForkJoinPool$WorkQueue.topLevelExec(ForkJoinPool.java:1312)
	at java.base/java.util.concurrent.ForkJoinPool.scan(ForkJoinPool.java:1843)
	at java.base/java.util.concurrent.ForkJoinPool.runWorker(ForkJoinPool.java:1808)
	at java.base/java.util.concurrent.ForkJoinWorkerThread.run(ForkJoinWorkerThread.java:188)
Caused by: java.net.ConnectException: Connection refused
	at java.base/sun.nio.ch.Net.connect0(Native Method)
	at java.base/sun.nio.ch.Net.connect(Net.java:601)
	at java.base/sun.nio.ch.Net.connect(Net.java:590)
	at java.base/sun.nio.ch.NioSocketImpl.connect(NioSocketImpl.java:583)
	at java.base/java.net.SocksSocketImpl.connect(SocksSocketImpl.java:327)
	at java.base/java.net.Socket.connect(Socket.java:751)
	at java.base/java.net.Socket.connect(Socket.java:686)
	at java.base/java.net.Socket.<init>(Socket.java:555)
	at java.base/java.net.Socket.<init>(Socket.java:324)
	at java.rmi/sun.rmi.transport.tcp.TCPDirectSocketFactory.createSocket(TCPDirectSocketFactory.java:40)
	at java.rmi/sun.rmi.transport.tcp.TCPEndpoint.newSocket(TCPEndpoint.java:619)
	... 13 common frames omitted
2026-05-07 02:34:56.366 [ForkJoinPool.commonPool-worker-2] INFO  c.a.system.client.AttendanceGUI - Attempting to connect to server: rmi://localhost:1099/AttendanceService
2026-05-07 02:34:56.372 [ForkJoinPool.commonPool-worker-2] ERROR c.a.system.client.AttendanceGUI - Failed to connect to server
java.rmi.ConnectException: Connection refused to host: localhost; nested exception is: 
	java.net.ConnectException: Connection refused
	at java.rmi/sun.rmi.transport.tcp.TCPEndpoint.newSocket(TCPEndpoint.java:625)
	at java.rmi/sun.rmi.transport.tcp.TCPChannel.createConnection(TCPChannel.java:217)
	at java.rmi/sun.rmi.transport.tcp.TCPChannel.newConnection(TCPChannel.java:204)
	at java.rmi/sun.rmi.server.UnicastRef.newCall(UnicastRef.java:345)
	at java.rmi/sun.rmi.registry.RegistryImpl_Stub.lookup(RegistryImpl_Stub.java:116)
	at java.rmi/java.rmi.Naming.lookup(Naming.java:101)
	at com.attendance.system.client.AttendanceGUI.lambda$initializeConnection$0(AttendanceGUI.java:183)
	at java.base/java.util.concurrent.CompletableFuture$AsyncSupply.run(CompletableFuture.java:1768)
	at java.base/java.util.concurrent.CompletableFuture$AsyncSupply.exec(CompletableFuture.java:1760)
	at java.base/java.util.concurrent.ForkJoinTask.doExec(ForkJoinTask.java:387)
	at java.base/java.util.concurrent.ForkJoinPool$WorkQueue.topLevelExec(ForkJoinPool.java:1312)
	at java.base/java.util.concurrent.ForkJoinPool.scan(ForkJoinPool.java:1843)
	at java.base/java.util.concurrent.ForkJoinPool.runWorker(ForkJoinPool.java:1808)
	at java.base/java.util.concurrent.ForkJoinWorkerThread.run(ForkJoinWorkerThread.java:188)
Caused by: java.net.ConnectException: Connection refused
	at java.base/sun.nio.ch.Net.connect0(Native Method)
	at java.base/sun.nio.ch.Net.connect(Net.java:601)
	at java.base/sun.nio.ch.Net.connect(Net.java:590)
	at java.base/sun.nio.ch.NioSocketImpl.connect(NioSocketImpl.java:583)
	at java.base/java.net.SocksSocketImpl.connect(SocksSocketImpl.java:327)
	at java.base/java.net.Socket.connect(Socket.java:751)
	at java.base/java.net.Socket.connect(Socket.java:686)
	at java.base/java.net.Socket.<init>(Socket.java:555)
	at java.base/java.net.Socket.<init>(Socket.java:324)
	at java.rmi/sun.rmi.transport.tcp.TCPDirectSocketFactory.createSocket(TCPDirectSocketFactory.java:40)
	at java.rmi/sun.rmi.transport.tcp.TCPEndpoint.newSocket(TCPEndpoint.java:619)
	... 13 common frames omitted
2026-05-07 02:35:01.408 [ForkJoinPool.commonPool-worker-2] INFO  c.a.system.client.AttendanceGUI - Attempting to connect to server: rmi://localhost:1099/AttendanceService
2026-05-07 02:35:01.412 [ForkJoinPool.commonPool-worker-2] ERROR c.a.system.client.AttendanceGUI - Failed to connect to server
java.rmi.ConnectException: Connection refused to host: localhost; nested exception is: 
	java.net.ConnectException: Connection refused
	at java.rmi/sun.rmi.transport.tcp.TCPEndpoint.newSocket(TCPEndpoint.java:625)
	at java.rmi/sun.rmi.transport.tcp.TCPChannel.createConnection(TCPChannel.java:217)
	at java.rmi/sun.rmi.transport.tcp.TCPChannel.newConnection(TCPChannel.java:204)
	at java.rmi/sun.rmi.server.UnicastRef.newCall(UnicastRef.java:345)
	at java.rmi/sun.rmi.registry.RegistryImpl_Stub.lookup(RegistryImpl_Stub.java:116)
	at java.rmi/java.rmi.Naming.lookup(Naming.java:101)
	at com.attendance.system.client.AttendanceGUI.lambda$initializeConnection$0(AttendanceGUI.java:183)
	at java.base/java.util.concurrent.CompletableFuture$AsyncSupply.run(CompletableFuture.java:1768)
	at java.base/java.util.concurrent.CompletableFuture$AsyncSupply.exec(CompletableFuture.java:1760)
	at java.base/java.util.concurrent.ForkJoinTask.doExec(ForkJoinTask.java:387)
	at java.base/java.util.concurrent.ForkJoinPool$WorkQueue.topLevelExec(ForkJoinPool.java:1312)
	at java.base/java.util.concurrent.ForkJoinPool.scan(ForkJoinPool.java:1843)
	at java.base/java.util.concurrent.ForkJoinPool.runWorker(ForkJoinPool.java:1808)
	at java.base/java.util.concurrent.ForkJoinWorkerThread.run(ForkJoinWorkerThread.java:188)
Caused by: java.net.ConnectException: Connection refused
	at java.base/sun.nio.ch.Net.connect0(Native Method)
	at java.base/sun.nio.ch.Net.connect(Net.java:601)
	at java.base/sun.nio.ch.Net.connect(Net.java:590)
	at java.base/sun.nio.ch.NioSocketImpl.connect(NioSocketImpl.java:583)
	at java.base/java.net.SocksSocketImpl.connect(SocksSocketImpl.java:327)
	at java.base/java.net.Socket.connect(Socket.java:751)
	at java.base/java.net.Socket.connect(Socket.java:686)
	at java.base/java.net.Socket.<init>(Socket.java:555)
	at java.base/java.net.Socket.<init>(Socket.java:324)
	at java.rmi/sun.rmi.transport.tcp.TCPDirectSocketFactory.createSocket(TCPDirectSocketFactory.java:40)
	at java.rmi/sun.rmi.transport.tcp.TCPEndpoint.newSocket(TCPEndpoint.java:619)
	... 13 common frames omitted
2026-05-07 02:35:02.139 [AWT-EventQueue-0] INFO  c.a.system.client.AttendanceGUI - Application exiting
2026-05-07 02:36:15.430 [com.attendance.system.server.ServerLauncher.main()] INFO  c.a.system.server.ServerLauncher - Starting Student Attendance System Server...
2026-05-07 02:36:15.432 [com.attendance.system.server.ServerLauncher.main()] INFO  c.a.system.server.ServerLauncher - Initializing database connection...
2026-05-07 02:36:15.465 [com.attendance.system.server.ServerLauncher.main()] INFO  com.zaxxer.hikari.HikariDataSource - HikariPool-1 - Starting...
2026-05-07 02:36:15.997 [com.attendance.system.server.ServerLauncher.main()] INFO  com.zaxxer.hikari.pool.HikariPool - HikariPool-1 - Added connection com.mysql.cj.jdbc.ConnectionImpl@4a25ae17
2026-05-07 02:36:16.005 [com.attendance.system.server.ServerLauncher.main()] INFO  com.zaxxer.hikari.HikariDataSource - HikariPool-1 - Start completed.
2026-05-07 02:36:16.006 [com.attendance.system.server.ServerLauncher.main()] INFO  c.a.system.dao.DatabaseManager - Database connection pool initialized successfully
2026-05-07 02:36:16.016 [com.attendance.system.server.ServerLauncher.main()] DEBUG c.a.system.dao.DatabaseManager - Database connection test successful
2026-05-07 02:36:16.040 [com.attendance.system.server.ServerLauncher.main()] INFO  com.zaxxer.hikari.HikariDataSource - HikariPool-2 - Starting...
2026-05-07 02:36:16.054 [com.attendance.system.server.ServerLauncher.main()] INFO  com.zaxxer.hikari.pool.HikariPool - HikariPool-2 - Added connection com.mysql.cj.jdbc.ConnectionImpl@3af58f0e
2026-05-07 02:36:16.055 [com.attendance.system.server.ServerLauncher.main()] INFO  com.zaxxer.hikari.HikariDataSource - HikariPool-2 - Start completed.
2026-05-07 02:36:16.056 [com.attendance.system.server.ServerLauncher.main()] INFO  c.a.system.dao.DatabaseManager - Database connection pool initialized successfully
2026-05-07 02:36:16.059 [com.attendance.system.server.ServerLauncher.main()] DEBUG c.a.system.dao.DatabaseManager - Database connection test successful
2026-05-07 02:36:16.065 [com.attendance.system.server.ServerLauncher.main()] DEBUG c.a.system.dao.DatabaseManager - Database connection test successful
2026-05-07 02:36:16.065 [com.attendance.system.server.ServerLauncher.main()] INFO  c.a.system.server.ServerLauncher - Database connection established successfully
2026-05-07 02:36:16.066 [com.attendance.system.server.ServerLauncher.main()] DEBUG c.a.system.server.ServerLauncher - Setting up RMI system properties...
2026-05-07 02:36:16.066 [com.attendance.system.server.ServerLauncher.main()] INFO  c.a.system.server.ServerLauncher - RMI server hostname set to: localhost
2026-05-07 02:36:16.066 [com.attendance.system.server.ServerLauncher.main()] INFO  c.a.system.server.ServerLauncher - Setting up RMI registry on port 1099...
2026-05-07 02:36:16.112 [com.attendance.system.server.ServerLauncher.main()] INFO  c.a.system.server.ServerLauncher - Created new RMI registry on port 1099
2026-05-07 02:36:16.113 [com.attendance.system.server.ServerLauncher.main()] INFO  c.a.system.server.ServerLauncher - Creating and exporting attendance server...
2026-05-07 02:36:16.172 [com.attendance.system.server.ServerLauncher.main()] INFO  c.a.system.server.AttendanceServer - AttendanceServer initialized successfully
2026-05-07 02:36:16.172 [com.attendance.system.server.ServerLauncher.main()] INFO  c.a.system.server.AttendanceServer - Encryption enabled: false
2026-05-07 02:36:16.173 [com.attendance.system.server.ServerLauncher.main()] INFO  c.a.system.server.AttendanceServer - Max concurrent users: 100
2026-05-07 02:36:16.173 [com.attendance.system.server.ServerLauncher.main()] INFO  c.a.system.server.ServerLauncher - Attendance server created and exported successfully
2026-05-07 02:36:16.174 [com.attendance.system.server.ServerLauncher.main()] INFO  c.a.system.server.ServerLauncher - Binding server to registry with name 'AttendanceService'...
2026-05-07 02:36:16.174 [com.attendance.system.server.ServerLauncher.main()] INFO  c.a.system.server.ServerLauncher - Server bound to registry successfully
2026-05-07 02:36:16.174 [com.attendance.system.server.ServerLauncher.main()] INFO  c.a.system.server.ServerLauncher - Starting maintenance tasks...
2026-05-07 02:36:16.177 [com.attendance.system.server.ServerLauncher.main()] INFO  c.a.system.server.ServerLauncher - Maintenance tasks started
2026-05-07 02:36:16.178 [com.attendance.system.server.ServerLauncher.main()] INFO  c.a.system.server.ServerLauncher - Server started successfully!
2026-05-07 02:36:16.179 [com.attendance.system.server.ServerLauncher.main()] INFO  c.a.system.server.ServerLauncher - Service name: AttendanceService
2026-05-07 02:36:16.179 [com.attendance.system.server.ServerLauncher.main()] INFO  c.a.system.server.ServerLauncher - RMI registry port: 1099
2026-05-07 02:36:16.179 [com.attendance.system.server.ServerLauncher.main()] INFO  c.a.system.server.ServerLauncher - Server listening on port: 0
2026-05-07 02:36:16.179 [com.attendance.system.server.ServerLauncher.main()] INFO  c.a.system.server.ServerLauncher - Server is ready to accept client connections.
2026-05-07 02:36:30.986 [com.attendance.system.server.ServerLauncher.main()] INFO  c.a.system.server.ServerLauncher - Starting Student Attendance System Server...
2026-05-07 02:36:30.988 [com.attendance.system.server.ServerLauncher.main()] INFO  c.a.system.server.ServerLauncher - Initializing database connection...
2026-05-07 02:36:31.025 [com.attendance.system.server.ServerLauncher.main()] INFO  com.zaxxer.hikari.HikariDataSource - HikariPool-1 - Starting...
2026-05-07 02:36:31.402 [com.attendance.system.server.ServerLauncher.main()] INFO  com.zaxxer.hikari.pool.HikariPool - HikariPool-1 - Added connection com.mysql.cj.jdbc.ConnectionImpl@4a25ae17
2026-05-07 02:36:31.410 [com.attendance.system.server.ServerLauncher.main()] INFO  com.zaxxer.hikari.HikariDataSource - HikariPool-1 - Start completed.
2026-05-07 02:36:31.410 [com.attendance.system.server.ServerLauncher.main()] INFO  c.a.system.dao.DatabaseManager - Database connection pool initialized successfully
2026-05-07 02:36:31.423 [com.attendance.system.server.ServerLauncher.main()] DEBUG c.a.system.dao.DatabaseManager - Database connection test successful
2026-05-07 02:36:31.442 [com.attendance.system.server.ServerLauncher.main()] INFO  com.zaxxer.hikari.HikariDataSource - HikariPool-2 - Starting...
2026-05-07 02:36:31.454 [com.attendance.system.server.ServerLauncher.main()] INFO  com.zaxxer.hikari.pool.HikariPool - HikariPool-2 - Added connection com.mysql.cj.jdbc.ConnectionImpl@3af58f0e
2026-05-07 02:36:31.455 [com.attendance.system.server.ServerLauncher.main()] INFO  com.zaxxer.hikari.HikariDataSource - HikariPool-2 - Start completed.
2026-05-07 02:36:31.456 [com.attendance.system.server.ServerLauncher.main()] INFO  c.a.system.dao.DatabaseManager - Database connection pool initialized successfully
2026-05-07 02:36:31.458 [com.attendance.system.server.ServerLauncher.main()] DEBUG c.a.system.dao.DatabaseManager - Database connection test successful
2026-05-07 02:36:31.460 [com.attendance.system.server.ServerLauncher.main()] DEBUG c.a.system.dao.DatabaseManager - Database connection test successful
2026-05-07 02:36:31.461 [com.attendance.system.server.ServerLauncher.main()] INFO  c.a.system.server.ServerLauncher - Database connection established successfully
2026-05-07 02:36:31.462 [com.attendance.system.server.ServerLauncher.main()] DEBUG c.a.system.server.ServerLauncher - Setting up RMI system properties...
2026-05-07 02:36:31.462 [com.attendance.system.server.ServerLauncher.main()] INFO  c.a.system.server.ServerLauncher - RMI server hostname set to: localhost
2026-05-07 02:36:31.462 [com.attendance.system.server.ServerLauncher.main()] INFO  c.a.system.server.ServerLauncher - Setting up RMI registry on port 1099...
2026-05-07 02:36:31.496 [com.attendance.system.server.ServerLauncher.main()] ERROR c.a.system.server.ServerLauncher - Failed to create RMI registry on port 1099
java.rmi.server.ExportException: Port already in use: 1099; nested exception is: 
	java.net.BindException: Address already in use
	at java.rmi/sun.rmi.transport.tcp.TCPTransport.listen(TCPTransport.java:356)
	at java.rmi/sun.rmi.transport.tcp.TCPTransport.exportObject(TCPTransport.java:251)
	at java.rmi/sun.rmi.transport.tcp.TCPEndpoint.exportObject(TCPEndpoint.java:415)
	at java.rmi/sun.rmi.transport.LiveRef.exportObject(LiveRef.java:147)
	at java.rmi/sun.rmi.server.UnicastServerRef.exportObject(UnicastServerRef.java:235)
	at java.rmi/sun.rmi.registry.RegistryImpl.setup(RegistryImpl.java:223)
	at java.rmi/sun.rmi.registry.RegistryImpl.<init>(RegistryImpl.java:208)
	at java.rmi/java.rmi.registry.LocateRegistry.createRegistry(LocateRegistry.java:203)
	at com.attendance.system.server.ServerLauncher.setupRMIRegistry(ServerLauncher.java:208)
	at com.attendance.system.server.ServerLauncher.start(ServerLauncher.java:77)
	at com.attendance.system.server.ServerLauncher.main(ServerLauncher.java:365)
	at org.codehaus.mojo.exec.ExecJavaMojo$1.run(ExecJavaMojo.java:279)
	at java.base/java.lang.Thread.run(Thread.java:1583)
Caused by: java.net.BindException: Address already in use
	at java.base/sun.nio.ch.Net.bind0(Native Method)
	at java.base/sun.nio.ch.Net.bind(Net.java:577)
	at java.base/sun.nio.ch.Net.bind(Net.java:566)
	at java.base/sun.nio.ch.NioSocketImpl.bind(NioSocketImpl.java:636)
	at java.base/java.net.ServerSocket.bind(ServerSocket.java:391)
	at java.base/java.net.ServerSocket.<init>(ServerSocket.java:278)
	at java.base/java.net.ServerSocket.<init>(ServerSocket.java:171)
	at java.rmi/sun.rmi.transport.tcp.TCPDirectSocketFactory.createServerSocket(TCPDirectSocketFactory.java:45)
	at java.rmi/sun.rmi.transport.tcp.TCPEndpoint.newServerSocket(TCPEndpoint.java:672)
	at java.rmi/sun.rmi.transport.tcp.TCPTransport.listen(TCPTransport.java:344)
	... 12 common frames omitted
2026-05-07 02:36:31.503 [com.attendance.system.server.ServerLauncher.main()] ERROR c.a.system.server.ServerLauncher - Failed to start server
java.rmi.server.ExportException: Port already in use: 1099; nested exception is: 
	java.net.BindException: Address already in use
	at java.rmi/sun.rmi.transport.tcp.TCPTransport.listen(TCPTransport.java:356)
	at java.rmi/sun.rmi.transport.tcp.TCPTransport.exportObject(TCPTransport.java:251)
	at java.rmi/sun.rmi.transport.tcp.TCPEndpoint.exportObject(TCPEndpoint.java:415)
	at java.rmi/sun.rmi.transport.LiveRef.exportObject(LiveRef.java:147)
	at java.rmi/sun.rmi.server.UnicastServerRef.exportObject(UnicastServerRef.java:235)
	at java.rmi/sun.rmi.registry.RegistryImpl.setup(RegistryImpl.java:223)
	at java.rmi/sun.rmi.registry.RegistryImpl.<init>(RegistryImpl.java:208)
	at java.rmi/java.rmi.registry.LocateRegistry.createRegistry(LocateRegistry.java:203)
	at com.attendance.system.server.ServerLauncher.setupRMIRegistry(ServerLauncher.java:208)
	at com.attendance.system.server.ServerLauncher.start(ServerLauncher.java:77)
	at com.attendance.system.server.ServerLauncher.main(ServerLauncher.java:365)
	at org.codehaus.mojo.exec.ExecJavaMojo$1.run(ExecJavaMojo.java:279)
	at java.base/java.lang.Thread.run(Thread.java:1583)
Caused by: java.net.BindException: Address already in use
	at java.base/sun.nio.ch.Net.bind0(Native Method)
	at java.base/sun.nio.ch.Net.bind(Net.java:577)
	at java.base/sun.nio.ch.Net.bind(Net.java:566)
	at java.base/sun.nio.ch.NioSocketImpl.bind(NioSocketImpl.java:636)
	at java.base/java.net.ServerSocket.bind(ServerSocket.java:391)
	at java.base/java.net.ServerSocket.<init>(ServerSocket.java:278)
	at java.base/java.net.ServerSocket.<init>(ServerSocket.java:171)
	at java.rmi/sun.rmi.transport.tcp.TCPDirectSocketFactory.createServerSocket(TCPDirectSocketFactory.java:45)
	at java.rmi/sun.rmi.transport.tcp.TCPEndpoint.newServerSocket(TCPEndpoint.java:672)
	at java.rmi/sun.rmi.transport.tcp.TCPTransport.listen(TCPTransport.java:344)
	... 12 common frames omitted
2026-05-07 02:36:31.504 [com.attendance.system.server.ServerLauncher.main()] INFO  com.zaxxer.hikari.HikariDataSource - HikariPool-2 - Shutdown initiated...
2026-05-07 02:36:31.528 [com.attendance.system.server.ServerLauncher.main()] INFO  com.zaxxer.hikari.HikariDataSource - HikariPool-2 - Shutdown completed.
2026-05-07 02:36:31.528 [com.attendance.system.server.ServerLauncher.main()] INFO  c.a.system.dao.DatabaseManager - Database connection pool closed
2026-05-07 02:36:31.529 [com.attendance.system.server.ServerLauncher.main()] INFO  c.a.system.server.ServerLauncher - Database connections closed
2026-05-07 02:36:31.529 [com.attendance.system.server.ServerLauncher.main()] ERROR c.a.system.server.ServerLauncher - Server startup failed
java.rmi.server.ExportException: Port already in use: 1099; nested exception is: 
	java.net.BindException: Address already in use
	at java.rmi/sun.rmi.transport.tcp.TCPTransport.listen(TCPTransport.java:356)
	at java.rmi/sun.rmi.transport.tcp.TCPTransport.exportObject(TCPTransport.java:251)
	at java.rmi/sun.rmi.transport.tcp.TCPEndpoint.exportObject(TCPEndpoint.java:415)
	at java.rmi/sun.rmi.transport.LiveRef.exportObject(LiveRef.java:147)
	at java.rmi/sun.rmi.server.UnicastServerRef.exportObject(UnicastServerRef.java:235)
	at java.rmi/sun.rmi.registry.RegistryImpl.setup(RegistryImpl.java:223)
	at java.rmi/sun.rmi.registry.RegistryImpl.<init>(RegistryImpl.java:208)
	at java.rmi/java.rmi.registry.LocateRegistry.createRegistry(LocateRegistry.java:203)
	at com.attendance.system.server.ServerLauncher.setupRMIRegistry(ServerLauncher.java:208)
	at com.attendance.system.server.ServerLauncher.start(ServerLauncher.java:77)
	at com.attendance.system.server.ServerLauncher.main(ServerLauncher.java:365)
	at org.codehaus.mojo.exec.ExecJavaMojo$1.run(ExecJavaMojo.java:279)
	at java.base/java.lang.Thread.run(Thread.java:1583)
Caused by: java.net.BindException: Address already in use
	at java.base/sun.nio.ch.Net.bind0(Native Method)
	at java.base/sun.nio.ch.Net.bind(Net.java:577)
	at java.base/sun.nio.ch.Net.bind(Net.java:566)
	at java.base/sun.nio.ch.NioSocketImpl.bind(NioSocketImpl.java:636)
	at java.base/java.net.ServerSocket.bind(ServerSocket.java:391)
	at java.base/java.net.ServerSocket.<init>(ServerSocket.java:278)
	at java.base/java.net.ServerSocket.<init>(ServerSocket.java:171)
	at java.rmi/sun.rmi.transport.tcp.TCPDirectSocketFactory.createServerSocket(TCPDirectSocketFactory.java:45)
	at java.rmi/sun.rmi.transport.tcp.TCPEndpoint.newServerSocket(TCPEndpoint.java:672)
	at java.rmi/sun.rmi.transport.tcp.TCPTransport.listen(TCPTransport.java:344)
	... 12 common frames omitted
2026-05-07 02:37:16.178 [pool-1-thread-2] DEBUG c.a.system.server.ServerLauncher - Server stats - Active connections: 0, Total requests: 0
2026-05-07 02:37:28.160 [com.attendance.system.server.ServerLauncher.main()] INFO  c.a.system.server.ServerLauncher - Starting Student Attendance System Server...
2026-05-07 02:37:28.162 [com.attendance.system.server.ServerLauncher.main()] INFO  c.a.system.server.ServerLauncher - Initializing database connection...
2026-05-07 02:37:28.193 [com.attendance.system.server.ServerLauncher.main()] INFO  com.zaxxer.hikari.HikariDataSource - HikariPool-1 - Starting...
2026-05-07 02:37:28.576 [com.attendance.system.server.ServerLauncher.main()] INFO  com.zaxxer.hikari.pool.HikariPool - HikariPool-1 - Added connection com.mysql.cj.jdbc.ConnectionImpl@28726a96
2026-05-07 02:37:28.579 [com.attendance.system.server.ServerLauncher.main()] INFO  com.zaxxer.hikari.HikariDataSource - HikariPool-1 - Start completed.
2026-05-07 02:37:28.579 [com.attendance.system.server.ServerLauncher.main()] INFO  c.a.system.dao.DatabaseManager - Database connection pool initialized successfully
2026-05-07 02:37:28.590 [com.attendance.system.server.ServerLauncher.main()] DEBUG c.a.system.dao.DatabaseManager - Database connection test successful
2026-05-07 02:37:28.607 [com.attendance.system.server.ServerLauncher.main()] INFO  com.zaxxer.hikari.HikariDataSource - HikariPool-2 - Starting...
2026-05-07 02:37:28.614 [com.attendance.system.server.ServerLauncher.main()] INFO  com.zaxxer.hikari.pool.HikariPool - HikariPool-2 - Added connection com.mysql.cj.jdbc.ConnectionImpl@59259a23
2026-05-07 02:37:28.614 [com.attendance.system.server.ServerLauncher.main()] INFO  com.zaxxer.hikari.HikariDataSource - HikariPool-2 - Start completed.
2026-05-07 02:37:28.615 [com.attendance.system.server.ServerLauncher.main()] INFO  c.a.system.dao.DatabaseManager - Database connection pool initialized successfully
2026-05-07 02:37:28.617 [com.attendance.system.server.ServerLauncher.main()] DEBUG c.a.system.dao.DatabaseManager - Database connection test successful
2026-05-07 02:37:28.619 [com.attendance.system.server.ServerLauncher.main()] DEBUG c.a.system.dao.DatabaseManager - Database connection test successful
2026-05-07 02:37:28.621 [com.attendance.system.server.ServerLauncher.main()] INFO  c.a.system.server.ServerLauncher - Database connection established successfully
2026-05-07 02:37:28.622 [com.attendance.system.server.ServerLauncher.main()] DEBUG c.a.system.server.ServerLauncher - Setting up RMI system properties...
2026-05-07 02:37:28.623 [com.attendance.system.server.ServerLauncher.main()] INFO  c.a.system.server.ServerLauncher - RMI server hostname set to: localhost
2026-05-07 02:37:28.624 [com.attendance.system.server.ServerLauncher.main()] INFO  c.a.system.server.ServerLauncher - Setting up RMI registry on port 1099...
2026-05-07 02:37:28.680 [com.attendance.system.server.ServerLauncher.main()] ERROR c.a.system.server.ServerLauncher - Failed to create RMI registry on port 1099
java.rmi.server.ExportException: Port already in use: 1099; nested exception is: 
	java.net.BindException: Address already in use
	at java.rmi/sun.rmi.transport.tcp.TCPTransport.listen(TCPTransport.java:356)
	at java.rmi/sun.rmi.transport.tcp.TCPTransport.exportObject(TCPTransport.java:251)
	at java.rmi/sun.rmi.transport.tcp.TCPEndpoint.exportObject(TCPEndpoint.java:415)
	at java.rmi/sun.rmi.transport.LiveRef.exportObject(LiveRef.java:147)
	at java.rmi/sun.rmi.server.UnicastServerRef.exportObject(UnicastServerRef.java:235)
	at java.rmi/sun.rmi.registry.RegistryImpl.setup(RegistryImpl.java:223)
	at java.rmi/sun.rmi.registry.RegistryImpl.<init>(RegistryImpl.java:208)
	at java.rmi/java.rmi.registry.LocateRegistry.createRegistry(LocateRegistry.java:203)
	at com.attendance.system.server.ServerLauncher.setupRMIRegistry(ServerLauncher.java:208)
	at com.attendance.system.server.ServerLauncher.start(ServerLauncher.java:77)
	at com.attendance.system.server.ServerLauncher.main(ServerLauncher.java:365)
	at org.codehaus.mojo.exec.ExecJavaMojo$1.run(ExecJavaMojo.java:279)
	at java.base/java.lang.Thread.run(Thread.java:1583)
Caused by: java.net.BindException: Address already in use
	at java.base/sun.nio.ch.Net.bind0(Native Method)
	at java.base/sun.nio.ch.Net.bind(Net.java:577)
	at java.base/sun.nio.ch.Net.bind(Net.java:566)
	at java.base/sun.nio.ch.NioSocketImpl.bind(NioSocketImpl.java:636)
	at java.base/java.net.ServerSocket.bind(ServerSocket.java:391)
	at java.base/java.net.ServerSocket.<init>(ServerSocket.java:278)
	at java.base/java.net.ServerSocket.<init>(ServerSocket.java:171)
	at java.rmi/sun.rmi.transport.tcp.TCPDirectSocketFactory.createServerSocket(TCPDirectSocketFactory.java:45)
	at java.rmi/sun.rmi.transport.tcp.TCPEndpoint.newServerSocket(TCPEndpoint.java:672)
	at java.rmi/sun.rmi.transport.tcp.TCPTransport.listen(TCPTransport.java:344)
	... 12 common frames omitted
2026-05-07 02:37:28.689 [com.attendance.system.server.ServerLauncher.main()] ERROR c.a.system.server.ServerLauncher - Failed to start server
java.rmi.server.ExportException: Port already in use: 1099; nested exception is: 
	java.net.BindException: Address already in use
	at java.rmi/sun.rmi.transport.tcp.TCPTransport.listen(TCPTransport.java:356)
	at java.rmi/sun.rmi.transport.tcp.TCPTransport.exportObject(TCPTransport.java:251)
	at java.rmi/sun.rmi.transport.tcp.TCPEndpoint.exportObject(TCPEndpoint.java:415)
	at java.rmi/sun.rmi.transport.LiveRef.exportObject(LiveRef.java:147)
	at java.rmi/sun.rmi.server.UnicastServerRef.exportObject(UnicastServerRef.java:235)
	at java.rmi/sun.rmi.registry.RegistryImpl.setup(RegistryImpl.java:223)
	at java.rmi/sun.rmi.registry.RegistryImpl.<init>(RegistryImpl.java:208)
	at java.rmi/java.rmi.registry.LocateRegistry.createRegistry(LocateRegistry.java:203)
	at com.attendance.system.server.ServerLauncher.setupRMIRegistry(ServerLauncher.java:208)
	at com.attendance.system.server.ServerLauncher.start(ServerLauncher.java:77)
	at com.attendance.system.server.ServerLauncher.main(ServerLauncher.java:365)
	at org.codehaus.mojo.exec.ExecJavaMojo$1.run(ExecJavaMojo.java:279)
	at java.base/java.lang.Thread.run(Thread.java:1583)
Caused by: java.net.BindException: Address already in use
	at java.base/sun.nio.ch.Net.bind0(Native Method)
	at java.base/sun.nio.ch.Net.bind(Net.java:577)
	at java.base/sun.nio.ch.Net.bind(Net.java:566)
	at java.base/sun.nio.ch.NioSocketImpl.bind(NioSocketImpl.java:636)
	at java.base/java.net.ServerSocket.bind(ServerSocket.java:391)
	at java.base/java.net.ServerSocket.<init>(ServerSocket.java:278)
	at java.base/java.net.ServerSocket.<init>(ServerSocket.java:171)
	at java.rmi/sun.rmi.transport.tcp.TCPDirectSocketFactory.createServerSocket(TCPDirectSocketFactory.java:45)
	at java.rmi/sun.rmi.transport.tcp.TCPEndpoint.newServerSocket(TCPEndpoint.java:672)
	at java.rmi/sun.rmi.transport.tcp.TCPTransport.listen(TCPTransport.java:344)
	... 12 common frames omitted
2026-05-07 02:37:28.692 [com.attendance.system.server.ServerLauncher.main()] INFO  com.zaxxer.hikari.HikariDataSource - HikariPool-2 - Shutdown initiated...
2026-05-07 02:37:28.711 [com.attendance.system.server.ServerLauncher.main()] INFO  com.zaxxer.hikari.HikariDataSource - HikariPool-2 - Shutdown completed.
2026-05-07 02:37:28.712 [com.attendance.system.server.ServerLauncher.main()] INFO  c.a.system.dao.DatabaseManager - Database connection pool closed
2026-05-07 02:37:28.713 [com.attendance.system.server.ServerLauncher.main()] INFO  c.a.system.server.ServerLauncher - Database connections closed
2026-05-07 02:37:28.713 [com.attendance.system.server.ServerLauncher.main()] ERROR c.a.system.server.ServerLauncher - Server startup failed
java.rmi.server.ExportException: Port already in use: 1099; nested exception is: 
	java.net.BindException: Address already in use
	at java.rmi/sun.rmi.transport.tcp.TCPTransport.listen(TCPTransport.java:356)
	at java.rmi/sun.rmi.transport.tcp.TCPTransport.exportObject(TCPTransport.java:251)
	at java.rmi/sun.rmi.transport.tcp.TCPEndpoint.exportObject(TCPEndpoint.java:415)
	at java.rmi/sun.rmi.transport.LiveRef.exportObject(LiveRef.java:147)
	at java.rmi/sun.rmi.server.UnicastServerRef.exportObject(UnicastServerRef.java:235)
	at java.rmi/sun.rmi.registry.RegistryImpl.setup(RegistryImpl.java:223)
	at java.rmi/sun.rmi.registry.RegistryImpl.<init>(RegistryImpl.java:208)
	at java.rmi/java.rmi.registry.LocateRegistry.createRegistry(LocateRegistry.java:203)
	at com.attendance.system.server.ServerLauncher.setupRMIRegistry(ServerLauncher.java:208)
	at com.attendance.system.server.ServerLauncher.start(ServerLauncher.java:77)
	at com.attendance.system.server.ServerLauncher.main(ServerLauncher.java:365)
	at org.codehaus.mojo.exec.ExecJavaMojo$1.run(ExecJavaMojo.java:279)
	at java.base/java.lang.Thread.run(Thread.java:1583)
Caused by: java.net.BindException: Address already in use
	at java.base/sun.nio.ch.Net.bind0(Native Method)
	at java.base/sun.nio.ch.Net.bind(Net.java:577)
	at java.base/sun.nio.ch.Net.bind(Net.java:566)
	at java.base/sun.nio.ch.NioSocketImpl.bind(NioSocketImpl.java:636)
	at java.base/java.net.ServerSocket.bind(ServerSocket.java:391)
	at java.base/java.net.ServerSocket.<init>(ServerSocket.java:278)
	at java.base/java.net.ServerSocket.<init>(ServerSocket.java:171)
	at java.rmi/sun.rmi.transport.tcp.TCPDirectSocketFactory.createServerSocket(TCPDirectSocketFactory.java:45)
	at java.rmi/sun.rmi.transport.tcp.TCPEndpoint.newServerSocket(TCPEndpoint.java:672)
	at java.rmi/sun.rmi.transport.tcp.TCPTransport.listen(TCPTransport.java:344)
	... 12 common frames omitted
2026-05-07 02:38:21.512 [com.attendance.system.server.ServerLauncher.main()] INFO  c.a.system.server.ServerLauncher - Starting Student Attendance System Server...
2026-05-07 02:38:21.513 [com.attendance.system.server.ServerLauncher.main()] INFO  c.a.system.server.ServerLauncher - Initializing database connection...
2026-05-07 02:38:21.540 [com.attendance.system.server.ServerLauncher.main()] INFO  com.zaxxer.hikari.HikariDataSource - HikariPool-1 - Starting...
2026-05-07 02:38:21.948 [com.attendance.system.server.ServerLauncher.main()] INFO  com.zaxxer.hikari.pool.HikariPool - HikariPool-1 - Added connection com.mysql.cj.jdbc.ConnectionImpl@3f030d22
2026-05-07 02:38:21.958 [com.attendance.system.server.ServerLauncher.main()] INFO  com.zaxxer.hikari.HikariDataSource - HikariPool-1 - Start completed.
2026-05-07 02:38:21.959 [com.attendance.system.server.ServerLauncher.main()] INFO  c.a.system.dao.DatabaseManager - Database connection pool initialized successfully
2026-05-07 02:38:21.978 [com.attendance.system.server.ServerLauncher.main()] DEBUG c.a.system.dao.DatabaseManager - Database connection test successful
2026-05-07 02:38:22.003 [com.attendance.system.server.ServerLauncher.main()] INFO  com.zaxxer.hikari.HikariDataSource - HikariPool-2 - Starting...
2026-05-07 02:38:22.016 [com.attendance.system.server.ServerLauncher.main()] INFO  com.zaxxer.hikari.pool.HikariPool - HikariPool-2 - Added connection com.mysql.cj.jdbc.ConnectionImpl@561080fc
2026-05-07 02:38:22.017 [com.attendance.system.server.ServerLauncher.main()] INFO  com.zaxxer.hikari.HikariDataSource - HikariPool-2 - Start completed.
2026-05-07 02:38:22.017 [com.attendance.system.server.ServerLauncher.main()] INFO  c.a.system.dao.DatabaseManager - Database connection pool initialized successfully
2026-05-07 02:38:22.020 [com.attendance.system.server.ServerLauncher.main()] DEBUG c.a.system.dao.DatabaseManager - Database connection test successful
2026-05-07 02:38:22.022 [com.attendance.system.server.ServerLauncher.main()] DEBUG c.a.system.dao.DatabaseManager - Database connection test successful
2026-05-07 02:38:22.024 [com.attendance.system.server.ServerLauncher.main()] INFO  c.a.system.server.ServerLauncher - Database connection established successfully
2026-05-07 02:38:22.026 [com.attendance.system.server.ServerLauncher.main()] DEBUG c.a.system.server.ServerLauncher - Setting up RMI system properties...
2026-05-07 02:38:22.027 [com.attendance.system.server.ServerLauncher.main()] INFO  c.a.system.server.ServerLauncher - RMI server hostname set to: localhost
2026-05-07 02:38:22.027 [com.attendance.system.server.ServerLauncher.main()] INFO  c.a.system.server.ServerLauncher - Setting up RMI registry on port 1099...
2026-05-07 02:38:22.055 [com.attendance.system.server.ServerLauncher.main()] INFO  c.a.system.server.ServerLauncher - Created new RMI registry on port 1099
2026-05-07 02:38:22.056 [com.attendance.system.server.ServerLauncher.main()] INFO  c.a.system.server.ServerLauncher - Creating and exporting attendance server...
2026-05-07 02:38:22.121 [com.attendance.system.server.ServerLauncher.main()] INFO  c.a.system.server.AttendanceServer - AttendanceServer initialized successfully
2026-05-07 02:38:22.122 [com.attendance.system.server.ServerLauncher.main()] INFO  c.a.system.server.AttendanceServer - Encryption enabled: false
2026-05-07 02:38:22.122 [com.attendance.system.server.ServerLauncher.main()] INFO  c.a.system.server.AttendanceServer - Max concurrent users: 100
2026-05-07 02:38:22.123 [com.attendance.system.server.ServerLauncher.main()] INFO  c.a.system.server.ServerLauncher - Attendance server created and exported successfully
2026-05-07 02:38:22.124 [com.attendance.system.server.ServerLauncher.main()] INFO  c.a.system.server.ServerLauncher - Binding server to registry with name 'AttendanceService'...
2026-05-07 02:38:22.124 [com.attendance.system.server.ServerLauncher.main()] INFO  c.a.system.server.ServerLauncher - Server bound to registry successfully
2026-05-07 02:38:22.125 [com.attendance.system.server.ServerLauncher.main()] INFO  c.a.system.server.ServerLauncher - Starting maintenance tasks...
2026-05-07 02:38:22.131 [com.attendance.system.server.ServerLauncher.main()] INFO  c.a.system.server.ServerLauncher - Maintenance tasks started
2026-05-07 02:38:22.132 [com.attendance.system.server.ServerLauncher.main()] INFO  c.a.system.server.ServerLauncher - Server started successfully!
2026-05-07 02:38:22.133 [com.attendance.system.server.ServerLauncher.main()] INFO  c.a.system.server.ServerLauncher - Service name: AttendanceService
2026-05-07 02:38:22.134 [com.attendance.system.server.ServerLauncher.main()] INFO  c.a.system.server.ServerLauncher - RMI registry port: 1099
2026-05-07 02:38:22.135 [com.attendance.system.server.ServerLauncher.main()] INFO  c.a.system.server.ServerLauncher - Server listening on port: 0
2026-05-07 02:38:22.136 [com.attendance.system.server.ServerLauncher.main()] INFO  c.a.system.server.ServerLauncher - Server is ready to accept client connections.
2026-05-07 02:39:22.129 [pool-1-thread-2] DEBUG c.a.system.server.ServerLauncher - Server stats - Active connections: 0, Total requests: 0
2026-05-07 02:39:26.899 [AWT-EventQueue-0] INFO  c.a.system.client.AttendanceGUI - GUI initialized successfully
2026-05-07 02:39:26.902 [ForkJoinPool.commonPool-worker-2] INFO  c.a.system.client.AttendanceGUI - Attempting to connect to server: rmi://localhost:1099/AttendanceService
2026-05-07 02:39:27.358 [AWT-EventQueue-0] INFO  c.a.system.client.AttendanceGUI - Successfully connected to server
2026-05-07 02:40:11.402 [RMI TCP Connection(3)-127.0.0.1] DEBUG c.a.system.server.AttendanceServer - Executing method: authenticateUser
2026-05-07 02:40:11.403 [RMI TCP Connection(3)-127.0.0.1] DEBUG c.a.system.server.AttendanceServer - Authentication request for user: admin
2026-05-07 02:40:11.413 [RMI TCP Connection(3)-127.0.0.1] WARN  c.a.system.util.SecurityUtil - ATTENDANCE_ENCRYPTION_KEY environment variable not set. Using default key for development only.
2026-05-07 02:40:11.780 [RMI TCP Connection(3)-127.0.0.1] WARN  c.a.s.service.AuthenticationService - Authentication failed - invalid password for user: admin
2026-05-07 02:40:11.781 [RMI TCP Connection(3)-127.0.0.1] WARN  c.a.system.server.AttendanceServer - Method authenticateUser failed: Invalid username or password
2026-05-07 02:40:11.814 [AWT-EventQueue-0] WARN  c.a.system.client.LoginFrame - Login failed for user: admin
java.util.concurrent.CompletionException: java.lang.RuntimeException: java.rmi.ServerException: RemoteException occurred in server thread; nested exception is: 
	java.rmi.RemoteException: Service error in authenticateUser: Invalid username or password
	at java.base/java.util.concurrent.CompletableFuture.encodeThrowable(CompletableFuture.java:315)
	at java.base/java.util.concurrent.CompletableFuture.completeThrowable(CompletableFuture.java:320)
	at java.base/java.util.concurrent.CompletableFuture$AsyncSupply.run(CompletableFuture.java:1770)
	at java.base/java.util.concurrent.CompletableFuture$AsyncSupply.exec(CompletableFuture.java:1760)
	at java.base/java.util.concurrent.ForkJoinTask.doExec(ForkJoinTask.java:387)
	at java.base/java.util.concurrent.ForkJoinPool$WorkQueue.topLevelExec(ForkJoinPool.java:1312)
	at java.base/java.util.concurrent.ForkJoinPool.scan(ForkJoinPool.java:1843)
	at java.base/java.util.concurrent.ForkJoinPool.runWorker(ForkJoinPool.java:1808)
	at java.base/java.util.concurrent.ForkJoinWorkerThread.run(ForkJoinWorkerThread.java:188)
Caused by: java.lang.RuntimeException: java.rmi.ServerException: RemoteException occurred in server thread; nested exception is: 
	java.rmi.RemoteException: Service error in authenticateUser: Invalid username or password
	at com.attendance.system.client.LoginFrame.lambda$performLogin$3(LoginFrame.java:445)
	at java.base/java.util.concurrent.CompletableFuture$AsyncSupply.run(CompletableFuture.java:1768)
	... 6 common frames omitted
Caused by: java.rmi.ServerException: RemoteException occurred in server thread; nested exception is: 
	java.rmi.RemoteException: Service error in authenticateUser: Invalid username or password
	at java.rmi/sun.rmi.server.UnicastServerRef.dispatch(UnicastServerRef.java:392)
	at java.rmi/sun.rmi.transport.Transport$1.run(Transport.java:200)
	at java.rmi/sun.rmi.transport.Transport$1.run(Transport.java:197)
	at java.base/java.security.AccessController.doPrivileged(AccessController.java:714)
	at java.rmi/sun.rmi.transport.Transport.serviceCall(Transport.java:196)
	at java.rmi/sun.rmi.transport.tcp.TCPTransport.handleMessages(TCPTransport.java:598)
	at java.rmi/sun.rmi.transport.tcp.TCPTransport$ConnectionHandler.run0(TCPTransport.java:844)
	at java.rmi/sun.rmi.transport.tcp.TCPTransport$ConnectionHandler.lambda$run$0(TCPTransport.java:721)
	at java.base/java.security.AccessController.doPrivileged(AccessController.java:400)
	at java.rmi/sun.rmi.transport.tcp.TCPTransport$ConnectionHandler.run(TCPTransport.java:720)
	at java.base/java.util.concurrent.ThreadPoolExecutor.runWorker(ThreadPoolExecutor.java:1144)
	at java.base/java.util.concurrent.ThreadPoolExecutor$Worker.run(ThreadPoolExecutor.java:642)
	at java.base/java.lang.Thread.run(Thread.java:1583)
	at java.rmi/sun.rmi.transport.StreamRemoteCall.exceptionReceivedFromServer(StreamRemoteCall.java:304)
	at java.rmi/sun.rmi.transport.StreamRemoteCall.executeCall(StreamRemoteCall.java:280)
	at java.rmi/sun.rmi.server.UnicastRef.invoke(UnicastRef.java:166)
	at java.rmi/java.rmi.server.RemoteObjectInvocationHandler.invokeRemoteMethod(RemoteObjectInvocationHandler.java:215)
	at java.rmi/java.rmi.server.RemoteObjectInvocationHandler.invoke(RemoteObjectInvocationHandler.java:160)
	at jdk.proxy3/jdk.proxy3.$Proxy25.authenticateUser(Unknown Source)
	at com.attendance.system.client.LoginFrame.lambda$performLogin$3(LoginFrame.java:443)
	... 7 common frames omitted
Caused by: java.rmi.RemoteException: Service error in authenticateUser: Invalid username or password
	at com.attendance.system.server.AttendanceServer.executeWithErrorHandling(AttendanceServer.java:1153)
	at com.attendance.system.server.AttendanceServer.authenticateUser(AttendanceServer.java:109)
	at java.base/jdk.internal.reflect.DirectMethodHandleAccessor.invoke(DirectMethodHandleAccessor.java:103)
	at java.base/java.lang.reflect.Method.invoke(Method.java:580)
	at java.rmi/sun.rmi.server.UnicastServerRef.dispatch(UnicastServerRef.java:360)
	at java.rmi/sun.rmi.transport.Transport$1.run(Transport.java:200)
	at java.rmi/sun.rmi.transport.Transport$1.run(Transport.java:197)
	at java.base/java.security.AccessController.doPrivileged(AccessController.java:714)
	at java.rmi/sun.rmi.transport.Transport.serviceCall(Transport.java:196)
	at java.rmi/sun.rmi.transport.tcp.TCPTransport.handleMessages(TCPTransport.java:598)
	at java.rmi/sun.rmi.transport.tcp.TCPTransport$ConnectionHandler.run0(TCPTransport.java:844)
	at java.rmi/sun.rmi.transport.tcp.TCPTransport$ConnectionHandler.lambda$run$0(TCPTransport.java:721)
	at java.base/java.security.AccessController.doPrivileged(AccessController.java:400)
	at java.rmi/sun.rmi.transport.tcp.TCPTransport$ConnectionHandler.run(TCPTransport.java:720)
	at java.base/java.util.concurrent.ThreadPoolExecutor.runWorker(ThreadPoolExecutor.java:1144)
	at java.base/java.util.concurrent.ThreadPoolExecutor$Worker.run(ThreadPoolExecutor.java:642)
	at java.base/java.lang.Thread.run(Thread.java:1583)
2026-05-07 02:40:22.128 [pool-1-thread-2] DEBUG c.a.system.server.ServerLauncher - Server stats - Active connections: 0, Total requests: 1
2026-05-07 02:41:13.480 [RMI TCP Connection(4)-127.0.0.1] DEBUG c.a.system.server.AttendanceServer - Executing method: registerUser
2026-05-07 02:41:13.484 [RMI TCP Connection(4)-127.0.0.1] DEBUG c.a.system.server.AttendanceServer - Registration request for user: abi (Student)
2026-05-07 02:41:13.956 [RMI TCP Connection(4)-127.0.0.1] DEBUG c.a.system.dao.DatabaseManager - Transaction rolled back due to error
2026-05-07 02:41:13.957 [RMI TCP Connection(4)-127.0.0.1] ERROR c.a.system.dao.DatabaseManager - Transaction failed
java.lang.NullPointerException: Cannot invoke "java.time.LocalDate.getYear()" because "date" is null
	at java.sql/java.sql.Date.valueOf(Date.java:291)
	at com.attendance.system.dao.UserDAO.createStudentProfile(UserDAO.java:405)
	at com.attendance.system.dao.UserDAO.lambda$createUser$0(UserDAO.java:212)
	at com.attendance.system.dao.DatabaseManager.executeTransaction(DatabaseManager.java:236)
	at com.attendance.system.dao.UserDAO.createUser(UserDAO.java:178)
	at com.attendance.system.server.AttendanceServer.lambda$4(AttendanceServer.java:286)
	at com.attendance.system.server.AttendanceServer.executeWithErrorHandling(AttendanceServer.java:1144)
	at com.attendance.system.server.AttendanceServer.registerUser(AttendanceServer.java:187)
	at java.base/jdk.internal.reflect.DirectMethodHandleAccessor.invoke(DirectMethodHandleAccessor.java:103)
	at java.base/java.lang.reflect.Method.invoke(Method.java:580)
	at java.rmi/sun.rmi.server.UnicastServerRef.dispatch(UnicastServerRef.java:360)
	at java.rmi/sun.rmi.transport.Transport$1.run(Transport.java:200)
	at java.rmi/sun.rmi.transport.Transport$1.run(Transport.java:197)
	at java.base/java.security.AccessController.doPrivileged(AccessController.java:714)
	at java.rmi/sun.rmi.transport.Transport.serviceCall(Transport.java:196)
	at java.rmi/sun.rmi.transport.tcp.TCPTransport.handleMessages(TCPTransport.java:598)
	at java.rmi/sun.rmi.transport.tcp.TCPTransport$ConnectionHandler.run0(TCPTransport.java:844)
	at java.rmi/sun.rmi.transport.tcp.TCPTransport$ConnectionHandler.lambda$run$0(TCPTransport.java:721)
	at java.base/java.security.AccessController.doPrivileged(AccessController.java:400)
	at java.rmi/sun.rmi.transport.tcp.TCPTransport$ConnectionHandler.run(TCPTransport.java:720)
	at java.base/java.util.concurrent.ThreadPoolExecutor.runWorker(ThreadPoolExecutor.java:1144)
	at java.base/java.util.concurrent.ThreadPoolExecutor$Worker.run(ThreadPoolExecutor.java:642)
	at java.base/java.lang.Thread.run(Thread.java:1583)
2026-05-07 02:41:13.965 [RMI TCP Connection(4)-127.0.0.1] WARN  c.a.system.server.AttendanceServer - Method registerUser failed: Transaction could not be completed
2026-05-07 02:41:13.974 [ForkJoinPool.commonPool-worker-1] ERROR c.a.system.client.RegistrationFrame - Remote service error during registration
java.rmi.ServerException: RemoteException occurred in server thread; nested exception is: 
	java.rmi.RemoteException: Service error in registerUser: Transaction could not be completed
	at java.rmi/sun.rmi.server.UnicastServerRef.dispatch(UnicastServerRef.java:392)
	at java.rmi/sun.rmi.transport.Transport$1.run(Transport.java:200)
	at java.rmi/sun.rmi.transport.Transport$1.run(Transport.java:197)
	at java.base/java.security.AccessController.doPrivileged(AccessController.java:714)
	at java.rmi/sun.rmi.transport.Transport.serviceCall(Transport.java:196)
	at java.rmi/sun.rmi.transport.tcp.TCPTransport.handleMessages(TCPTransport.java:598)
	at java.rmi/sun.rmi.transport.tcp.TCPTransport$ConnectionHandler.run0(TCPTransport.java:844)
	at java.rmi/sun.rmi.transport.tcp.TCPTransport$ConnectionHandler.lambda$run$0(TCPTransport.java:721)
	at java.base/java.security.AccessController.doPrivileged(AccessController.java:400)
	at java.rmi/sun.rmi.transport.tcp.TCPTransport$ConnectionHandler.run(TCPTransport.java:720)
	at java.base/java.util.concurrent.ThreadPoolExecutor.runWorker(ThreadPoolExecutor.java:1144)
	at java.base/java.util.concurrent.ThreadPoolExecutor$Worker.run(ThreadPoolExecutor.java:642)
	at java.base/java.lang.Thread.run(Thread.java:1583)
	at java.rmi/sun.rmi.transport.StreamRemoteCall.exceptionReceivedFromServer(StreamRemoteCall.java:304)
	at java.rmi/sun.rmi.transport.StreamRemoteCall.executeCall(StreamRemoteCall.java:280)
	at java.rmi/sun.rmi.server.UnicastRef.invoke(UnicastRef.java:166)
	at java.rmi/java.rmi.server.RemoteObjectInvocationHandler.invokeRemoteMethod(RemoteObjectInvocationHandler.java:215)
	at java.rmi/java.rmi.server.RemoteObjectInvocationHandler.invoke(RemoteObjectInvocationHandler.java:160)
	at jdk.proxy3/jdk.proxy3.$Proxy25.registerUser(Unknown Source)
	at com.attendance.system.client.RegistrationFrame.lambda$performRegistration$7(RegistrationFrame.java:662)
	at java.base/java.util.concurrent.CompletableFuture$AsyncRun.run(CompletableFuture.java:1804)
	at java.base/java.util.concurrent.CompletableFuture$AsyncRun.exec(CompletableFuture.java:1796)
	at java.base/java.util.concurrent.ForkJoinTask.doExec(ForkJoinTask.java:387)
	at java.base/java.util.concurrent.ForkJoinPool$WorkQueue.topLevelExec(ForkJoinPool.java:1312)
	at java.base/java.util.concurrent.ForkJoinPool.scan(ForkJoinPool.java:1843)
	at java.base/java.util.concurrent.ForkJoinPool.runWorker(ForkJoinPool.java:1808)
	at java.base/java.util.concurrent.ForkJoinWorkerThread.run(ForkJoinWorkerThread.java:188)
Caused by: java.rmi.RemoteException: Service error in registerUser: Transaction could not be completed
	at com.attendance.system.server.AttendanceServer.executeWithErrorHandling(AttendanceServer.java:1153)
	at com.attendance.system.server.AttendanceServer.registerUser(AttendanceServer.java:187)
	at java.base/jdk.internal.reflect.DirectMethodHandleAccessor.invoke(DirectMethodHandleAccessor.java:103)
	at java.base/java.lang.reflect.Method.invoke(Method.java:580)
	at java.rmi/sun.rmi.server.UnicastServerRef.dispatch(UnicastServerRef.java:360)
	at java.rmi/sun.rmi.transport.Transport$1.run(Transport.java:200)
	at java.rmi/sun.rmi.transport.Transport$1.run(Transport.java:197)
	at java.base/java.security.AccessController.doPrivileged(AccessController.java:714)
	at java.rmi/sun.rmi.transport.Transport.serviceCall(Transport.java:196)
	at java.rmi/sun.rmi.transport.tcp.TCPTransport.handleMessages(TCPTransport.java:598)
	at java.rmi/sun.rmi.transport.tcp.TCPTransport$ConnectionHandler.run0(TCPTransport.java:844)
	at java.rmi/sun.rmi.transport.tcp.TCPTransport$ConnectionHandler.lambda$run$0(TCPTransport.java:721)
	at java.base/java.security.AccessController.doPrivileged(AccessController.java:400)
	at java.rmi/sun.rmi.transport.tcp.TCPTransport$ConnectionHandler.run(TCPTransport.java:720)
	at java.base/java.util.concurrent.ThreadPoolExecutor.runWorker(ThreadPoolExecutor.java:1144)
	at java.base/java.util.concurrent.ThreadPoolExecutor$Worker.run(ThreadPoolExecutor.java:642)
	at java.base/java.lang.Thread.run(Thread.java:1583)
2026-05-07 02:41:22.128 [pool-1-thread-2] DEBUG c.a.system.server.ServerLauncher - Server stats - Active connections: 0, Total requests: 2
2026-05-07 02:42:22.128 [pool-1-thread-2] DEBUG c.a.system.server.ServerLauncher - Server stats - Active connections: 0, Total requests: 2
2026-05-07 02:43:22.129 [pool-1-thread-2] DEBUG c.a.system.server.ServerLauncher - Server stats - Active connections: 0, Total requests: 2
2026-05-07 02:44:02.145 [com.attendance.system.server.ServerLauncher.main()] INFO  c.a.system.server.ServerLauncher - Starting Student Attendance System Server...
2026-05-07 02:44:02.149 [com.attendance.system.server.ServerLauncher.main()] INFO  c.a.system.server.ServerLauncher - Initializing database connection...
2026-05-07 02:44:02.179 [com.attendance.system.server.ServerLauncher.main()] INFO  com.zaxxer.hikari.HikariDataSource - HikariPool-1 - Starting...
2026-05-07 02:44:02.561 [com.attendance.system.server.ServerLauncher.main()] INFO  com.zaxxer.hikari.pool.HikariPool - HikariPool-1 - Added connection com.mysql.cj.jdbc.ConnectionImpl@4a25ae17
2026-05-07 02:44:02.565 [com.attendance.system.server.ServerLauncher.main()] INFO  com.zaxxer.hikari.HikariDataSource - HikariPool-1 - Start completed.
2026-05-07 02:44:02.566 [com.attendance.system.server.ServerLauncher.main()] INFO  c.a.system.dao.DatabaseManager - Database connection pool initialized successfully
2026-05-07 02:44:02.577 [com.attendance.system.server.ServerLauncher.main()] DEBUG c.a.system.dao.DatabaseManager - Database connection test successful
2026-05-07 02:44:02.600 [com.attendance.system.server.ServerLauncher.main()] INFO  com.zaxxer.hikari.HikariDataSource - HikariPool-2 - Starting...
2026-05-07 02:44:02.614 [com.attendance.system.server.ServerLauncher.main()] INFO  com.zaxxer.hikari.pool.HikariPool - HikariPool-2 - Added connection com.mysql.cj.jdbc.ConnectionImpl@3af58f0e
2026-05-07 02:44:02.615 [com.attendance.system.server.ServerLauncher.main()] INFO  com.zaxxer.hikari.HikariDataSource - HikariPool-2 - Start completed.
2026-05-07 02:44:02.615 [com.attendance.system.server.ServerLauncher.main()] INFO  c.a.system.dao.DatabaseManager - Database connection pool initialized successfully
2026-05-07 02:44:02.616 [com.attendance.system.server.ServerLauncher.main()] DEBUG c.a.system.dao.DatabaseManager - Database connection test successful
2026-05-07 02:44:02.618 [com.attendance.system.server.ServerLauncher.main()] DEBUG c.a.system.dao.DatabaseManager - Database connection test successful
2026-05-07 02:44:02.619 [com.attendance.system.server.ServerLauncher.main()] INFO  c.a.system.server.ServerLauncher - Database connection established successfully
2026-05-07 02:44:02.620 [com.attendance.system.server.ServerLauncher.main()] DEBUG c.a.system.server.ServerLauncher - Setting up RMI system properties...
2026-05-07 02:44:02.620 [com.attendance.system.server.ServerLauncher.main()] INFO  c.a.system.server.ServerLauncher - RMI server hostname set to: localhost
2026-05-07 02:44:02.621 [com.attendance.system.server.ServerLauncher.main()] INFO  c.a.system.server.ServerLauncher - Setting up RMI registry on port 1099...
2026-05-07 02:44:02.651 [com.attendance.system.server.ServerLauncher.main()] ERROR c.a.system.server.ServerLauncher - Failed to create RMI registry on port 1099
java.rmi.server.ExportException: Port already in use: 1099; nested exception is: 
	java.net.BindException: Address already in use
	at java.rmi/sun.rmi.transport.tcp.TCPTransport.listen(TCPTransport.java:356)
	at java.rmi/sun.rmi.transport.tcp.TCPTransport.exportObject(TCPTransport.java:251)
	at java.rmi/sun.rmi.transport.tcp.TCPEndpoint.exportObject(TCPEndpoint.java:415)
	at java.rmi/sun.rmi.transport.LiveRef.exportObject(LiveRef.java:147)
	at java.rmi/sun.rmi.server.UnicastServerRef.exportObject(UnicastServerRef.java:235)
	at java.rmi/sun.rmi.registry.RegistryImpl.setup(RegistryImpl.java:223)
	at java.rmi/sun.rmi.registry.RegistryImpl.<init>(RegistryImpl.java:208)
	at java.rmi/java.rmi.registry.LocateRegistry.createRegistry(LocateRegistry.java:203)
	at com.attendance.system.server.ServerLauncher.setupRMIRegistry(ServerLauncher.java:208)
	at com.attendance.system.server.ServerLauncher.start(ServerLauncher.java:77)
	at com.attendance.system.server.ServerLauncher.main(ServerLauncher.java:365)
	at org.codehaus.mojo.exec.ExecJavaMojo$1.run(ExecJavaMojo.java:279)
	at java.base/java.lang.Thread.run(Thread.java:1583)
Caused by: java.net.BindException: Address already in use
	at java.base/sun.nio.ch.Net.bind0(Native Method)
	at java.base/sun.nio.ch.Net.bind(Net.java:577)
	at java.base/sun.nio.ch.Net.bind(Net.java:566)
	at java.base/sun.nio.ch.NioSocketImpl.bind(NioSocketImpl.java:636)
	at java.base/java.net.ServerSocket.bind(ServerSocket.java:391)
	at java.base/java.net.ServerSocket.<init>(ServerSocket.java:278)
	at java.base/java.net.ServerSocket.<init>(ServerSocket.java:171)
	at java.rmi/sun.rmi.transport.tcp.TCPDirectSocketFactory.createServerSocket(TCPDirectSocketFactory.java:45)
	at java.rmi/sun.rmi.transport.tcp.TCPEndpoint.newServerSocket(TCPEndpoint.java:672)
	at java.rmi/sun.rmi.transport.tcp.TCPTransport.listen(TCPTransport.java:344)
	... 12 common frames omitted
2026-05-07 02:44:02.655 [com.attendance.system.server.ServerLauncher.main()] ERROR c.a.system.server.ServerLauncher - Failed to start server
java.rmi.server.ExportException: Port already in use: 1099; nested exception is: 
	java.net.BindException: Address already in use
	at java.rmi/sun.rmi.transport.tcp.TCPTransport.listen(TCPTransport.java:356)
	at java.rmi/sun.rmi.transport.tcp.TCPTransport.exportObject(TCPTransport.java:251)
	at java.rmi/sun.rmi.transport.tcp.TCPEndpoint.exportObject(TCPEndpoint.java:415)
	at java.rmi/sun.rmi.transport.LiveRef.exportObject(LiveRef.java:147)
	at java.rmi/sun.rmi.server.UnicastServerRef.exportObject(UnicastServerRef.java:235)
	at java.rmi/sun.rmi.registry.RegistryImpl.setup(RegistryImpl.java:223)
	at java.rmi/sun.rmi.registry.RegistryImpl.<init>(RegistryImpl.java:208)
	at java.rmi/java.rmi.registry.LocateRegistry.createRegistry(LocateRegistry.java:203)
	at com.attendance.system.server.ServerLauncher.setupRMIRegistry(ServerLauncher.java:208)
	at com.attendance.system.server.ServerLauncher.start(ServerLauncher.java:77)
	at com.attendance.system.server.ServerLauncher.main(ServerLauncher.java:365)
	at org.codehaus.mojo.exec.ExecJavaMojo$1.run(ExecJavaMojo.java:279)
	at java.base/java.lang.Thread.run(Thread.java:1583)
Caused by: java.net.BindException: Address already in use
	at java.base/sun.nio.ch.Net.bind0(Native Method)
	at java.base/sun.nio.ch.Net.bind(Net.java:577)
	at java.base/sun.nio.ch.Net.bind(Net.java:566)
	at java.base/sun.nio.ch.NioSocketImpl.bind(NioSocketImpl.java:636)
	at java.base/java.net.ServerSocket.bind(ServerSocket.java:391)
	at java.base/java.net.ServerSocket.<init>(ServerSocket.java:278)
	at java.base/java.net.ServerSocket.<init>(ServerSocket.java:171)
	at java.rmi/sun.rmi.transport.tcp.TCPDirectSocketFactory.createServerSocket(TCPDirectSocketFactory.java:45)
	at java.rmi/sun.rmi.transport.tcp.TCPEndpoint.newServerSocket(TCPEndpoint.java:672)
	at java.rmi/sun.rmi.transport.tcp.TCPTransport.listen(TCPTransport.java:344)
	... 12 common frames omitted
2026-05-07 02:44:02.658 [com.attendance.system.server.ServerLauncher.main()] INFO  com.zaxxer.hikari.HikariDataSource - HikariPool-2 - Shutdown initiated...
2026-05-07 02:44:02.685 [com.attendance.system.server.ServerLauncher.main()] INFO  com.zaxxer.hikari.HikariDataSource - HikariPool-2 - Shutdown completed.
2026-05-07 02:44:02.685 [com.attendance.system.server.ServerLauncher.main()] INFO  c.a.system.dao.DatabaseManager - Database connection pool closed
2026-05-07 02:44:02.685 [com.attendance.system.server.ServerLauncher.main()] INFO  c.a.system.server.ServerLauncher - Database connections closed
2026-05-07 02:44:02.685 [com.attendance.system.server.ServerLauncher.main()] ERROR c.a.system.server.ServerLauncher - Server startup failed
java.rmi.server.ExportException: Port already in use: 1099; nested exception is: 
	java.net.BindException: Address already in use
	at java.rmi/sun.rmi.transport.tcp.TCPTransport.listen(TCPTransport.java:356)
	at java.rmi/sun.rmi.transport.tcp.TCPTransport.exportObject(TCPTransport.java:251)
	at java.rmi/sun.rmi.transport.tcp.TCPEndpoint.exportObject(TCPEndpoint.java:415)
	at java.rmi/sun.rmi.transport.LiveRef.exportObject(LiveRef.java:147)
	at java.rmi/sun.rmi.server.UnicastServerRef.exportObject(UnicastServerRef.java:235)
	at java.rmi/sun.rmi.registry.RegistryImpl.setup(RegistryImpl.java:223)
	at java.rmi/sun.rmi.registry.RegistryImpl.<init>(RegistryImpl.java:208)
	at java.rmi/java.rmi.registry.LocateRegistry.createRegistry(LocateRegistry.java:203)
	at com.attendance.system.server.ServerLauncher.setupRMIRegistry(ServerLauncher.java:208)
	at com.attendance.system.server.ServerLauncher.start(ServerLauncher.java:77)
	at com.attendance.system.server.ServerLauncher.main(ServerLauncher.java:365)
	at org.codehaus.mojo.exec.ExecJavaMojo$1.run(ExecJavaMojo.java:279)
	at java.base/java.lang.Thread.run(Thread.java:1583)
Caused by: java.net.BindException: Address already in use
	at java.base/sun.nio.ch.Net.bind0(Native Method)
	at java.base/sun.nio.ch.Net.bind(Net.java:577)
	at java.base/sun.nio.ch.Net.bind(Net.java:566)
	at java.base/sun.nio.ch.NioSocketImpl.bind(NioSocketImpl.java:636)
	at java.base/java.net.ServerSocket.bind(ServerSocket.java:391)
	at java.base/java.net.ServerSocket.<init>(ServerSocket.java:278)
	at java.base/java.net.ServerSocket.<init>(ServerSocket.java:171)
	at java.rmi/sun.rmi.transport.tcp.TCPDirectSocketFactory.createServerSocket(TCPDirectSocketFactory.java:45)
	at java.rmi/sun.rmi.transport.tcp.TCPEndpoint.newServerSocket(TCPEndpoint.java:672)
	at java.rmi/sun.rmi.transport.tcp.TCPTransport.listen(TCPTransport.java:344)
	... 12 common frames omitted
2026-05-07 02:44:22.129 [pool-1-thread-2] DEBUG c.a.system.server.ServerLauncher - Server stats - Active connections: 0, Total requests: 2
2026-05-07 02:44:48.264 [com.attendance.system.server.ServerLauncher.main()] INFO  c.a.system.server.ServerLauncher - Starting Student Attendance System Server...
2026-05-07 02:44:48.266 [com.attendance.system.server.ServerLauncher.main()] INFO  c.a.system.server.ServerLauncher - Initializing database connection...
2026-05-07 02:44:48.290 [com.attendance.system.server.ServerLauncher.main()] INFO  com.zaxxer.hikari.HikariDataSource - HikariPool-1 - Starting...
2026-05-07 02:44:48.905 [com.attendance.system.server.ServerLauncher.main()] INFO  com.zaxxer.hikari.pool.HikariPool - HikariPool-1 - Added connection com.mysql.cj.jdbc.ConnectionImpl@19ce8d59
2026-05-07 02:44:48.909 [com.attendance.system.server.ServerLauncher.main()] INFO  com.zaxxer.hikari.HikariDataSource - HikariPool-1 - Start completed.
2026-05-07 02:44:48.910 [com.attendance.system.server.ServerLauncher.main()] INFO  c.a.system.dao.DatabaseManager - Database connection pool initialized successfully
2026-05-07 02:44:48.926 [com.attendance.system.server.ServerLauncher.main()] DEBUG c.a.system.dao.DatabaseManager - Database connection test successful
2026-05-07 02:44:48.951 [com.attendance.system.server.ServerLauncher.main()] INFO  com.zaxxer.hikari.HikariDataSource - HikariPool-2 - Starting...
2026-05-07 02:44:48.962 [com.attendance.system.server.ServerLauncher.main()] INFO  com.zaxxer.hikari.pool.HikariPool - HikariPool-2 - Added connection com.mysql.cj.jdbc.ConnectionImpl@194a6427
2026-05-07 02:44:48.964 [com.attendance.system.server.ServerLauncher.main()] INFO  com.zaxxer.hikari.HikariDataSource - HikariPool-2 - Start completed.
2026-05-07 02:44:48.965 [com.attendance.system.server.ServerLauncher.main()] INFO  c.a.system.dao.DatabaseManager - Database connection pool initialized successfully
2026-05-07 02:44:48.967 [com.attendance.system.server.ServerLauncher.main()] DEBUG c.a.system.dao.DatabaseManager - Database connection test successful
2026-05-07 02:44:48.970 [com.attendance.system.server.ServerLauncher.main()] DEBUG c.a.system.dao.DatabaseManager - Database connection test successful
2026-05-07 02:44:48.972 [com.attendance.system.server.ServerLauncher.main()] INFO  c.a.system.server.ServerLauncher - Database connection established successfully
2026-05-07 02:44:48.973 [com.attendance.system.server.ServerLauncher.main()] DEBUG c.a.system.server.ServerLauncher - Setting up RMI system properties...
2026-05-07 02:44:48.975 [com.attendance.system.server.ServerLauncher.main()] INFO  c.a.system.server.ServerLauncher - RMI server hostname set to: localhost
2026-05-07 02:44:48.976 [com.attendance.system.server.ServerLauncher.main()] INFO  c.a.system.server.ServerLauncher - Setting up RMI registry on port 1099...
2026-05-07 02:44:49.005 [com.attendance.system.server.ServerLauncher.main()] ERROR c.a.system.server.ServerLauncher - Failed to create RMI registry on port 1099
java.rmi.server.ExportException: Port already in use: 1099; nested exception is: 
	java.net.BindException: Address already in use
	at java.rmi/sun.rmi.transport.tcp.TCPTransport.listen(TCPTransport.java:356)
	at java.rmi/sun.rmi.transport.tcp.TCPTransport.exportObject(TCPTransport.java:251)
	at java.rmi/sun.rmi.transport.tcp.TCPEndpoint.exportObject(TCPEndpoint.java:415)
	at java.rmi/sun.rmi.transport.LiveRef.exportObject(LiveRef.java:147)
	at java.rmi/sun.rmi.server.UnicastServerRef.exportObject(UnicastServerRef.java:235)
	at java.rmi/sun.rmi.registry.RegistryImpl.setup(RegistryImpl.java:223)
	at java.rmi/sun.rmi.registry.RegistryImpl.<init>(RegistryImpl.java:208)
	at java.rmi/java.rmi.registry.LocateRegistry.createRegistry(LocateRegistry.java:203)
	at com.attendance.system.server.ServerLauncher.setupRMIRegistry(ServerLauncher.java:208)
	at com.attendance.system.server.ServerLauncher.start(ServerLauncher.java:77)
	at com.attendance.system.server.ServerLauncher.main(ServerLauncher.java:365)
	at org.codehaus.mojo.exec.ExecJavaMojo$1.run(ExecJavaMojo.java:279)
	at java.base/java.lang.Thread.run(Thread.java:1583)
Caused by: java.net.BindException: Address already in use
	at java.base/sun.nio.ch.Net.bind0(Native Method)
	at java.base/sun.nio.ch.Net.bind(Net.java:577)
	at java.base/sun.nio.ch.Net.bind(Net.java:566)
	at java.base/sun.nio.ch.NioSocketImpl.bind(NioSocketImpl.java:636)
	at java.base/java.net.ServerSocket.bind(ServerSocket.java:391)
	at java.base/java.net.ServerSocket.<init>(ServerSocket.java:278)
	at java.base/java.net.ServerSocket.<init>(ServerSocket.java:171)
	at java.rmi/sun.rmi.transport.tcp.TCPDirectSocketFactory.createServerSocket(TCPDirectSocketFactory.java:45)
	at java.rmi/sun.rmi.transport.tcp.TCPEndpoint.newServerSocket(TCPEndpoint.java:672)
	at java.rmi/sun.rmi.transport.tcp.TCPTransport.listen(TCPTransport.java:344)
	... 12 common frames omitted
2026-05-07 02:44:49.014 [com.attendance.system.server.ServerLauncher.main()] ERROR c.a.system.server.ServerLauncher - Failed to start server
java.rmi.server.ExportException: Port already in use: 1099; nested exception is: 
	java.net.BindException: Address already in use
	at java.rmi/sun.rmi.transport.tcp.TCPTransport.listen(TCPTransport.java:356)
	at java.rmi/sun.rmi.transport.tcp.TCPTransport.exportObject(TCPTransport.java:251)
	at java.rmi/sun.rmi.transport.tcp.TCPEndpoint.exportObject(TCPEndpoint.java:415)
	at java.rmi/sun.rmi.transport.LiveRef.exportObject(LiveRef.java:147)
	at java.rmi/sun.rmi.server.UnicastServerRef.exportObject(UnicastServerRef.java:235)
	at java.rmi/sun.rmi.registry.RegistryImpl.setup(RegistryImpl.java:223)
	at java.rmi/sun.rmi.registry.RegistryImpl.<init>(RegistryImpl.java:208)
	at java.rmi/java.rmi.registry.LocateRegistry.createRegistry(LocateRegistry.java:203)
	at com.attendance.system.server.ServerLauncher.setupRMIRegistry(ServerLauncher.java:208)
	at com.attendance.system.server.ServerLauncher.start(ServerLauncher.java:77)
	at com.attendance.system.server.ServerLauncher.main(ServerLauncher.java:365)
	at org.codehaus.mojo.exec.ExecJavaMojo$1.run(ExecJavaMojo.java:279)
	at java.base/java.lang.Thread.run(Thread.java:1583)
Caused by: java.net.BindException: Address already in use
	at java.base/sun.nio.ch.Net.bind0(Native Method)
	at java.base/sun.nio.ch.Net.bind(Net.java:577)
	at java.base/sun.nio.ch.Net.bind(Net.java:566)
	at java.base/sun.nio.ch.NioSocketImpl.bind(NioSocketImpl.java:636)
	at java.base/java.net.ServerSocket.bind(ServerSocket.java:391)
	at java.base/java.net.ServerSocket.<init>(ServerSocket.java:278)
	at java.base/java.net.ServerSocket.<init>(ServerSocket.java:171)
	at java.rmi/sun.rmi.transport.tcp.TCPDirectSocketFactory.createServerSocket(TCPDirectSocketFactory.java:45)
	at java.rmi/sun.rmi.transport.tcp.TCPEndpoint.newServerSocket(TCPEndpoint.java:672)
	at java.rmi/sun.rmi.transport.tcp.TCPTransport.listen(TCPTransport.java:344)
	... 12 common frames omitted
2026-05-07 02:44:49.018 [com.attendance.system.server.ServerLauncher.main()] INFO  com.zaxxer.hikari.HikariDataSource - HikariPool-2 - Shutdown initiated...
2026-05-07 02:44:49.045 [com.attendance.system.server.ServerLauncher.main()] INFO  com.zaxxer.hikari.HikariDataSource - HikariPool-2 - Shutdown completed.
2026-05-07 02:44:49.046 [com.attendance.system.server.ServerLauncher.main()] INFO  c.a.system.dao.DatabaseManager - Database connection pool closed
2026-05-07 02:44:49.047 [com.attendance.system.server.ServerLauncher.main()] INFO  c.a.system.server.ServerLauncher - Database connections closed
2026-05-07 02:44:49.049 [com.attendance.system.server.ServerLauncher.main()] ERROR c.a.system.server.ServerLauncher - Server startup failed
java.rmi.server.ExportException: Port already in use: 1099; nested exception is: 
	java.net.BindException: Address already in use
	at java.rmi/sun.rmi.transport.tcp.TCPTransport.listen(TCPTransport.java:356)
	at java.rmi/sun.rmi.transport.tcp.TCPTransport.exportObject(TCPTransport.java:251)
	at java.rmi/sun.rmi.transport.tcp.TCPEndpoint.exportObject(TCPEndpoint.java:415)
	at java.rmi/sun.rmi.transport.LiveRef.exportObject(LiveRef.java:147)
	at java.rmi/sun.rmi.server.UnicastServerRef.exportObject(UnicastServerRef.java:235)
	at java.rmi/sun.rmi.registry.RegistryImpl.setup(RegistryImpl.java:223)
	at java.rmi/sun.rmi.registry.RegistryImpl.<init>(RegistryImpl.java:208)
	at java.rmi/java.rmi.registry.LocateRegistry.createRegistry(LocateRegistry.java:203)
	at com.attendance.system.server.ServerLauncher.setupRMIRegistry(ServerLauncher.java:208)
	at com.attendance.system.server.ServerLauncher.start(ServerLauncher.java:77)
	at com.attendance.system.server.ServerLauncher.main(ServerLauncher.java:365)
	at org.codehaus.mojo.exec.ExecJavaMojo$1.run(ExecJavaMojo.java:279)
	at java.base/java.lang.Thread.run(Thread.java:1583)
Caused by: java.net.BindException: Address already in use
	at java.base/sun.nio.ch.Net.bind0(Native Method)
	at java.base/sun.nio.ch.Net.bind(Net.java:577)
	at java.base/sun.nio.ch.Net.bind(Net.java:566)
	at java.base/sun.nio.ch.NioSocketImpl.bind(NioSocketImpl.java:636)
	at java.base/java.net.ServerSocket.bind(ServerSocket.java:391)
	at java.base/java.net.ServerSocket.<init>(ServerSocket.java:278)
	at java.base/java.net.ServerSocket.<init>(ServerSocket.java:171)
	at java.rmi/sun.rmi.transport.tcp.TCPDirectSocketFactory.createServerSocket(TCPDirectSocketFactory.java:45)
	at java.rmi/sun.rmi.transport.tcp.TCPEndpoint.newServerSocket(TCPEndpoint.java:672)
	at java.rmi/sun.rmi.transport.tcp.TCPTransport.listen(TCPTransport.java:344)
	... 12 common frames omitted
2026-05-07 02:45:22.128 [pool-1-thread-2] DEBUG c.a.system.server.ServerLauncher - Server stats - Active connections: 0, Total requests: 2
2026-05-07 02:46:22.128 [pool-1-thread-2] DEBUG c.a.system.server.ServerLauncher - Server stats - Active connections: 0, Total requests: 2
2026-05-07 02:47:22.129 [pool-1-thread-2] DEBUG c.a.system.server.ServerLauncher - Server stats - Active connections: 0, Total requests: 2
2026-05-07 02:47:24.819 [Thread-2] INFO  c.a.system.server.ServerLauncher - Shutdown hook triggered
2026-05-07 02:47:24.819 [Thread-2] INFO  c.a.system.server.ServerLauncher - Stopping Student Attendance System Server...
2026-05-07 02:47:24.819 [Thread-2] INFO  c.a.system.server.ServerLauncher - Service unbound from registry
2026-05-07 02:47:24.822 [Thread-2] INFO  c.a.system.server.ServerLauncher - Server unexported
2026-05-07 02:47:24.822 [Thread-2] INFO  com.zaxxer.hikari.HikariDataSource - HikariPool-2 - Shutdown initiated...
2026-05-07 02:47:24.842 [Thread-2] INFO  com.zaxxer.hikari.HikariDataSource - HikariPool-2 - Shutdown completed.
2026-05-07 02:47:24.843 [Thread-2] INFO  c.a.system.dao.DatabaseManager - Database connection pool closed
2026-05-07 02:47:24.843 [Thread-2] INFO  c.a.system.server.ServerLauncher - Database connections closed
2026-05-07 02:47:24.843 [Thread-2] INFO  c.a.system.server.ServerLauncher - Server stopped successfully
2026-05-07 02:47:24.845 [SessionCleanup] INFO  c.a.s.service.AuthenticationService - Session cleanup thread interrupted
2026-05-07 20:03:51.589 [com.attendance.system.server.ServerLauncher.main()] INFO  c.a.system.server.ServerLauncher - Starting Student Attendance System Server...
2026-05-07 20:03:51.591 [com.attendance.system.server.ServerLauncher.main()] INFO  c.a.system.server.ServerLauncher - Initializing database connection...
2026-05-07 20:03:51.630 [com.attendance.system.server.ServerLauncher.main()] INFO  com.zaxxer.hikari.HikariDataSource - HikariPool-1 - Starting...
2026-05-07 20:03:52.128 [com.attendance.system.server.ServerLauncher.main()] INFO  com.zaxxer.hikari.pool.HikariPool - HikariPool-1 - Added connection com.mysql.cj.jdbc.ConnectionImpl@4a25ae17
2026-05-07 20:03:52.137 [com.attendance.system.server.ServerLauncher.main()] INFO  com.zaxxer.hikari.HikariDataSource - HikariPool-1 - Start completed.
2026-05-07 20:03:52.137 [com.attendance.system.server.ServerLauncher.main()] INFO  c.a.system.dao.DatabaseManager - Database connection pool initialized successfully
2026-05-07 20:03:52.159 [com.attendance.system.server.ServerLauncher.main()] DEBUG c.a.system.dao.DatabaseManager - Database connection test successful
2026-05-07 20:03:52.196 [com.attendance.system.server.ServerLauncher.main()] INFO  com.zaxxer.hikari.HikariDataSource - HikariPool-2 - Starting...
2026-05-07 20:03:52.220 [com.attendance.system.server.ServerLauncher.main()] INFO  com.zaxxer.hikari.pool.HikariPool - HikariPool-2 - Added connection com.mysql.cj.jdbc.ConnectionImpl@3af58f0e
2026-05-07 20:03:52.221 [com.attendance.system.server.ServerLauncher.main()] INFO  com.zaxxer.hikari.HikariDataSource - HikariPool-2 - Start completed.
2026-05-07 20:03:52.221 [com.attendance.system.server.ServerLauncher.main()] INFO  c.a.system.dao.DatabaseManager - Database connection pool initialized successfully
2026-05-07 20:03:52.223 [com.attendance.system.server.ServerLauncher.main()] DEBUG c.a.system.dao.DatabaseManager - Database connection test successful
2026-05-07 20:03:52.228 [com.attendance.system.server.ServerLauncher.main()] DEBUG c.a.system.dao.DatabaseManager - Database connection test successful
2026-05-07 20:03:52.229 [com.attendance.system.server.ServerLauncher.main()] INFO  c.a.system.server.ServerLauncher - Database connection established successfully
2026-05-07 20:03:52.229 [com.attendance.system.server.ServerLauncher.main()] DEBUG c.a.system.server.ServerLauncher - Setting up RMI system properties...
2026-05-07 20:03:52.229 [com.attendance.system.server.ServerLauncher.main()] INFO  c.a.system.server.ServerLauncher - RMI server hostname set to: localhost
2026-05-07 20:03:52.233 [com.attendance.system.server.ServerLauncher.main()] INFO  c.a.system.server.ServerLauncher - Setting up RMI registry on port 1099...
2026-05-07 20:03:52.351 [com.attendance.system.server.ServerLauncher.main()] INFO  c.a.system.server.ServerLauncher - Created new RMI registry on port 1099
2026-05-07 20:03:52.351 [com.attendance.system.server.ServerLauncher.main()] INFO  c.a.system.server.ServerLauncher - Creating and exporting attendance server...
2026-05-07 20:03:52.468 [com.attendance.system.server.ServerLauncher.main()] INFO  c.a.system.server.AttendanceServer - AttendanceServer initialized successfully
2026-05-07 20:03:52.468 [com.attendance.system.server.ServerLauncher.main()] INFO  c.a.system.server.AttendanceServer - Encryption enabled: false
2026-05-07 20:03:52.468 [com.attendance.system.server.ServerLauncher.main()] INFO  c.a.system.server.AttendanceServer - Max concurrent users: 100
2026-05-07 20:03:52.468 [com.attendance.system.server.ServerLauncher.main()] INFO  c.a.system.server.ServerLauncher - Attendance server created and exported successfully
2026-05-07 20:03:52.468 [com.attendance.system.server.ServerLauncher.main()] INFO  c.a.system.server.ServerLauncher - Binding server to registry with name 'AttendanceService'...
2026-05-07 20:03:52.471 [com.attendance.system.server.ServerLauncher.main()] INFO  c.a.system.server.ServerLauncher - Server bound to registry successfully
2026-05-07 20:03:52.471 [com.attendance.system.server.ServerLauncher.main()] INFO  c.a.system.server.ServerLauncher - Starting maintenance tasks...
2026-05-07 20:03:52.474 [com.attendance.system.server.ServerLauncher.main()] INFO  c.a.system.server.ServerLauncher - Maintenance tasks started
2026-05-07 20:03:52.476 [com.attendance.system.server.ServerLauncher.main()] INFO  c.a.system.server.ServerLauncher - Server started successfully!
2026-05-07 20:03:52.476 [com.attendance.system.server.ServerLauncher.main()] INFO  c.a.system.server.ServerLauncher - Service name: AttendanceService
2026-05-07 20:03:52.476 [com.attendance.system.server.ServerLauncher.main()] INFO  c.a.system.server.ServerLauncher - RMI registry port: 1099
2026-05-07 20:03:52.476 [com.attendance.system.server.ServerLauncher.main()] INFO  c.a.system.server.ServerLauncher - Server listening on port: 0
2026-05-07 20:03:52.478 [com.attendance.system.server.ServerLauncher.main()] INFO  c.a.system.server.ServerLauncher - Server is ready to accept client connections.
2026-05-07 20:04:52.474 [pool-1-thread-2] DEBUG c.a.system.server.ServerLauncher - Server stats - Active connections: 0, Total requests: 0
2026-05-07 20:05:52.474 [pool-1-thread-2] DEBUG c.a.system.server.ServerLauncher - Server stats - Active connections: 0, Total requests: 0
2026-05-07 20:06:52.474 [pool-1-thread-2] DEBUG c.a.system.server.ServerLauncher - Server stats - Active connections: 0, Total requests: 0
2026-05-07 20:07:52.476 [pool-1-thread-2] DEBUG c.a.system.server.ServerLauncher - Server stats - Active connections: 0, Total requests: 0
2026-05-07 20:08:52.474 [pool-1-thread-1] DEBUG c.a.system.server.ServerLauncher - Server stats - Active connections: 0, Total requests: 0
2026-05-07 20:09:52.474 [pool-1-thread-1] DEBUG c.a.system.server.ServerLauncher - Server stats - Active connections: 0, Total requests: 0
2026-05-07 20:09:59.152 [Thread-2] INFO  c.a.system.server.ServerLauncher - Shutdown hook triggered
2026-05-07 20:09:59.154 [Thread-2] INFO  c.a.system.server.ServerLauncher - Stopping Student Attendance System Server...
2026-05-07 20:09:59.155 [Thread-2] INFO  c.a.system.server.ServerLauncher - Service unbound from registry
2026-05-07 20:09:59.162 [Thread-2] INFO  c.a.system.server.ServerLauncher - Server unexported
2026-05-07 20:09:59.174 [Thread-2] INFO  com.zaxxer.hikari.HikariDataSource - HikariPool-2 - Shutdown initiated...
2026-05-07 20:09:59.222 [Thread-2] INFO  com.zaxxer.hikari.HikariDataSource - HikariPool-2 - Shutdown completed.
2026-05-07 20:09:59.224 [Thread-2] INFO  c.a.system.dao.DatabaseManager - Database connection pool closed
2026-05-07 20:09:59.227 [Thread-2] INFO  c.a.system.server.ServerLauncher - Database connections closed
2026-05-07 20:09:59.227 [Thread-2] INFO  c.a.system.server.ServerLauncher - Server stopped successfully
2026-05-07 20:09:59.228 [SessionCleanup] INFO  c.a.s.service.AuthenticationService - Session cleanup thread interrupted
2026-05-07 20:11:14.634 [com.attendance.system.server.ServerLauncher.main()] INFO  c.a.system.server.ServerLauncher - Starting Student Attendance System Server...
2026-05-07 20:11:14.635 [com.attendance.system.server.ServerLauncher.main()] INFO  c.a.system.server.ServerLauncher - Initializing database connection...
2026-05-07 20:11:14.661 [com.attendance.system.server.ServerLauncher.main()] INFO  com.zaxxer.hikari.HikariDataSource - HikariPool-1 - Starting...
2026-05-07 20:11:15.028 [com.attendance.system.server.ServerLauncher.main()] INFO  com.zaxxer.hikari.pool.HikariPool - HikariPool-1 - Added connection com.mysql.cj.jdbc.ConnectionImpl@4a25ae17
2026-05-07 20:11:15.032 [com.attendance.system.server.ServerLauncher.main()] INFO  com.zaxxer.hikari.HikariDataSource - HikariPool-1 - Start completed.
2026-05-07 20:11:15.032 [com.attendance.system.server.ServerLauncher.main()] INFO  c.a.system.dao.DatabaseManager - Database connection pool initialized successfully
2026-05-07 20:11:15.043 [com.attendance.system.server.ServerLauncher.main()] DEBUG c.a.system.dao.DatabaseManager - Database connection test successful
2026-05-07 20:11:15.073 [com.attendance.system.server.ServerLauncher.main()] INFO  com.zaxxer.hikari.HikariDataSource - HikariPool-2 - Starting...
2026-05-07 20:11:15.087 [com.attendance.system.server.ServerLauncher.main()] INFO  com.zaxxer.hikari.pool.HikariPool - HikariPool-2 - Added connection com.mysql.cj.jdbc.ConnectionImpl@3af58f0e
2026-05-07 20:11:15.088 [com.attendance.system.server.ServerLauncher.main()] INFO  com.zaxxer.hikari.HikariDataSource - HikariPool-2 - Start completed.
2026-05-07 20:11:15.088 [com.attendance.system.server.ServerLauncher.main()] INFO  c.a.system.dao.DatabaseManager - Database connection pool initialized successfully
2026-05-07 20:11:15.090 [com.attendance.system.server.ServerLauncher.main()] DEBUG c.a.system.dao.DatabaseManager - Database connection test successful
2026-05-07 20:11:15.091 [com.attendance.system.server.ServerLauncher.main()] DEBUG c.a.system.dao.DatabaseManager - Database connection test successful
2026-05-07 20:11:15.092 [com.attendance.system.server.ServerLauncher.main()] INFO  c.a.system.server.ServerLauncher - Database connection established successfully
2026-05-07 20:11:15.093 [com.attendance.system.server.ServerLauncher.main()] DEBUG c.a.system.server.ServerLauncher - Setting up RMI system properties...
2026-05-07 20:11:15.094 [com.attendance.system.server.ServerLauncher.main()] INFO  c.a.system.server.ServerLauncher - RMI server hostname set to: localhost
2026-05-07 20:11:15.094 [com.attendance.system.server.ServerLauncher.main()] INFO  c.a.system.server.ServerLauncher - Setting up RMI registry on port 1099...
2026-05-07 20:11:15.133 [com.attendance.system.server.ServerLauncher.main()] INFO  c.a.system.server.ServerLauncher - Created new RMI registry on port 1099
2026-05-07 20:11:15.133 [com.attendance.system.server.ServerLauncher.main()] INFO  c.a.system.server.ServerLauncher - Creating and exporting attendance server...
2026-05-07 20:11:15.185 [com.attendance.system.server.ServerLauncher.main()] INFO  c.a.system.server.AttendanceServer - AttendanceServer initialized successfully
2026-05-07 20:11:15.185 [com.attendance.system.server.ServerLauncher.main()] INFO  c.a.system.server.AttendanceServer - Encryption enabled: false
2026-05-07 20:11:15.185 [com.attendance.system.server.ServerLauncher.main()] INFO  c.a.system.server.AttendanceServer - Max concurrent users: 100
2026-05-07 20:11:15.185 [com.attendance.system.server.ServerLauncher.main()] INFO  c.a.system.server.ServerLauncher - Attendance server created and exported successfully
2026-05-07 20:11:15.186 [com.attendance.system.server.ServerLauncher.main()] INFO  c.a.system.server.ServerLauncher - Binding server to registry with name 'AttendanceService'...
2026-05-07 20:11:15.186 [com.attendance.system.server.ServerLauncher.main()] INFO  c.a.system.server.ServerLauncher - Server bound to registry successfully
2026-05-07 20:11:15.186 [com.attendance.system.server.ServerLauncher.main()] INFO  c.a.system.server.ServerLauncher - Starting maintenance tasks...
2026-05-07 20:11:15.189 [com.attendance.system.server.ServerLauncher.main()] INFO  c.a.system.server.ServerLauncher - Maintenance tasks started
2026-05-07 20:11:15.190 [com.attendance.system.server.ServerLauncher.main()] INFO  c.a.system.server.ServerLauncher - Server started successfully!
2026-05-07 20:11:15.192 [com.attendance.system.server.ServerLauncher.main()] INFO  c.a.system.server.ServerLauncher - Service name: AttendanceService
2026-05-07 20:11:15.194 [com.attendance.system.server.ServerLauncher.main()] INFO  c.a.system.server.ServerLauncher - RMI registry port: 1099
2026-05-07 20:11:15.195 [com.attendance.system.server.ServerLauncher.main()] INFO  c.a.system.server.ServerLauncher - Server listening on port: 0
2026-05-07 20:11:15.195 [com.attendance.system.server.ServerLauncher.main()] INFO  c.a.system.server.ServerLauncher - Server is ready to accept client connections.
2026-05-07 20:11:38.179 [AWT-EventQueue-0] INFO  c.a.system.client.AttendanceGUI - GUI initialized successfully
2026-05-07 20:11:38.185 [ForkJoinPool.commonPool-worker-3] INFO  c.a.system.client.AttendanceGUI - Attempting to connect to server: rmi://localhost:1099/AttendanceService
2026-05-07 20:11:38.661 [AWT-EventQueue-0] INFO  c.a.system.client.AttendanceGUI - Successfully connected to server
2026-05-07 20:12:02.519 [RMI TCP Connection(2)-127.0.0.1] DEBUG c.a.system.server.AttendanceServer - Executing method: authenticateUser
2026-05-07 20:12:02.520 [RMI TCP Connection(2)-127.0.0.1] DEBUG c.a.system.server.AttendanceServer - Authentication request for user: admin
2026-05-07 20:12:02.525 [RMI TCP Connection(2)-127.0.0.1] WARN  c.a.system.util.SecurityUtil - ATTENDANCE_ENCRYPTION_KEY environment variable not set. Using default key for development only.
2026-05-07 20:12:02.783 [RMI TCP Connection(2)-127.0.0.1] WARN  c.a.s.service.AuthenticationService - Authentication failed - invalid password for user: admin
2026-05-07 20:12:02.784 [RMI TCP Connection(2)-127.0.0.1] WARN  c.a.system.server.AttendanceServer - Method authenticateUser failed: Invalid username or password
2026-05-07 20:12:02.813 [AWT-EventQueue-0] WARN  c.a.system.client.LoginFrame - Login failed for user: admin
java.util.concurrent.CompletionException: java.lang.RuntimeException: java.rmi.ServerException: RemoteException occurred in server thread; nested exception is: 
	java.rmi.RemoteException: Service error in authenticateUser: Invalid username or password
	at java.base/java.util.concurrent.CompletableFuture.encodeThrowable(CompletableFuture.java:315)
	at java.base/java.util.concurrent.CompletableFuture.completeThrowable(CompletableFuture.java:320)
	at java.base/java.util.concurrent.CompletableFuture$AsyncSupply.run(CompletableFuture.java:1770)
	at java.base/java.util.concurrent.CompletableFuture$AsyncSupply.exec(CompletableFuture.java:1760)
	at java.base/java.util.concurrent.ForkJoinTask.doExec(ForkJoinTask.java:387)
	at java.base/java.util.concurrent.ForkJoinPool$WorkQueue.topLevelExec(ForkJoinPool.java:1312)
	at java.base/java.util.concurrent.ForkJoinPool.scan(ForkJoinPool.java:1843)
	at java.base/java.util.concurrent.ForkJoinPool.runWorker(ForkJoinPool.java:1808)
	at java.base/java.util.concurrent.ForkJoinWorkerThread.run(ForkJoinWorkerThread.java:188)
Caused by: java.lang.RuntimeException: java.rmi.ServerException: RemoteException occurred in server thread; nested exception is: 
	java.rmi.RemoteException: Service error in authenticateUser: Invalid username or password
	at com.attendance.system.client.LoginFrame.lambda$performLogin$3(LoginFrame.java:445)
	at java.base/java.util.concurrent.CompletableFuture$AsyncSupply.run(CompletableFuture.java:1768)
	... 6 common frames omitted
Caused by: java.rmi.ServerException: RemoteException occurred in server thread; nested exception is: 
	java.rmi.RemoteException: Service error in authenticateUser: Invalid username or password
	at java.rmi/sun.rmi.server.UnicastServerRef.dispatch(UnicastServerRef.java:392)
	at java.rmi/sun.rmi.transport.Transport$1.run(Transport.java:200)
	at java.rmi/sun.rmi.transport.Transport$1.run(Transport.java:197)
	at java.base/java.security.AccessController.doPrivileged(AccessController.java:714)
	at java.rmi/sun.rmi.transport.Transport.serviceCall(Transport.java:196)
	at java.rmi/sun.rmi.transport.tcp.TCPTransport.handleMessages(TCPTransport.java:598)
	at java.rmi/sun.rmi.transport.tcp.TCPTransport$ConnectionHandler.run0(TCPTransport.java:844)
	at java.rmi/sun.rmi.transport.tcp.TCPTransport$ConnectionHandler.lambda$run$0(TCPTransport.java:721)
	at java.base/java.security.AccessController.doPrivileged(AccessController.java:400)
	at java.rmi/sun.rmi.transport.tcp.TCPTransport$ConnectionHandler.run(TCPTransport.java:720)
	at java.base/java.util.concurrent.ThreadPoolExecutor.runWorker(ThreadPoolExecutor.java:1144)
	at java.base/java.util.concurrent.ThreadPoolExecutor$Worker.run(ThreadPoolExecutor.java:642)
	at java.base/java.lang.Thread.run(Thread.java:1583)
	at java.rmi/sun.rmi.transport.StreamRemoteCall.exceptionReceivedFromServer(StreamRemoteCall.java:304)
	at java.rmi/sun.rmi.transport.StreamRemoteCall.executeCall(StreamRemoteCall.java:280)
	at java.rmi/sun.rmi.server.UnicastRef.invoke(UnicastRef.java:166)
	at java.rmi/java.rmi.server.RemoteObjectInvocationHandler.invokeRemoteMethod(RemoteObjectInvocationHandler.java:215)
	at java.rmi/java.rmi.server.RemoteObjectInvocationHandler.invoke(RemoteObjectInvocationHandler.java:160)
	at jdk.proxy3/jdk.proxy3.$Proxy25.authenticateUser(Unknown Source)
	at com.attendance.system.client.LoginFrame.lambda$performLogin$3(LoginFrame.java:443)
	... 7 common frames omitted
Caused by: java.rmi.RemoteException: Service error in authenticateUser: Invalid username or password
	at com.attendance.system.server.AttendanceServer.executeWithErrorHandling(AttendanceServer.java:1153)
	at com.attendance.system.server.AttendanceServer.authenticateUser(AttendanceServer.java:109)
	at java.base/jdk.internal.reflect.DirectMethodHandleAccessor.invoke(DirectMethodHandleAccessor.java:103)
	at java.base/java.lang.reflect.Method.invoke(Method.java:580)
	at java.rmi/sun.rmi.server.UnicastServerRef.dispatch(UnicastServerRef.java:360)
	at java.rmi/sun.rmi.transport.Transport$1.run(Transport.java:200)
	at java.rmi/sun.rmi.transport.Transport$1.run(Transport.java:197)
	at java.base/java.security.AccessController.doPrivileged(AccessController.java:714)
	at java.rmi/sun.rmi.transport.Transport.serviceCall(Transport.java:196)
	at java.rmi/sun.rmi.transport.tcp.TCPTransport.handleMessages(TCPTransport.java:598)
	at java.rmi/sun.rmi.transport.tcp.TCPTransport$ConnectionHandler.run0(TCPTransport.java:844)
	at java.rmi/sun.rmi.transport.tcp.TCPTransport$ConnectionHandler.lambda$run$0(TCPTransport.java:721)
	at java.base/java.security.AccessController.doPrivileged(AccessController.java:400)
	at java.rmi/sun.rmi.transport.tcp.TCPTransport$ConnectionHandler.run(TCPTransport.java:720)
	at java.base/java.util.concurrent.ThreadPoolExecutor.runWorker(ThreadPoolExecutor.java:1144)
	at java.base/java.util.concurrent.ThreadPoolExecutor$Worker.run(ThreadPoolExecutor.java:642)
	at java.base/java.lang.Thread.run(Thread.java:1583)
2026-05-07 20:12:15.192 [pool-1-thread-2] DEBUG c.a.system.server.ServerLauncher - Server stats - Active connections: 0, Total requests: 1
2026-05-07 20:13:15.189 [pool-1-thread-2] DEBUG c.a.system.server.ServerLauncher - Server stats - Active connections: 0, Total requests: 1
2026-05-07 20:14:15.189 [pool-1-thread-2] DEBUG c.a.system.server.ServerLauncher - Server stats - Active connections: 0, Total requests: 1
2026-05-07 20:15:15.189 [pool-1-thread-2] DEBUG c.a.system.server.ServerLauncher - Server stats - Active connections: 0, Total requests: 1
2026-05-07 20:16:15.189 [pool-1-thread-2] DEBUG c.a.system.server.ServerLauncher - Server stats - Active connections: 0, Total requests: 1
2026-05-07 20:17:15.189 [pool-1-thread-2] DEBUG c.a.system.server.ServerLauncher - Server stats - Active connections: 0, Total requests: 1
2026-05-07 20:18:15.189 [pool-1-thread-2] DEBUG c.a.system.server.ServerLauncher - Server stats - Active connections: 0, Total requests: 1
2026-05-07 20:19:15.189 [pool-1-thread-2] DEBUG c.a.system.server.ServerLauncher - Server stats - Active connections: 0, Total requests: 1
2026-05-07 20:20:15.189 [pool-1-thread-2] DEBUG c.a.system.server.ServerLauncher - Server stats - Active connections: 0, Total requests: 1
2026-05-07 20:21:15.189 [pool-1-thread-2] DEBUG c.a.system.server.ServerLauncher - Server stats - Active connections: 0, Total requests: 1
2026-05-07 20:22:15.189 [pool-1-thread-2] DEBUG c.a.system.server.ServerLauncher - Server stats - Active connections: 0, Total requests: 1
2026-05-07 20:23:15.190 [pool-1-thread-2] DEBUG c.a.system.server.ServerLauncher - Server stats - Active connections: 0, Total requests: 1
2026-05-07 20:23:32.433 [com.attendance.system.server.ServerLauncher.main()] INFO  c.a.system.server.ServerLauncher - Starting Student Attendance System Server...
2026-05-07 20:23:32.435 [com.attendance.system.server.ServerLauncher.main()] INFO  c.a.system.server.ServerLauncher - Initializing database connection...
2026-05-07 20:23:32.460 [com.attendance.system.server.ServerLauncher.main()] INFO  com.zaxxer.hikari.HikariDataSource - HikariPool-1 - Starting...
2026-05-07 20:23:32.819 [com.attendance.system.server.ServerLauncher.main()] INFO  com.zaxxer.hikari.pool.HikariPool - HikariPool-1 - Added connection com.mysql.cj.jdbc.ConnectionImpl@4a25ae17
2026-05-07 20:23:32.824 [com.attendance.system.server.ServerLauncher.main()] INFO  com.zaxxer.hikari.HikariDataSource - HikariPool-1 - Start completed.
2026-05-07 20:23:32.824 [com.attendance.system.server.ServerLauncher.main()] INFO  c.a.system.dao.DatabaseManager - Database connection pool initialized successfully
2026-05-07 20:23:32.837 [com.attendance.system.server.ServerLauncher.main()] DEBUG c.a.system.dao.DatabaseManager - Database connection test successful
2026-05-07 20:23:32.855 [com.attendance.system.server.ServerLauncher.main()] INFO  com.zaxxer.hikari.HikariDataSource - HikariPool-2 - Starting...
2026-05-07 20:23:32.866 [com.attendance.system.server.ServerLauncher.main()] INFO  com.zaxxer.hikari.pool.HikariPool - HikariPool-2 - Added connection com.mysql.cj.jdbc.ConnectionImpl@3af58f0e
2026-05-07 20:23:32.866 [com.attendance.system.server.ServerLauncher.main()] INFO  com.zaxxer.hikari.HikariDataSource - HikariPool-2 - Start completed.
2026-05-07 20:23:32.867 [com.attendance.system.server.ServerLauncher.main()] INFO  c.a.system.dao.DatabaseManager - Database connection pool initialized successfully
2026-05-07 20:23:32.868 [com.attendance.system.server.ServerLauncher.main()] DEBUG c.a.system.dao.DatabaseManager - Database connection test successful
2026-05-07 20:23:32.869 [com.attendance.system.server.ServerLauncher.main()] DEBUG c.a.system.dao.DatabaseManager - Database connection test successful
2026-05-07 20:23:32.870 [com.attendance.system.server.ServerLauncher.main()] INFO  c.a.system.server.ServerLauncher - Database connection established successfully
2026-05-07 20:23:32.870 [com.attendance.system.server.ServerLauncher.main()] DEBUG c.a.system.server.ServerLauncher - Setting up RMI system properties...
2026-05-07 20:23:32.870 [com.attendance.system.server.ServerLauncher.main()] INFO  c.a.system.server.ServerLauncher - RMI server hostname set to: localhost
2026-05-07 20:23:32.871 [com.attendance.system.server.ServerLauncher.main()] INFO  c.a.system.server.ServerLauncher - Setting up RMI registry on port 1099...
2026-05-07 20:23:32.912 [com.attendance.system.server.ServerLauncher.main()] ERROR c.a.system.server.ServerLauncher - Failed to create RMI registry on port 1099
java.rmi.server.ExportException: Port already in use: 1099; nested exception is: 
	java.net.BindException: Address already in use
	at java.rmi/sun.rmi.transport.tcp.TCPTransport.listen(TCPTransport.java:356)
	at java.rmi/sun.rmi.transport.tcp.TCPTransport.exportObject(TCPTransport.java:251)
	at java.rmi/sun.rmi.transport.tcp.TCPEndpoint.exportObject(TCPEndpoint.java:415)
	at java.rmi/sun.rmi.transport.LiveRef.exportObject(LiveRef.java:147)
	at java.rmi/sun.rmi.server.UnicastServerRef.exportObject(UnicastServerRef.java:235)
	at java.rmi/sun.rmi.registry.RegistryImpl.setup(RegistryImpl.java:223)
	at java.rmi/sun.rmi.registry.RegistryImpl.<init>(RegistryImpl.java:208)
	at java.rmi/java.rmi.registry.LocateRegistry.createRegistry(LocateRegistry.java:203)
	at com.attendance.system.server.ServerLauncher.setupRMIRegistry(ServerLauncher.java:208)
	at com.attendance.system.server.ServerLauncher.start(ServerLauncher.java:77)
	at com.attendance.system.server.ServerLauncher.main(ServerLauncher.java:365)
	at org.codehaus.mojo.exec.ExecJavaMojo$1.run(ExecJavaMojo.java:279)
	at java.base/java.lang.Thread.run(Thread.java:1583)
Caused by: java.net.BindException: Address already in use
	at java.base/sun.nio.ch.Net.bind0(Native Method)
	at java.base/sun.nio.ch.Net.bind(Net.java:577)
	at java.base/sun.nio.ch.Net.bind(Net.java:566)
	at java.base/sun.nio.ch.NioSocketImpl.bind(NioSocketImpl.java:636)
	at java.base/java.net.ServerSocket.bind(ServerSocket.java:391)
	at java.base/java.net.ServerSocket.<init>(ServerSocket.java:278)
	at java.base/java.net.ServerSocket.<init>(ServerSocket.java:171)
	at java.rmi/sun.rmi.transport.tcp.TCPDirectSocketFactory.createServerSocket(TCPDirectSocketFactory.java:45)
	at java.rmi/sun.rmi.transport.tcp.TCPEndpoint.newServerSocket(TCPEndpoint.java:672)
	at java.rmi/sun.rmi.transport.tcp.TCPTransport.listen(TCPTransport.java:344)
	... 12 common frames omitted
2026-05-07 20:23:32.917 [com.attendance.system.server.ServerLauncher.main()] ERROR c.a.system.server.ServerLauncher - Failed to start server
java.rmi.server.ExportException: Port already in use: 1099; nested exception is: 
	java.net.BindException: Address already in use
	at java.rmi/sun.rmi.transport.tcp.TCPTransport.listen(TCPTransport.java:356)
	at java.rmi/sun.rmi.transport.tcp.TCPTransport.exportObject(TCPTransport.java:251)
	at java.rmi/sun.rmi.transport.tcp.TCPEndpoint.exportObject(TCPEndpoint.java:415)
	at java.rmi/sun.rmi.transport.LiveRef.exportObject(LiveRef.java:147)
	at java.rmi/sun.rmi.server.UnicastServerRef.exportObject(UnicastServerRef.java:235)
	at java.rmi/sun.rmi.registry.RegistryImpl.setup(RegistryImpl.java:223)
	at java.rmi/sun.rmi.registry.RegistryImpl.<init>(RegistryImpl.java:208)
	at java.rmi/java.rmi.registry.LocateRegistry.createRegistry(LocateRegistry.java:203)
	at com.attendance.system.server.ServerLauncher.setupRMIRegistry(ServerLauncher.java:208)
	at com.attendance.system.server.ServerLauncher.start(ServerLauncher.java:77)
	at com.attendance.system.server.ServerLauncher.main(ServerLauncher.java:365)
	at org.codehaus.mojo.exec.ExecJavaMojo$1.run(ExecJavaMojo.java:279)
	at java.base/java.lang.Thread.run(Thread.java:1583)
Caused by: java.net.BindException: Address already in use
	at java.base/sun.nio.ch.Net.bind0(Native Method)
	at java.base/sun.nio.ch.Net.bind(Net.java:577)
	at java.base/sun.nio.ch.Net.bind(Net.java:566)
	at java.base/sun.nio.ch.NioSocketImpl.bind(NioSocketImpl.java:636)
	at java.base/java.net.ServerSocket.bind(ServerSocket.java:391)
	at java.base/java.net.ServerSocket.<init>(ServerSocket.java:278)
	at java.base/java.net.ServerSocket.<init>(ServerSocket.java:171)
	at java.rmi/sun.rmi.transport.tcp.TCPDirectSocketFactory.createServerSocket(TCPDirectSocketFactory.java:45)
	at java.rmi/sun.rmi.transport.tcp.TCPEndpoint.newServerSocket(TCPEndpoint.java:672)
	at java.rmi/sun.rmi.transport.tcp.TCPTransport.listen(TCPTransport.java:344)
	... 12 common frames omitted
2026-05-07 20:23:32.918 [com.attendance.system.server.ServerLauncher.main()] INFO  com.zaxxer.hikari.HikariDataSource - HikariPool-2 - Shutdown initiated...
2026-05-07 20:23:32.936 [com.attendance.system.server.ServerLauncher.main()] INFO  com.zaxxer.hikari.HikariDataSource - HikariPool-2 - Shutdown completed.
2026-05-07 20:23:32.937 [com.attendance.system.server.ServerLauncher.main()] INFO  c.a.system.dao.DatabaseManager - Database connection pool closed
2026-05-07 20:23:32.937 [com.attendance.system.server.ServerLauncher.main()] INFO  c.a.system.server.ServerLauncher - Database connections closed
2026-05-07 20:23:32.937 [com.attendance.system.server.ServerLauncher.main()] ERROR c.a.system.server.ServerLauncher - Server startup failed
java.rmi.server.ExportException: Port already in use: 1099; nested exception is: 
	java.net.BindException: Address already in use
	at java.rmi/sun.rmi.transport.tcp.TCPTransport.listen(TCPTransport.java:356)
	at java.rmi/sun.rmi.transport.tcp.TCPTransport.exportObject(TCPTransport.java:251)
	at java.rmi/sun.rmi.transport.tcp.TCPEndpoint.exportObject(TCPEndpoint.java:415)
	at java.rmi/sun.rmi.transport.LiveRef.exportObject(LiveRef.java:147)
	at java.rmi/sun.rmi.server.UnicastServerRef.exportObject(UnicastServerRef.java:235)
	at java.rmi/sun.rmi.registry.RegistryImpl.setup(RegistryImpl.java:223)
	at java.rmi/sun.rmi.registry.RegistryImpl.<init>(RegistryImpl.java:208)
	at java.rmi/java.rmi.registry.LocateRegistry.createRegistry(LocateRegistry.java:203)
	at com.attendance.system.server.ServerLauncher.setupRMIRegistry(ServerLauncher.java:208)
	at com.attendance.system.server.ServerLauncher.start(ServerLauncher.java:77)
	at com.attendance.system.server.ServerLauncher.main(ServerLauncher.java:365)
	at org.codehaus.mojo.exec.ExecJavaMojo$1.run(ExecJavaMojo.java:279)
	at java.base/java.lang.Thread.run(Thread.java:1583)
Caused by: java.net.BindException: Address already in use
	at java.base/sun.nio.ch.Net.bind0(Native Method)
	at java.base/sun.nio.ch.Net.bind(Net.java:577)
	at java.base/sun.nio.ch.Net.bind(Net.java:566)
	at java.base/sun.nio.ch.NioSocketImpl.bind(NioSocketImpl.java:636)
	at java.base/java.net.ServerSocket.bind(ServerSocket.java:391)
	at java.base/java.net.ServerSocket.<init>(ServerSocket.java:278)
	at java.base/java.net.ServerSocket.<init>(ServerSocket.java:171)
	at java.rmi/sun.rmi.transport.tcp.TCPDirectSocketFactory.createServerSocket(TCPDirectSocketFactory.java:45)
	at java.rmi/sun.rmi.transport.tcp.TCPEndpoint.newServerSocket(TCPEndpoint.java:672)
	at java.rmi/sun.rmi.transport.tcp.TCPTransport.listen(TCPTransport.java:344)
	... 12 common frames omitted
2026-05-07 20:24:15.191 [pool-1-thread-2] DEBUG c.a.system.server.ServerLauncher - Server stats - Active connections: 0, Total requests: 1
2026-05-07 20:25:15.189 [pool-1-thread-2] DEBUG c.a.system.server.ServerLauncher - Server stats - Active connections: 0, Total requests: 1
2026-05-07 20:25:50.131 [com.attendance.system.server.ServerLauncher.main()] INFO  c.a.system.server.ServerLauncher - Starting Student Attendance System Server...
2026-05-07 20:25:50.133 [com.attendance.system.server.ServerLauncher.main()] INFO  c.a.system.server.ServerLauncher - Initializing database connection...
2026-05-07 20:25:50.160 [com.attendance.system.server.ServerLauncher.main()] INFO  com.zaxxer.hikari.HikariDataSource - HikariPool-1 - Starting...
2026-05-07 20:25:50.533 [com.attendance.system.server.ServerLauncher.main()] INFO  com.zaxxer.hikari.pool.HikariPool - HikariPool-1 - Added connection com.mysql.cj.jdbc.ConnectionImpl@19ce8d59
2026-05-07 20:25:50.537 [com.attendance.system.server.ServerLauncher.main()] INFO  com.zaxxer.hikari.HikariDataSource - HikariPool-1 - Start completed.
2026-05-07 20:25:50.537 [com.attendance.system.server.ServerLauncher.main()] INFO  c.a.system.dao.DatabaseManager - Database connection pool initialized successfully
2026-05-07 20:25:50.547 [com.attendance.system.server.ServerLauncher.main()] DEBUG c.a.system.dao.DatabaseManager - Database connection test successful
2026-05-07 20:25:50.573 [com.attendance.system.server.ServerLauncher.main()] INFO  com.zaxxer.hikari.HikariDataSource - HikariPool-2 - Starting...
2026-05-07 20:25:50.587 [com.attendance.system.server.ServerLauncher.main()] INFO  com.zaxxer.hikari.pool.HikariPool - HikariPool-2 - Added connection com.mysql.cj.jdbc.ConnectionImpl@194a6427
2026-05-07 20:25:50.588 [com.attendance.system.server.ServerLauncher.main()] INFO  com.zaxxer.hikari.HikariDataSource - HikariPool-2 - Start completed.
2026-05-07 20:25:50.592 [com.attendance.system.server.ServerLauncher.main()] INFO  c.a.system.dao.DatabaseManager - Database connection pool initialized successfully
2026-05-07 20:25:50.593 [com.attendance.system.server.ServerLauncher.main()] DEBUG c.a.system.dao.DatabaseManager - Database connection test successful
2026-05-07 20:25:50.598 [com.attendance.system.server.ServerLauncher.main()] DEBUG c.a.system.dao.DatabaseManager - Database connection test successful
2026-05-07 20:25:50.599 [com.attendance.system.server.ServerLauncher.main()] INFO  c.a.system.server.ServerLauncher - Database connection established successfully
2026-05-07 20:25:50.600 [com.attendance.system.server.ServerLauncher.main()] DEBUG c.a.system.server.ServerLauncher - Setting up RMI system properties...
2026-05-07 20:25:50.600 [com.attendance.system.server.ServerLauncher.main()] INFO  c.a.system.server.ServerLauncher - RMI server hostname set to: localhost
2026-05-07 20:25:50.600 [com.attendance.system.server.ServerLauncher.main()] INFO  c.a.system.server.ServerLauncher - Setting up RMI registry on port 1100...
2026-05-07 20:25:50.643 [com.attendance.system.server.ServerLauncher.main()] INFO  c.a.system.server.ServerLauncher - Created new RMI registry on port 1100
2026-05-07 20:25:50.647 [com.attendance.system.server.ServerLauncher.main()] INFO  c.a.system.server.ServerLauncher - Creating and exporting attendance server...
2026-05-07 20:25:50.765 [com.attendance.system.server.ServerLauncher.main()] INFO  c.a.system.server.AttendanceServer - AttendanceServer initialized successfully
2026-05-07 20:25:50.768 [com.attendance.system.server.ServerLauncher.main()] INFO  c.a.system.server.AttendanceServer - Encryption enabled: false
2026-05-07 20:25:50.768 [com.attendance.system.server.ServerLauncher.main()] INFO  c.a.system.server.AttendanceServer - Max concurrent users: 100
2026-05-07 20:25:50.768 [com.attendance.system.server.ServerLauncher.main()] INFO  c.a.system.server.ServerLauncher - Attendance server created and exported successfully
2026-05-07 20:25:50.768 [com.attendance.system.server.ServerLauncher.main()] INFO  c.a.system.server.ServerLauncher - Binding server to registry with name 'AttendanceService'...
2026-05-07 20:25:50.769 [com.attendance.system.server.ServerLauncher.main()] INFO  c.a.system.server.ServerLauncher - Server bound to registry successfully
2026-05-07 20:25:50.769 [com.attendance.system.server.ServerLauncher.main()] INFO  c.a.system.server.ServerLauncher - Starting maintenance tasks...
2026-05-07 20:25:50.781 [com.attendance.system.server.ServerLauncher.main()] INFO  c.a.system.server.ServerLauncher - Maintenance tasks started
2026-05-07 20:25:50.782 [com.attendance.system.server.ServerLauncher.main()] INFO  c.a.system.server.ServerLauncher - Server started successfully!
2026-05-07 20:25:50.782 [com.attendance.system.server.ServerLauncher.main()] INFO  c.a.system.server.ServerLauncher - Service name: AttendanceService
2026-05-07 20:25:50.783 [com.attendance.system.server.ServerLauncher.main()] INFO  c.a.system.server.ServerLauncher - RMI registry port: 1100
2026-05-07 20:25:50.783 [com.attendance.system.server.ServerLauncher.main()] INFO  c.a.system.server.ServerLauncher - Server listening on port: 0
2026-05-07 20:25:50.783 [com.attendance.system.server.ServerLauncher.main()] INFO  c.a.system.server.ServerLauncher - Server is ready to accept client connections.
2026-05-07 20:26:03.484 [AWT-EventQueue-0] INFO  c.a.system.client.AttendanceGUI - GUI initialized successfully
2026-05-07 20:26:03.488 [ForkJoinPool.commonPool-worker-2] INFO  c.a.system.client.AttendanceGUI - Attempting to connect to server: rmi://localhost:1099/AttendanceService
2026-05-07 20:26:03.553 [ForkJoinPool.commonPool-worker-2] ERROR c.a.system.client.AttendanceGUI - Failed to connect to server
java.rmi.ConnectException: Connection refused to host: localhost; nested exception is: 
	java.net.ConnectException: Connection refused
	at java.rmi/sun.rmi.transport.tcp.TCPEndpoint.newSocket(TCPEndpoint.java:625)
	at java.rmi/sun.rmi.transport.tcp.TCPChannel.createConnection(TCPChannel.java:217)
	at java.rmi/sun.rmi.transport.tcp.TCPChannel.newConnection(TCPChannel.java:204)
	at java.rmi/sun.rmi.server.UnicastRef.newCall(UnicastRef.java:345)
	at java.rmi/sun.rmi.registry.RegistryImpl_Stub.lookup(RegistryImpl_Stub.java:116)
	at java.rmi/java.rmi.Naming.lookup(Naming.java:101)
	at com.attendance.system.client.AttendanceGUI.lambda$initializeConnection$0(AttendanceGUI.java:183)
	at java.base/java.util.concurrent.CompletableFuture$AsyncSupply.run(CompletableFuture.java:1768)
	at java.base/java.util.concurrent.CompletableFuture$AsyncSupply.exec(CompletableFuture.java:1760)
	at java.base/java.util.concurrent.ForkJoinTask.doExec(ForkJoinTask.java:387)
	at java.base/java.util.concurrent.ForkJoinPool$WorkQueue.topLevelExec(ForkJoinPool.java:1312)
	at java.base/java.util.concurrent.ForkJoinPool.scan(ForkJoinPool.java:1843)
	at java.base/java.util.concurrent.ForkJoinPool.runWorker(ForkJoinPool.java:1808)
	at java.base/java.util.concurrent.ForkJoinWorkerThread.run(ForkJoinWorkerThread.java:188)
Caused by: java.net.ConnectException: Connection refused
	at java.base/sun.nio.ch.Net.connect0(Native Method)
	at java.base/sun.nio.ch.Net.connect(Net.java:601)
	at java.base/sun.nio.ch.Net.connect(Net.java:590)
	at java.base/sun.nio.ch.NioSocketImpl.connect(NioSocketImpl.java:583)
	at java.base/java.net.SocksSocketImpl.connect(SocksSocketImpl.java:327)
	at java.base/java.net.Socket.connect(Socket.java:751)
	at java.base/java.net.Socket.connect(Socket.java:686)
	at java.base/java.net.Socket.<init>(Socket.java:555)
	at java.base/java.net.Socket.<init>(Socket.java:324)
	at java.rmi/sun.rmi.transport.tcp.TCPDirectSocketFactory.createSocket(TCPDirectSocketFactory.java:40)
	at java.rmi/sun.rmi.transport.tcp.TCPEndpoint.newSocket(TCPEndpoint.java:619)
	... 13 common frames omitted
2026-05-07 20:26:08.624 [ForkJoinPool.commonPool-worker-2] INFO  c.a.system.client.AttendanceGUI - Attempting to connect to server: rmi://localhost:1099/AttendanceService
2026-05-07 20:26:08.629 [ForkJoinPool.commonPool-worker-2] ERROR c.a.system.client.AttendanceGUI - Failed to connect to server
java.rmi.ConnectException: Connection refused to host: localhost; nested exception is: 
	java.net.ConnectException: Connection refused
	at java.rmi/sun.rmi.transport.tcp.TCPEndpoint.newSocket(TCPEndpoint.java:625)
	at java.rmi/sun.rmi.transport.tcp.TCPChannel.createConnection(TCPChannel.java:217)
	at java.rmi/sun.rmi.transport.tcp.TCPChannel.newConnection(TCPChannel.java:204)
	at java.rmi/sun.rmi.server.UnicastRef.newCall(UnicastRef.java:345)
	at java.rmi/sun.rmi.registry.RegistryImpl_Stub.lookup(RegistryImpl_Stub.java:116)
	at java.rmi/java.rmi.Naming.lookup(Naming.java:101)
	at com.attendance.system.client.AttendanceGUI.lambda$initializeConnection$0(AttendanceGUI.java:183)
	at java.base/java.util.concurrent.CompletableFuture$AsyncSupply.run(CompletableFuture.java:1768)
	at java.base/java.util.concurrent.CompletableFuture$AsyncSupply.exec(CompletableFuture.java:1760)
	at java.base/java.util.concurrent.ForkJoinTask.doExec(ForkJoinTask.java:387)
	at java.base/java.util.concurrent.ForkJoinPool$WorkQueue.topLevelExec(ForkJoinPool.java:1312)
	at java.base/java.util.concurrent.ForkJoinPool.scan(ForkJoinPool.java:1843)
	at java.base/java.util.concurrent.ForkJoinPool.runWorker(ForkJoinPool.java:1808)
	at java.base/java.util.concurrent.ForkJoinWorkerThread.run(ForkJoinWorkerThread.java:188)
Caused by: java.net.ConnectException: Connection refused
	at java.base/sun.nio.ch.Net.connect0(Native Method)
	at java.base/sun.nio.ch.Net.connect(Net.java:601)
	at java.base/sun.nio.ch.Net.connect(Net.java:590)
	at java.base/sun.nio.ch.NioSocketImpl.connect(NioSocketImpl.java:583)
	at java.base/java.net.SocksSocketImpl.connect(SocksSocketImpl.java:327)
	at java.base/java.net.Socket.connect(Socket.java:751)
	at java.base/java.net.Socket.connect(Socket.java:686)
	at java.base/java.net.Socket.<init>(Socket.java:555)
	at java.base/java.net.Socket.<init>(Socket.java:324)
	at java.rmi/sun.rmi.transport.tcp.TCPDirectSocketFactory.createSocket(TCPDirectSocketFactory.java:40)
	at java.rmi/sun.rmi.transport.tcp.TCPEndpoint.newSocket(TCPEndpoint.java:619)
	... 13 common frames omitted
2026-05-07 20:26:13.718 [ForkJoinPool.commonPool-worker-2] INFO  c.a.system.client.AttendanceGUI - Attempting to connect to server: rmi://localhost:1099/AttendanceService
2026-05-07 20:26:13.719 [ForkJoinPool.commonPool-worker-2] ERROR c.a.system.client.AttendanceGUI - Failed to connect to server
java.rmi.ConnectException: Connection refused to host: localhost; nested exception is: 
	java.net.ConnectException: Connection refused
	at java.rmi/sun.rmi.transport.tcp.TCPEndpoint.newSocket(TCPEndpoint.java:625)
	at java.rmi/sun.rmi.transport.tcp.TCPChannel.createConnection(TCPChannel.java:217)
	at java.rmi/sun.rmi.transport.tcp.TCPChannel.newConnection(TCPChannel.java:204)
	at java.rmi/sun.rmi.server.UnicastRef.newCall(UnicastRef.java:345)
	at java.rmi/sun.rmi.registry.RegistryImpl_Stub.lookup(RegistryImpl_Stub.java:116)
	at java.rmi/java.rmi.Naming.lookup(Naming.java:101)
	at com.attendance.system.client.AttendanceGUI.lambda$initializeConnection$0(AttendanceGUI.java:183)
	at java.base/java.util.concurrent.CompletableFuture$AsyncSupply.run(CompletableFuture.java:1768)
	at java.base/java.util.concurrent.CompletableFuture$AsyncSupply.exec(CompletableFuture.java:1760)
	at java.base/java.util.concurrent.ForkJoinTask.doExec(ForkJoinTask.java:387)
	at java.base/java.util.concurrent.ForkJoinPool$WorkQueue.topLevelExec(ForkJoinPool.java:1312)
	at java.base/java.util.concurrent.ForkJoinPool.scan(ForkJoinPool.java:1843)
	at java.base/java.util.concurrent.ForkJoinPool.runWorker(ForkJoinPool.java:1808)
	at java.base/java.util.concurrent.ForkJoinWorkerThread.run(ForkJoinWorkerThread.java:188)
Caused by: java.net.ConnectException: Connection refused
	at java.base/sun.nio.ch.Net.connect0(Native Method)
	at java.base/sun.nio.ch.Net.connect(Net.java:601)
	at java.base/sun.nio.ch.Net.connect(Net.java:590)
	at java.base/sun.nio.ch.NioSocketImpl.connect(NioSocketImpl.java:583)
	at java.base/java.net.SocksSocketImpl.connect(SocksSocketImpl.java:327)
	at java.base/java.net.Socket.connect(Socket.java:751)
	at java.base/java.net.Socket.connect(Socket.java:686)
	at java.base/java.net.Socket.<init>(Socket.java:555)
	at java.base/java.net.Socket.<init>(Socket.java:324)
	at java.rmi/sun.rmi.transport.tcp.TCPDirectSocketFactory.createSocket(TCPDirectSocketFactory.java:40)
	at java.rmi/sun.rmi.transport.tcp.TCPEndpoint.newSocket(TCPEndpoint.java:619)
	... 13 common frames omitted
2026-05-07 20:26:18.729 [ForkJoinPool.commonPool-worker-2] INFO  c.a.system.client.AttendanceGUI - Attempting to connect to server: rmi://localhost:1099/AttendanceService
2026-05-07 20:26:18.732 [ForkJoinPool.commonPool-worker-2] ERROR c.a.system.client.AttendanceGUI - Failed to connect to server
java.rmi.ConnectException: Connection refused to host: localhost; nested exception is: 
	java.net.ConnectException: Connection refused
	at java.rmi/sun.rmi.transport.tcp.TCPEndpoint.newSocket(TCPEndpoint.java:625)
	at java.rmi/sun.rmi.transport.tcp.TCPChannel.createConnection(TCPChannel.java:217)
	at java.rmi/sun.rmi.transport.tcp.TCPChannel.newConnection(TCPChannel.java:204)
	at java.rmi/sun.rmi.server.UnicastRef.newCall(UnicastRef.java:345)
	at java.rmi/sun.rmi.registry.RegistryImpl_Stub.lookup(RegistryImpl_Stub.java:116)
	at java.rmi/java.rmi.Naming.lookup(Naming.java:101)
	at com.attendance.system.client.AttendanceGUI.lambda$initializeConnection$0(AttendanceGUI.java:183)
	at java.base/java.util.concurrent.CompletableFuture$AsyncSupply.run(CompletableFuture.java:1768)
	at java.base/java.util.concurrent.CompletableFuture$AsyncSupply.exec(CompletableFuture.java:1760)
	at java.base/java.util.concurrent.ForkJoinTask.doExec(ForkJoinTask.java:387)
	at java.base/java.util.concurrent.ForkJoinPool$WorkQueue.topLevelExec(ForkJoinPool.java:1312)
	at java.base/java.util.concurrent.ForkJoinPool.scan(ForkJoinPool.java:1843)
	at java.base/java.util.concurrent.ForkJoinPool.runWorker(ForkJoinPool.java:1808)
	at java.base/java.util.concurrent.ForkJoinWorkerThread.run(ForkJoinWorkerThread.java:188)
Caused by: java.net.ConnectException: Connection refused
	at java.base/sun.nio.ch.Net.connect0(Native Method)
	at java.base/sun.nio.ch.Net.connect(Net.java:601)
	at java.base/sun.nio.ch.Net.connect(Net.java:590)
	at java.base/sun.nio.ch.NioSocketImpl.connect(NioSocketImpl.java:583)
	at java.base/java.net.SocksSocketImpl.connect(SocksSocketImpl.java:327)
	at java.base/java.net.Socket.connect(Socket.java:751)
	at java.base/java.net.Socket.connect(Socket.java:686)
	at java.base/java.net.Socket.<init>(Socket.java:555)
	at java.base/java.net.Socket.<init>(Socket.java:324)
	at java.rmi/sun.rmi.transport.tcp.TCPDirectSocketFactory.createSocket(TCPDirectSocketFactory.java:40)
	at java.rmi/sun.rmi.transport.tcp.TCPEndpoint.newSocket(TCPEndpoint.java:619)
	... 13 common frames omitted
2026-05-07 20:26:23.752 [ForkJoinPool.commonPool-worker-2] INFO  c.a.system.client.AttendanceGUI - Attempting to connect to server: rmi://localhost:1099/AttendanceService
2026-05-07 20:26:23.755 [ForkJoinPool.commonPool-worker-2] ERROR c.a.system.client.AttendanceGUI - Failed to connect to server
java.rmi.ConnectException: Connection refused to host: localhost; nested exception is: 
	java.net.ConnectException: Connection refused
	at java.rmi/sun.rmi.transport.tcp.TCPEndpoint.newSocket(TCPEndpoint.java:625)
	at java.rmi/sun.rmi.transport.tcp.TCPChannel.createConnection(TCPChannel.java:217)
	at java.rmi/sun.rmi.transport.tcp.TCPChannel.newConnection(TCPChannel.java:204)
	at java.rmi/sun.rmi.server.UnicastRef.newCall(UnicastRef.java:345)
	at java.rmi/sun.rmi.registry.RegistryImpl_Stub.lookup(RegistryImpl_Stub.java:116)
	at java.rmi/java.rmi.Naming.lookup(Naming.java:101)
	at com.attendance.system.client.AttendanceGUI.lambda$initializeConnection$0(AttendanceGUI.java:183)
	at java.base/java.util.concurrent.CompletableFuture$AsyncSupply.run(CompletableFuture.java:1768)
	at java.base/java.util.concurrent.CompletableFuture$AsyncSupply.exec(CompletableFuture.java:1760)
	at java.base/java.util.concurrent.ForkJoinTask.doExec(ForkJoinTask.java:387)
	at java.base/java.util.concurrent.ForkJoinPool$WorkQueue.topLevelExec(ForkJoinPool.java:1312)
	at java.base/java.util.concurrent.ForkJoinPool.scan(ForkJoinPool.java:1843)
	at java.base/java.util.concurrent.ForkJoinPool.runWorker(ForkJoinPool.java:1808)
	at java.base/java.util.concurrent.ForkJoinWorkerThread.run(ForkJoinWorkerThread.java:188)
Caused by: java.net.ConnectException: Connection refused
	at java.base/sun.nio.ch.Net.connect0(Native Method)
	at java.base/sun.nio.ch.Net.connect(Net.java:601)
	at java.base/sun.nio.ch.Net.connect(Net.java:590)
	at java.base/sun.nio.ch.NioSocketImpl.connect(NioSocketImpl.java:583)
	at java.base/java.net.SocksSocketImpl.connect(SocksSocketImpl.java:327)
	at java.base/java.net.Socket.connect(Socket.java:751)
	at java.base/java.net.Socket.connect(Socket.java:686)
	at java.base/java.net.Socket.<init>(Socket.java:555)
	at java.base/java.net.Socket.<init>(Socket.java:324)
	at java.rmi/sun.rmi.transport.tcp.TCPDirectSocketFactory.createSocket(TCPDirectSocketFactory.java:40)
	at java.rmi/sun.rmi.transport.tcp.TCPEndpoint.newSocket(TCPEndpoint.java:619)
	... 13 common frames omitted
2026-05-07 20:26:28.780 [ForkJoinPool.commonPool-worker-2] INFO  c.a.system.client.AttendanceGUI - Attempting to connect to server: rmi://localhost:1099/AttendanceService
2026-05-07 20:26:28.784 [ForkJoinPool.commonPool-worker-2] ERROR c.a.system.client.AttendanceGUI - Failed to connect to server
java.rmi.ConnectException: Connection refused to host: localhost; nested exception is: 
	java.net.ConnectException: Connection refused
	at java.rmi/sun.rmi.transport.tcp.TCPEndpoint.newSocket(TCPEndpoint.java:625)
	at java.rmi/sun.rmi.transport.tcp.TCPChannel.createConnection(TCPChannel.java:217)
	at java.rmi/sun.rmi.transport.tcp.TCPChannel.newConnection(TCPChannel.java:204)
	at java.rmi/sun.rmi.server.UnicastRef.newCall(UnicastRef.java:345)
	at java.rmi/sun.rmi.registry.RegistryImpl_Stub.lookup(RegistryImpl_Stub.java:116)
	at java.rmi/java.rmi.Naming.lookup(Naming.java:101)
	at com.attendance.system.client.AttendanceGUI.lambda$initializeConnection$0(AttendanceGUI.java:183)
	at java.base/java.util.concurrent.CompletableFuture$AsyncSupply.run(CompletableFuture.java:1768)
	at java.base/java.util.concurrent.CompletableFuture$AsyncSupply.exec(CompletableFuture.java:1760)
	at java.base/java.util.concurrent.ForkJoinTask.doExec(ForkJoinTask.java:387)
	at java.base/java.util.concurrent.ForkJoinPool$WorkQueue.topLevelExec(ForkJoinPool.java:1312)
	at java.base/java.util.concurrent.ForkJoinPool.scan(ForkJoinPool.java:1843)
	at java.base/java.util.concurrent.ForkJoinPool.runWorker(ForkJoinPool.java:1808)
	at java.base/java.util.concurrent.ForkJoinWorkerThread.run(ForkJoinWorkerThread.java:188)
Caused by: java.net.ConnectException: Connection refused
	at java.base/sun.nio.ch.Net.connect0(Native Method)
	at java.base/sun.nio.ch.Net.connect(Net.java:601)
	at java.base/sun.nio.ch.Net.connect(Net.java:590)
	at java.base/sun.nio.ch.NioSocketImpl.connect(NioSocketImpl.java:583)
	at java.base/java.net.SocksSocketImpl.connect(SocksSocketImpl.java:327)
	at java.base/java.net.Socket.connect(Socket.java:751)
	at java.base/java.net.Socket.connect(Socket.java:686)
	at java.base/java.net.Socket.<init>(Socket.java:555)
	at java.base/java.net.Socket.<init>(Socket.java:324)
	at java.rmi/sun.rmi.transport.tcp.TCPDirectSocketFactory.createSocket(TCPDirectSocketFactory.java:40)
	at java.rmi/sun.rmi.transport.tcp.TCPEndpoint.newSocket(TCPEndpoint.java:619)
	... 13 common frames omitted
2026-05-07 20:26:33.799 [ForkJoinPool.commonPool-worker-2] INFO  c.a.system.client.AttendanceGUI - Attempting to connect to server: rmi://localhost:1099/AttendanceService
2026-05-07 20:26:33.810 [ForkJoinPool.commonPool-worker-2] ERROR c.a.system.client.AttendanceGUI - Failed to connect to server
java.rmi.ConnectException: Connection refused to host: localhost; nested exception is: 
	java.net.ConnectException: Connection refused
	at java.rmi/sun.rmi.transport.tcp.TCPEndpoint.newSocket(TCPEndpoint.java:625)
	at java.rmi/sun.rmi.transport.tcp.TCPChannel.createConnection(TCPChannel.java:217)
	at java.rmi/sun.rmi.transport.tcp.TCPChannel.newConnection(TCPChannel.java:204)
	at java.rmi/sun.rmi.server.UnicastRef.newCall(UnicastRef.java:345)
	at java.rmi/sun.rmi.registry.RegistryImpl_Stub.lookup(RegistryImpl_Stub.java:116)
	at java.rmi/java.rmi.Naming.lookup(Naming.java:101)
	at com.attendance.system.client.AttendanceGUI.lambda$initializeConnection$0(AttendanceGUI.java:183)
	at java.base/java.util.concurrent.CompletableFuture$AsyncSupply.run(CompletableFuture.java:1768)
	at java.base/java.util.concurrent.CompletableFuture$AsyncSupply.exec(CompletableFuture.java:1760)
	at java.base/java.util.concurrent.ForkJoinTask.doExec(ForkJoinTask.java:387)
	at java.base/java.util.concurrent.ForkJoinPool$WorkQueue.topLevelExec(ForkJoinPool.java:1312)
	at java.base/java.util.concurrent.ForkJoinPool.scan(ForkJoinPool.java:1843)
	at java.base/java.util.concurrent.ForkJoinPool.runWorker(ForkJoinPool.java:1808)
	at java.base/java.util.concurrent.ForkJoinWorkerThread.run(ForkJoinWorkerThread.java:188)
Caused by: java.net.ConnectException: Connection refused
	at java.base/sun.nio.ch.Net.connect0(Native Method)
	at java.base/sun.nio.ch.Net.connect(Net.java:601)
	at java.base/sun.nio.ch.Net.connect(Net.java:590)
	at java.base/sun.nio.ch.NioSocketImpl.connect(NioSocketImpl.java:583)
	at java.base/java.net.SocksSocketImpl.connect(SocksSocketImpl.java:327)
	at java.base/java.net.Socket.connect(Socket.java:751)
	at java.base/java.net.Socket.connect(Socket.java:686)
	at java.base/java.net.Socket.<init>(Socket.java:555)
	at java.base/java.net.Socket.<init>(Socket.java:324)
	at java.rmi/sun.rmi.transport.tcp.TCPDirectSocketFactory.createSocket(TCPDirectSocketFactory.java:40)
	at java.rmi/sun.rmi.transport.tcp.TCPEndpoint.newSocket(TCPEndpoint.java:619)
	... 13 common frames omitted
2026-05-07 20:26:38.826 [ForkJoinPool.commonPool-worker-2] INFO  c.a.system.client.AttendanceGUI - Attempting to connect to server: rmi://localhost:1099/AttendanceService
2026-05-07 20:26:38.827 [ForkJoinPool.commonPool-worker-2] ERROR c.a.system.client.AttendanceGUI - Failed to connect to server
java.rmi.ConnectException: Connection refused to host: localhost; nested exception is: 
	java.net.ConnectException: Connection refused
	at java.rmi/sun.rmi.transport.tcp.TCPEndpoint.newSocket(TCPEndpoint.java:625)
	at java.rmi/sun.rmi.transport.tcp.TCPChannel.createConnection(TCPChannel.java:217)
	at java.rmi/sun.rmi.transport.tcp.TCPChannel.newConnection(TCPChannel.java:204)
	at java.rmi/sun.rmi.server.UnicastRef.newCall(UnicastRef.java:345)
	at java.rmi/sun.rmi.registry.RegistryImpl_Stub.lookup(RegistryImpl_Stub.java:116)
	at java.rmi/java.rmi.Naming.lookup(Naming.java:101)
	at com.attendance.system.client.AttendanceGUI.lambda$initializeConnection$0(AttendanceGUI.java:183)
	at java.base/java.util.concurrent.CompletableFuture$AsyncSupply.run(CompletableFuture.java:1768)
	at java.base/java.util.concurrent.CompletableFuture$AsyncSupply.exec(CompletableFuture.java:1760)
	at java.base/java.util.concurrent.ForkJoinTask.doExec(ForkJoinTask.java:387)
	at java.base/java.util.concurrent.ForkJoinPool$WorkQueue.topLevelExec(ForkJoinPool.java:1312)
	at java.base/java.util.concurrent.ForkJoinPool.scan(ForkJoinPool.java:1843)
	at java.base/java.util.concurrent.ForkJoinPool.runWorker(ForkJoinPool.java:1808)
	at java.base/java.util.concurrent.ForkJoinWorkerThread.run(ForkJoinWorkerThread.java:188)
Caused by: java.net.ConnectException: Connection refused
	at java.base/sun.nio.ch.Net.connect0(Native Method)
	at java.base/sun.nio.ch.Net.connect(Net.java:601)
	at java.base/sun.nio.ch.Net.connect(Net.java:590)
	at java.base/sun.nio.ch.NioSocketImpl.connect(NioSocketImpl.java:583)
	at java.base/java.net.SocksSocketImpl.connect(SocksSocketImpl.java:327)
	at java.base/java.net.Socket.connect(Socket.java:751)
	at java.base/java.net.Socket.connect(Socket.java:686)
	at java.base/java.net.Socket.<init>(Socket.java:555)
	at java.base/java.net.Socket.<init>(Socket.java:324)
	at java.rmi/sun.rmi.transport.tcp.TCPDirectSocketFactory.createSocket(TCPDirectSocketFactory.java:40)
	at java.rmi/sun.rmi.transport.tcp.TCPEndpoint.newSocket(TCPEndpoint.java:619)
	... 13 common frames omitted
2026-05-07 20:26:43.832 [ForkJoinPool.commonPool-worker-2] INFO  c.a.system.client.AttendanceGUI - Attempting to connect to server: rmi://localhost:1099/AttendanceService
2026-05-07 20:26:43.834 [ForkJoinPool.commonPool-worker-2] ERROR c.a.system.client.AttendanceGUI - Failed to connect to server
java.rmi.ConnectException: Connection refused to host: localhost; nested exception is: 
	java.net.ConnectException: Connection refused
	at java.rmi/sun.rmi.transport.tcp.TCPEndpoint.newSocket(TCPEndpoint.java:625)
	at java.rmi/sun.rmi.transport.tcp.TCPChannel.createConnection(TCPChannel.java:217)
	at java.rmi/sun.rmi.transport.tcp.TCPChannel.newConnection(TCPChannel.java:204)
	at java.rmi/sun.rmi.server.UnicastRef.newCall(UnicastRef.java:345)
	at java.rmi/sun.rmi.registry.RegistryImpl_Stub.lookup(RegistryImpl_Stub.java:116)
	at java.rmi/java.rmi.Naming.lookup(Naming.java:101)
	at com.attendance.system.client.AttendanceGUI.lambda$initializeConnection$0(AttendanceGUI.java:183)
	at java.base/java.util.concurrent.CompletableFuture$AsyncSupply.run(CompletableFuture.java:1768)
	at java.base/java.util.concurrent.CompletableFuture$AsyncSupply.exec(CompletableFuture.java:1760)
	at java.base/java.util.concurrent.ForkJoinTask.doExec(ForkJoinTask.java:387)
	at java.base/java.util.concurrent.ForkJoinPool$WorkQueue.topLevelExec(ForkJoinPool.java:1312)
	at java.base/java.util.concurrent.ForkJoinPool.scan(ForkJoinPool.java:1843)
	at java.base/java.util.concurrent.ForkJoinPool.runWorker(ForkJoinPool.java:1808)
	at java.base/java.util.concurrent.ForkJoinWorkerThread.run(ForkJoinWorkerThread.java:188)
Caused by: java.net.ConnectException: Connection refused
	at java.base/sun.nio.ch.Net.connect0(Native Method)
	at java.base/sun.nio.ch.Net.connect(Net.java:601)
	at java.base/sun.nio.ch.Net.connect(Net.java:590)
	at java.base/sun.nio.ch.NioSocketImpl.connect(NioSocketImpl.java:583)
	at java.base/java.net.SocksSocketImpl.connect(SocksSocketImpl.java:327)
	at java.base/java.net.Socket.connect(Socket.java:751)
	at java.base/java.net.Socket.connect(Socket.java:686)
	at java.base/java.net.Socket.<init>(Socket.java:555)
	at java.base/java.net.Socket.<init>(Socket.java:324)
	at java.rmi/sun.rmi.transport.tcp.TCPDirectSocketFactory.createSocket(TCPDirectSocketFactory.java:40)
	at java.rmi/sun.rmi.transport.tcp.TCPEndpoint.newSocket(TCPEndpoint.java:619)
	... 13 common frames omitted
2026-05-07 20:26:48.843 [ForkJoinPool.commonPool-worker-2] INFO  c.a.system.client.AttendanceGUI - Attempting to connect to server: rmi://localhost:1099/AttendanceService
2026-05-07 20:26:48.845 [ForkJoinPool.commonPool-worker-2] ERROR c.a.system.client.AttendanceGUI - Failed to connect to server
java.rmi.ConnectException: Connection refused to host: localhost; nested exception is: 
	java.net.ConnectException: Connection refused
	at java.rmi/sun.rmi.transport.tcp.TCPEndpoint.newSocket(TCPEndpoint.java:625)
	at java.rmi/sun.rmi.transport.tcp.TCPChannel.createConnection(TCPChannel.java:217)
	at java.rmi/sun.rmi.transport.tcp.TCPChannel.newConnection(TCPChannel.java:204)
	at java.rmi/sun.rmi.server.UnicastRef.newCall(UnicastRef.java:345)
	at java.rmi/sun.rmi.registry.RegistryImpl_Stub.lookup(RegistryImpl_Stub.java:116)
	at java.rmi/java.rmi.Naming.lookup(Naming.java:101)
	at com.attendance.system.client.AttendanceGUI.lambda$initializeConnection$0(AttendanceGUI.java:183)
	at java.base/java.util.concurrent.CompletableFuture$AsyncSupply.run(CompletableFuture.java:1768)
	at java.base/java.util.concurrent.CompletableFuture$AsyncSupply.exec(CompletableFuture.java:1760)
	at java.base/java.util.concurrent.ForkJoinTask.doExec(ForkJoinTask.java:387)
	at java.base/java.util.concurrent.ForkJoinPool$WorkQueue.topLevelExec(ForkJoinPool.java:1312)
	at java.base/java.util.concurrent.ForkJoinPool.scan(ForkJoinPool.java:1843)
	at java.base/java.util.concurrent.ForkJoinPool.runWorker(ForkJoinPool.java:1808)
	at java.base/java.util.concurrent.ForkJoinWorkerThread.run(ForkJoinWorkerThread.java:188)
Caused by: java.net.ConnectException: Connection refused
	at java.base/sun.nio.ch.Net.connect0(Native Method)
	at java.base/sun.nio.ch.Net.connect(Net.java:601)
	at java.base/sun.nio.ch.Net.connect(Net.java:590)
	at java.base/sun.nio.ch.NioSocketImpl.connect(NioSocketImpl.java:583)
	at java.base/java.net.SocksSocketImpl.connect(SocksSocketImpl.java:327)
	at java.base/java.net.Socket.connect(Socket.java:751)
	at java.base/java.net.Socket.connect(Socket.java:686)
	at java.base/java.net.Socket.<init>(Socket.java:555)
	at java.base/java.net.Socket.<init>(Socket.java:324)
	at java.rmi/sun.rmi.transport.tcp.TCPDirectSocketFactory.createSocket(TCPDirectSocketFactory.java:40)
	at java.rmi/sun.rmi.transport.tcp.TCPEndpoint.newSocket(TCPEndpoint.java:619)
	... 13 common frames omitted
2026-05-07 20:26:50.775 [pool-1-thread-2] DEBUG c.a.system.server.ServerLauncher - Server stats - Active connections: 0, Total requests: 0
2026-05-07 20:26:52.377 [ForkJoinPool.commonPool-worker-2] INFO  c.a.system.client.AttendanceGUI - Attempting to connect to server: rmi://localhost:1099/AttendanceService
2026-05-07 20:26:52.400 [ForkJoinPool.commonPool-worker-2] ERROR c.a.system.client.AttendanceGUI - Failed to connect to server
java.rmi.ConnectException: Connection refused to host: localhost; nested exception is: 
	java.net.ConnectException: Connection refused
	at java.rmi/sun.rmi.transport.tcp.TCPEndpoint.newSocket(TCPEndpoint.java:625)
	at java.rmi/sun.rmi.transport.tcp.TCPChannel.createConnection(TCPChannel.java:217)
	at java.rmi/sun.rmi.transport.tcp.TCPChannel.newConnection(TCPChannel.java:204)
	at java.rmi/sun.rmi.server.UnicastRef.newCall(UnicastRef.java:345)
	at java.rmi/sun.rmi.registry.RegistryImpl_Stub.lookup(RegistryImpl_Stub.java:116)
	at java.rmi/java.rmi.Naming.lookup(Naming.java:101)
	at com.attendance.system.client.AttendanceGUI.lambda$initializeConnection$0(AttendanceGUI.java:183)
	at java.base/java.util.concurrent.CompletableFuture$AsyncSupply.run(CompletableFuture.java:1768)
	at java.base/java.util.concurrent.CompletableFuture$AsyncSupply.exec(CompletableFuture.java:1760)
	at java.base/java.util.concurrent.ForkJoinTask.doExec(ForkJoinTask.java:387)
	at java.base/java.util.concurrent.ForkJoinPool$WorkQueue.topLevelExec(ForkJoinPool.java:1312)
	at java.base/java.util.concurrent.ForkJoinPool.scan(ForkJoinPool.java:1843)
	at java.base/java.util.concurrent.ForkJoinPool.runWorker(ForkJoinPool.java:1808)
	at java.base/java.util.concurrent.ForkJoinWorkerThread.run(ForkJoinWorkerThread.java:188)
Caused by: java.net.ConnectException: Connection refused
	at java.base/sun.nio.ch.Net.connect0(Native Method)
	at java.base/sun.nio.ch.Net.connect(Net.java:601)
	at java.base/sun.nio.ch.Net.connect(Net.java:590)
	at java.base/sun.nio.ch.NioSocketImpl.connect(NioSocketImpl.java:583)
	at java.base/java.net.SocksSocketImpl.connect(SocksSocketImpl.java:327)
	at java.base/java.net.Socket.connect(Socket.java:751)
	at java.base/java.net.Socket.connect(Socket.java:686)
	at java.base/java.net.Socket.<init>(Socket.java:555)
	at java.base/java.net.Socket.<init>(Socket.java:324)
	at java.rmi/sun.rmi.transport.tcp.TCPDirectSocketFactory.createSocket(TCPDirectSocketFactory.java:40)
	at java.rmi/sun.rmi.transport.tcp.TCPEndpoint.newSocket(TCPEndpoint.java:619)
	... 13 common frames omitted
2026-05-07 20:26:57.433 [ForkJoinPool.commonPool-worker-2] INFO  c.a.system.client.AttendanceGUI - Attempting to connect to server: rmi://localhost:1099/AttendanceService
2026-05-07 20:26:57.437 [ForkJoinPool.commonPool-worker-2] ERROR c.a.system.client.AttendanceGUI - Failed to connect to server
java.rmi.ConnectException: Connection refused to host: localhost; nested exception is: 
	java.net.ConnectException: Connection refused
	at java.rmi/sun.rmi.transport.tcp.TCPEndpoint.newSocket(TCPEndpoint.java:625)
	at java.rmi/sun.rmi.transport.tcp.TCPChannel.createConnection(TCPChannel.java:217)
	at java.rmi/sun.rmi.transport.tcp.TCPChannel.newConnection(TCPChannel.java:204)
	at java.rmi/sun.rmi.server.UnicastRef.newCall(UnicastRef.java:345)
	at java.rmi/sun.rmi.registry.RegistryImpl_Stub.lookup(RegistryImpl_Stub.java:116)
	at java.rmi/java.rmi.Naming.lookup(Naming.java:101)
	at com.attendance.system.client.AttendanceGUI.lambda$initializeConnection$0(AttendanceGUI.java:183)
	at java.base/java.util.concurrent.CompletableFuture$AsyncSupply.run(CompletableFuture.java:1768)
	at java.base/java.util.concurrent.CompletableFuture$AsyncSupply.exec(CompletableFuture.java:1760)
	at java.base/java.util.concurrent.ForkJoinTask.doExec(ForkJoinTask.java:387)
	at java.base/java.util.concurrent.ForkJoinPool$WorkQueue.topLevelExec(ForkJoinPool.java:1312)
	at java.base/java.util.concurrent.ForkJoinPool.scan(ForkJoinPool.java:1843)
	at java.base/java.util.concurrent.ForkJoinPool.runWorker(ForkJoinPool.java:1808)
	at java.base/java.util.concurrent.ForkJoinWorkerThread.run(ForkJoinWorkerThread.java:188)
Caused by: java.net.ConnectException: Connection refused
	at java.base/sun.nio.ch.Net.connect0(Native Method)
	at java.base/sun.nio.ch.Net.connect(Net.java:601)
	at java.base/sun.nio.ch.Net.connect(Net.java:590)
	at java.base/sun.nio.ch.NioSocketImpl.connect(NioSocketImpl.java:583)
	at java.base/java.net.SocksSocketImpl.connect(SocksSocketImpl.java:327)
	at java.base/java.net.Socket.connect(Socket.java:751)
	at java.base/java.net.Socket.connect(Socket.java:686)
	at java.base/java.net.Socket.<init>(Socket.java:555)
	at java.base/java.net.Socket.<init>(Socket.java:324)
	at java.rmi/sun.rmi.transport.tcp.TCPDirectSocketFactory.createSocket(TCPDirectSocketFactory.java:40)
	at java.rmi/sun.rmi.transport.tcp.TCPEndpoint.newSocket(TCPEndpoint.java:619)
	... 13 common frames omitted
2026-05-07 20:27:02.450 [ForkJoinPool.commonPool-worker-2] INFO  c.a.system.client.AttendanceGUI - Attempting to connect to server: rmi://localhost:1099/AttendanceService
2026-05-07 20:27:02.454 [ForkJoinPool.commonPool-worker-2] ERROR c.a.system.client.AttendanceGUI - Failed to connect to server
java.rmi.ConnectException: Connection refused to host: localhost; nested exception is: 
	java.net.ConnectException: Connection refused
	at java.rmi/sun.rmi.transport.tcp.TCPEndpoint.newSocket(TCPEndpoint.java:625)
	at java.rmi/sun.rmi.transport.tcp.TCPChannel.createConnection(TCPChannel.java:217)
	at java.rmi/sun.rmi.transport.tcp.TCPChannel.newConnection(TCPChannel.java:204)
	at java.rmi/sun.rmi.server.UnicastRef.newCall(UnicastRef.java:345)
	at java.rmi/sun.rmi.registry.RegistryImpl_Stub.lookup(RegistryImpl_Stub.java:116)
	at java.rmi/java.rmi.Naming.lookup(Naming.java:101)
	at com.attendance.system.client.AttendanceGUI.lambda$initializeConnection$0(AttendanceGUI.java:183)
	at java.base/java.util.concurrent.CompletableFuture$AsyncSupply.run(CompletableFuture.java:1768)
	at java.base/java.util.concurrent.CompletableFuture$AsyncSupply.exec(CompletableFuture.java:1760)
	at java.base/java.util.concurrent.ForkJoinTask.doExec(ForkJoinTask.java:387)
	at java.base/java.util.concurrent.ForkJoinPool$WorkQueue.topLevelExec(ForkJoinPool.java:1312)
	at java.base/java.util.concurrent.ForkJoinPool.scan(ForkJoinPool.java:1843)
	at java.base/java.util.concurrent.ForkJoinPool.runWorker(ForkJoinPool.java:1808)
	at java.base/java.util.concurrent.ForkJoinWorkerThread.run(ForkJoinWorkerThread.java:188)
Caused by: java.net.ConnectException: Connection refused
	at java.base/sun.nio.ch.Net.connect0(Native Method)
	at java.base/sun.nio.ch.Net.connect(Net.java:601)
	at java.base/sun.nio.ch.Net.connect(Net.java:590)
	at java.base/sun.nio.ch.NioSocketImpl.connect(NioSocketImpl.java:583)
	at java.base/java.net.SocksSocketImpl.connect(SocksSocketImpl.java:327)
	at java.base/java.net.Socket.connect(Socket.java:751)
	at java.base/java.net.Socket.connect(Socket.java:686)
	at java.base/java.net.Socket.<init>(Socket.java:555)
	at java.base/java.net.Socket.<init>(Socket.java:324)
	at java.rmi/sun.rmi.transport.tcp.TCPDirectSocketFactory.createSocket(TCPDirectSocketFactory.java:40)
	at java.rmi/sun.rmi.transport.tcp.TCPEndpoint.newSocket(TCPEndpoint.java:619)
	... 13 common frames omitted
2026-05-07 20:27:07.470 [ForkJoinPool.commonPool-worker-2] INFO  c.a.system.client.AttendanceGUI - Attempting to connect to server: rmi://localhost:1099/AttendanceService
2026-05-07 20:27:07.472 [ForkJoinPool.commonPool-worker-2] ERROR c.a.system.client.AttendanceGUI - Failed to connect to server
java.rmi.ConnectException: Connection refused to host: localhost; nested exception is: 
	java.net.ConnectException: Connection refused
	at java.rmi/sun.rmi.transport.tcp.TCPEndpoint.newSocket(TCPEndpoint.java:625)
	at java.rmi/sun.rmi.transport.tcp.TCPChannel.createConnection(TCPChannel.java:217)
	at java.rmi/sun.rmi.transport.tcp.TCPChannel.newConnection(TCPChannel.java:204)
	at java.rmi/sun.rmi.server.UnicastRef.newCall(UnicastRef.java:345)
	at java.rmi/sun.rmi.registry.RegistryImpl_Stub.lookup(RegistryImpl_Stub.java:116)
	at java.rmi/java.rmi.Naming.lookup(Naming.java:101)
	at com.attendance.system.client.AttendanceGUI.lambda$initializeConnection$0(AttendanceGUI.java:183)
	at java.base/java.util.concurrent.CompletableFuture$AsyncSupply.run(CompletableFuture.java:1768)
	at java.base/java.util.concurrent.CompletableFuture$AsyncSupply.exec(CompletableFuture.java:1760)
	at java.base/java.util.concurrent.ForkJoinTask.doExec(ForkJoinTask.java:387)
	at java.base/java.util.concurrent.ForkJoinPool$WorkQueue.topLevelExec(ForkJoinPool.java:1312)
	at java.base/java.util.concurrent.ForkJoinPool.scan(ForkJoinPool.java:1843)
	at java.base/java.util.concurrent.ForkJoinPool.runWorker(ForkJoinPool.java:1808)
	at java.base/java.util.concurrent.ForkJoinWorkerThread.run(ForkJoinWorkerThread.java:188)
Caused by: java.net.ConnectException: Connection refused
	at java.base/sun.nio.ch.Net.connect0(Native Method)
	at java.base/sun.nio.ch.Net.connect(Net.java:601)
	at java.base/sun.nio.ch.Net.connect(Net.java:590)
	at java.base/sun.nio.ch.NioSocketImpl.connect(NioSocketImpl.java:583)
	at java.base/java.net.SocksSocketImpl.connect(SocksSocketImpl.java:327)
	at java.base/java.net.Socket.connect(Socket.java:751)
	at java.base/java.net.Socket.connect(Socket.java:686)
	at java.base/java.net.Socket.<init>(Socket.java:555)
	at java.base/java.net.Socket.<init>(Socket.java:324)
	at java.rmi/sun.rmi.transport.tcp.TCPDirectSocketFactory.createSocket(TCPDirectSocketFactory.java:40)
	at java.rmi/sun.rmi.transport.tcp.TCPEndpoint.newSocket(TCPEndpoint.java:619)
	... 13 common frames omitted
2026-05-07 20:27:12.487 [ForkJoinPool.commonPool-worker-2] INFO  c.a.system.client.AttendanceGUI - Attempting to connect to server: rmi://localhost:1099/AttendanceService
2026-05-07 20:27:12.490 [ForkJoinPool.commonPool-worker-2] ERROR c.a.system.client.AttendanceGUI - Failed to connect to server
java.rmi.ConnectException: Connection refused to host: localhost; nested exception is: 
	java.net.ConnectException: Connection refused
	at java.rmi/sun.rmi.transport.tcp.TCPEndpoint.newSocket(TCPEndpoint.java:625)
	at java.rmi/sun.rmi.transport.tcp.TCPChannel.createConnection(TCPChannel.java:217)
	at java.rmi/sun.rmi.transport.tcp.TCPChannel.newConnection(TCPChannel.java:204)
	at java.rmi/sun.rmi.server.UnicastRef.newCall(UnicastRef.java:345)
	at java.rmi/sun.rmi.registry.RegistryImpl_Stub.lookup(RegistryImpl_Stub.java:116)
	at java.rmi/java.rmi.Naming.lookup(Naming.java:101)
	at com.attendance.system.client.AttendanceGUI.lambda$initializeConnection$0(AttendanceGUI.java:183)
	at java.base/java.util.concurrent.CompletableFuture$AsyncSupply.run(CompletableFuture.java:1768)
	at java.base/java.util.concurrent.CompletableFuture$AsyncSupply.exec(CompletableFuture.java:1760)
	at java.base/java.util.concurrent.ForkJoinTask.doExec(ForkJoinTask.java:387)
	at java.base/java.util.concurrent.ForkJoinPool$WorkQueue.topLevelExec(ForkJoinPool.java:1312)
	at java.base/java.util.concurrent.ForkJoinPool.scan(ForkJoinPool.java:1843)
	at java.base/java.util.concurrent.ForkJoinPool.runWorker(ForkJoinPool.java:1808)
	at java.base/java.util.concurrent.ForkJoinWorkerThread.run(ForkJoinWorkerThread.java:188)
Caused by: java.net.ConnectException: Connection refused
	at java.base/sun.nio.ch.Net.connect0(Native Method)
	at java.base/sun.nio.ch.Net.connect(Net.java:601)
	at java.base/sun.nio.ch.Net.connect(Net.java:590)
	at java.base/sun.nio.ch.NioSocketImpl.connect(NioSocketImpl.java:583)
	at java.base/java.net.SocksSocketImpl.connect(SocksSocketImpl.java:327)
	at java.base/java.net.Socket.connect(Socket.java:751)
	at java.base/java.net.Socket.connect(Socket.java:686)
	at java.base/java.net.Socket.<init>(Socket.java:555)
	at java.base/java.net.Socket.<init>(Socket.java:324)
	at java.rmi/sun.rmi.transport.tcp.TCPDirectSocketFactory.createSocket(TCPDirectSocketFactory.java:40)
	at java.rmi/sun.rmi.transport.tcp.TCPEndpoint.newSocket(TCPEndpoint.java:619)
	... 13 common frames omitted
2026-05-07 20:27:17.501 [ForkJoinPool.commonPool-worker-2] INFO  c.a.system.client.AttendanceGUI - Attempting to connect to server: rmi://localhost:1099/AttendanceService
2026-05-07 20:27:17.507 [ForkJoinPool.commonPool-worker-2] ERROR c.a.system.client.AttendanceGUI - Failed to connect to server
java.rmi.ConnectException: Connection refused to host: localhost; nested exception is: 
	java.net.ConnectException: Connection refused
	at java.rmi/sun.rmi.transport.tcp.TCPEndpoint.newSocket(TCPEndpoint.java:625)
	at java.rmi/sun.rmi.transport.tcp.TCPChannel.createConnection(TCPChannel.java:217)
	at java.rmi/sun.rmi.transport.tcp.TCPChannel.newConnection(TCPChannel.java:204)
	at java.rmi/sun.rmi.server.UnicastRef.newCall(UnicastRef.java:345)
	at java.rmi/sun.rmi.registry.RegistryImpl_Stub.lookup(RegistryImpl_Stub.java:116)
	at java.rmi/java.rmi.Naming.lookup(Naming.java:101)
	at com.attendance.system.client.AttendanceGUI.lambda$initializeConnection$0(AttendanceGUI.java:183)
	at java.base/java.util.concurrent.CompletableFuture$AsyncSupply.run(CompletableFuture.java:1768)
	at java.base/java.util.concurrent.CompletableFuture$AsyncSupply.exec(CompletableFuture.java:1760)
	at java.base/java.util.concurrent.ForkJoinTask.doExec(ForkJoinTask.java:387)
	at java.base/java.util.concurrent.ForkJoinPool$WorkQueue.topLevelExec(ForkJoinPool.java:1312)
	at java.base/java.util.concurrent.ForkJoinPool.scan(ForkJoinPool.java:1843)
	at java.base/java.util.concurrent.ForkJoinPool.runWorker(ForkJoinPool.java:1808)
	at java.base/java.util.concurrent.ForkJoinWorkerThread.run(ForkJoinWorkerThread.java:188)
Caused by: java.net.ConnectException: Connection refused
	at java.base/sun.nio.ch.Net.connect0(Native Method)
	at java.base/sun.nio.ch.Net.connect(Net.java:601)
	at java.base/sun.nio.ch.Net.connect(Net.java:590)
	at java.base/sun.nio.ch.NioSocketImpl.connect(NioSocketImpl.java:583)
	at java.base/java.net.SocksSocketImpl.connect(SocksSocketImpl.java:327)
	at java.base/java.net.Socket.connect(Socket.java:751)
	at java.base/java.net.Socket.connect(Socket.java:686)
	at java.base/java.net.Socket.<init>(Socket.java:555)
	at java.base/java.net.Socket.<init>(Socket.java:324)
	at java.rmi/sun.rmi.transport.tcp.TCPDirectSocketFactory.createSocket(TCPDirectSocketFactory.java:40)
	at java.rmi/sun.rmi.transport.tcp.TCPEndpoint.newSocket(TCPEndpoint.java:619)
	... 13 common frames omitted
2026-05-07 20:27:22.518 [ForkJoinPool.commonPool-worker-2] INFO  c.a.system.client.AttendanceGUI - Attempting to connect to server: rmi://localhost:1099/AttendanceService
2026-05-07 20:27:22.522 [ForkJoinPool.commonPool-worker-2] ERROR c.a.system.client.AttendanceGUI - Failed to connect to server
java.rmi.ConnectException: Connection refused to host: localhost; nested exception is: 
	java.net.ConnectException: Connection refused
	at java.rmi/sun.rmi.transport.tcp.TCPEndpoint.newSocket(TCPEndpoint.java:625)
	at java.rmi/sun.rmi.transport.tcp.TCPChannel.createConnection(TCPChannel.java:217)
	at java.rmi/sun.rmi.transport.tcp.TCPChannel.newConnection(TCPChannel.java:204)
	at java.rmi/sun.rmi.server.UnicastRef.newCall(UnicastRef.java:345)
	at java.rmi/sun.rmi.registry.RegistryImpl_Stub.lookup(RegistryImpl_Stub.java:116)
	at java.rmi/java.rmi.Naming.lookup(Naming.java:101)
	at com.attendance.system.client.AttendanceGUI.lambda$initializeConnection$0(AttendanceGUI.java:183)
	at java.base/java.util.concurrent.CompletableFuture$AsyncSupply.run(CompletableFuture.java:1768)
	at java.base/java.util.concurrent.CompletableFuture$AsyncSupply.exec(CompletableFuture.java:1760)
	at java.base/java.util.concurrent.ForkJoinTask.doExec(ForkJoinTask.java:387)
	at java.base/java.util.concurrent.ForkJoinPool$WorkQueue.topLevelExec(ForkJoinPool.java:1312)
	at java.base/java.util.concurrent.ForkJoinPool.scan(ForkJoinPool.java:1843)
	at java.base/java.util.concurrent.ForkJoinPool.runWorker(ForkJoinPool.java:1808)
	at java.base/java.util.concurrent.ForkJoinWorkerThread.run(ForkJoinWorkerThread.java:188)
Caused by: java.net.ConnectException: Connection refused
	at java.base/sun.nio.ch.Net.connect0(Native Method)
	at java.base/sun.nio.ch.Net.connect(Net.java:601)
	at java.base/sun.nio.ch.Net.connect(Net.java:590)
	at java.base/sun.nio.ch.NioSocketImpl.connect(NioSocketImpl.java:583)
	at java.base/java.net.SocksSocketImpl.connect(SocksSocketImpl.java:327)
	at java.base/java.net.Socket.connect(Socket.java:751)
	at java.base/java.net.Socket.connect(Socket.java:686)
	at java.base/java.net.Socket.<init>(Socket.java:555)
	at java.base/java.net.Socket.<init>(Socket.java:324)
	at java.rmi/sun.rmi.transport.tcp.TCPDirectSocketFactory.createSocket(TCPDirectSocketFactory.java:40)
	at java.rmi/sun.rmi.transport.tcp.TCPEndpoint.newSocket(TCPEndpoint.java:619)
	... 13 common frames omitted
2026-05-07 20:27:27.528 [ForkJoinPool.commonPool-worker-2] INFO  c.a.system.client.AttendanceGUI - Attempting to connect to server: rmi://localhost:1099/AttendanceService
2026-05-07 20:27:27.532 [ForkJoinPool.commonPool-worker-2] ERROR c.a.system.client.AttendanceGUI - Failed to connect to server
java.rmi.ConnectException: Connection refused to host: localhost; nested exception is: 
	java.net.ConnectException: Connection refused
	at java.rmi/sun.rmi.transport.tcp.TCPEndpoint.newSocket(TCPEndpoint.java:625)
	at java.rmi/sun.rmi.transport.tcp.TCPChannel.createConnection(TCPChannel.java:217)
	at java.rmi/sun.rmi.transport.tcp.TCPChannel.newConnection(TCPChannel.java:204)
	at java.rmi/sun.rmi.server.UnicastRef.newCall(UnicastRef.java:345)
	at java.rmi/sun.rmi.registry.RegistryImpl_Stub.lookup(RegistryImpl_Stub.java:116)
	at java.rmi/java.rmi.Naming.lookup(Naming.java:101)
	at com.attendance.system.client.AttendanceGUI.lambda$initializeConnection$0(AttendanceGUI.java:183)
	at java.base/java.util.concurrent.CompletableFuture$AsyncSupply.run(CompletableFuture.java:1768)
	at java.base/java.util.concurrent.CompletableFuture$AsyncSupply.exec(CompletableFuture.java:1760)
	at java.base/java.util.concurrent.ForkJoinTask.doExec(ForkJoinTask.java:387)
	at java.base/java.util.concurrent.ForkJoinPool$WorkQueue.topLevelExec(ForkJoinPool.java:1312)
	at java.base/java.util.concurrent.ForkJoinPool.scan(ForkJoinPool.java:1843)
	at java.base/java.util.concurrent.ForkJoinPool.runWorker(ForkJoinPool.java:1808)
	at java.base/java.util.concurrent.ForkJoinWorkerThread.run(ForkJoinWorkerThread.java:188)
Caused by: java.net.ConnectException: Connection refused
	at java.base/sun.nio.ch.Net.connect0(Native Method)
	at java.base/sun.nio.ch.Net.connect(Net.java:601)
	at java.base/sun.nio.ch.Net.connect(Net.java:590)
	at java.base/sun.nio.ch.NioSocketImpl.connect(NioSocketImpl.java:583)
	at java.base/java.net.SocksSocketImpl.connect(SocksSocketImpl.java:327)
	at java.base/java.net.Socket.connect(Socket.java:751)
	at java.base/java.net.Socket.connect(Socket.java:686)
	at java.base/java.net.Socket.<init>(Socket.java:555)
	at java.base/java.net.Socket.<init>(Socket.java:324)
	at java.rmi/sun.rmi.transport.tcp.TCPDirectSocketFactory.createSocket(TCPDirectSocketFactory.java:40)
	at java.rmi/sun.rmi.transport.tcp.TCPEndpoint.newSocket(TCPEndpoint.java:619)
	... 13 common frames omitted
2026-05-07 20:27:32.547 [ForkJoinPool.commonPool-worker-2] INFO  c.a.system.client.AttendanceGUI - Attempting to connect to server: rmi://localhost:1099/AttendanceService
2026-05-07 20:27:32.549 [ForkJoinPool.commonPool-worker-2] ERROR c.a.system.client.AttendanceGUI - Failed to connect to server
java.rmi.ConnectException: Connection refused to host: localhost; nested exception is: 
	java.net.ConnectException: Connection refused
	at java.rmi/sun.rmi.transport.tcp.TCPEndpoint.newSocket(TCPEndpoint.java:625)
	at java.rmi/sun.rmi.transport.tcp.TCPChannel.createConnection(TCPChannel.java:217)
	at java.rmi/sun.rmi.transport.tcp.TCPChannel.newConnection(TCPChannel.java:204)
	at java.rmi/sun.rmi.server.UnicastRef.newCall(UnicastRef.java:345)
	at java.rmi/sun.rmi.registry.RegistryImpl_Stub.lookup(RegistryImpl_Stub.java:116)
	at java.rmi/java.rmi.Naming.lookup(Naming.java:101)
	at com.attendance.system.client.AttendanceGUI.lambda$initializeConnection$0(AttendanceGUI.java:183)
	at java.base/java.util.concurrent.CompletableFuture$AsyncSupply.run(CompletableFuture.java:1768)
	at java.base/java.util.concurrent.CompletableFuture$AsyncSupply.exec(CompletableFuture.java:1760)
	at java.base/java.util.concurrent.ForkJoinTask.doExec(ForkJoinTask.java:387)
	at java.base/java.util.concurrent.ForkJoinPool$WorkQueue.topLevelExec(ForkJoinPool.java:1312)
	at java.base/java.util.concurrent.ForkJoinPool.scan(ForkJoinPool.java:1843)
	at java.base/java.util.concurrent.ForkJoinPool.runWorker(ForkJoinPool.java:1808)
	at java.base/java.util.concurrent.ForkJoinWorkerThread.run(ForkJoinWorkerThread.java:188)
Caused by: java.net.ConnectException: Connection refused
	at java.base/sun.nio.ch.Net.connect0(Native Method)
	at java.base/sun.nio.ch.Net.connect(Net.java:601)
	at java.base/sun.nio.ch.Net.connect(Net.java:590)
	at java.base/sun.nio.ch.NioSocketImpl.connect(NioSocketImpl.java:583)
	at java.base/java.net.SocksSocketImpl.connect(SocksSocketImpl.java:327)
	at java.base/java.net.Socket.connect(Socket.java:751)
	at java.base/java.net.Socket.connect(Socket.java:686)
	at java.base/java.net.Socket.<init>(Socket.java:555)
	at java.base/java.net.Socket.<init>(Socket.java:324)
	at java.rmi/sun.rmi.transport.tcp.TCPDirectSocketFactory.createSocket(TCPDirectSocketFactory.java:40)
	at java.rmi/sun.rmi.transport.tcp.TCPEndpoint.newSocket(TCPEndpoint.java:619)
	... 13 common frames omitted
2026-05-07 20:27:37.555 [ForkJoinPool.commonPool-worker-2] INFO  c.a.system.client.AttendanceGUI - Attempting to connect to server: rmi://localhost:1099/AttendanceService
2026-05-07 20:27:37.560 [ForkJoinPool.commonPool-worker-2] ERROR c.a.system.client.AttendanceGUI - Failed to connect to server
java.rmi.ConnectException: Connection refused to host: localhost; nested exception is: 
	java.net.ConnectException: Connection refused
	at java.rmi/sun.rmi.transport.tcp.TCPEndpoint.newSocket(TCPEndpoint.java:625)
	at java.rmi/sun.rmi.transport.tcp.TCPChannel.createConnection(TCPChannel.java:217)
	at java.rmi/sun.rmi.transport.tcp.TCPChannel.newConnection(TCPChannel.java:204)
	at java.rmi/sun.rmi.server.UnicastRef.newCall(UnicastRef.java:345)
	at java.rmi/sun.rmi.registry.RegistryImpl_Stub.lookup(RegistryImpl_Stub.java:116)
	at java.rmi/java.rmi.Naming.lookup(Naming.java:101)
	at com.attendance.system.client.AttendanceGUI.lambda$initializeConnection$0(AttendanceGUI.java:183)
	at java.base/java.util.concurrent.CompletableFuture$AsyncSupply.run(CompletableFuture.java:1768)
	at java.base/java.util.concurrent.CompletableFuture$AsyncSupply.exec(CompletableFuture.java:1760)
	at java.base/java.util.concurrent.ForkJoinTask.doExec(ForkJoinTask.java:387)
	at java.base/java.util.concurrent.ForkJoinPool$WorkQueue.topLevelExec(ForkJoinPool.java:1312)
	at java.base/java.util.concurrent.ForkJoinPool.scan(ForkJoinPool.java:1843)
	at java.base/java.util.concurrent.ForkJoinPool.runWorker(ForkJoinPool.java:1808)
	at java.base/java.util.concurrent.ForkJoinWorkerThread.run(ForkJoinWorkerThread.java:188)
Caused by: java.net.ConnectException: Connection refused
	at java.base/sun.nio.ch.Net.connect0(Native Method)
	at java.base/sun.nio.ch.Net.connect(Net.java:601)
	at java.base/sun.nio.ch.Net.connect(Net.java:590)
	at java.base/sun.nio.ch.NioSocketImpl.connect(NioSocketImpl.java:583)
	at java.base/java.net.SocksSocketImpl.connect(SocksSocketImpl.java:327)
	at java.base/java.net.Socket.connect(Socket.java:751)
	at java.base/java.net.Socket.connect(Socket.java:686)
	at java.base/java.net.Socket.<init>(Socket.java:555)
	at java.base/java.net.Socket.<init>(Socket.java:324)
	at java.rmi/sun.rmi.transport.tcp.TCPDirectSocketFactory.createSocket(TCPDirectSocketFactory.java:40)
	at java.rmi/sun.rmi.transport.tcp.TCPEndpoint.newSocket(TCPEndpoint.java:619)
	... 13 common frames omitted
2026-05-07 20:27:50.774 [pool-1-thread-2] DEBUG c.a.system.server.ServerLauncher - Server stats - Active connections: 0, Total requests: 0
2026-05-07 20:28:24.309 [Thread-2] INFO  c.a.system.server.ServerLauncher - Shutdown hook triggered
2026-05-07 20:28:24.312 [Thread-2] INFO  c.a.system.server.ServerLauncher - Stopping Student Attendance System Server...
2026-05-07 20:28:24.312 [Thread-2] INFO  c.a.system.server.ServerLauncher - Service unbound from registry
2026-05-07 20:28:24.320 [Thread-2] INFO  c.a.system.server.ServerLauncher - Server unexported
2026-05-07 20:28:24.322 [Thread-2] INFO  com.zaxxer.hikari.HikariDataSource - HikariPool-2 - Shutdown initiated...
2026-05-07 20:28:24.367 [Thread-2] INFO  com.zaxxer.hikari.HikariDataSource - HikariPool-2 - Shutdown completed.
2026-05-07 20:28:24.370 [Thread-2] INFO  c.a.system.dao.DatabaseManager - Database connection pool closed
2026-05-07 20:28:24.370 [Thread-2] INFO  c.a.system.server.ServerLauncher - Database connections closed
2026-05-07 20:28:24.371 [Thread-2] INFO  c.a.system.server.ServerLauncher - Server stopped successfully
2026-05-07 20:28:24.376 [SessionCleanup] INFO  c.a.s.service.AuthenticationService - Session cleanup thread interrupted
                                                                                                                                                                                                                                                                                                                                                                                                                                                                                                                                                                                                                                                                                                                                                                                                                                                                                                                                                                                                                                                                                                                                                                                                                                                                                                                                                                                                                                                                                                                                                                                                                                                                                                                                                                                                                                                                                                                                                                                                                                                                                                                                                                                                                                                                                                                    2026-05-07 20:33:25.298 [com.attendance.system.server.ServerLauncher.main()] INFO  c.a.system.server.ServerLauncher - Starting Student Attendance System Server...
2026-05-07 20:33:25.300 [com.attendance.system.server.ServerLauncher.main()] INFO  c.a.system.server.ServerLauncher - Initializing database connection...
2026-05-07 20:33:25.343 [com.attendance.system.server.ServerLauncher.main()] INFO  com.zaxxer.hikari.HikariDataSource - HikariPool-1 - Starting...
2026-05-07 20:33:25.668 [com.attendance.system.server.ServerLauncher.main()] INFO  com.zaxxer.hikari.pool.HikariPool - HikariPool-1 - Added connection com.mysql.cj.jdbc.ConnectionImpl@4a25ae17
2026-05-07 20:33:25.672 [com.attendance.system.server.ServerLauncher.main()] INFO  com.zaxxer.hikari.HikariDataSource - HikariPool-1 - Start completed.
2026-05-07 20:33:25.672 [com.attendance.system.server.ServerLauncher.main()] INFO  c.a.system.dao.DatabaseManager - Database connection pool initialized successfully
2026-05-07 20:33:25.683 [com.attendance.system.server.ServerLauncher.main()] DEBUG c.a.system.dao.DatabaseManager - Database connection test successful
2026-05-07 20:33:25.696 [com.attendance.system.server.ServerLauncher.main()] INFO  com.zaxxer.hikari.HikariDataSource - HikariPool-2 - Starting...
2026-05-07 20:33:25.701 [com.attendance.system.server.ServerLauncher.main()] INFO  com.zaxxer.hikari.pool.HikariPool - HikariPool-2 - Added connection com.mysql.cj.jdbc.ConnectionImpl@3af58f0e
2026-05-07 20:33:25.701 [com.attendance.system.server.ServerLauncher.main()] INFO  com.zaxxer.hikari.HikariDataSource - HikariPool-2 - Start completed.
2026-05-07 20:33:25.701 [com.attendance.system.server.ServerLauncher.main()] INFO  c.a.system.dao.DatabaseManager - Database connection pool initialized successfully
2026-05-07 20:33:25.702 [com.attendance.system.server.ServerLauncher.main()] DEBUG c.a.system.dao.DatabaseManager - Database connection test successful
2026-05-07 20:33:25.706 [com.attendance.system.server.ServerLauncher.main()] DEBUG c.a.system.dao.DatabaseManager - Database connection test successful
2026-05-07 20:33:25.707 [com.attendance.system.server.ServerLauncher.main()] INFO  c.a.system.server.ServerLauncher - Database connection established successfully
2026-05-07 20:33:25.708 [com.attendance.system.server.ServerLauncher.main()] DEBUG c.a.system.server.ServerLauncher - Setting up RMI system properties...
2026-05-07 20:33:25.708 [com.attendance.system.server.ServerLauncher.main()] INFO  c.a.system.server.ServerLauncher - RMI server hostname set to: localhost
2026-05-07 20:33:25.708 [com.attendance.system.server.ServerLauncher.main()] INFO  c.a.system.server.ServerLauncher - Setting up RMI registry on port 1100...
2026-05-07 20:33:25.751 [com.attendance.system.server.ServerLauncher.main()] INFO  c.a.system.server.ServerLauncher - Created new RMI registry on port 1100
2026-05-07 20:33:25.751 [com.attendance.system.server.ServerLauncher.main()] INFO  c.a.system.server.ServerLauncher - Creating and exporting attendance server...
2026-05-07 20:33:25.818 [com.attendance.system.server.ServerLauncher.main()] INFO  c.a.system.server.AttendanceServer - AttendanceServer initialized successfully
2026-05-07 20:33:25.819 [com.attendance.system.server.ServerLauncher.main()] INFO  c.a.system.server.AttendanceServer - Encryption enabled: false
2026-05-07 20:33:25.819 [com.attendance.system.server.ServerLauncher.main()] INFO  c.a.system.server.AttendanceServer - Max concurrent users: 100
2026-05-07 20:33:25.819 [com.attendance.system.server.ServerLauncher.main()] INFO  c.a.system.server.ServerLauncher - Attendance server created and exported successfully
2026-05-07 20:33:25.820 [com.attendance.system.server.ServerLauncher.main()] INFO  c.a.system.server.ServerLauncher - Binding server to registry with name 'AttendanceService'...
2026-05-07 20:33:25.821 [com.attendance.system.server.ServerLauncher.main()] INFO  c.a.system.server.ServerLauncher - Server bound to registry successfully
2026-05-07 20:33:25.821 [com.attendance.system.server.ServerLauncher.main()] INFO  c.a.system.server.ServerLauncher - Starting maintenance tasks...
2026-05-07 20:33:25.823 [com.attendance.system.server.ServerLauncher.main()] INFO  c.a.system.server.ServerLauncher - Maintenance tasks started
2026-05-07 20:33:25.826 [com.attendance.system.server.ServerLauncher.main()] INFO  c.a.system.server.ServerLauncher - Server started successfully!
2026-05-07 20:33:25.827 [com.attendance.system.server.ServerLauncher.main()] INFO  c.a.system.server.ServerLauncher - Service name: AttendanceService
2026-05-07 20:33:25.827 [com.attendance.system.server.ServerLauncher.main()] INFO  c.a.system.server.ServerLauncher - RMI registry port: 1100
2026-05-07 20:33:25.827 [com.attendance.system.server.ServerLauncher.main()] INFO  c.a.system.server.ServerLauncher - Server listening on port: 0
2026-05-07 20:33:25.827 [com.attendance.system.server.ServerLauncher.main()] INFO  c.a.system.server.ServerLauncher - Server is ready to accept client connections.
2026-05-07 20:33:38.090 [AWT-EventQueue-0] INFO  c.a.system.client.AttendanceGUI - GUI initialized successfully
2026-05-07 20:33:38.094 [ForkJoinPool.commonPool-worker-1] INFO  c.a.system.client.AttendanceGUI - Attempting to connect to server: rmi://localhost:1100/AttendanceService
2026-05-07 20:33:38.553 [AWT-EventQueue-0] INFO  c.a.system.client.AttendanceGUI - Successfully connected to server
2026-05-07 20:33:58.158 [RMI TCP Connection(2)-127.0.0.1] DEBUG c.a.system.server.AttendanceServer - Executing method: authenticateUser
2026-05-07 20:33:58.160 [RMI TCP Connection(2)-127.0.0.1] DEBUG c.a.system.server.AttendanceServer - Authentication request for user: admin
2026-05-07 20:33:58.166 [RMI TCP Connection(2)-127.0.0.1] WARN  c.a.system.util.SecurityUtil - ATTENDANCE_ENCRYPTION_KEY environment variable not set. Using default key for development only.
2026-05-07 20:33:58.484 [RMI TCP Connection(2)-127.0.0.1] WARN  c.a.s.service.AuthenticationService - Authentication failed - invalid password for user: admin
2026-05-07 20:33:58.485 [RMI TCP Connection(2)-127.0.0.1] WARN  c.a.system.server.AttendanceServer - Method authenticateUser failed: Invalid username or password
2026-05-07 20:33:58.516 [AWT-EventQueue-0] WARN  c.a.system.client.LoginFrame - Login failed for user: admin
java.util.concurrent.CompletionException: java.lang.RuntimeException: java.rmi.ServerException: RemoteException occurred in server thread; nested exception is: 
	java.rmi.RemoteException: Service error in authenticateUser: Invalid username or password
	at java.base/java.util.concurrent.CompletableFuture.encodeThrowable(CompletableFuture.java:315)
	at java.base/java.util.concurrent.CompletableFuture.completeThrowable(CompletableFuture.java:320)
	at java.base/java.util.concurrent.CompletableFuture$AsyncSupply.run(CompletableFuture.java:1770)
	at java.base/java.util.concurrent.CompletableFuture$AsyncSupply.exec(CompletableFuture.java:1760)
	at java.base/java.util.concurrent.ForkJoinTask.doExec(ForkJoinTask.java:387)
	at java.base/java.util.concurrent.ForkJoinPool$WorkQueue.topLevelExec(ForkJoinPool.java:1312)
	at java.base/java.util.concurrent.ForkJoinPool.scan(ForkJoinPool.java:1843)
	at java.base/java.util.concurrent.ForkJoinPool.runWorker(ForkJoinPool.java:1808)
	at java.base/java.util.concurrent.ForkJoinWorkerThread.run(ForkJoinWorkerThread.java:188)
Caused by: java.lang.RuntimeException: java.rmi.ServerException: RemoteException occurred in server thread; nested exception is: 
	java.rmi.RemoteException: Service error in authenticateUser: Invalid username or password
	at com.attendance.system.client.LoginFrame.lambda$performLogin$3(LoginFrame.java:445)
	at java.base/java.util.concurrent.CompletableFuture$AsyncSupply.run(CompletableFuture.java:1768)
	... 6 common frames omitted
Caused by: java.rmi.ServerException: RemoteException occurred in server thread; nested exception is: 
	java.rmi.RemoteException: Service error in authenticateUser: Invalid username or password
	at java.rmi/sun.rmi.server.UnicastServerRef.dispatch(UnicastServerRef.java:392)
	at java.rmi/sun.rmi.transport.Transport$1.run(Transport.java:200)
	at java.rmi/sun.rmi.transport.Transport$1.run(Transport.java:197)
	at java.base/java.security.AccessController.doPrivileged(AccessController.java:714)
	at java.rmi/sun.rmi.transport.Transport.serviceCall(Transport.java:196)
	at java.rmi/sun.rmi.transport.tcp.TCPTransport.handleMessages(TCPTransport.java:598)
	at java.rmi/sun.rmi.transport.tcp.TCPTransport$ConnectionHandler.run0(TCPTransport.java:844)
	at java.rmi/sun.rmi.transport.tcp.TCPTransport$ConnectionHandler.lambda$run$0(TCPTransport.java:721)
	at java.base/java.security.AccessController.doPrivileged(AccessController.java:400)
	at java.rmi/sun.rmi.transport.tcp.TCPTransport$ConnectionHandler.run(TCPTransport.java:720)
	at java.base/java.util.concurrent.ThreadPoolExecutor.runWorker(ThreadPoolExecutor.java:1144)
	at java.base/java.util.concurrent.ThreadPoolExecutor$Worker.run(ThreadPoolExecutor.java:642)
	at java.base/java.lang.Thread.run(Thread.java:1583)
	at java.rmi/sun.rmi.transport.StreamRemoteCall.exceptionReceivedFromServer(StreamRemoteCall.java:304)
	at java.rmi/sun.rmi.transport.StreamRemoteCall.executeCall(StreamRemoteCall.java:280)
	at java.rmi/sun.rmi.server.UnicastRef.invoke(UnicastRef.java:166)
	at java.rmi/java.rmi.server.RemoteObjectInvocationHandler.invokeRemoteMethod(RemoteObjectInvocationHandler.java:215)
	at java.rmi/java.rmi.server.RemoteObjectInvocationHandler.invoke(RemoteObjectInvocationHandler.java:160)
	at jdk.proxy3/jdk.proxy3.$Proxy25.authenticateUser(Unknown Source)
	at com.attendance.system.client.LoginFrame.lambda$performLogin$3(LoginFrame.java:443)
	... 7 common frames omitted
Caused by: java.rmi.RemoteException: Service error in authenticateUser: Invalid username or password
	at com.attendance.system.server.AttendanceServer.executeWithErrorHandling(AttendanceServer.java:1153)
	at com.attendance.system.server.AttendanceServer.authenticateUser(AttendanceServer.java:109)
	at java.base/jdk.internal.reflect.DirectMethodHandleAccessor.invoke(DirectMethodHandleAccessor.java:103)
	at java.base/java.lang.reflect.Method.invoke(Method.java:580)
	at java.rmi/sun.rmi.server.UnicastServerRef.dispatch(UnicastServerRef.java:360)
	at java.rmi/sun.rmi.transport.Transport$1.run(Transport.java:200)
	at java.rmi/sun.rmi.transport.Transport$1.run(Transport.java:197)
	at java.base/java.security.AccessController.doPrivileged(AccessController.java:714)
	at java.rmi/sun.rmi.transport.Transport.serviceCall(Transport.java:196)
	at java.rmi/sun.rmi.transport.tcp.TCPTransport.handleMessages(TCPTransport.java:598)
	at java.rmi/sun.rmi.transport.tcp.TCPTransport$ConnectionHandler.run0(TCPTransport.java:844)
	at java.rmi/sun.rmi.transport.tcp.TCPTransport$ConnectionHandler.lambda$run$0(TCPTransport.java:721)
	at java.base/java.security.AccessController.doPrivileged(AccessController.java:400)
	at java.rmi/sun.rmi.transport.tcp.TCPTransport$ConnectionHandler.run(TCPTransport.java:720)
	at java.base/java.util.concurrent.ThreadPoolExecutor.runWorker(ThreadPoolExecutor.java:1144)
	at java.base/java.util.concurrent.ThreadPoolExecutor$Worker.run(ThreadPoolExecutor.java:642)
	at java.base/java.lang.Thread.run(Thread.java:1583)
2026-05-07 20:34:25.824 [pool-1-thread-2] DEBUG c.a.system.server.ServerLauncher - Server stats - Active connections: 0, Total requests: 1
2026-05-07 20:35:25.823 [pool-1-thread-2] DEBUG c.a.system.server.ServerLauncher - Server stats - Active connections: 0, Total requests: 1
2026-05-07 20:35:31.783 [Thread-2] INFO  c.a.system.server.ServerLauncher - Shutdown hook triggered
2026-05-07 20:35:31.783 [Thread-2] INFO  c.a.system.server.ServerLauncher - Stopping Student Attendance System Server...
2026-05-07 20:35:31.783 [Thread-2] INFO  c.a.system.server.ServerLauncher - Service unbound from registry
2026-05-07 20:35:31.785 [Thread-2] INFO  c.a.system.server.ServerLauncher - Server unexported
2026-05-07 20:35:31.786 [Thread-2] INFO  com.zaxxer.hikari.HikariDataSource - HikariPool-2 - Shutdown initiated...
2026-05-07 20:35:31.801 [Thread-2] INFO  com.zaxxer.hikari.HikariDataSource - HikariPool-2 - Shutdown completed.
2026-05-07 20:35:31.801 [Thread-2] INFO  c.a.system.dao.DatabaseManager - Database connection pool closed
2026-05-07 20:35:31.801 [Thread-2] INFO  c.a.system.server.ServerLauncher - Database connections closed
2026-05-07 20:35:31.802 [Thread-2] INFO  c.a.system.server.ServerLauncher - Server stopped successfully
2026-05-07 20:51:30.739 [com.attendance.system.server.ServerLauncher.main()] INFO  c.a.system.server.ServerLauncher - Starting Student Attendance System Server...
2026-05-07 20:51:30.740 [com.attendance.system.server.ServerLauncher.main()] INFO  c.a.system.server.ServerLauncher - Initializing database connection...
2026-05-07 20:51:30.765 [com.attendance.system.server.ServerLauncher.main()] INFO  com.zaxxer.hikari.HikariDataSource - HikariPool-1 - Starting...
2026-05-07 20:51:31.111 [com.attendance.system.server.ServerLauncher.main()] INFO  com.zaxxer.hikari.pool.HikariPool - HikariPool-1 - Added connection com.mysql.cj.jdbc.ConnectionImpl@797fd492
2026-05-07 20:51:31.115 [com.attendance.system.server.ServerLauncher.main()] INFO  com.zaxxer.hikari.HikariDataSource - HikariPool-1 - Start completed.
2026-05-07 20:51:31.115 [com.attendance.system.server.ServerLauncher.main()] INFO  c.a.system.dao.DatabaseManager - Database connection pool initialized successfully
2026-05-07 20:51:31.127 [com.attendance.system.server.ServerLauncher.main()] DEBUG c.a.system.dao.DatabaseManager - Database connection test successful
2026-05-07 20:51:31.146 [com.attendance.system.server.ServerLauncher.main()] INFO  com.zaxxer.hikari.HikariDataSource - HikariPool-2 - Starting...
2026-05-07 20:51:31.159 [com.attendance.system.server.ServerLauncher.main()] INFO  com.zaxxer.hikari.pool.HikariPool - HikariPool-2 - Added connection com.mysql.cj.jdbc.ConnectionImpl@1726a5dd
2026-05-07 20:51:31.161 [com.attendance.system.server.ServerLauncher.main()] INFO  com.zaxxer.hikari.HikariDataSource - HikariPool-2 - Start completed.
2026-05-07 20:51:31.163 [com.attendance.system.server.ServerLauncher.main()] INFO  c.a.system.dao.DatabaseManager - Database connection pool initialized successfully
2026-05-07 20:51:31.167 [com.attendance.system.server.ServerLauncher.main()] DEBUG c.a.system.dao.DatabaseManager - Database connection test successful
2026-05-07 20:51:31.170 [com.attendance.system.server.ServerLauncher.main()] DEBUG c.a.system.dao.DatabaseManager - Database connection test successful
2026-05-07 20:51:31.172 [com.attendance.system.server.ServerLauncher.main()] INFO  c.a.system.server.ServerLauncher - Database connection established successfully
2026-05-07 20:51:31.173 [com.attendance.system.server.ServerLauncher.main()] DEBUG c.a.system.server.ServerLauncher - Setting up RMI system properties...
2026-05-07 20:51:31.174 [com.attendance.system.server.ServerLauncher.main()] INFO  c.a.system.server.ServerLauncher - RMI server hostname set to: localhost
2026-05-07 20:51:31.176 [com.attendance.system.server.ServerLauncher.main()] INFO  c.a.system.server.ServerLauncher - Setting up RMI registry on port 1100...
2026-05-07 20:51:31.238 [com.attendance.system.server.ServerLauncher.main()] INFO  c.a.system.server.ServerLauncher - Created new RMI registry on port 1100
2026-05-07 20:51:31.240 [com.attendance.system.server.ServerLauncher.main()] INFO  c.a.system.server.ServerLauncher - Creating and exporting attendance server...
2026-05-07 20:51:31.304 [com.attendance.system.server.ServerLauncher.main()] INFO  c.a.system.server.AttendanceServer - AttendanceServer initialized successfully
2026-05-07 20:51:31.306 [com.attendance.system.server.ServerLauncher.main()] INFO  c.a.system.server.AttendanceServer - Encryption enabled: false
2026-05-07 20:51:31.307 [com.attendance.system.server.ServerLauncher.main()] INFO  c.a.system.server.AttendanceServer - Max concurrent users: 100
2026-05-07 20:51:31.308 [com.attendance.system.server.ServerLauncher.main()] INFO  c.a.system.server.ServerLauncher - Attendance server created and exported successfully
2026-05-07 20:51:31.309 [com.attendance.system.server.ServerLauncher.main()] INFO  c.a.system.server.ServerLauncher - Binding server to registry with name 'AttendanceService'...
2026-05-07 20:51:31.310 [com.attendance.system.server.ServerLauncher.main()] INFO  c.a.system.server.ServerLauncher - Server bound to registry successfully
2026-05-07 20:51:31.311 [com.attendance.system.server.ServerLauncher.main()] INFO  c.a.system.server.ServerLauncher - Starting maintenance tasks...
2026-05-07 20:51:31.315 [com.attendance.system.server.ServerLauncher.main()] INFO  c.a.system.server.ServerLauncher - Maintenance tasks started
2026-05-07 20:51:31.318 [com.attendance.system.server.ServerLauncher.main()] INFO  c.a.system.server.ServerLauncher - Server started successfully!
2026-05-07 20:51:31.321 [com.attendance.system.server.ServerLauncher.main()] INFO  c.a.system.server.ServerLauncher - Service name: AttendanceService
2026-05-07 20:51:31.323 [com.attendance.system.server.ServerLauncher.main()] INFO  c.a.system.server.ServerLauncher - RMI registry port: 1100
2026-05-07 20:51:31.324 [com.attendance.system.server.ServerLauncher.main()] INFO  c.a.system.server.ServerLauncher - Server listening on port: 0
2026-05-07 20:51:31.325 [com.attendance.system.server.ServerLauncher.main()] INFO  c.a.system.server.ServerLauncher - Server is ready to accept client connections.
2026-05-07 20:51:42.187 [AWT-EventQueue-0] INFO  c.a.system.client.AttendanceGUI - GUI initialized successfully
2026-05-07 20:51:42.190 [ForkJoinPool.commonPool-worker-2] INFO  c.a.system.client.AttendanceGUI - Attempting to connect to server: rmi://localhost:1100/AttendanceService
2026-05-07 20:51:42.675 [AWT-EventQueue-0] INFO  c.a.system.client.AttendanceGUI - Successfully connected to server
2026-05-07 20:52:01.948 [RMI TCP Connection(2)-127.0.0.1] DEBUG c.a.system.server.AttendanceServer - Executing method: authenticateUser
2026-05-07 20:52:01.954 [RMI TCP Connection(2)-127.0.0.1] DEBUG c.a.system.server.AttendanceServer - Authentication request for user: admin
2026-05-07 20:52:01.974 [RMI TCP Connection(2)-127.0.0.1] WARN  c.a.system.util.SecurityUtil - ATTENDANCE_ENCRYPTION_KEY environment variable not set. Using default key for development only.
2026-05-07 20:52:02.150 [RMI TCP Connection(2)-127.0.0.1] WARN  c.a.s.service.AuthenticationService - Authentication failed - invalid password for user: admin
2026-05-07 20:52:02.151 [RMI TCP Connection(2)-127.0.0.1] WARN  c.a.system.server.AttendanceServer - Method authenticateUser failed: Invalid username or password
2026-05-07 20:52:02.187 [AWT-EventQueue-0] WARN  c.a.system.client.LoginFrame - Login failed for user: admin
java.util.concurrent.CompletionException: java.lang.RuntimeException: java.rmi.ServerException: RemoteException occurred in server thread; nested exception is: 
	java.rmi.RemoteException: Service error in authenticateUser: Invalid username or password
	at java.base/java.util.concurrent.CompletableFuture.encodeThrowable(CompletableFuture.java:315)
	at java.base/java.util.concurrent.CompletableFuture.completeThrowable(CompletableFuture.java:320)
	at java.base/java.util.concurrent.CompletableFuture$AsyncSupply.run(CompletableFuture.java:1770)
	at java.base/java.util.concurrent.CompletableFuture$AsyncSupply.exec(CompletableFuture.java:1760)
	at java.base/java.util.concurrent.ForkJoinTask.doExec(ForkJoinTask.java:387)
	at java.base/java.util.concurrent.ForkJoinPool$WorkQueue.topLevelExec(ForkJoinPool.java:1312)
	at java.base/java.util.concurrent.ForkJoinPool.scan(ForkJoinPool.java:1843)
	at java.base/java.util.concurrent.ForkJoinPool.runWorker(ForkJoinPool.java:1808)
	at java.base/java.util.concurrent.ForkJoinWorkerThread.run(ForkJoinWorkerThread.java:188)
Caused by: java.lang.RuntimeException: java.rmi.ServerException: RemoteException occurred in server thread; nested exception is: 
	java.rmi.RemoteException: Service error in authenticateUser: Invalid username or password
	at com.attendance.system.client.LoginFrame.lambda$performLogin$3(LoginFrame.java:445)
	at java.base/java.util.concurrent.CompletableFuture$AsyncSupply.run(CompletableFuture.java:1768)
	... 6 common frames omitted
Caused by: java.rmi.ServerException: RemoteException occurred in server thread; nested exception is: 
	java.rmi.RemoteException: Service error in authenticateUser: Invalid username or password
	at java.rmi/sun.rmi.server.UnicastServerRef.dispatch(UnicastServerRef.java:392)
	at java.rmi/sun.rmi.transport.Transport$1.run(Transport.java:200)
	at java.rmi/sun.rmi.transport.Transport$1.run(Transport.java:197)
	at java.base/java.security.AccessController.doPrivileged(AccessController.java:714)
	at java.rmi/sun.rmi.transport.Transport.serviceCall(Transport.java:196)
	at java.rmi/sun.rmi.transport.tcp.TCPTransport.handleMessages(TCPTransport.java:598)
	at java.rmi/sun.rmi.transport.tcp.TCPTransport$ConnectionHandler.run0(TCPTransport.java:844)
	at java.rmi/sun.rmi.transport.tcp.TCPTransport$ConnectionHandler.lambda$run$0(TCPTransport.java:721)
	at java.base/java.security.AccessController.doPrivileged(AccessController.java:400)
	at java.rmi/sun.rmi.transport.tcp.TCPTransport$ConnectionHandler.run(TCPTransport.java:720)
	at java.base/java.util.concurrent.ThreadPoolExecutor.runWorker(ThreadPoolExecutor.java:1144)
	at java.base/java.util.concurrent.ThreadPoolExecutor$Worker.run(ThreadPoolExecutor.java:642)
	at java.base/java.lang.Thread.run(Thread.java:1583)
	at java.rmi/sun.rmi.transport.StreamRemoteCall.exceptionReceivedFromServer(StreamRemoteCall.java:304)
	at java.rmi/sun.rmi.transport.StreamRemoteCall.executeCall(StreamRemoteCall.java:280)
	at java.rmi/sun.rmi.server.UnicastRef.invoke(UnicastRef.java:166)
	at java.rmi/java.rmi.server.RemoteObjectInvocationHandler.invokeRemoteMethod(RemoteObjectInvocationHandler.java:215)
	at java.rmi/java.rmi.server.RemoteObjectInvocationHandler.invoke(RemoteObjectInvocationHandler.java:160)
	at jdk.proxy3/jdk.proxy3.$Proxy25.authenticateUser(Unknown Source)
	at com.attendance.system.client.LoginFrame.lambda$performLogin$3(LoginFrame.java:443)
	... 7 common frames omitted
Caused by: java.rmi.RemoteException: Service error in authenticateUser: Invalid username or password
	at com.attendance.system.server.AttendanceServer.executeWithErrorHandling(AttendanceServer.java:1153)
	at com.attendance.system.server.AttendanceServer.authenticateUser(AttendanceServer.java:109)
	at java.base/jdk.internal.reflect.DirectMethodHandleAccessor.invoke(DirectMethodHandleAccessor.java:103)
	at java.base/java.lang.reflect.Method.invoke(Method.java:580)
	at java.rmi/sun.rmi.server.UnicastServerRef.dispatch(UnicastServerRef.java:360)
	at java.rmi/sun.rmi.transport.Transport$1.run(Transport.java:200)
	at java.rmi/sun.rmi.transport.Transport$1.run(Transport.java:197)
	at java.base/java.security.AccessController.doPrivileged(AccessController.java:714)
	at java.rmi/sun.rmi.transport.Transport.serviceCall(Transport.java:196)
	at java.rmi/sun.rmi.transport.tcp.TCPTransport.handleMessages(TCPTransport.java:598)
	at java.rmi/sun.rmi.transport.tcp.TCPTransport$ConnectionHandler.run0(TCPTransport.java:844)
	at java.rmi/sun.rmi.transport.tcp.TCPTransport$ConnectionHandler.lambda$run$0(TCPTransport.java:721)
	at java.base/java.security.AccessController.doPrivileged(AccessController.java:400)
	at java.rmi/sun.rmi.transport.tcp.TCPTransport$ConnectionHandler.run(TCPTransport.java:720)
	at java.base/java.util.concurrent.ThreadPoolExecutor.runWorker(ThreadPoolExecutor.java:1144)
	at java.base/java.util.concurrent.ThreadPoolExecutor$Worker.run(ThreadPoolExecutor.java:642)
	at java.base/java.lang.Thread.run(Thread.java:1583)
2026-05-07 20:52:31.316 [pool-1-thread-2] DEBUG c.a.system.server.ServerLauncher - Server stats - Active connections: 0, Total requests: 1
2026-05-07 20:53:28.588 [RMI TCP Connection(3)-127.0.0.1] DEBUG c.a.system.server.AttendanceServer - Executing method: registerUser
2026-05-07 20:53:28.592 [RMI TCP Connection(3)-127.0.0.1] DEBUG c.a.system.server.AttendanceServer - Registration request for user: wolde12 (Student)
2026-05-07 20:53:29.222 [RMI TCP Connection(3)-127.0.0.1] DEBUG c.a.system.dao.DatabaseManager - Transaction rolled back due to error
2026-05-07 20:53:29.222 [RMI TCP Connection(3)-127.0.0.1] ERROR c.a.system.dao.DatabaseManager - Transaction failed
java.lang.NullPointerException: Cannot invoke "java.time.LocalDate.getYear()" because "date" is null
	at java.sql/java.sql.Date.valueOf(Date.java:291)
	at com.attendance.system.dao.UserDAO.createStudentProfile(UserDAO.java:405)
	at com.attendance.system.dao.UserDAO.lambda$createUser$0(UserDAO.java:212)
	at com.attendance.system.dao.DatabaseManager.executeTransaction(DatabaseManager.java:236)
	at com.attendance.system.dao.UserDAO.createUser(UserDAO.java:178)
	at com.attendance.system.server.AttendanceServer.lambda$registerUser$4(AttendanceServer.java:286)
	at com.attendance.system.server.AttendanceServer.executeWithErrorHandling(AttendanceServer.java:1144)
	at com.attendance.system.server.AttendanceServer.registerUser(AttendanceServer.java:187)
	at java.base/jdk.internal.reflect.DirectMethodHandleAccessor.invoke(DirectMethodHandleAccessor.java:103)
	at java.base/java.lang.reflect.Method.invoke(Method.java:580)
	at java.rmi/sun.rmi.server.UnicastServerRef.dispatch(UnicastServerRef.java:360)
	at java.rmi/sun.rmi.transport.Transport$1.run(Transport.java:200)
	at java.rmi/sun.rmi.transport.Transport$1.run(Transport.java:197)
	at java.base/java.security.AccessController.doPrivileged(AccessController.java:714)
	at java.rmi/sun.rmi.transport.Transport.serviceCall(Transport.java:196)
	at java.rmi/sun.rmi.transport.tcp.TCPTransport.handleMessages(TCPTransport.java:598)
	at java.rmi/sun.rmi.transport.tcp.TCPTransport$ConnectionHandler.run0(TCPTransport.java:844)
	at java.rmi/sun.rmi.transport.tcp.TCPTransport$ConnectionHandler.lambda$run$0(TCPTransport.java:721)
	at java.base/java.security.AccessController.doPrivileged(AccessController.java:400)
	at java.rmi/sun.rmi.transport.tcp.TCPTransport$ConnectionHandler.run(TCPTransport.java:720)
	at java.base/java.util.concurrent.ThreadPoolExecutor.runWorker(ThreadPoolExecutor.java:1144)
	at java.base/java.util.concurrent.ThreadPoolExecutor$Worker.run(ThreadPoolExecutor.java:642)
	at java.base/java.lang.Thread.run(Thread.java:1583)
2026-05-07 20:53:29.251 [RMI TCP Connection(3)-127.0.0.1] WARN  c.a.system.server.AttendanceServer - Method registerUser failed: Transaction could not be completed
2026-05-07 20:53:29.260 [ForkJoinPool.commonPool-worker-1] ERROR c.a.system.client.RegistrationFrame - Remote service error during registration
java.rmi.ServerException: RemoteException occurred in server thread; nested exception is: 
	java.rmi.RemoteException: Service error in registerUser: Transaction could not be completed
	at java.rmi/sun.rmi.server.UnicastServerRef.dispatch(UnicastServerRef.java:392)
	at java.rmi/sun.rmi.transport.Transport$1.run(Transport.java:200)
	at java.rmi/sun.rmi.transport.Transport$1.run(Transport.java:197)
	at java.base/java.security.AccessController.doPrivileged(AccessController.java:714)
	at java.rmi/sun.rmi.transport.Transport.serviceCall(Transport.java:196)
	at java.rmi/sun.rmi.transport.tcp.TCPTransport.handleMessages(TCPTransport.java:598)
	at java.rmi/sun.rmi.transport.tcp.TCPTransport$ConnectionHandler.run0(TCPTransport.java:844)
	at java.rmi/sun.rmi.transport.tcp.TCPTransport$ConnectionHandler.lambda$run$0(TCPTransport.java:721)
	at java.base/java.security.AccessController.doPrivileged(AccessController.java:400)
	at java.rmi/sun.rmi.transport.tcp.TCPTransport$ConnectionHandler.run(TCPTransport.java:720)
	at java.base/java.util.concurrent.ThreadPoolExecutor.runWorker(ThreadPoolExecutor.java:1144)
	at java.base/java.util.concurrent.ThreadPoolExecutor$Worker.run(ThreadPoolExecutor.java:642)
	at java.base/java.lang.Thread.run(Thread.java:1583)
	at java.rmi/sun.rmi.transport.StreamRemoteCall.exceptionReceivedFromServer(StreamRemoteCall.java:304)
	at java.rmi/sun.rmi.transport.StreamRemoteCall.executeCall(StreamRemoteCall.java:280)
	at java.rmi/sun.rmi.server.UnicastRef.invoke(UnicastRef.java:166)
	at java.rmi/java.rmi.server.RemoteObjectInvocationHandler.invokeRemoteMethod(RemoteObjectInvocationHandler.java:215)
	at java.rmi/java.rmi.server.RemoteObjectInvocationHandler.invoke(RemoteObjectInvocationHandler.java:160)
	at jdk.proxy3/jdk.proxy3.$Proxy25.registerUser(Unknown Source)
	at com.attendance.system.client.RegistrationFrame.lambda$performRegistration$7(RegistrationFrame.java:666)
	at java.base/java.util.concurrent.CompletableFuture$AsyncRun.run(CompletableFuture.java:1804)
	at java.base/java.util.concurrent.CompletableFuture$AsyncRun.exec(CompletableFuture.java:1796)
	at java.base/java.util.concurrent.ForkJoinTask.doExec(ForkJoinTask.java:387)
	at java.base/java.util.concurrent.ForkJoinPool$WorkQueue.topLevelExec(ForkJoinPool.java:1312)
	at java.base/java.util.concurrent.ForkJoinPool.scan(ForkJoinPool.java:1843)
	at java.base/java.util.concurrent.ForkJoinPool.runWorker(ForkJoinPool.java:1808)
	at java.base/java.util.concurrent.ForkJoinWorkerThread.run(ForkJoinWorkerThread.java:188)
Caused by: java.rmi.RemoteException: Service error in registerUser: Transaction could not be completed
	at com.attendance.system.server.AttendanceServer.executeWithErrorHandling(AttendanceServer.java:1153)
	at com.attendance.system.server.AttendanceServer.registerUser(AttendanceServer.java:187)
	at java.base/jdk.internal.reflect.DirectMethodHandleAccessor.invoke(DirectMethodHandleAccessor.java:103)
	at java.base/java.lang.reflect.Method.invoke(Method.java:580)
	at java.rmi/sun.rmi.server.UnicastServerRef.dispatch(UnicastServerRef.java:360)
	at java.rmi/sun.rmi.transport.Transport$1.run(Transport.java:200)
	at java.rmi/sun.rmi.transport.Transport$1.run(Transport.java:197)
	at java.base/java.security.AccessController.doPrivileged(AccessController.java:714)
	at java.rmi/sun.rmi.transport.Transport.serviceCall(Transport.java:196)
	at java.rmi/sun.rmi.transport.tcp.TCPTransport.handleMessages(TCPTransport.java:598)
	at java.rmi/sun.rmi.transport.tcp.TCPTransport$ConnectionHandler.run0(TCPTransport.java:844)
	at java.rmi/sun.rmi.transport.tcp.TCPTransport$ConnectionHandler.lambda$run$0(TCPTransport.java:721)
	at java.base/java.security.AccessController.doPrivileged(AccessController.java:400)
	at java.rmi/sun.rmi.transport.tcp.TCPTransport$ConnectionHandler.run(TCPTransport.java:720)
	at java.base/java.util.concurrent.ThreadPoolExecutor.runWorker(ThreadPoolExecutor.java:1144)
	at java.base/java.util.concurrent.ThreadPoolExecutor$Worker.run(ThreadPoolExecutor.java:642)
	at java.base/java.lang.Thread.run(Thread.java:1583)
2026-05-07 20:53:31.315 [pool-1-thread-2] DEBUG c.a.system.server.ServerLauncher - Server stats - Active connections: 0, Total requests: 2
2026-05-07 20:54:31.315 [pool-1-thread-2] DEBUG c.a.system.server.ServerLauncher - Server stats - Active connections: 0, Total requests: 2
2026-05-07 20:54:42.269 [Thread-2] INFO  c.a.system.server.ServerLauncher - Shutdown hook triggered
2026-05-07 20:54:42.271 [Thread-2] INFO  c.a.system.server.ServerLauncher - Stopping Student Attendance System Server...
2026-05-07 20:54:42.272 [Thread-2] INFO  c.a.system.server.ServerLauncher - Service unbound from registry
2026-05-07 20:54:42.280 [Thread-2] INFO  c.a.system.server.ServerLauncher - Server unexported
2026-05-07 20:54:42.281 [Thread-2] INFO  com.zaxxer.hikari.HikariDataSource - HikariPool-2 - Shutdown initiated...
2026-05-07 20:54:42.299 [Thread-2] INFO  com.zaxxer.hikari.HikariDataSource - HikariPool-2 - Shutdown completed.
2026-05-07 20:54:42.299 [Thread-2] INFO  c.a.system.dao.DatabaseManager - Database connection pool closed
2026-05-07 20:54:42.299 [Thread-2] INFO  c.a.system.server.ServerLauncher - Database connections closed
2026-05-07 20:54:42.299 [Thread-2] INFO  c.a.system.server.ServerLauncher - Server stopped successfully
2026-05-07 20:54:42.300 [SessionCleanup] INFO  c.a.s.service.AuthenticationService - Session cleanup thread interrupted
2026-05-07 20:59:43.386 [com.attendance.system.server.ServerLauncher.main()] INFO  c.a.system.server.ServerLauncher - Starting Student Attendance System Server...
2026-05-07 20:59:43.388 [com.attendance.system.server.ServerLauncher.main()] INFO  c.a.system.server.ServerLauncher - Initializing database connection...
2026-05-07 20:59:43.420 [com.attendance.system.server.ServerLauncher.main()] INFO  com.zaxxer.hikari.HikariDataSource - HikariPool-1 - Starting...
2026-05-07 20:59:43.772 [com.attendance.system.server.ServerLauncher.main()] INFO  com.zaxxer.hikari.pool.HikariPool - HikariPool-1 - Added connection com.mysql.cj.jdbc.ConnectionImpl@4a25ae17
2026-05-07 20:59:43.776 [com.attendance.system.server.ServerLauncher.main()] INFO  com.zaxxer.hikari.HikariDataSource - HikariPool-1 - Start completed.
2026-05-07 20:59:43.777 [com.attendance.system.server.ServerLauncher.main()] INFO  c.a.system.dao.DatabaseManager - Database connection pool initialized successfully
2026-05-07 20:59:43.787 [com.attendance.system.server.ServerLauncher.main()] DEBUG c.a.system.dao.DatabaseManager - Database connection test successful
2026-05-07 20:59:43.801 [com.attendance.system.server.ServerLauncher.main()] INFO  com.zaxxer.hikari.HikariDataSource - HikariPool-2 - Starting...
2026-05-07 20:59:43.815 [com.attendance.system.server.ServerLauncher.main()] INFO  com.zaxxer.hikari.pool.HikariPool - HikariPool-2 - Added connection com.mysql.cj.jdbc.ConnectionImpl@3af58f0e
2026-05-07 20:59:43.818 [com.attendance.system.server.ServerLauncher.main()] INFO  com.zaxxer.hikari.HikariDataSource - HikariPool-2 - Start completed.
2026-05-07 20:59:43.819 [com.attendance.system.server.ServerLauncher.main()] INFO  c.a.system.dao.DatabaseManager - Database connection pool initialized successfully
2026-05-07 20:59:43.828 [com.attendance.system.server.ServerLauncher.main()] DEBUG c.a.system.dao.DatabaseManager - Database connection test successful
2026-05-07 20:59:43.832 [com.attendance.system.server.ServerLauncher.main()] DEBUG c.a.system.dao.DatabaseManager - Database connection test successful
2026-05-07 20:59:43.835 [com.attendance.system.server.ServerLauncher.main()] INFO  c.a.system.server.ServerLauncher - Database connection established successfully
2026-05-07 20:59:43.837 [com.attendance.system.server.ServerLauncher.main()] DEBUG c.a.system.server.ServerLauncher - Setting up RMI system properties...
2026-05-07 20:59:43.840 [com.attendance.system.server.ServerLauncher.main()] INFO  c.a.system.server.ServerLauncher - RMI server hostname set to: localhost
2026-05-07 20:59:43.840 [com.attendance.system.server.ServerLauncher.main()] INFO  c.a.system.server.ServerLauncher - Setting up RMI registry on port 1100...
2026-05-07 20:59:43.903 [com.attendance.system.server.ServerLauncher.main()] INFO  c.a.system.server.ServerLauncher - Created new RMI registry on port 1100
2026-05-07 20:59:43.904 [com.attendance.system.server.ServerLauncher.main()] INFO  c.a.system.server.ServerLauncher - Creating and exporting attendance server...
2026-05-07 20:59:43.971 [com.attendance.system.server.ServerLauncher.main()] INFO  c.a.system.server.AttendanceServer - AttendanceServer initialized successfully
2026-05-07 20:59:43.973 [com.attendance.system.server.ServerLauncher.main()] INFO  c.a.system.server.AttendanceServer - Encryption enabled: false
2026-05-07 20:59:43.974 [com.attendance.system.server.ServerLauncher.main()] INFO  c.a.system.server.AttendanceServer - Max concurrent users: 100
2026-05-07 20:59:43.975 [com.attendance.system.server.ServerLauncher.main()] INFO  c.a.system.server.ServerLauncher - Attendance server created and exported successfully
2026-05-07 20:59:43.976 [com.attendance.system.server.ServerLauncher.main()] INFO  c.a.system.server.ServerLauncher - Binding server to registry with name 'AttendanceService'...
2026-05-07 20:59:43.978 [com.attendance.system.server.ServerLauncher.main()] INFO  c.a.system.server.ServerLauncher - Server bound to registry successfully
2026-05-07 20:59:43.979 [com.attendance.system.server.ServerLauncher.main()] INFO  c.a.system.server.ServerLauncher - Starting maintenance tasks...
2026-05-07 20:59:43.982 [com.attendance.system.server.ServerLauncher.main()] INFO  c.a.system.server.ServerLauncher - Maintenance tasks started
2026-05-07 20:59:43.985 [com.attendance.system.server.ServerLauncher.main()] INFO  c.a.system.server.ServerLauncher - Server started successfully!
2026-05-07 20:59:43.986 [com.attendance.system.server.ServerLauncher.main()] INFO  c.a.system.server.ServerLauncher - Service name: AttendanceService
2026-05-07 20:59:43.987 [com.attendance.system.server.ServerLauncher.main()] INFO  c.a.system.server.ServerLauncher - RMI registry port: 1100
2026-05-07 20:59:43.988 [com.attendance.system.server.ServerLauncher.main()] INFO  c.a.system.server.ServerLauncher - Server listening on port: 0
2026-05-07 20:59:43.989 [com.attendance.system.server.ServerLauncher.main()] INFO  c.a.system.server.ServerLauncher - Server is ready to accept client connections.
2026-05-07 21:00:43.983 [pool-1-thread-2] DEBUG c.a.system.server.ServerLauncher - Server stats - Active connections: 0, Total requests: 0
2026-05-07 21:01:14.197 [AWT-EventQueue-0] INFO  c.a.system.client.AttendanceGUI - GUI initialized successfully
2026-05-07 21:01:14.200 [ForkJoinPool.commonPool-worker-2] INFO  c.a.system.client.AttendanceGUI - Attempting to connect to server: rmi://localhost:1100/AttendanceService
2026-05-07 21:01:14.652 [AWT-EventQueue-0] INFO  c.a.system.client.AttendanceGUI - Successfully connected to server
2026-05-07 21:01:43.982 [pool-1-thread-2] DEBUG c.a.system.server.ServerLauncher - Server stats - Active connections: 0, Total requests: 0
2026-05-07 21:02:08.109 [RMI TCP Connection(3)-127.0.0.1] DEBUG c.a.system.server.AttendanceServer - Executing method: registerUser
2026-05-07 21:02:08.113 [RMI TCP Connection(3)-127.0.0.1] DEBUG c.a.system.server.AttendanceServer - Registration request for user: abi (Student)
2026-05-07 21:02:08.153 [RMI TCP Connection(3)-127.0.0.1] WARN  c.a.system.util.SecurityUtil - ATTENDANCE_ENCRYPTION_KEY environment variable not set. Using default key for development only.
2026-05-07 21:02:08.733 [RMI TCP Connection(3)-127.0.0.1] DEBUG c.a.system.dao.DatabaseManager - Transaction rolled back due to error
2026-05-07 21:02:08.734 [RMI TCP Connection(3)-127.0.0.1] ERROR c.a.system.dao.DatabaseManager - Transaction failed
java.sql.SQLIntegrityConstraintViolationException: Column 'student_number' cannot be null
	at com.mysql.cj.jdbc.exceptions.SQLError.createSQLException(SQLError.java:118)
	at com.mysql.cj.jdbc.exceptions.SQLExceptionsMapping.translateException(SQLExceptionsMapping.java:122)
	at com.mysql.cj.jdbc.ServerPreparedStatement.serverExecute(ServerPreparedStatement.java:555)
	at com.mysql.cj.jdbc.ServerPreparedStatement.executeInternal(ServerPreparedStatement.java:339)
	at com.mysql.cj.jdbc.ClientPreparedStatement.executeUpdateInternal(ClientPreparedStatement.java:1061)
	at com.mysql.cj.jdbc.ClientPreparedStatement.executeUpdateInternal(ClientPreparedStatement.java:1009)
	at com.mysql.cj.jdbc.ClientPreparedStatement.executeLargeUpdate(ClientPreparedStatement.java:1320)
	at com.mysql.cj.jdbc.ClientPreparedStatement.executeUpdate(ClientPreparedStatement.java:994)
	at com.zaxxer.hikari.pool.ProxyPreparedStatement.executeUpdate(ProxyPreparedStatement.java:61)
	at com.zaxxer.hikari.pool.HikariProxyPreparedStatement.executeUpdate(HikariProxyPreparedStatement.java)
	at com.attendance.system.dao.UserDAO.createStudentProfile(UserDAO.java:414)
	at com.attendance.system.dao.UserDAO.lambda$createUser$0(UserDAO.java:213)
	at com.attendance.system.dao.DatabaseManager.executeTransaction(DatabaseManager.java:236)
	at com.attendance.system.dao.UserDAO.createUser(UserDAO.java:179)
	at com.attendance.system.server.AttendanceServer.lambda$registerUser$4(AttendanceServer.java:286)
	at com.attendance.system.server.AttendanceServer.executeWithErrorHandling(AttendanceServer.java:1144)
	at com.attendance.system.server.AttendanceServer.registerUser(AttendanceServer.java:187)
	at java.base/jdk.internal.reflect.DirectMethodHandleAccessor.invoke(DirectMethodHandleAccessor.java:103)
	at java.base/java.lang.reflect.Method.invoke(Method.java:580)
	at java.rmi/sun.rmi.server.UnicastServerRef.dispatch(UnicastServerRef.java:360)
	at java.rmi/sun.rmi.transport.Transport$1.run(Transport.java:200)
	at java.rmi/sun.rmi.transport.Transport$1.run(Transport.java:197)
	at java.base/java.security.AccessController.doPrivileged(AccessController.java:714)
	at java.rmi/sun.rmi.transport.Transport.serviceCall(Transport.java:196)
	at java.rmi/sun.rmi.transport.tcp.TCPTransport.handleMessages(TCPTransport.java:598)
	at java.rmi/sun.rmi.transport.tcp.TCPTransport$ConnectionHandler.run0(TCPTransport.java:844)
	at java.rmi/sun.rmi.transport.tcp.TCPTransport$ConnectionHandler.lambda$run$0(TCPTransport.java:721)
	at java.base/java.security.AccessController.doPrivileged(AccessController.java:400)
	at java.rmi/sun.rmi.transport.tcp.TCPTransport$ConnectionHandler.run(TCPTransport.java:720)
	at java.base/java.util.concurrent.ThreadPoolExecutor.runWorker(ThreadPoolExecutor.java:1144)
	at java.base/java.util.concurrent.ThreadPoolExecutor$Worker.run(ThreadPoolExecutor.java:642)
	at java.base/java.lang.Thread.run(Thread.java:1583)
2026-05-07 21:02:08.738 [RMI TCP Connection(3)-127.0.0.1] WARN  c.a.system.server.AttendanceServer - Method registerUser failed: Transaction could not be completed
2026-05-07 21:02:08.773 [ForkJoinPool.commonPool-worker-2] ERROR c.a.system.client.RegistrationFrame - Remote service error during registration
java.rmi.ServerException: RemoteException occurred in server thread; nested exception is: 
	java.rmi.RemoteException: Service error in registerUser: Transaction could not be completed
	at java.rmi/sun.rmi.server.UnicastServerRef.dispatch(UnicastServerRef.java:392)
	at java.rmi/sun.rmi.transport.Transport$1.run(Transport.java:200)
	at java.rmi/sun.rmi.transport.Transport$1.run(Transport.java:197)
	at java.base/java.security.AccessController.doPrivileged(AccessController.java:714)
	at java.rmi/sun.rmi.transport.Transport.serviceCall(Transport.java:196)
	at java.rmi/sun.rmi.transport.tcp.TCPTransport.handleMessages(TCPTransport.java:598)
	at java.rmi/sun.rmi.transport.tcp.TCPTransport$ConnectionHandler.run0(TCPTransport.java:844)
	at java.rmi/sun.rmi.transport.tcp.TCPTransport$ConnectionHandler.lambda$run$0(TCPTransport.java:721)
	at java.base/java.security.AccessController.doPrivileged(AccessController.java:400)
	at java.rmi/sun.rmi.transport.tcp.TCPTransport$ConnectionHandler.run(TCPTransport.java:720)
	at java.base/java.util.concurrent.ThreadPoolExecutor.runWorker(ThreadPoolExecutor.java:1144)
	at java.base/java.util.concurrent.ThreadPoolExecutor$Worker.run(ThreadPoolExecutor.java:642)
	at java.base/java.lang.Thread.run(Thread.java:1583)
	at java.rmi/sun.rmi.transport.StreamRemoteCall.exceptionReceivedFromServer(StreamRemoteCall.java:304)
	at java.rmi/sun.rmi.transport.StreamRemoteCall.executeCall(StreamRemoteCall.java:280)
	at java.rmi/sun.rmi.server.UnicastRef.invoke(UnicastRef.java:166)
	at java.rmi/java.rmi.server.RemoteObjectInvocationHandler.invokeRemoteMethod(RemoteObjectInvocationHandler.java:215)
	at java.rmi/java.rmi.server.RemoteObjectInvocationHandler.invoke(RemoteObjectInvocationHandler.java:160)
	at jdk.proxy3/jdk.proxy3.$Proxy25.registerUser(Unknown Source)
	at com.attendance.system.client.RegistrationFrame.lambda$performRegistration$7(RegistrationFrame.java:666)
	at java.base/java.util.concurrent.CompletableFuture$AsyncRun.run(CompletableFuture.java:1804)
	at java.base/java.util.concurrent.CompletableFuture$AsyncRun.exec(CompletableFuture.java:1796)
	at java.base/java.util.concurrent.ForkJoinTask.doExec(ForkJoinTask.java:387)
	at java.base/java.util.concurrent.ForkJoinPool$WorkQueue.topLevelExec(ForkJoinPool.java:1312)
	at java.base/java.util.concurrent.ForkJoinPool.scan(ForkJoinPool.java:1843)
	at java.base/java.util.concurrent.ForkJoinPool.runWorker(ForkJoinPool.java:1808)
	at java.base/java.util.concurrent.ForkJoinWorkerThread.run(ForkJoinWorkerThread.java:188)
Caused by: java.rmi.RemoteException: Service error in registerUser: Transaction could not be completed
	at com.attendance.system.server.AttendanceServer.executeWithErrorHandling(AttendanceServer.java:1153)
	at com.attendance.system.server.AttendanceServer.registerUser(AttendanceServer.java:187)
	at java.base/jdk.internal.reflect.DirectMethodHandleAccessor.invoke(DirectMethodHandleAccessor.java:103)
	at java.base/java.lang.reflect.Method.invoke(Method.java:580)
	at java.rmi/sun.rmi.server.UnicastServerRef.dispatch(UnicastServerRef.java:360)
	at java.rmi/sun.rmi.transport.Transport$1.run(Transport.java:200)
	at java.rmi/sun.rmi.transport.Transport$1.run(Transport.java:197)
	at java.base/java.security.AccessController.doPrivileged(AccessController.java:714)
	at java.rmi/sun.rmi.transport.Transport.serviceCall(Transport.java:196)
	at java.rmi/sun.rmi.transport.tcp.TCPTransport.handleMessages(TCPTransport.java:598)
	at java.rmi/sun.rmi.transport.tcp.TCPTransport$ConnectionHandler.run0(TCPTransport.java:844)
	at java.rmi/sun.rmi.transport.tcp.TCPTransport$ConnectionHandler.lambda$run$0(TCPTransport.java:721)
	at java.base/java.security.AccessController.doPrivileged(AccessController.java:400)
	at java.rmi/sun.rmi.transport.tcp.TCPTransport$ConnectionHandler.run(TCPTransport.java:720)
	at java.base/java.util.concurrent.ThreadPoolExecutor.runWorker(ThreadPoolExecutor.java:1144)
	at java.base/java.util.concurrent.ThreadPoolExecutor$Worker.run(ThreadPoolExecutor.java:642)
	at java.base/java.lang.Thread.run(Thread.java:1583)
2026-05-07 21:02:43.982 [pool-1-thread-2] DEBUG c.a.system.server.ServerLauncher - Server stats - Active connections: 0, Total requests: 1
2026-05-07 21:03:43.982 [pool-1-thread-2] DEBUG c.a.system.server.ServerLauncher - Server stats - Active connections: 0, Total requests: 1
2026-05-07 21:04:43.982 [pool-1-thread-2] DEBUG c.a.system.server.ServerLauncher - Server stats - Active connections: 0, Total requests: 1
2026-05-07 21:05:43.982 [pool-1-thread-2] DEBUG c.a.system.server.ServerLauncher - Server stats - Active connections: 0, Total requests: 1
2026-05-07 21:06:43.982 [pool-1-thread-2] DEBUG c.a.system.server.ServerLauncher - Server stats - Active connections: 0, Total requests: 1
2026-05-07 21:07:43.982 [pool-1-thread-2] DEBUG c.a.system.server.ServerLauncher - Server stats - Active connections: 0, Total requests: 1
2026-05-07 21:08:43.982 [pool-1-thread-2] DEBUG c.a.system.server.ServerLauncher - Server stats - Active connections: 0, Total requests: 1
2026-05-07 21:09:43.982 [pool-1-thread-2] DEBUG c.a.system.server.ServerLauncher - Server stats - Active connections: 0, Total requests: 1
2026-05-07 21:10:43.982 [pool-1-thread-2] DEBUG c.a.system.server.ServerLauncher - Server stats - Active connections: 0, Total requests: 1
2026-05-07 21:11:43.982 [pool-1-thread-2] DEBUG c.a.system.server.ServerLauncher - Server stats - Active connections: 0, Total requests: 1
2026-05-07 21:11:47.850 [RMI TCP Connection(6)-127.0.0.1] DEBUG c.a.system.server.AttendanceServer - Executing method: registerUser
2026-05-07 21:11:47.851 [RMI TCP Connection(6)-127.0.0.1] DEBUG c.a.system.server.AttendanceServer - Registration request for user: abi (Student)
2026-05-07 21:11:48.304 [RMI TCP Connection(6)-127.0.0.1] DEBUG c.a.system.dao.DatabaseManager - Transaction rolled back due to error
2026-05-07 21:11:48.304 [RMI TCP Connection(6)-127.0.0.1] ERROR c.a.system.dao.DatabaseManager - Transaction failed
java.sql.SQLIntegrityConstraintViolationException: Column 'student_number' cannot be null
	at com.mysql.cj.jdbc.exceptions.SQLError.createSQLException(SQLError.java:118)
	at com.mysql.cj.jdbc.exceptions.SQLExceptionsMapping.translateException(SQLExceptionsMapping.java:122)
	at com.mysql.cj.jdbc.ServerPreparedStatement.serverExecute(ServerPreparedStatement.java:555)
	at com.mysql.cj.jdbc.ServerPreparedStatement.executeInternal(ServerPreparedStatement.java:339)
	at com.mysql.cj.jdbc.ClientPreparedStatement.executeUpdateInternal(ClientPreparedStatement.java:1061)
	at com.mysql.cj.jdbc.ClientPreparedStatement.executeUpdateInternal(ClientPreparedStatement.java:1009)
	at com.mysql.cj.jdbc.ClientPreparedStatement.executeLargeUpdate(ClientPreparedStatement.java:1320)
	at com.mysql.cj.jdbc.ClientPreparedStatement.executeUpdate(ClientPreparedStatement.java:994)
	at com.zaxxer.hikari.pool.ProxyPreparedStatement.executeUpdate(ProxyPreparedStatement.java:61)
	at com.zaxxer.hikari.pool.HikariProxyPreparedStatement.executeUpdate(HikariProxyPreparedStatement.java)
	at com.attendance.system.dao.UserDAO.createStudentProfile(UserDAO.java:414)
	at com.attendance.system.dao.UserDAO.lambda$createUser$0(UserDAO.java:213)
	at com.attendance.system.dao.DatabaseManager.executeTransaction(DatabaseManager.java:236)
	at com.attendance.system.dao.UserDAO.createUser(UserDAO.java:179)
	at com.attendance.system.server.AttendanceServer.lambda$registerUser$4(AttendanceServer.java:286)
	at com.attendance.system.server.AttendanceServer.executeWithErrorHandling(AttendanceServer.java:1144)
	at com.attendance.system.server.AttendanceServer.registerUser(AttendanceServer.java:187)
	at java.base/jdk.internal.reflect.DirectMethodHandleAccessor.invoke(DirectMethodHandleAccessor.java:103)
	at java.base/java.lang.reflect.Method.invoke(Method.java:580)
	at java.rmi/sun.rmi.server.UnicastServerRef.dispatch(UnicastServerRef.java:360)
	at java.rmi/sun.rmi.transport.Transport$1.run(Transport.java:200)
	at java.rmi/sun.rmi.transport.Transport$1.run(Transport.java:197)
	at java.base/java.security.AccessController.doPrivileged(AccessController.java:714)
	at java.rmi/sun.rmi.transport.Transport.serviceCall(Transport.java:196)
	at java.rmi/sun.rmi.transport.tcp.TCPTransport.handleMessages(TCPTransport.java:598)
	at java.rmi/sun.rmi.transport.tcp.TCPTransport$ConnectionHandler.run0(TCPTransport.java:844)
	at java.rmi/sun.rmi.transport.tcp.TCPTransport$ConnectionHandler.lambda$run$0(TCPTransport.java:721)
	at java.base/java.security.AccessController.doPrivileged(AccessController.java:400)
	at java.rmi/sun.rmi.transport.tcp.TCPTransport$ConnectionHandler.run(TCPTransport.java:720)
	at java.base/java.util.concurrent.ThreadPoolExecutor.runWorker(ThreadPoolExecutor.java:1144)
	at java.base/java.util.concurrent.ThreadPoolExecutor$Worker.run(ThreadPoolExecutor.java:642)
	at java.base/java.lang.Thread.run(Thread.java:1583)
2026-05-07 21:11:48.306 [RMI TCP Connection(6)-127.0.0.1] WARN  c.a.system.server.AttendanceServer - Method registerUser failed: Transaction could not be completed
2026-05-07 21:11:48.313 [ForkJoinPool.commonPool-worker-3] ERROR c.a.system.client.RegistrationFrame - Remote service error during registration
java.rmi.ServerException: RemoteException occurred in server thread; nested exception is: 
	java.rmi.RemoteException: Service error in registerUser: Transaction could not be completed
	at java.rmi/sun.rmi.server.UnicastServerRef.dispatch(UnicastServerRef.java:392)
	at java.rmi/sun.rmi.transport.Transport$1.run(Transport.java:200)
	at java.rmi/sun.rmi.transport.Transport$1.run(Transport.java:197)
	at java.base/java.security.AccessController.doPrivileged(AccessController.java:714)
	at java.rmi/sun.rmi.transport.Transport.serviceCall(Transport.java:196)
	at java.rmi/sun.rmi.transport.tcp.TCPTransport.handleMessages(TCPTransport.java:598)
	at java.rmi/sun.rmi.transport.tcp.TCPTransport$ConnectionHandler.run0(TCPTransport.java:844)
	at java.rmi/sun.rmi.transport.tcp.TCPTransport$ConnectionHandler.lambda$run$0(TCPTransport.java:721)
	at java.base/java.security.AccessController.doPrivileged(AccessController.java:400)
	at java.rmi/sun.rmi.transport.tcp.TCPTransport$ConnectionHandler.run(TCPTransport.java:720)
	at java.base/java.util.concurrent.ThreadPoolExecutor.runWorker(ThreadPoolExecutor.java:1144)
	at java.base/java.util.concurrent.ThreadPoolExecutor$Worker.run(ThreadPoolExecutor.java:642)
	at java.base/java.lang.Thread.run(Thread.java:1583)
	at java.rmi/sun.rmi.transport.StreamRemoteCall.exceptionReceivedFromServer(StreamRemoteCall.java:304)
	at java.rmi/sun.rmi.transport.StreamRemoteCall.executeCall(StreamRemoteCall.java:280)
	at java.rmi/sun.rmi.server.UnicastRef.invoke(UnicastRef.java:166)
	at java.rmi/java.rmi.server.RemoteObjectInvocationHandler.invokeRemoteMethod(RemoteObjectInvocationHandler.java:215)
	at java.rmi/java.rmi.server.RemoteObjectInvocationHandler.invoke(RemoteObjectInvocationHandler.java:160)
	at jdk.proxy3/jdk.proxy3.$Proxy25.registerUser(Unknown Source)
	at com.attendance.system.client.RegistrationFrame.lambda$performRegistration$7(RegistrationFrame.java:666)
	at java.base/java.util.concurrent.CompletableFuture$AsyncRun.run(CompletableFuture.java:1804)
	at java.base/java.util.concurrent.CompletableFuture$AsyncRun.exec(CompletableFuture.java:1796)
	at java.base/java.util.concurrent.ForkJoinTask.doExec(ForkJoinTask.java:387)
	at java.base/java.util.concurrent.ForkJoinPool$WorkQueue.topLevelExec(ForkJoinPool.java:1312)
	at java.base/java.util.concurrent.ForkJoinPool.scan(ForkJoinPool.java:1843)
	at java.base/java.util.concurrent.ForkJoinPool.runWorker(ForkJoinPool.java:1808)
	at java.base/java.util.concurrent.ForkJoinWorkerThread.run(ForkJoinWorkerThread.java:188)
Caused by: java.rmi.RemoteException: Service error in registerUser: Transaction could not be completed
	at com.attendance.system.server.AttendanceServer.executeWithErrorHandling(AttendanceServer.java:1153)
	at com.attendance.system.server.AttendanceServer.registerUser(AttendanceServer.java:187)
	at java.base/jdk.internal.reflect.DirectMethodHandleAccessor.invoke(DirectMethodHandleAccessor.java:103)
	at java.base/java.lang.reflect.Method.invoke(Method.java:580)
	at java.rmi/sun.rmi.server.UnicastServerRef.dispatch(UnicastServerRef.java:360)
	at java.rmi/sun.rmi.transport.Transport$1.run(Transport.java:200)
	at java.rmi/sun.rmi.transport.Transport$1.run(Transport.java:197)
	at java.base/java.security.AccessController.doPrivileged(AccessController.java:714)
	at java.rmi/sun.rmi.transport.Transport.serviceCall(Transport.java:196)
	at java.rmi/sun.rmi.transport.tcp.TCPTransport.handleMessages(TCPTransport.java:598)
	at java.rmi/sun.rmi.transport.tcp.TCPTransport$ConnectionHandler.run0(TCPTransport.java:844)
	at java.rmi/sun.rmi.transport.tcp.TCPTransport$ConnectionHandler.lambda$run$0(TCPTransport.java:721)
	at java.base/java.security.AccessController.doPrivileged(AccessController.java:400)
	at java.rmi/sun.rmi.transport.tcp.TCPTransport$ConnectionHandler.run(TCPTransport.java:720)
	at java.base/java.util.concurrent.ThreadPoolExecutor.runWorker(ThreadPoolExecutor.java:1144)
	at java.base/java.util.concurrent.ThreadPoolExecutor$Worker.run(ThreadPoolExecutor.java:642)
	at java.base/java.lang.Thread.run(Thread.java:1583)
2026-05-07 21:12:43.982 [pool-1-thread-2] DEBUG c.a.system.server.ServerLauncher - Server stats - Active connections: 0, Total requests: 2
2026-05-07 21:13:43.982 [pool-1-thread-2] DEBUG c.a.system.server.ServerLauncher - Server stats - Active connections: 0, Total requests: 2
2026-05-07 21:14:43.982 [pool-1-thread-2] DEBUG c.a.system.server.ServerLauncher - Server stats - Active connections: 0, Total requests: 2
2026-05-07 21:15:43.982 [pool-1-thread-2] DEBUG c.a.system.server.ServerLauncher - Server stats - Active connections: 0, Total requests: 2
2026-05-07 21:16:43.982 [pool-1-thread-2] DEBUG c.a.system.server.ServerLauncher - Server stats - Active connections: 0, Total requests: 2
2026-05-07 21:17:43.982 [pool-1-thread-2] DEBUG c.a.system.server.ServerLauncher - Server stats - Active connections: 0, Total requests: 2
2026-05-07 21:18:43.982 [pool-1-thread-2] DEBUG c.a.system.server.ServerLauncher - Server stats - Active connections: 0, Total requests: 2
2026-05-07 21:19:43.982 [pool-1-thread-2] DEBUG c.a.system.server.ServerLauncher - Server stats - Active connections: 0, Total requests: 2
2026-05-07 21:20:43.983 [pool-1-thread-2] DEBUG c.a.system.server.ServerLauncher - Server stats - Active connections: 0, Total requests: 2
2026-05-07 21:21:43.982 [pool-1-thread-2] DEBUG c.a.system.server.ServerLauncher - Server stats - Active connections: 0, Total requests: 2
2026-05-07 21:22:28.445 [Thread-2] INFO  c.a.system.server.ServerLauncher - Shutdown hook triggered
2026-05-07 21:22:28.446 [Thread-2] INFO  c.a.system.server.ServerLauncher - Stopping Student Attendance System Server...
2026-05-07 21:22:28.449 [Thread-2] INFO  c.a.system.server.ServerLauncher - Service unbound from registry
2026-05-07 21:22:28.453 [Thread-2] INFO  c.a.system.server.ServerLauncher - Server unexported
2026-05-07 21:22:28.454 [Thread-2] INFO  com.zaxxer.hikari.HikariDataSource - HikariPool-2 - Shutdown initiated...
2026-05-07 21:22:28.472 [Thread-2] INFO  com.zaxxer.hikari.HikariDataSource - HikariPool-2 - Shutdown completed.
2026-05-07 21:22:28.472 [Thread-2] INFO  c.a.system.dao.DatabaseManager - Database connection pool closed
2026-05-07 21:22:28.472 [Thread-2] INFO  c.a.system.server.ServerLauncher - Database connections closed
2026-05-07 21:22:28.472 [Thread-2] INFO  c.a.system.server.ServerLauncher - Server stopped successfully
2026-05-07 21:22:28.473 [SessionCleanup] INFO  c.a.s.service.AuthenticationService - Session cleanup thread interrupted
2026-05-07 21:25:51.169 [com.attendance.system.server.ServerLauncher.main()] INFO  c.a.system.server.ServerLauncher - Starting Student Attendance System Server...
2026-05-07 21:25:51.171 [com.attendance.system.server.ServerLauncher.main()] INFO  c.a.system.server.ServerLauncher - Initializing database connection...
2026-05-07 21:25:51.194 [com.attendance.system.server.ServerLauncher.main()] INFO  com.zaxxer.hikari.HikariDataSource - HikariPool-1 - Starting...
2026-05-07 21:25:51.517 [com.attendance.system.server.ServerLauncher.main()] INFO  com.zaxxer.hikari.pool.HikariPool - HikariPool-1 - Added connection com.mysql.cj.jdbc.ConnectionImpl@239e752e
2026-05-07 21:25:51.520 [com.attendance.system.server.ServerLauncher.main()] INFO  com.zaxxer.hikari.HikariDataSource - HikariPool-1 - Start completed.
2026-05-07 21:25:51.520 [com.attendance.system.server.ServerLauncher.main()] INFO  c.a.system.dao.DatabaseManager - Database connection pool initialized successfully
2026-05-07 21:25:51.529 [com.attendance.system.server.ServerLauncher.main()] DEBUG c.a.system.dao.DatabaseManager - Database connection test successful
2026-05-07 21:25:51.546 [com.attendance.system.server.ServerLauncher.main()] INFO  com.zaxxer.hikari.HikariDataSource - HikariPool-2 - Starting...
2026-05-07 21:25:51.563 [com.attendance.system.server.ServerLauncher.main()] INFO  com.zaxxer.hikari.pool.HikariPool - HikariPool-2 - Added connection com.mysql.cj.jdbc.ConnectionImpl@6eefa10b
2026-05-07 21:25:51.565 [com.attendance.system.server.ServerLauncher.main()] INFO  com.zaxxer.hikari.HikariDataSource - HikariPool-2 - Start completed.
2026-05-07 21:25:51.565 [com.attendance.system.server.ServerLauncher.main()] INFO  c.a.system.dao.DatabaseManager - Database connection pool initialized successfully
2026-05-07 21:25:51.567 [com.attendance.system.server.ServerLauncher.main()] DEBUG c.a.system.dao.DatabaseManager - Database connection test successful
2026-05-07 21:25:51.573 [com.attendance.system.server.ServerLauncher.main()] DEBUG c.a.system.dao.DatabaseManager - Database connection test successful
2026-05-07 21:25:51.574 [com.attendance.system.server.ServerLauncher.main()] INFO  c.a.system.server.ServerLauncher - Database connection established successfully
2026-05-07 21:25:51.574 [com.attendance.system.server.ServerLauncher.main()] DEBUG c.a.system.server.ServerLauncher - Setting up RMI system properties...
2026-05-07 21:25:51.574 [com.attendance.system.server.ServerLauncher.main()] INFO  c.a.system.server.ServerLauncher - RMI server hostname set to: localhost
2026-05-07 21:25:51.575 [com.attendance.system.server.ServerLauncher.main()] INFO  c.a.system.server.ServerLauncher - Setting up RMI registry on port 1100...
2026-05-07 21:25:51.628 [com.attendance.system.server.ServerLauncher.main()] INFO  c.a.system.server.ServerLauncher - Created new RMI registry on port 1100
2026-05-07 21:25:51.629 [com.attendance.system.server.ServerLauncher.main()] INFO  c.a.system.server.ServerLauncher - Creating and exporting attendance server...
2026-05-07 21:25:51.676 [com.attendance.system.server.ServerLauncher.main()] INFO  c.a.system.server.AttendanceServer - AttendanceServer initialized successfully
2026-05-07 21:25:51.677 [com.attendance.system.server.ServerLauncher.main()] INFO  c.a.system.server.AttendanceServer - Encryption enabled: false
2026-05-07 21:25:51.678 [com.attendance.system.server.ServerLauncher.main()] INFO  c.a.system.server.AttendanceServer - Max concurrent users: 100
2026-05-07 21:25:51.681 [com.attendance.system.server.ServerLauncher.main()] INFO  c.a.system.server.ServerLauncher - Attendance server created and exported successfully
2026-05-07 21:25:51.681 [com.attendance.system.server.ServerLauncher.main()] INFO  c.a.system.server.ServerLauncher - Binding server to registry with name 'AttendanceService'...
2026-05-07 21:25:51.683 [com.attendance.system.server.ServerLauncher.main()] INFO  c.a.system.server.ServerLauncher - Server bound to registry successfully
2026-05-07 21:25:51.686 [com.attendance.system.server.ServerLauncher.main()] INFO  c.a.system.server.ServerLauncher - Starting maintenance tasks...
2026-05-07 21:25:51.691 [com.attendance.system.server.ServerLauncher.main()] INFO  c.a.system.server.ServerLauncher - Maintenance tasks started
2026-05-07 21:25:51.693 [com.attendance.system.server.ServerLauncher.main()] INFO  c.a.system.server.ServerLauncher - Server started successfully!
2026-05-07 21:25:51.694 [com.attendance.system.server.ServerLauncher.main()] INFO  c.a.system.server.ServerLauncher - Service name: AttendanceService
2026-05-07 21:25:51.695 [com.attendance.system.server.ServerLauncher.main()] INFO  c.a.system.server.ServerLauncher - RMI registry port: 1100
2026-05-07 21:25:51.696 [com.attendance.system.server.ServerLauncher.main()] INFO  c.a.system.server.ServerLauncher - Server listening on port: 0
2026-05-07 21:25:51.696 [com.attendance.system.server.ServerLauncher.main()] INFO  c.a.system.server.ServerLauncher - Server is ready to accept client connections.
2026-05-07 21:26:03.530 [AWT-EventQueue-0] INFO  c.a.system.client.AttendanceGUI - GUI initialized successfully
2026-05-07 21:26:03.533 [ForkJoinPool.commonPool-worker-2] INFO  c.a.system.client.AttendanceGUI - Attempting to connect to server: rmi://localhost:1100/AttendanceService
2026-05-07 21:26:04.025 [AWT-EventQueue-0] INFO  c.a.system.client.AttendanceGUI - Successfully connected to server
2026-05-07 21:26:51.692 [pool-1-thread-2] DEBUG c.a.system.server.ServerLauncher - Server stats - Active connections: 0, Total requests: 0
2026-05-07 21:27:00.623 [RMI TCP Connection(3)-127.0.0.1] DEBUG c.a.system.server.AttendanceServer - Executing method: authenticateUser
2026-05-07 21:27:00.625 [RMI TCP Connection(3)-127.0.0.1] DEBUG c.a.system.server.AttendanceServer - Authentication request for user: admin
2026-05-07 21:27:00.647 [RMI TCP Connection(3)-127.0.0.1] WARN  c.a.system.util.SecurityUtil - ATTENDANCE_ENCRYPTION_KEY environment variable not set. Using default key for development only.
2026-05-07 21:27:00.887 [RMI TCP Connection(3)-127.0.0.1] WARN  c.a.s.service.AuthenticationService - Authentication failed - invalid password for user: admin
2026-05-07 21:27:00.888 [RMI TCP Connection(3)-127.0.0.1] WARN  c.a.system.server.AttendanceServer - Method authenticateUser failed: Invalid username or password
2026-05-07 21:27:00.911 [AWT-EventQueue-0] WARN  c.a.system.client.LoginFrame - Login failed for user: admin
java.util.concurrent.CompletionException: java.lang.RuntimeException: java.rmi.ServerException: RemoteException occurred in server thread; nested exception is: 
	java.rmi.RemoteException: Service error in authenticateUser: Invalid username or password
	at java.base/java.util.concurrent.CompletableFuture.encodeThrowable(CompletableFuture.java:315)
	at java.base/java.util.concurrent.CompletableFuture.completeThrowable(CompletableFuture.java:320)
	at java.base/java.util.concurrent.CompletableFuture$AsyncSupply.run(CompletableFuture.java:1770)
	at java.base/java.util.concurrent.CompletableFuture$AsyncSupply.exec(CompletableFuture.java:1760)
	at java.base/java.util.concurrent.ForkJoinTask.doExec(ForkJoinTask.java:387)
	at java.base/java.util.concurrent.ForkJoinPool$WorkQueue.topLevelExec(ForkJoinPool.java:1312)
	at java.base/java.util.concurrent.ForkJoinPool.scan(ForkJoinPool.java:1843)
	at java.base/java.util.concurrent.ForkJoinPool.runWorker(ForkJoinPool.java:1808)
	at java.base/java.util.concurrent.ForkJoinWorkerThread.run(ForkJoinWorkerThread.java:188)
Caused by: java.lang.RuntimeException: java.rmi.ServerException: RemoteException occurred in server thread; nested exception is: 
	java.rmi.RemoteException: Service error in authenticateUser: Invalid username or password
	at com.attendance.system.client.LoginFrame.lambda$performLogin$3(LoginFrame.java:445)
	at java.base/java.util.concurrent.CompletableFuture$AsyncSupply.run(CompletableFuture.java:1768)
	... 6 common frames omitted
Caused by: java.rmi.ServerException: RemoteException occurred in server thread; nested exception is: 
	java.rmi.RemoteException: Service error in authenticateUser: Invalid username or password
	at java.rmi/sun.rmi.server.UnicastServerRef.dispatch(UnicastServerRef.java:392)
	at java.rmi/sun.rmi.transport.Transport$1.run(Transport.java:200)
	at java.rmi/sun.rmi.transport.Transport$1.run(Transport.java:197)
	at java.base/java.security.AccessController.doPrivileged(AccessController.java:714)
	at java.rmi/sun.rmi.transport.Transport.serviceCall(Transport.java:196)
	at java.rmi/sun.rmi.transport.tcp.TCPTransport.handleMessages(TCPTransport.java:598)
	at java.rmi/sun.rmi.transport.tcp.TCPTransport$ConnectionHandler.run0(TCPTransport.java:844)
	at java.rmi/sun.rmi.transport.tcp.TCPTransport$ConnectionHandler.lambda$run$0(TCPTransport.java:721)
	at java.base/java.security.AccessController.doPrivileged(AccessController.java:400)
	at java.rmi/sun.rmi.transport.tcp.TCPTransport$ConnectionHandler.run(TCPTransport.java:720)
	at java.base/java.util.concurrent.ThreadPoolExecutor.runWorker(ThreadPoolExecutor.java:1144)
	at java.base/java.util.concurrent.ThreadPoolExecutor$Worker.run(ThreadPoolExecutor.java:642)
	at java.base/java.lang.Thread.run(Thread.java:1583)
	at java.rmi/sun.rmi.transport.StreamRemoteCall.exceptionReceivedFromServer(StreamRemoteCall.java:304)
	at java.rmi/sun.rmi.transport.StreamRemoteCall.executeCall(StreamRemoteCall.java:280)
	at java.rmi/sun.rmi.server.UnicastRef.invoke(UnicastRef.java:166)
	at java.rmi/java.rmi.server.RemoteObjectInvocationHandler.invokeRemoteMethod(RemoteObjectInvocationHandler.java:215)
	at java.rmi/java.rmi.server.RemoteObjectInvocationHandler.invoke(RemoteObjectInvocationHandler.java:160)
	at jdk.proxy3/jdk.proxy3.$Proxy25.authenticateUser(Unknown Source)
	at com.attendance.system.client.LoginFrame.lambda$performLogin$3(LoginFrame.java:443)
	... 7 common frames omitted
Caused by: java.rmi.RemoteException: Service error in authenticateUser: Invalid username or password
	at com.attendance.system.server.AttendanceServer.executeWithErrorHandling(AttendanceServer.java:1159)
	at com.attendance.system.server.AttendanceServer.authenticateUser(AttendanceServer.java:109)
	at java.base/jdk.internal.reflect.DirectMethodHandleAccessor.invoke(DirectMethodHandleAccessor.java:103)
	at java.base/java.lang.reflect.Method.invoke(Method.java:580)
	at java.rmi/sun.rmi.server.UnicastServerRef.dispatch(UnicastServerRef.java:360)
	at java.rmi/sun.rmi.transport.Transport$1.run(Transport.java:200)
	at java.rmi/sun.rmi.transport.Transport$1.run(Transport.java:197)
	at java.base/java.security.AccessController.doPrivileged(AccessController.java:714)
	at java.rmi/sun.rmi.transport.Transport.serviceCall(Transport.java:196)
	at java.rmi/sun.rmi.transport.tcp.TCPTransport.handleMessages(TCPTransport.java:598)
	at java.rmi/sun.rmi.transport.tcp.TCPTransport$ConnectionHandler.run0(TCPTransport.java:844)
	at java.rmi/sun.rmi.transport.tcp.TCPTransport$ConnectionHandler.lambda$run$0(TCPTransport.java:721)
	at java.base/java.security.AccessController.doPrivileged(AccessController.java:400)
	at java.rmi/sun.rmi.transport.tcp.TCPTransport$ConnectionHandler.run(TCPTransport.java:720)
	at java.base/java.util.concurrent.ThreadPoolExecutor.runWorker(ThreadPoolExecutor.java:1144)
	at java.base/java.util.concurrent.ThreadPoolExecutor$Worker.run(ThreadPoolExecutor.java:642)
	at java.base/java.lang.Thread.run(Thread.java:1583)
2026-05-07 21:27:51.691 [pool-1-thread-2] DEBUG c.a.system.server.ServerLauncher - Server stats - Active connections: 0, Total requests: 1
2026-05-07 21:28:51.691 [pool-1-thread-2] DEBUG c.a.system.server.ServerLauncher - Server stats - Active connections: 0, Total requests: 1
2026-05-07 21:29:25.747 [RMI TCP Connection(4)-127.0.0.1] DEBUG c.a.system.server.AttendanceServer - Executing method: registerUser
2026-05-07 21:29:25.749 [RMI TCP Connection(4)-127.0.0.1] DEBUG c.a.system.server.AttendanceServer - Registration request for user: wolde (Student)
2026-05-07 21:29:26.290 [RMI TCP Connection(4)-127.0.0.1] DEBUG c.a.system.dao.DatabaseManager - Transaction committed successfully
2026-05-07 21:29:26.291 [RMI TCP Connection(4)-127.0.0.1] INFO  c.a.system.server.AttendanceServer - User registered successfully: wolde (Student)
2026-05-07 21:29:26.291 [RMI TCP Connection(4)-127.0.0.1] DEBUG c.a.system.server.AttendanceServer - Method registerUser completed in 544 ms
2026-05-07 21:29:26.292 [ForkJoinPool.commonPool-worker-3] INFO  c.a.system.client.RegistrationFrame - User registered successfully: wolde
2026-05-07 21:29:51.691 [pool-1-thread-2] DEBUG c.a.system.server.ServerLauncher - Server stats - Active connections: 0, Total requests: 2
2026-05-07 21:30:24.582 [RMI TCP Connection(5)-127.0.0.1] DEBUG c.a.system.server.AttendanceServer - Executing method: authenticateUser
2026-05-07 21:30:24.583 [RMI TCP Connection(5)-127.0.0.1] DEBUG c.a.system.server.AttendanceServer - Authentication request for user: wolde
2026-05-07 21:30:25.012 [RMI TCP Connection(5)-127.0.0.1] INFO  c.a.s.service.AuthenticationService - User authenticated successfully: wolde (Role: Student)
2026-05-07 21:30:25.013 [RMI TCP Connection(5)-127.0.0.1] INFO  c.a.system.server.AttendanceServer - User authenticated successfully: wolde (Active connections: 1)
2026-05-07 21:30:25.013 [RMI TCP Connection(5)-127.0.0.1] DEBUG c.a.system.server.AttendanceServer - Method authenticateUser completed in 431 ms
2026-05-07 21:30:25.024 [AWT-EventQueue-0] WARN  c.a.system.client.LoginFrame - Login failed for user: wolde
java.util.concurrent.CompletionException: java.lang.RuntimeException: java.rmi.UnmarshalException: error unmarshalling return; nested exception is: 
	java.io.WriteAbortedException: writing aborted; java.io.NotSerializableException: com.attendance.system.service.AuthenticationService$AuthenticatedUser
	at java.base/java.util.concurrent.CompletableFuture.encodeThrowable(CompletableFuture.java:315)
	at java.base/java.util.concurrent.CompletableFuture.completeThrowable(CompletableFuture.java:320)
	at java.base/java.util.concurrent.CompletableFuture$AsyncSupply.run(CompletableFuture.java:1770)
	at java.base/java.util.concurrent.CompletableFuture$AsyncSupply.exec(CompletableFuture.java:1760)
	at java.base/java.util.concurrent.ForkJoinTask.doExec(ForkJoinTask.java:387)
	at java.base/java.util.concurrent.ForkJoinPool$WorkQueue.topLevelExec(ForkJoinPool.java:1312)
	at java.base/java.util.concurrent.ForkJoinPool.scan(ForkJoinPool.java:1843)
	at java.base/java.util.concurrent.ForkJoinPool.runWorker(ForkJoinPool.java:1808)
	at java.base/java.util.concurrent.ForkJoinWorkerThread.run(ForkJoinWorkerThread.java:188)
Caused by: java.lang.RuntimeException: java.rmi.UnmarshalException: error unmarshalling return; nested exception is: 
	java.io.WriteAbortedException: writing aborted; java.io.NotSerializableException: com.attendance.system.service.AuthenticationService$AuthenticatedUser
	at com.attendance.system.client.LoginFrame.lambda$performLogin$3(LoginFrame.java:445)
	at java.base/java.util.concurrent.CompletableFuture$AsyncSupply.run(CompletableFuture.java:1768)
	... 6 common frames omitted
Caused by: java.rmi.UnmarshalException: error unmarshalling return; nested exception is: 
	java.io.WriteAbortedException: writing aborted; java.io.NotSerializableException: com.attendance.system.service.AuthenticationService$AuthenticatedUser
	at java.rmi/sun.rmi.server.UnicastRef.invoke(UnicastRef.java:199)
	at java.rmi/java.rmi.server.RemoteObjectInvocationHandler.invokeRemoteMethod(RemoteObjectInvocationHandler.java:215)
	at java.rmi/java.rmi.server.RemoteObjectInvocationHandler.invoke(RemoteObjectInvocationHandler.java:160)
	at jdk.proxy3/jdk.proxy3.$Proxy25.authenticateUser(Unknown Source)
	at com.attendance.system.client.LoginFrame.lambda$performLogin$3(LoginFrame.java:443)
	... 7 common frames omitted
Caused by: java.io.WriteAbortedException: writing aborted; java.io.NotSerializableException: com.attendance.system.service.AuthenticationService$AuthenticatedUser
	at java.base/java.io.ObjectInputStream.readObject0(ObjectInputStream.java:1769)
	at java.base/java.io.ObjectInputStream.readObject(ObjectInputStream.java:540)
	at java.base/java.io.ObjectInputStream.readObject(ObjectInputStream.java:498)
	at java.rmi/sun.rmi.server.UnicastRef.unmarshalValue(UnicastRef.java:329)
	at java.rmi/sun.rmi.server.UnicastRef.invoke(UnicastRef.java:179)
	... 11 common frames omitted
Caused by: java.io.NotSerializableException: com.attendance.system.service.AuthenticationService$AuthenticatedUser
	at java.base/java.io.ObjectOutputStream.writeObject0(ObjectOutputStream.java:1200)
	at java.base/java.io.ObjectOutputStream.writeObject(ObjectOutputStream.java:358)
	at java.rmi/sun.rmi.server.UnicastRef.marshalValue(UnicastRef.java:295)
	at java.rmi/sun.rmi.server.UnicastServerRef.dispatch(UnicastServerRef.java:370)
	at java.rmi/sun.rmi.transport.Transport$1.run(Transport.java:200)
	at java.rmi/sun.rmi.transport.Transport$1.run(Transport.java:197)
	at java.base/java.security.AccessController.doPrivileged(AccessController.java:714)
	at java.rmi/sun.rmi.transport.Transport.serviceCall(Transport.java:196)
	at java.rmi/sun.rmi.transport.tcp.TCPTransport.handleMessages(TCPTransport.java:598)
	at java.rmi/sun.rmi.transport.tcp.TCPTransport$ConnectionHandler.run0(TCPTransport.java:844)
	at java.rmi/sun.rmi.transport.tcp.TCPTransport$ConnectionHandler.lambda$run$0(TCPTransport.java:721)
	at java.base/java.security.AccessController.doPrivileged(AccessController.java:400)
	at java.rmi/sun.rmi.transport.tcp.TCPTransport$ConnectionHandler.run(TCPTransport.java:720)
	at java.base/java.util.concurrent.ThreadPoolExecutor.runWorker(ThreadPoolExecutor.java:1144)
	at java.base/java.util.concurrent.ThreadPoolExecutor$Worker.run(ThreadPoolExecutor.java:642)
	at java.base/java.lang.Thread.run(Thread.java:1583)
2026-05-07 21:30:51.691 [pool-1-thread-2] DEBUG c.a.system.server.ServerLauncher - Server stats - Active connections: 1, Total requests: 3
2026-05-07 21:31:40.517 [Thread-2] INFO  c.a.system.server.ServerLauncher - Shutdown hook triggered
2026-05-07 21:31:40.518 [Thread-2] INFO  c.a.system.server.ServerLauncher - Stopping Student Attendance System Server...
2026-05-07 21:31:40.518 [Thread-2] INFO  c.a.system.server.ServerLauncher - Service unbound from registry
2026-05-07 21:31:40.524 [Thread-2] INFO  c.a.system.server.ServerLauncher - Server unexported
2026-05-07 21:31:40.527 [Thread-2] INFO  com.zaxxer.hikari.HikariDataSource - HikariPool-2 - Shutdown initiated...
2026-05-07 21:31:40.611 [Thread-2] INFO  com.zaxxer.hikari.HikariDataSource - HikariPool-2 - Shutdown completed.
2026-05-07 21:31:40.612 [Thread-2] INFO  c.a.system.dao.DatabaseManager - Database connection pool closed
2026-05-07 21:31:40.613 [Thread-2] INFO  c.a.system.server.ServerLauncher - Database connections closed
2026-05-07 21:31:40.614 [Thread-2] INFO  c.a.system.server.ServerLauncher - Server stopped successfully
2026-05-07 21:31:40.616 [SessionCleanup] INFO  c.a.s.service.AuthenticationService - Session cleanup thread interrupted
2026-05-07 21:32:28.302 [com.attendance.system.server.ServerLauncher.main()] INFO  c.a.system.server.ServerLauncher - Starting Student Attendance System Server...
2026-05-07 21:32:28.304 [com.attendance.system.server.ServerLauncher.main()] INFO  c.a.system.server.ServerLauncher - Initializing database connection...
2026-05-07 21:32:28.333 [com.attendance.system.server.ServerLauncher.main()] INFO  com.zaxxer.hikari.HikariDataSource - HikariPool-1 - Starting...
2026-05-07 21:32:28.664 [com.attendance.system.server.ServerLauncher.main()] INFO  com.zaxxer.hikari.pool.HikariPool - HikariPool-1 - Added connection com.mysql.cj.jdbc.ConnectionImpl@239e752e
2026-05-07 21:32:28.667 [com.attendance.system.server.ServerLauncher.main()] INFO  com.zaxxer.hikari.HikariDataSource - HikariPool-1 - Start completed.
2026-05-07 21:32:28.668 [com.attendance.system.server.ServerLauncher.main()] INFO  c.a.system.dao.DatabaseManager - Database connection pool initialized successfully
2026-05-07 21:32:28.679 [com.attendance.system.server.ServerLauncher.main()] DEBUG c.a.system.dao.DatabaseManager - Database connection test successful
2026-05-07 21:32:28.707 [com.attendance.system.server.ServerLauncher.main()] INFO  com.zaxxer.hikari.HikariDataSource - HikariPool-2 - Starting...
2026-05-07 21:32:28.714 [com.attendance.system.server.ServerLauncher.main()] INFO  com.zaxxer.hikari.pool.HikariPool - HikariPool-2 - Added connection com.mysql.cj.jdbc.ConnectionImpl@6eefa10b
2026-05-07 21:32:28.716 [com.attendance.system.server.ServerLauncher.main()] INFO  com.zaxxer.hikari.HikariDataSource - HikariPool-2 - Start completed.
2026-05-07 21:32:28.717 [com.attendance.system.server.ServerLauncher.main()] INFO  c.a.system.dao.DatabaseManager - Database connection pool initialized successfully
2026-05-07 21:32:28.719 [com.attendance.system.server.ServerLauncher.main()] DEBUG c.a.system.dao.DatabaseManager - Database connection test successful
2026-05-07 21:32:28.721 [com.attendance.system.server.ServerLauncher.main()] DEBUG c.a.system.dao.DatabaseManager - Database connection test successful
2026-05-07 21:32:28.724 [com.attendance.system.server.ServerLauncher.main()] INFO  c.a.system.server.ServerLauncher - Database connection established successfully
2026-05-07 21:32:28.724 [com.attendance.system.server.ServerLauncher.main()] DEBUG c.a.system.server.ServerLauncher - Setting up RMI system properties...
2026-05-07 21:32:28.725 [com.attendance.system.server.ServerLauncher.main()] INFO  c.a.system.server.ServerLauncher - RMI server hostname set to: localhost
2026-05-07 21:32:28.725 [com.attendance.system.server.ServerLauncher.main()] INFO  c.a.system.server.ServerLauncher - Setting up RMI registry on port 1100...
2026-05-07 21:32:28.756 [com.attendance.system.server.ServerLauncher.main()] INFO  c.a.system.server.ServerLauncher - Created new RMI registry on port 1100
2026-05-07 21:32:28.756 [com.attendance.system.server.ServerLauncher.main()] INFO  c.a.system.server.ServerLauncher - Creating and exporting attendance server...
2026-05-07 21:32:28.799 [com.attendance.system.server.ServerLauncher.main()] INFO  c.a.system.server.AttendanceServer - AttendanceServer initialized successfully
2026-05-07 21:32:28.800 [com.attendance.system.server.ServerLauncher.main()] INFO  c.a.system.server.AttendanceServer - Encryption enabled: false
2026-05-07 21:32:28.800 [com.attendance.system.server.ServerLauncher.main()] INFO  c.a.system.server.AttendanceServer - Max concurrent users: 100
2026-05-07 21:32:28.801 [com.attendance.system.server.ServerLauncher.main()] INFO  c.a.system.server.ServerLauncher - Attendance server created and exported successfully
2026-05-07 21:32:28.801 [com.attendance.system.server.ServerLauncher.main()] INFO  c.a.system.server.ServerLauncher - Binding server to registry with name 'AttendanceService'...
2026-05-07 21:32:28.802 [com.attendance.system.server.ServerLauncher.main()] INFO  c.a.system.server.ServerLauncher - Server bound to registry successfully
2026-05-07 21:32:28.804 [com.attendance.system.server.ServerLauncher.main()] INFO  c.a.system.server.ServerLauncher - Starting maintenance tasks...
2026-05-07 21:32:28.807 [com.attendance.system.server.ServerLauncher.main()] INFO  c.a.system.server.ServerLauncher - Maintenance tasks started
2026-05-07 21:32:28.808 [com.attendance.system.server.ServerLauncher.main()] INFO  c.a.system.server.ServerLauncher - Server started successfully!
2026-05-07 21:32:28.808 [com.attendance.system.server.ServerLauncher.main()] INFO  c.a.system.server.ServerLauncher - Service name: AttendanceService
2026-05-07 21:32:28.809 [com.attendance.system.server.ServerLauncher.main()] INFO  c.a.system.server.ServerLauncher - RMI registry port: 1100
2026-05-07 21:32:28.809 [com.attendance.system.server.ServerLauncher.main()] INFO  c.a.system.server.ServerLauncher - Server listening on port: 0
2026-05-07 21:32:28.809 [com.attendance.system.server.ServerLauncher.main()] INFO  c.a.system.server.ServerLauncher - Server is ready to accept client connections.
2026-05-07 21:33:11.235 [AWT-EventQueue-0] INFO  c.a.system.client.AttendanceGUI - GUI initialized successfully
2026-05-07 21:33:11.237 [ForkJoinPool.commonPool-worker-2] INFO  c.a.system.client.AttendanceGUI - Attempting to connect to server: rmi://localhost:1100/AttendanceService
2026-05-07 21:33:11.695 [AWT-EventQueue-0] INFO  c.a.system.client.AttendanceGUI - Successfully connected to server
2026-05-07 21:33:24.202 [RMI TCP Connection(2)-127.0.0.1] DEBUG c.a.system.server.AttendanceServer - Executing method: authenticateUser
2026-05-07 21:33:24.203 [RMI TCP Connection(2)-127.0.0.1] DEBUG c.a.system.server.AttendanceServer - Authentication request for user: wolde
2026-05-07 21:33:24.205 [RMI TCP Connection(2)-127.0.0.1] WARN  c.a.system.util.SecurityUtil - ATTENDANCE_ENCRYPTION_KEY environment variable not set. Using default key for development only.
2026-05-07 21:33:24.740 [RMI TCP Connection(2)-127.0.0.1] INFO  c.a.s.service.AuthenticationService - User authenticated successfully: wolde (Role: Student)
2026-05-07 21:33:24.741 [RMI TCP Connection(2)-127.0.0.1] INFO  c.a.system.server.AttendanceServer - User authenticated successfully: wolde (Active connections: 1)
2026-05-07 21:33:24.741 [RMI TCP Connection(2)-127.0.0.1] DEBUG c.a.system.server.AttendanceServer - Method authenticateUser completed in 539 ms
2026-05-07 21:33:24.768 [AWT-EventQueue-0] WARN  c.a.system.client.LoginFrame - Login failed for user: wolde
java.util.concurrent.CompletionException: java.lang.RuntimeException: java.rmi.UnmarshalException: error unmarshalling return; nested exception is: 
	java.io.WriteAbortedException: writing aborted; java.io.NotSerializableException: com.attendance.system.service.AuthenticationService$AuthenticatedUser
	at java.base/java.util.concurrent.CompletableFuture.encodeThrowable(CompletableFuture.java:315)
	at java.base/java.util.concurrent.CompletableFuture.completeThrowable(CompletableFuture.java:320)
	at java.base/java.util.concurrent.CompletableFuture$AsyncSupply.run(CompletableFuture.java:1770)
	at java.base/java.util.concurrent.CompletableFuture$AsyncSupply.exec(CompletableFuture.java:1760)
	at java.base/java.util.concurrent.ForkJoinTask.doExec(ForkJoinTask.java:387)
	at java.base/java.util.concurrent.ForkJoinPool$WorkQueue.topLevelExec(ForkJoinPool.java:1312)
	at java.base/java.util.concurrent.ForkJoinPool.scan(ForkJoinPool.java:1843)
	at java.base/java.util.concurrent.ForkJoinPool.runWorker(ForkJoinPool.java:1808)
	at java.base/java.util.concurrent.ForkJoinWorkerThread.run(ForkJoinWorkerThread.java:188)
Caused by: java.lang.RuntimeException: java.rmi.UnmarshalException: error unmarshalling return; nested exception is: 
	java.io.WriteAbortedException: writing aborted; java.io.NotSerializableException: com.attendance.system.service.AuthenticationService$AuthenticatedUser
	at com.attendance.system.client.LoginFrame.lambda$performLogin$3(LoginFrame.java:445)
	at java.base/java.util.concurrent.CompletableFuture$AsyncSupply.run(CompletableFuture.java:1768)
	... 6 common frames omitted
Caused by: java.rmi.UnmarshalException: error unmarshalling return; nested exception is: 
	java.io.WriteAbortedException: writing aborted; java.io.NotSerializableException: com.attendance.system.service.AuthenticationService$AuthenticatedUser
	at java.rmi/sun.rmi.server.UnicastRef.invoke(UnicastRef.java:199)
	at java.rmi/java.rmi.server.RemoteObjectInvocationHandler.invokeRemoteMethod(RemoteObjectInvocationHandler.java:215)
	at java.rmi/java.rmi.server.RemoteObjectInvocationHandler.invoke(RemoteObjectInvocationHandler.java:160)
	at jdk.proxy3/jdk.proxy3.$Proxy25.authenticateUser(Unknown Source)
	at com.attendance.system.client.LoginFrame.lambda$performLogin$3(LoginFrame.java:443)
	... 7 common frames omitted
Caused by: java.io.WriteAbortedException: writing aborted; java.io.NotSerializableException: com.attendance.system.service.AuthenticationService$AuthenticatedUser
	at java.base/java.io.ObjectInputStream.readObject0(ObjectInputStream.java:1769)
	at java.base/java.io.ObjectInputStream.readObject(ObjectInputStream.java:540)
	at java.base/java.io.ObjectInputStream.readObject(ObjectInputStream.java:498)
	at java.rmi/sun.rmi.server.UnicastRef.unmarshalValue(UnicastRef.java:329)
	at java.rmi/sun.rmi.server.UnicastRef.invoke(UnicastRef.java:179)
	... 11 common frames omitted
Caused by: java.io.NotSerializableException: com.attendance.system.service.AuthenticationService$AuthenticatedUser
	at java.base/java.io.ObjectOutputStream.writeObject0(ObjectOutputStream.java:1200)
	at java.base/java.io.ObjectOutputStream.writeObject(ObjectOutputStream.java:358)
	at java.rmi/sun.rmi.server.UnicastRef.marshalValue(UnicastRef.java:295)
	at java.rmi/sun.rmi.server.UnicastServerRef.dispatch(UnicastServerRef.java:370)
	at java.rmi/sun.rmi.transport.Transport$1.run(Transport.java:200)
	at java.rmi/sun.rmi.transport.Transport$1.run(Transport.java:197)
	at java.base/java.security.AccessController.doPrivileged(AccessController.java:714)
	at java.rmi/sun.rmi.transport.Transport.serviceCall(Transport.java:196)
	at java.rmi/sun.rmi.transport.tcp.TCPTransport.handleMessages(TCPTransport.java:598)
	at java.rmi/sun.rmi.transport.tcp.TCPTransport$ConnectionHandler.run0(TCPTransport.java:844)
	at java.rmi/sun.rmi.transport.tcp.TCPTransport$ConnectionHandler.lambda$run$0(TCPTransport.java:721)
	at java.base/java.security.AccessController.doPrivileged(AccessController.java:400)
	at java.rmi/sun.rmi.transport.tcp.TCPTransport$ConnectionHandler.run(TCPTransport.java:720)
	at java.base/java.util.concurrent.ThreadPoolExecutor.runWorker(ThreadPoolExecutor.java:1144)
	at java.base/java.util.concurrent.ThreadPoolExecutor$Worker.run(ThreadPoolExecutor.java:642)
	at java.base/java.lang.Thread.run(Thread.java:1583)
2026-05-07 21:33:28.808 [pool-1-thread-2] DEBUG c.a.system.server.ServerLauncher - Server stats - Active connections: 1, Total requests: 1
2026-05-07 21:34:28.807 [pool-1-thread-2] DEBUG c.a.system.server.ServerLauncher - Server stats - Active connections: 1, Total requests: 1
2026-05-07 21:34:47.605 [Thread-2] INFO  c.a.system.server.ServerLauncher - Shutdown hook triggered
2026-05-07 21:34:47.606 [Thread-2] INFO  c.a.system.server.ServerLauncher - Stopping Student Attendance System Server...
2026-05-07 21:34:47.606 [Thread-2] INFO  c.a.system.server.ServerLauncher - Service unbound from registry
2026-05-07 21:34:47.607 [Thread-2] INFO  c.a.system.server.ServerLauncher - Server unexported
2026-05-07 21:34:47.607 [Thread-2] INFO  com.zaxxer.hikari.HikariDataSource - HikariPool-2 - Shutdown initiated...
2026-05-07 21:34:47.622 [Thread-2] INFO  com.zaxxer.hikari.HikariDataSource - HikariPool-2 - Shutdown completed.
2026-05-07 21:34:47.622 [Thread-2] INFO  c.a.system.dao.DatabaseManager - Database connection pool closed
2026-05-07 21:34:47.622 [Thread-2] INFO  c.a.system.server.ServerLauncher - Database connections closed
2026-05-07 21:34:47.622 [Thread-2] INFO  c.a.system.server.ServerLauncher - Server stopped successfully
2026-05-07 21:40:03.230 [com.attendance.system.server.ServerLauncher.main()] INFO  c.a.system.server.ServerLauncher - Starting Student Attendance System Server...
2026-05-07 21:40:03.231 [com.attendance.system.server.ServerLauncher.main()] INFO  c.a.system.server.ServerLauncher - Initializing database connection...
2026-05-07 21:40:03.259 [com.attendance.system.server.ServerLauncher.main()] INFO  com.zaxxer.hikari.HikariDataSource - HikariPool-1 - Starting...
2026-05-07 21:40:03.721 [com.attendance.system.server.ServerLauncher.main()] INFO  com.zaxxer.hikari.pool.HikariPool - HikariPool-1 - Added connection com.mysql.cj.jdbc.ConnectionImpl@239e752e
2026-05-07 21:40:03.730 [com.attendance.system.server.ServerLauncher.main()] INFO  com.zaxxer.hikari.HikariDataSource - HikariPool-1 - Start completed.
2026-05-07 21:40:03.733 [com.attendance.system.server.ServerLauncher.main()] INFO  c.a.system.dao.DatabaseManager - Database connection pool initialized successfully
2026-05-07 21:40:03.756 [com.attendance.system.server.ServerLauncher.main()] DEBUG c.a.system.dao.DatabaseManager - Database connection test successful
2026-05-07 21:40:03.796 [com.attendance.system.server.ServerLauncher.main()] INFO  com.zaxxer.hikari.HikariDataSource - HikariPool-2 - Starting...
2026-05-07 21:40:03.810 [com.attendance.system.server.ServerLauncher.main()] INFO  com.zaxxer.hikari.pool.HikariPool - HikariPool-2 - Added connection com.mysql.cj.jdbc.ConnectionImpl@6eefa10b
2026-05-07 21:40:03.812 [com.attendance.system.server.ServerLauncher.main()] INFO  com.zaxxer.hikari.HikariDataSource - HikariPool-2 - Start completed.
2026-05-07 21:40:03.814 [com.attendance.system.server.ServerLauncher.main()] INFO  c.a.system.dao.DatabaseManager - Database connection pool initialized successfully
2026-05-07 21:40:03.817 [com.attendance.system.server.ServerLauncher.main()] DEBUG c.a.system.dao.DatabaseManager - Database connection test successful
2026-05-07 21:40:03.822 [com.attendance.system.server.ServerLauncher.main()] DEBUG c.a.system.dao.DatabaseManager - Database connection test successful
2026-05-07 21:40:03.825 [com.attendance.system.server.ServerLauncher.main()] INFO  c.a.system.server.ServerLauncher - Database connection established successfully
2026-05-07 21:40:03.826 [com.attendance.system.server.ServerLauncher.main()] DEBUG c.a.system.server.ServerLauncher - Setting up RMI system properties...
2026-05-07 21:40:03.831 [com.attendance.system.server.ServerLauncher.main()] INFO  c.a.system.server.ServerLauncher - RMI server hostname set to: localhost
2026-05-07 21:40:03.832 [com.attendance.system.server.ServerLauncher.main()] INFO  c.a.system.server.ServerLauncher - Setting up RMI registry on port 1100...
2026-05-07 21:40:03.891 [com.attendance.system.server.ServerLauncher.main()] INFO  c.a.system.server.ServerLauncher - Created new RMI registry on port 1100
2026-05-07 21:40:03.892 [com.attendance.system.server.ServerLauncher.main()] INFO  c.a.system.server.ServerLauncher - Creating and exporting attendance server...
2026-05-07 21:40:03.977 [com.attendance.system.server.ServerLauncher.main()] INFO  c.a.system.server.AttendanceServer - AttendanceServer initialized successfully
2026-05-07 21:40:03.978 [com.attendance.system.server.ServerLauncher.main()] INFO  c.a.system.server.AttendanceServer - Encryption enabled: false
2026-05-07 21:40:03.978 [com.attendance.system.server.ServerLauncher.main()] INFO  c.a.system.server.AttendanceServer - Max concurrent users: 100
2026-05-07 21:40:03.978 [com.attendance.system.server.ServerLauncher.main()] INFO  c.a.system.server.ServerLauncher - Attendance server created and exported successfully
2026-05-07 21:40:03.978 [com.attendance.system.server.ServerLauncher.main()] INFO  c.a.system.server.ServerLauncher - Binding server to registry with name 'AttendanceService'...
2026-05-07 21:40:03.978 [com.attendance.system.server.ServerLauncher.main()] INFO  c.a.system.server.ServerLauncher - Server bound to registry successfully
2026-05-07 21:40:03.978 [com.attendance.system.server.ServerLauncher.main()] INFO  c.a.system.server.ServerLauncher - Starting maintenance tasks...
2026-05-07 21:40:03.984 [com.attendance.system.server.ServerLauncher.main()] INFO  c.a.system.server.ServerLauncher - Maintenance tasks started
2026-05-07 21:40:03.987 [com.attendance.system.server.ServerLauncher.main()] INFO  c.a.system.server.ServerLauncher - Server started successfully!
2026-05-07 21:40:03.988 [com.attendance.system.server.ServerLauncher.main()] INFO  c.a.system.server.ServerLauncher - Service name: AttendanceService
2026-05-07 21:40:03.988 [com.attendance.system.server.ServerLauncher.main()] INFO  c.a.system.server.ServerLauncher - RMI registry port: 1100
2026-05-07 21:40:03.989 [com.attendance.system.server.ServerLauncher.main()] INFO  c.a.system.server.ServerLauncher - Server listening on port: 0
2026-05-07 21:40:03.990 [com.attendance.system.server.ServerLauncher.main()] INFO  c.a.system.server.ServerLauncher - Server is ready to accept client connections.
2026-05-07 21:41:03.988 [pool-1-thread-2] DEBUG c.a.system.server.ServerLauncher - Server stats - Active connections: 0, Total requests: 0
2026-05-07 21:42:03.984 [pool-1-thread-2] DEBUG c.a.system.server.ServerLauncher - Server stats - Active connections: 0, Total requests: 0
2026-05-07 21:43:03.984 [pool-1-thread-2] DEBUG c.a.system.server.ServerLauncher - Server stats - Active connections: 0, Total requests: 0
2026-05-07 21:44:03.984 [pool-1-thread-1] DEBUG c.a.system.server.ServerLauncher - Server stats - Active connections: 0, Total requests: 0
2026-05-07 21:45:03.984 [pool-1-thread-1] DEBUG c.a.system.server.ServerLauncher - Server stats - Active connections: 0, Total requests: 0
2026-05-07 21:46:03.984 [pool-1-thread-1] DEBUG c.a.system.server.ServerLauncher - Server stats - Active connections: 0, Total requests: 0
2026-05-07 21:47:03.984 [pool-1-thread-1] DEBUG c.a.system.server.ServerLauncher - Server stats - Active connections: 0, Total requests: 0
2026-05-07 21:47:42.435 [AWT-EventQueue-0] INFO  c.a.system.client.AttendanceGUI - GUI initialized successfully
2026-05-07 21:47:42.438 [ForkJoinPool.commonPool-worker-2] INFO  c.a.system.client.AttendanceGUI - Attempting to connect to server: rmi://localhost:1100/AttendanceService
2026-05-07 21:47:43.072 [AWT-EventQueue-0] INFO  c.a.system.client.AttendanceGUI - Successfully connected to server
2026-05-07 21:48:03.984 [pool-1-thread-1] DEBUG c.a.system.server.ServerLauncher - Server stats - Active connections: 0, Total requests: 0
2026-05-07 21:49:03.632 [RMI TCP Connection(3)-127.0.0.1] DEBUG c.a.system.server.AttendanceServer - Executing method: registerUser
2026-05-07 21:49:03.632 [RMI TCP Connection(3)-127.0.0.1] DEBUG c.a.system.server.AttendanceServer - Registration request for user: zegeye (Student)
2026-05-07 21:49:03.669 [RMI TCP Connection(3)-127.0.0.1] WARN  c.a.system.util.SecurityUtil - ATTENDANCE_ENCRYPTION_KEY environment variable not set. Using default key for development only.
2026-05-07 21:49:03.984 [pool-1-thread-1] DEBUG c.a.system.server.ServerLauncher - Server stats - Active connections: 0, Total requests: 1
2026-05-07 21:49:04.266 [RMI TCP Connection(3)-127.0.0.1] DEBUG c.a.system.dao.DatabaseManager - Transaction committed successfully
2026-05-07 21:49:04.267 [RMI TCP Connection(3)-127.0.0.1] INFO  c.a.system.server.AttendanceServer - User registered successfully: zegeye (Student)
2026-05-07 21:49:04.268 [RMI TCP Connection(3)-127.0.0.1] DEBUG c.a.system.server.AttendanceServer - Method registerUser completed in 636 ms
2026-05-07 21:49:04.269 [ForkJoinPool.commonPool-worker-3] INFO  c.a.system.client.RegistrationFrame - User registered successfully: zegeye
2026-05-07 21:49:23.621 [RMI TCP Connection(4)-127.0.0.1] DEBUG c.a.system.server.AttendanceServer - Executing method: authenticateUser
2026-05-07 21:49:23.621 [RMI TCP Connection(4)-127.0.0.1] DEBUG c.a.system.server.AttendanceServer - Authentication request for user: zegeye
2026-05-07 21:49:24.056 [RMI TCP Connection(4)-127.0.0.1] INFO  c.a.s.service.AuthenticationService - User authenticated successfully: zegeye (Role: Student)
2026-05-07 21:49:24.057 [RMI TCP Connection(4)-127.0.0.1] INFO  c.a.system.server.AttendanceServer - User authenticated successfully: zegeye (Active connections: 1)
2026-05-07 21:49:24.057 [RMI TCP Connection(4)-127.0.0.1] DEBUG c.a.system.server.AttendanceServer - Method authenticateUser completed in 436 ms
2026-05-07 21:49:24.080 [AWT-EventQueue-0] WARN  c.a.system.client.LoginFrame - Login failed for user: zegeye
java.util.concurrent.CompletionException: java.lang.RuntimeException: java.rmi.UnmarshalException: error unmarshalling return; nested exception is: 
	java.io.WriteAbortedException: writing aborted; java.io.NotSerializableException: com.attendance.system.service.AuthenticationService$AuthenticatedUser
	at java.base/java.util.concurrent.CompletableFuture.encodeThrowable(CompletableFuture.java:315)
	at java.base/java.util.concurrent.CompletableFuture.completeThrowable(CompletableFuture.java:320)
	at java.base/java.util.concurrent.CompletableFuture$AsyncSupply.run(CompletableFuture.java:1770)
	at java.base/java.util.concurrent.CompletableFuture$AsyncSupply.exec(CompletableFuture.java:1760)
	at java.base/java.util.concurrent.ForkJoinTask.doExec(ForkJoinTask.java:387)
	at java.base/java.util.concurrent.ForkJoinPool$WorkQueue.topLevelExec(ForkJoinPool.java:1312)
	at java.base/java.util.concurrent.ForkJoinPool.scan(ForkJoinPool.java:1843)
	at java.base/java.util.concurrent.ForkJoinPool.runWorker(ForkJoinPool.java:1808)
	at java.base/java.util.concurrent.ForkJoinWorkerThread.run(ForkJoinWorkerThread.java:188)
Caused by: java.lang.RuntimeException: java.rmi.UnmarshalException: error unmarshalling return; nested exception is: 
	java.io.WriteAbortedException: writing aborted; java.io.NotSerializableException: com.attendance.system.service.AuthenticationService$AuthenticatedUser
	at com.attendance.system.client.LoginFrame.lambda$performLogin$3(LoginFrame.java:445)
	at java.base/java.util.concurrent.CompletableFuture$AsyncSupply.run(CompletableFuture.java:1768)
	... 6 common frames omitted
Caused by: java.rmi.UnmarshalException: error unmarshalling return; nested exception is: 
	java.io.WriteAbortedException: writing aborted; java.io.NotSerializableException: com.attendance.system.service.AuthenticationService$AuthenticatedUser
	at java.rmi/sun.rmi.server.UnicastRef.invoke(UnicastRef.java:199)
	at java.rmi/java.rmi.server.RemoteObjectInvocationHandler.invokeRemoteMethod(RemoteObjectInvocationHandler.java:215)
	at java.rmi/java.rmi.server.RemoteObjectInvocationHandler.invoke(RemoteObjectInvocationHandler.java:160)
	at jdk.proxy3/jdk.proxy3.$Proxy25.authenticateUser(Unknown Source)
	at com.attendance.system.client.LoginFrame.lambda$performLogin$3(LoginFrame.java:443)
	... 7 common frames omitted
Caused by: java.io.WriteAbortedException: writing aborted; java.io.NotSerializableException: com.attendance.system.service.AuthenticationService$AuthenticatedUser
	at java.base/java.io.ObjectInputStream.readObject0(ObjectInputStream.java:1769)
	at java.base/java.io.ObjectInputStream.readObject(ObjectInputStream.java:540)
	at java.base/java.io.ObjectInputStream.readObject(ObjectInputStream.java:498)
	at java.rmi/sun.rmi.server.UnicastRef.unmarshalValue(UnicastRef.java:329)
	at java.rmi/sun.rmi.server.UnicastRef.invoke(UnicastRef.java:179)
	... 11 common frames omitted
Caused by: java.io.NotSerializableException: com.attendance.system.service.AuthenticationService$AuthenticatedUser
	at java.base/java.io.ObjectOutputStream.writeObject0(ObjectOutputStream.java:1200)
	at java.base/java.io.ObjectOutputStream.writeObject(ObjectOutputStream.java:358)
	at java.rmi/sun.rmi.server.UnicastRef.marshalValue(UnicastRef.java:295)
	at java.rmi/sun.rmi.server.UnicastServerRef.dispatch(UnicastServerRef.java:370)
	at java.rmi/sun.rmi.transport.Transport$1.run(Transport.java:200)
	at java.rmi/sun.rmi.transport.Transport$1.run(Transport.java:197)
	at java.base/java.security.AccessController.doPrivileged(AccessController.java:714)
	at java.rmi/sun.rmi.transport.Transport.serviceCall(Transport.java:196)
	at java.rmi/sun.rmi.transport.tcp.TCPTransport.handleMessages(TCPTransport.java:598)
	at java.rmi/sun.rmi.transport.tcp.TCPTransport$ConnectionHandler.run0(TCPTransport.java:844)
	at java.rmi/sun.rmi.transport.tcp.TCPTransport$ConnectionHandler.lambda$run$0(TCPTransport.java:721)
	at java.base/java.security.AccessController.doPrivileged(AccessController.java:400)
	at java.rmi/sun.rmi.transport.tcp.TCPTransport$ConnectionHandler.run(TCPTransport.java:720)
	at java.base/java.util.concurrent.ThreadPoolExecutor.runWorker(ThreadPoolExecutor.java:1144)
	at java.base/java.util.concurrent.ThreadPoolExecutor$Worker.run(ThreadPoolExecutor.java:642)
	at java.base/java.lang.Thread.run(Thread.java:1583)
2026-05-07 21:49:40.201 [RMI TCP Connection(6)-127.0.0.1] DEBUG c.a.system.server.AttendanceServer - Executing method: authenticateUser
2026-05-07 21:49:40.201 [RMI TCP Connection(6)-127.0.0.1] DEBUG c.a.system.server.AttendanceServer - Authentication request for user: admin
2026-05-07 21:49:40.638 [RMI TCP Connection(6)-127.0.0.1] INFO  c.a.s.service.AuthenticationService - User authenticated successfully: admin (Role: Administrator)
2026-05-07 21:49:40.639 [RMI TCP Connection(6)-127.0.0.1] INFO  c.a.system.server.AttendanceServer - User authenticated successfully: admin (Active connections: 2)
2026-05-07 21:49:40.639 [RMI TCP Connection(6)-127.0.0.1] DEBUG c.a.system.server.AttendanceServer - Method authenticateUser completed in 438 ms
2026-05-07 21:50:03.984 [pool-1-thread-1] DEBUG c.a.system.server.ServerLauncher - Server stats - Active connections: 2, Total requests: 3
2026-05-07 21:50:11.002 [AWT-EventQueue-0] INFO  c.a.system.client.AttendanceGUI - Application exiting
2026-05-07 21:50:36.078 [Thread-2] INFO  c.a.system.server.ServerLauncher - Shutdown hook triggered
2026-05-07 21:50:36.079 [Thread-2] INFO  c.a.system.server.ServerLauncher - Stopping Student Attendance System Server...
2026-05-07 21:50:36.079 [Thread-2] INFO  c.a.system.server.ServerLauncher - Service unbound from registry
2026-05-07 21:50:36.080 [Thread-2] INFO  c.a.system.server.ServerLauncher - Server unexported
2026-05-07 21:50:36.081 [Thread-2] INFO  com.zaxxer.hikari.HikariDataSource - HikariPool-2 - Shutdown initiated...
2026-05-07 21:50:36.103 [Thread-2] INFO  com.zaxxer.hikari.HikariDataSource - HikariPool-2 - Shutdown completed.
2026-05-07 21:50:36.103 [Thread-2] INFO  c.a.system.dao.DatabaseManager - Database connection pool closed
2026-05-07 21:50:36.103 [Thread-2] INFO  c.a.system.server.ServerLauncher - Database connections closed
2026-05-07 21:50:36.104 [Thread-2] INFO  c.a.system.server.ServerLauncher - Server stopped successfully
2026-05-07 21:50:36.105 [SessionCleanup] INFO  c.a.s.service.AuthenticationService - Session cleanup thread interrupted
2026-05-07 21:56:34.260 [com.attendance.system.server.ServerLauncher.main()] INFO  c.a.system.server.ServerLauncher - Starting Student Attendance System Server...
2026-05-07 21:56:34.261 [com.attendance.system.server.ServerLauncher.main()] INFO  c.a.system.server.ServerLauncher - Initializing database connection...
2026-05-07 21:56:34.288 [com.attendance.system.server.ServerLauncher.main()] INFO  com.zaxxer.hikari.HikariDataSource - HikariPool-1 - Starting...
2026-05-07 21:56:34.636 [com.attendance.system.server.ServerLauncher.main()] INFO  com.zaxxer.hikari.pool.HikariPool - HikariPool-1 - Added connection com.mysql.cj.jdbc.ConnectionImpl@3fe621c9
2026-05-07 21:56:34.641 [com.attendance.system.server.ServerLauncher.main()] INFO  com.zaxxer.hikari.HikariDataSource - HikariPool-1 - Start completed.
2026-05-07 21:56:34.642 [com.attendance.system.server.ServerLauncher.main()] INFO  c.a.system.dao.DatabaseManager - Database connection pool initialized successfully
2026-05-07 21:56:34.654 [com.attendance.system.server.ServerLauncher.main()] DEBUG c.a.system.dao.DatabaseManager - Database connection test successful
2026-05-07 21:56:34.671 [com.attendance.system.server.ServerLauncher.main()] INFO  com.zaxxer.hikari.HikariDataSource - HikariPool-2 - Starting...
2026-05-07 21:56:34.679 [com.attendance.system.server.ServerLauncher.main()] INFO  com.zaxxer.hikari.pool.HikariPool - HikariPool-2 - Added connection com.mysql.cj.jdbc.ConnectionImpl@5ff088dc
2026-05-07 21:56:34.680 [com.attendance.system.server.ServerLauncher.main()] INFO  com.zaxxer.hikari.HikariDataSource - HikariPool-2 - Start completed.
2026-05-07 21:56:34.680 [com.attendance.system.server.ServerLauncher.main()] INFO  c.a.system.dao.DatabaseManager - Database connection pool initialized successfully
2026-05-07 21:56:34.681 [com.attendance.system.server.ServerLauncher.main()] DEBUG c.a.system.dao.DatabaseManager - Database connection test successful
2026-05-07 21:56:34.684 [com.attendance.system.server.ServerLauncher.main()] DEBUG c.a.system.dao.DatabaseManager - Database connection test successful
2026-05-07 21:56:34.686 [com.attendance.system.server.ServerLauncher.main()] INFO  c.a.system.server.ServerLauncher - Database connection established successfully
2026-05-07 21:56:34.687 [com.attendance.system.server.ServerLauncher.main()] DEBUG c.a.system.server.ServerLauncher - Setting up RMI system properties...
2026-05-07 21:56:34.687 [com.attendance.system.server.ServerLauncher.main()] INFO  c.a.system.server.ServerLauncher - RMI server hostname set to: localhost
2026-05-07 21:56:34.687 [com.attendance.system.server.ServerLauncher.main()] INFO  c.a.system.server.ServerLauncher - Setting up RMI registry on port 1100...
2026-05-07 21:56:34.728 [com.attendance.system.server.ServerLauncher.main()] INFO  c.a.system.server.ServerLauncher - Created new RMI registry on port 1100
2026-05-07 21:56:34.728 [com.attendance.system.server.ServerLauncher.main()] INFO  c.a.system.server.ServerLauncher - Creating and exporting attendance server...
2026-05-07 21:56:34.777 [com.attendance.system.server.ServerLauncher.main()] INFO  c.a.system.server.AttendanceServer - AttendanceServer initialized successfully
2026-05-07 21:56:34.778 [com.attendance.system.server.ServerLauncher.main()] INFO  c.a.system.server.AttendanceServer - Encryption enabled: false
2026-05-07 21:56:34.780 [com.attendance.system.server.ServerLauncher.main()] INFO  c.a.system.server.AttendanceServer - Max concurrent users: 100
2026-05-07 21:56:34.781 [com.attendance.system.server.ServerLauncher.main()] INFO  c.a.system.server.ServerLauncher - Attendance server created and exported successfully
2026-05-07 21:56:34.783 [com.attendance.system.server.ServerLauncher.main()] INFO  c.a.system.server.ServerLauncher - Binding server to registry with name 'AttendanceService'...
2026-05-07 21:56:34.784 [com.attendance.system.server.ServerLauncher.main()] INFO  c.a.system.server.ServerLauncher - Server bound to registry successfully
2026-05-07 21:56:34.785 [com.attendance.system.server.ServerLauncher.main()] INFO  c.a.system.server.ServerLauncher - Starting maintenance tasks...
2026-05-07 21:56:34.790 [com.attendance.system.server.ServerLauncher.main()] INFO  c.a.system.server.ServerLauncher - Maintenance tasks started
2026-05-07 21:56:34.791 [com.attendance.system.server.ServerLauncher.main()] INFO  c.a.system.server.ServerLauncher - Server started successfully!
2026-05-07 21:56:34.792 [com.attendance.system.server.ServerLauncher.main()] INFO  c.a.system.server.ServerLauncher - Service name: AttendanceService
2026-05-07 21:56:34.792 [com.attendance.system.server.ServerLauncher.main()] INFO  c.a.system.server.ServerLauncher - RMI registry port: 1100
2026-05-07 21:56:34.798 [com.attendance.system.server.ServerLauncher.main()] INFO  c.a.system.server.ServerLauncher - Server listening on port: 0
2026-05-07 21:56:34.799 [com.attendance.system.server.ServerLauncher.main()] INFO  c.a.system.server.ServerLauncher - Server is ready to accept client connections.
2026-05-07 21:57:34.790 [pool-1-thread-2] DEBUG c.a.system.server.ServerLauncher - Server stats - Active connections: 0, Total requests: 0
2026-05-07 21:58:34.790 [pool-1-thread-2] DEBUG c.a.system.server.ServerLauncher - Server stats - Active connections: 0, Total requests: 0
2026-05-07 21:58:49.756 [RMI TCP Connection(2)-127.0.0.1] DEBUG c.a.system.server.AttendanceServer - Executing method: authenticateUser
2026-05-07 21:58:49.757 [RMI TCP Connection(2)-127.0.0.1] DEBUG c.a.system.server.AttendanceServer - Authentication request for user: admin
2026-05-07 21:58:49.759 [RMI TCP Connection(2)-127.0.0.1] WARN  c.a.system.util.SecurityUtil - ATTENDANCE_ENCRYPTION_KEY environment variable not set. Using default key for development only.
2026-05-07 21:58:50.335 [RMI TCP Connection(2)-127.0.0.1] INFO  c.a.s.service.AuthenticationService - User authenticated successfully: admin (Role: Administrator)
2026-05-07 21:58:50.337 [RMI TCP Connection(2)-127.0.0.1] INFO  c.a.system.server.AttendanceServer - User authenticated successfully: admin (Active connections: 1)
2026-05-07 21:58:50.337 [RMI TCP Connection(2)-127.0.0.1] DEBUG c.a.system.server.AttendanceServer - Method authenticateUser completed in 581 ms
2026-05-07 21:59:34.789 [pool-1-thread-1] DEBUG c.a.system.server.ServerLauncher - Server stats - Active connections: 1, Total requests: 1
2026-05-07 22:00:34.789 [pool-1-thread-1] DEBUG c.a.system.server.ServerLauncher - Server stats - Active connections: 1, Total requests: 1
2026-05-07 22:01:34.789 [pool-1-thread-1] DEBUG c.a.system.server.ServerLauncher - Server stats - Active connections: 1, Total requests: 1
2026-05-07 22:02:08.802 [Thread-2] INFO  c.a.system.server.ServerLauncher - Shutdown hook triggered
2026-05-07 22:02:08.807 [Thread-2] INFO  c.a.system.server.ServerLauncher - Stopping Student Attendance System Server...
2026-05-07 22:02:08.808 [Thread-2] INFO  c.a.system.server.ServerLauncher - Service unbound from registry
2026-05-07 22:02:08.818 [Thread-2] INFO  c.a.system.server.ServerLauncher - Server unexported
2026-05-07 22:02:08.819 [Thread-2] INFO  com.zaxxer.hikari.HikariDataSource - HikariPool-2 - Shutdown initiated...
2026-05-07 22:02:08.857 [Thread-2] INFO  com.zaxxer.hikari.HikariDataSource - HikariPool-2 - Shutdown completed.
2026-05-07 22:02:08.858 [Thread-2] INFO  c.a.system.dao.DatabaseManager - Database connection pool closed
2026-05-07 22:02:08.859 [Thread-2] INFO  c.a.system.server.ServerLauncher - Database connections closed
2026-05-07 22:02:08.861 [Thread-2] INFO  c.a.system.server.ServerLauncher - Server stopped successfully
2026-05-07 22:02:46.442 [com.attendance.system.server.ServerLauncher.main()] INFO  c.a.system.server.ServerLauncher - Starting Student Attendance System Server...
2026-05-07 22:02:46.443 [com.attendance.system.server.ServerLauncher.main()] INFO  c.a.system.server.ServerLauncher - Initializing database connection...
2026-05-07 22:02:46.470 [com.attendance.system.server.ServerLauncher.main()] INFO  com.zaxxer.hikari.HikariDataSource - HikariPool-1 - Starting...
2026-05-07 22:02:46.929 [com.attendance.system.server.ServerLauncher.main()] INFO  com.zaxxer.hikari.pool.HikariPool - HikariPool-1 - Added connection com.mysql.cj.jdbc.ConnectionImpl@612a28a7
2026-05-07 22:02:46.933 [com.attendance.system.server.ServerLauncher.main()] INFO  com.zaxxer.hikari.HikariDataSource - HikariPool-1 - Start completed.
2026-05-07 22:02:46.933 [com.attendance.system.server.ServerLauncher.main()] INFO  c.a.system.dao.DatabaseManager - Database connection pool initialized successfully
2026-05-07 22:02:46.948 [com.attendance.system.server.ServerLauncher.main()] DEBUG c.a.system.dao.DatabaseManager - Database connection test successful
2026-05-07 22:02:46.964 [com.attendance.system.server.ServerLauncher.main()] INFO  com.zaxxer.hikari.HikariDataSource - HikariPool-2 - Starting...
2026-05-07 22:02:46.982 [com.attendance.system.server.ServerLauncher.main()] INFO  com.zaxxer.hikari.pool.HikariPool - HikariPool-2 - Added connection com.mysql.cj.jdbc.ConnectionImpl@282ff5b2
2026-05-07 22:02:46.983 [com.attendance.system.server.ServerLauncher.main()] INFO  com.zaxxer.hikari.HikariDataSource - HikariPool-2 - Start completed.
2026-05-07 22:02:46.984 [com.attendance.system.server.ServerLauncher.main()] INFO  c.a.system.dao.DatabaseManager - Database connection pool initialized successfully
2026-05-07 22:02:46.987 [com.attendance.system.server.ServerLauncher.main()] DEBUG c.a.system.dao.DatabaseManager - Database connection test successful
2026-05-07 22:02:46.992 [com.attendance.system.server.ServerLauncher.main()] DEBUG c.a.system.dao.DatabaseManager - Database connection test successful
2026-05-07 22:02:46.993 [com.attendance.system.server.ServerLauncher.main()] INFO  c.a.system.server.ServerLauncher - Database connection established successfully
2026-05-07 22:02:46.994 [com.attendance.system.server.ServerLauncher.main()] DEBUG c.a.system.server.ServerLauncher - Setting up RMI system properties...
2026-05-07 22:02:46.994 [com.attendance.system.server.ServerLauncher.main()] INFO  c.a.system.server.ServerLauncher - RMI server hostname set to: localhost
2026-05-07 22:02:46.994 [com.attendance.system.server.ServerLauncher.main()] INFO  c.a.system.server.ServerLauncher - Setting up RMI registry on port 1100...
2026-05-07 22:02:47.029 [com.attendance.system.server.ServerLauncher.main()] INFO  c.a.system.server.ServerLauncher - Created new RMI registry on port 1100
2026-05-07 22:02:47.030 [com.attendance.system.server.ServerLauncher.main()] INFO  c.a.system.server.ServerLauncher - Creating and exporting attendance server...
2026-05-07 22:02:47.075 [com.attendance.system.server.ServerLauncher.main()] INFO  c.a.system.server.AttendanceServer - AttendanceServer initialized successfully
2026-05-07 22:02:47.076 [com.attendance.system.server.ServerLauncher.main()] INFO  c.a.system.server.AttendanceServer - Encryption enabled: false
2026-05-07 22:02:47.076 [com.attendance.system.server.ServerLauncher.main()] INFO  c.a.system.server.AttendanceServer - Max concurrent users: 100
2026-05-07 22:02:47.076 [com.attendance.system.server.ServerLauncher.main()] INFO  c.a.system.server.ServerLauncher - Attendance server created and exported successfully
2026-05-07 22:02:47.076 [com.attendance.system.server.ServerLauncher.main()] INFO  c.a.system.server.ServerLauncher - Binding server to registry with name 'AttendanceService'...
2026-05-07 22:02:47.077 [com.attendance.system.server.ServerLauncher.main()] INFO  c.a.system.server.ServerLauncher - Server bound to registry successfully
2026-05-07 22:02:47.077 [com.attendance.system.server.ServerLauncher.main()] INFO  c.a.system.server.ServerLauncher - Starting maintenance tasks...
2026-05-07 22:02:47.080 [com.attendance.system.server.ServerLauncher.main()] INFO  c.a.system.server.ServerLauncher - Maintenance tasks started
2026-05-07 22:02:47.081 [com.attendance.system.server.ServerLauncher.main()] INFO  c.a.system.server.ServerLauncher - Server started successfully!
2026-05-07 22:02:47.081 [com.attendance.system.server.ServerLauncher.main()] INFO  c.a.system.server.ServerLauncher - Service name: AttendanceService
2026-05-07 22:02:47.081 [com.attendance.system.server.ServerLauncher.main()] INFO  c.a.system.server.ServerLauncher - RMI registry port: 1100
2026-05-07 22:02:47.081 [com.attendance.system.server.ServerLauncher.main()] INFO  c.a.system.server.ServerLauncher - Server listening on port: 0
2026-05-07 22:02:47.082 [com.attendance.system.server.ServerLauncher.main()] INFO  c.a.system.server.ServerLauncher - Server is ready to accept client connections.
2026-05-07 22:03:47.081 [pool-1-thread-2] DEBUG c.a.system.server.ServerLauncher - Server stats - Active connections: 0, Total requests: 0
2026-05-07 22:04:47.080 [pool-1-thread-2] DEBUG c.a.system.server.ServerLauncher - Server stats - Active connections: 0, Total requests: 0
2026-05-07 22:05:00.871 [AWT-EventQueue-0] INFO  c.a.system.client.AttendanceGUI - GUI initialized successfully
2026-05-07 22:05:00.876 [ForkJoinPool.commonPool-worker-2] INFO  c.a.system.client.AttendanceGUI - Attempting to connect to server: rmi://localhost:1100/AttendanceService
2026-05-07 22:05:01.491 [AWT-EventQueue-0] INFO  c.a.system.client.AttendanceGUI - Successfully connected to server
2026-05-07 22:05:32.469 [RMI TCP Connection(3)-127.0.0.1] DEBUG c.a.system.server.AttendanceServer - Executing method: authenticateUser
2026-05-07 22:05:32.472 [RMI TCP Connection(3)-127.0.0.1] DEBUG c.a.system.server.AttendanceServer - Authentication request for user: zegeye
2026-05-07 22:05:32.477 [RMI TCP Connection(3)-127.0.0.1] WARN  c.a.system.util.SecurityUtil - ATTENDANCE_ENCRYPTION_KEY environment variable not set. Using default key for development only.
2026-05-07 22:05:33.068 [RMI TCP Connection(3)-127.0.0.1] INFO  c.a.s.service.AuthenticationService - User authenticated successfully: zegeye (Role: Student)
2026-05-07 22:05:33.069 [RMI TCP Connection(3)-127.0.0.1] INFO  c.a.system.server.AttendanceServer - User authenticated successfully: zegeye (Active connections: 1)
2026-05-07 22:05:33.069 [RMI TCP Connection(3)-127.0.0.1] DEBUG c.a.system.server.AttendanceServer - Method authenticateUser completed in 600 ms
2026-05-07 22:05:33.105 [RMI TCP Connection(3)-127.0.0.1] DEBUG c.a.system.server.AttendanceServer - Executing method: validateSession
2026-05-07 22:05:33.106 [RMI TCP Connection(3)-127.0.0.1] DEBUG c.a.system.server.AttendanceServer - Method validateSession completed in 1 ms
2026-05-07 22:05:33.208 [RMI TCP Connection(4)-127.0.0.1] DEBUG c.a.system.server.AttendanceServer - Executing method: getCoursesByStudent
2026-05-07 22:05:33.209 [RMI TCP Connection(3)-127.0.0.1] DEBUG c.a.system.server.AttendanceServer - Executing method: getCoursesByStudent
2026-05-07 22:05:33.236 [RMI TCP Connection(4)-127.0.0.1] DEBUG c.a.system.server.AttendanceServer - Method getCoursesByStudent completed in 28 ms
2026-05-07 22:05:33.237 [RMI TCP Connection(5)-127.0.0.1] DEBUG c.a.system.server.AttendanceServer - Executing method: getNotifications
2026-05-07 22:05:33.237 [RMI TCP Connection(3)-127.0.0.1] DEBUG c.a.system.server.AttendanceServer - Method getCoursesByStudent completed in 28 ms
2026-05-07 22:05:33.240 [RMI TCP Connection(5)-127.0.0.1] DEBUG c.a.system.server.AttendanceServer - Method getNotifications completed in 3 ms
2026-05-07 22:05:33.266 [AWT-EventQueue-0] INFO  c.a.system.client.AttendanceGUI - User authenticated: zegeye (Student)
2026-05-07 22:05:33.319 [RMI TCP Connection(5)-127.0.0.1] DEBUG c.a.system.server.AttendanceServer - Executing method: getAttendanceRecords
2026-05-07 22:05:33.341 [RMI TCP Connection(5)-127.0.0.1] DEBUG c.a.system.server.AttendanceServer - Method getAttendanceRecords completed in 22 ms
2026-05-07 22:05:36.729 [RMI TCP Connection(5)-127.0.0.1] DEBUG c.a.system.server.AttendanceServer - Executing method: getCoursesByStudent
2026-05-07 22:05:36.743 [RMI TCP Connection(5)-127.0.0.1] DEBUG c.a.system.server.AttendanceServer - Method getCoursesByStudent completed in 14 ms
2026-05-07 22:05:36.822 [RMI TCP Connection(5)-127.0.0.1] DEBUG c.a.system.server.AttendanceServer - Executing method: getAttendanceRecords
2026-05-07 22:05:36.822 [RMI TCP Connection(3)-127.0.0.1] DEBUG c.a.system.server.AttendanceServer - Executing method: getAttendanceRecords
2026-05-07 22:05:36.829 [RMI TCP Connection(5)-127.0.0.1] DEBUG c.a.system.server.AttendanceServer - Method getAttendanceRecords completed in 7 ms
2026-05-07 22:05:36.837 [RMI TCP Connection(3)-127.0.0.1] DEBUG c.a.system.server.AttendanceServer - Method getAttendanceRecords completed in 15 ms
2026-05-07 22:05:41.747 [RMI TCP Connection(3)-127.0.0.1] DEBUG c.a.system.server.AttendanceServer - Executing method: getAttendanceRecords
2026-05-07 22:05:41.774 [RMI TCP Connection(3)-127.0.0.1] DEBUG c.a.system.server.AttendanceServer - Method getAttendanceRecords completed in 27 ms
2026-05-07 22:05:45.084 [RMI TCP Connection(3)-127.0.0.1] DEBUG c.a.system.server.AttendanceServer - Executing method: getAttendanceRecords
2026-05-07 22:05:45.088 [RMI TCP Connection(3)-127.0.0.1] DEBUG c.a.system.server.AttendanceServer - Method getAttendanceRecords completed in 4 ms
2026-05-07 22:05:47.080 [pool-1-thread-2] DEBUG c.a.system.server.ServerLauncher - Server stats - Active connections: 1, Total requests: 11
2026-05-07 22:05:48.295 [RMI TCP Connection(3)-127.0.0.1] DEBUG c.a.system.server.AttendanceServer - Executing method: getAttendanceRecords
2026-05-07 22:05:48.310 [RMI TCP Connection(3)-127.0.0.1] DEBUG c.a.system.server.AttendanceServer - Method getAttendanceRecords completed in 15 ms
2026-05-07 22:05:54.978 [RMI TCP Connection(3)-127.0.0.1] DEBUG c.a.system.server.AttendanceServer - Executing method: getNotifications
2026-05-07 22:05:54.981 [RMI TCP Connection(3)-127.0.0.1] DEBUG c.a.system.server.AttendanceServer - Method getNotifications completed in 3 ms
2026-05-07 22:06:16.693 [RMI TCP Connection(3)-127.0.0.1] DEBUG c.a.system.server.AttendanceServer - Executing method: getCoursesByStudent
2026-05-07 22:06:16.717 [RMI TCP Connection(3)-127.0.0.1] DEBUG c.a.system.server.AttendanceServer - Method getCoursesByStudent completed in 24 ms
2026-05-07 22:06:16.782 [RMI TCP Connection(3)-127.0.0.1] DEBUG c.a.system.server.AttendanceServer - Executing method: getAttendanceRecords
2026-05-07 22:06:16.785 [RMI TCP Connection(6)-127.0.0.1] DEBUG c.a.system.server.AttendanceServer - Executing method: getAttendanceRecords
2026-05-07 22:06:16.796 [RMI TCP Connection(6)-127.0.0.1] DEBUG c.a.system.server.AttendanceServer - Method getAttendanceRecords completed in 11 ms
2026-05-07 22:06:16.796 [RMI TCP Connection(3)-127.0.0.1] DEBUG c.a.system.server.AttendanceServer - Method getAttendanceRecords completed in 14 ms
2026-05-07 22:06:22.607 [RMI TCP Connection(3)-127.0.0.1] DEBUG c.a.system.server.AttendanceServer - Executing method: getNotifications
2026-05-07 22:06:22.608 [RMI TCP Connection(3)-127.0.0.1] DEBUG c.a.system.server.AttendanceServer - Method getNotifications completed in 1 ms
2026-05-07 22:06:24.224 [RMI TCP Connection(3)-127.0.0.1] DEBUG c.a.system.server.AttendanceServer - Executing method: getNotifications
2026-05-07 22:06:24.226 [RMI TCP Connection(3)-127.0.0.1] DEBUG c.a.system.server.AttendanceServer - Method getNotifications completed in 2 ms
2026-05-07 22:06:27.915 [RMI TCP Connection(3)-127.0.0.1] DEBUG c.a.system.server.AttendanceServer - Executing method: getCoursesByStudent
2026-05-07 22:06:27.920 [RMI TCP Connection(3)-127.0.0.1] DEBUG c.a.system.server.AttendanceServer - Method getCoursesByStudent completed in 5 ms
2026-05-07 22:06:27.955 [RMI TCP Connection(3)-127.0.0.1] DEBUG c.a.system.server.AttendanceServer - Executing method: getAttendanceRecords
2026-05-07 22:06:27.956 [RMI TCP Connection(6)-127.0.0.1] DEBUG c.a.system.server.AttendanceServer - Executing method: getAttendanceRecords
2026-05-07 22:06:27.962 [RMI TCP Connection(6)-127.0.0.1] DEBUG c.a.system.server.AttendanceServer - Method getAttendanceRecords completed in 6 ms
2026-05-07 22:06:27.962 [RMI TCP Connection(3)-127.0.0.1] DEBUG c.a.system.server.AttendanceServer - Method getAttendanceRecords completed in 7 ms
2026-05-07 22:06:38.103 [RMI TCP Connection(6)-127.0.0.1] DEBUG c.a.system.server.AttendanceServer - Executing method: getAttendanceRecords
2026-05-07 22:06:38.115 [RMI TCP Connection(6)-127.0.0.1] DEBUG c.a.system.server.AttendanceServer - Method getAttendanceRecords completed in 12 ms
2026-05-07 22:06:40.265 [RMI TCP Connection(6)-127.0.0.1] DEBUG c.a.system.server.AttendanceServer - Executing method: logout
2026-05-07 22:06:40.266 [RMI TCP Connection(6)-127.0.0.1] INFO  c.a.s.service.AuthenticationService - User logged out: zegeye
2026-05-07 22:06:40.267 [RMI TCP Connection(6)-127.0.0.1] INFO  c.a.system.server.AttendanceServer - User logged out: zegeye (Active connections: 0)
2026-05-07 22:06:40.269 [RMI TCP Connection(6)-127.0.0.1] DEBUG c.a.system.server.AttendanceServer - Method logout completed in 3 ms
2026-05-07 22:06:40.271 [AWT-EventQueue-0] INFO  c.a.system.client.AttendanceGUI - User logged out: zegeye
2026-05-07 22:06:47.081 [pool-1-thread-2] DEBUG c.a.system.server.ServerLauncher - Server stats - Active connections: 0, Total requests: 23
2026-05-07 22:07:06.895 [RMI TCP Connection(7)-127.0.0.1] DEBUG c.a.system.server.AttendanceServer - Executing method: authenticateUser
2026-05-07 22:07:06.896 [RMI TCP Connection(7)-127.0.0.1] DEBUG c.a.system.server.AttendanceServer - Authentication request for user: admin
2026-05-07 22:07:07.343 [RMI TCP Connection(7)-127.0.0.1] WARN  c.a.s.service.AuthenticationService - Authentication failed - invalid password for user: admin
2026-05-07 22:07:07.344 [RMI TCP Connection(7)-127.0.0.1] WARN  c.a.system.server.AttendanceServer - Method authenticateUser failed: Invalid username or password
2026-05-07 22:07:07.373 [AWT-EventQueue-0] WARN  c.a.system.client.LoginFrame - Login failed for user: admin
java.util.concurrent.CompletionException: java.lang.RuntimeException: java.rmi.ServerException: RemoteException occurred in server thread; nested exception is: 
	java.rmi.RemoteException: Service error in authenticateUser: Invalid username or password
	at java.base/java.util.concurrent.CompletableFuture.encodeThrowable(CompletableFuture.java:315)
	at java.base/java.util.concurrent.CompletableFuture.completeThrowable(CompletableFuture.java:320)
	at java.base/java.util.concurrent.CompletableFuture$AsyncSupply.run(CompletableFuture.java:1770)
	at java.base/java.util.concurrent.CompletableFuture$AsyncSupply.exec(CompletableFuture.java:1760)
	at java.base/java.util.concurrent.ForkJoinTask.doExec(ForkJoinTask.java:387)
	at java.base/java.util.concurrent.ForkJoinPool$WorkQueue.topLevelExec(ForkJoinPool.java:1312)
	at java.base/java.util.concurrent.ForkJoinPool.scan(ForkJoinPool.java:1843)
	at java.base/java.util.concurrent.ForkJoinPool.runWorker(ForkJoinPool.java:1808)
	at java.base/java.util.concurrent.ForkJoinWorkerThread.run(ForkJoinWorkerThread.java:188)
Caused by: java.lang.RuntimeException: java.rmi.ServerException: RemoteException occurred in server thread; nested exception is: 
	java.rmi.RemoteException: Service error in authenticateUser: Invalid username or password
	at com.attendance.system.client.LoginFrame.lambda$performLogin$3(LoginFrame.java:445)
	at java.base/java.util.concurrent.CompletableFuture$AsyncSupply.run(CompletableFuture.java:1768)
	... 6 common frames omitted
Caused by: java.rmi.ServerException: RemoteException occurred in server thread; nested exception is: 
	java.rmi.RemoteException: Service error in authenticateUser: Invalid username or password
	at java.rmi/sun.rmi.server.UnicastServerRef.dispatch(UnicastServerRef.java:392)
	at java.rmi/sun.rmi.transport.Transport$1.run(Transport.java:200)
	at java.rmi/sun.rmi.transport.Transport$1.run(Transport.java:197)
	at java.base/java.security.AccessController.doPrivileged(AccessController.java:714)
	at java.rmi/sun.rmi.transport.Transport.serviceCall(Transport.java:196)
	at java.rmi/sun.rmi.transport.tcp.TCPTransport.handleMessages(TCPTransport.java:598)
	at java.rmi/sun.rmi.transport.tcp.TCPTransport$ConnectionHandler.run0(TCPTransport.java:844)
	at java.rmi/sun.rmi.transport.tcp.TCPTransport$ConnectionHandler.lambda$run$0(TCPTransport.java:721)
	at java.base/java.security.AccessController.doPrivileged(AccessController.java:400)
	at java.rmi/sun.rmi.transport.tcp.TCPTransport$ConnectionHandler.run(TCPTransport.java:720)
	at java.base/java.util.concurrent.ThreadPoolExecutor.runWorker(ThreadPoolExecutor.java:1144)
	at java.base/java.util.concurrent.ThreadPoolExecutor$Worker.run(ThreadPoolExecutor.java:642)
	at java.base/java.lang.Thread.run(Thread.java:1583)
	at java.rmi/sun.rmi.transport.StreamRemoteCall.exceptionReceivedFromServer(StreamRemoteCall.java:304)
	at java.rmi/sun.rmi.transport.StreamRemoteCall.executeCall(StreamRemoteCall.java:280)
	at java.rmi/sun.rmi.server.UnicastRef.invoke(UnicastRef.java:166)
	at java.rmi/java.rmi.server.RemoteObjectInvocationHandler.invokeRemoteMethod(RemoteObjectInvocationHandler.java:215)
	at java.rmi/java.rmi.server.RemoteObjectInvocationHandler.invoke(RemoteObjectInvocationHandler.java:160)
	at jdk.proxy3/jdk.proxy3.$Proxy25.authenticateUser(Unknown Source)
	at com.attendance.system.client.LoginFrame.lambda$performLogin$3(LoginFrame.java:443)
	... 7 common frames omitted
Caused by: java.rmi.RemoteException: Service error in authenticateUser: Invalid username or password
	at com.attendance.system.server.AttendanceServer.executeWithErrorHandling(AttendanceServer.java:1168)
	at com.attendance.system.server.AttendanceServer.authenticateUser(AttendanceServer.java:109)
	at java.base/jdk.internal.reflect.DirectMethodHandleAccessor.invoke(DirectMethodHandleAccessor.java:103)
	at java.base/java.lang.reflect.Method.invoke(Method.java:580)
	at java.rmi/sun.rmi.server.UnicastServerRef.dispatch(UnicastServerRef.java:360)
	at java.rmi/sun.rmi.transport.Transport$1.run(Transport.java:200)
	at java.rmi/sun.rmi.transport.Transport$1.run(Transport.java:197)
	at java.base/java.security.AccessController.doPrivileged(AccessController.java:714)
	at java.rmi/sun.rmi.transport.Transport.serviceCall(Transport.java:196)
	at java.rmi/sun.rmi.transport.tcp.TCPTransport.handleMessages(TCPTransport.java:598)
	at java.rmi/sun.rmi.transport.tcp.TCPTransport$ConnectionHandler.run0(TCPTransport.java:844)
	at java.rmi/sun.rmi.transport.tcp.TCPTransport$ConnectionHandler.lambda$run$0(TCPTransport.java:721)
	at java.base/java.security.AccessController.doPrivileged(AccessController.java:400)
	at java.rmi/sun.rmi.transport.tcp.TCPTransport$ConnectionHandler.run(TCPTransport.java:720)
	at java.base/java.util.concurrent.ThreadPoolExecutor.runWorker(ThreadPoolExecutor.java:1144)
	at java.base/java.util.concurrent.ThreadPoolExecutor$Worker.run(ThreadPoolExecutor.java:642)
	at java.base/java.lang.Thread.run(Thread.java:1583)
2026-05-07 22:07:22.928 [RMI TCP Connection(8)-127.0.0.1] DEBUG c.a.system.server.AttendanceServer - Executing method: authenticateUser
2026-05-07 22:07:22.930 [RMI TCP Connection(8)-127.0.0.1] DEBUG c.a.system.server.AttendanceServer - Authentication request for user: admin
2026-05-07 22:07:23.388 [RMI TCP Connection(8)-127.0.0.1] WARN  c.a.s.service.AuthenticationService - Authentication failed - invalid password for user: admin
2026-05-07 22:07:23.389 [RMI TCP Connection(8)-127.0.0.1] WARN  c.a.system.server.AttendanceServer - Method authenticateUser failed: Invalid username or password
2026-05-07 22:07:23.393 [AWT-EventQueue-0] WARN  c.a.system.client.LoginFrame - Login failed for user: admin
java.util.concurrent.CompletionException: java.lang.RuntimeException: java.rmi.ServerException: RemoteException occurred in server thread; nested exception is: 
	java.rmi.RemoteException: Service error in authenticateUser: Invalid username or password
	at java.base/java.util.concurrent.CompletableFuture.encodeThrowable(CompletableFuture.java:315)
	at java.base/java.util.concurrent.CompletableFuture.completeThrowable(CompletableFuture.java:320)
	at java.base/java.util.concurrent.CompletableFuture$AsyncSupply.run(CompletableFuture.java:1770)
	at java.base/java.util.concurrent.CompletableFuture$AsyncSupply.exec(CompletableFuture.java:1760)
	at java.base/java.util.concurrent.ForkJoinTask.doExec(ForkJoinTask.java:387)
	at java.base/java.util.concurrent.ForkJoinPool$WorkQueue.topLevelExec(ForkJoinPool.java:1312)
	at java.base/java.util.concurrent.ForkJoinPool.scan(ForkJoinPool.java:1843)
	at java.base/java.util.concurrent.ForkJoinPool.runWorker(ForkJoinPool.java:1808)
	at java.base/java.util.concurrent.ForkJoinWorkerThread.run(ForkJoinWorkerThread.java:188)
Caused by: java.lang.RuntimeException: java.rmi.ServerException: RemoteException occurred in server thread; nested exception is: 
	java.rmi.RemoteException: Service error in authenticateUser: Invalid username or password
	at com.attendance.system.client.LoginFrame.lambda$performLogin$3(LoginFrame.java:445)
	at java.base/java.util.concurrent.CompletableFuture$AsyncSupply.run(CompletableFuture.java:1768)
	... 6 common frames omitted
Caused by: java.rmi.ServerException: RemoteException occurred in server thread; nested exception is: 
	java.rmi.RemoteException: Service error in authenticateUser: Invalid username or password
	at java.rmi/sun.rmi.server.UnicastServerRef.dispatch(UnicastServerRef.java:392)
	at java.rmi/sun.rmi.transport.Transport$1.run(Transport.java:200)
	at java.rmi/sun.rmi.transport.Transport$1.run(Transport.java:197)
	at java.base/java.security.AccessController.doPrivileged(AccessController.java:714)
	at java.rmi/sun.rmi.transport.Transport.serviceCall(Transport.java:196)
	at java.rmi/sun.rmi.transport.tcp.TCPTransport.handleMessages(TCPTransport.java:598)
	at java.rmi/sun.rmi.transport.tcp.TCPTransport$ConnectionHandler.run0(TCPTransport.java:844)
	at java.rmi/sun.rmi.transport.tcp.TCPTransport$ConnectionHandler.lambda$run$0(TCPTransport.java:721)
	at java.base/java.security.AccessController.doPrivileged(AccessController.java:400)
	at java.rmi/sun.rmi.transport.tcp.TCPTransport$ConnectionHandler.run(TCPTransport.java:720)
	at java.base/java.util.concurrent.ThreadPoolExecutor.runWorker(ThreadPoolExecutor.java:1144)
	at java.base/java.util.concurrent.ThreadPoolExecutor$Worker.run(ThreadPoolExecutor.java:642)
	at java.base/java.lang.Thread.run(Thread.java:1583)
	at java.rmi/sun.rmi.transport.StreamRemoteCall.exceptionReceivedFromServer(StreamRemoteCall.java:304)
	at java.rmi/sun.rmi.transport.StreamRemoteCall.executeCall(StreamRemoteCall.java:280)
	at java.rmi/sun.rmi.server.UnicastRef.invoke(UnicastRef.java:166)
	at java.rmi/java.rmi.server.RemoteObjectInvocationHandler.invokeRemoteMethod(RemoteObjectInvocationHandler.java:215)
	at java.rmi/java.rmi.server.RemoteObjectInvocationHandler.invoke(RemoteObjectInvocationHandler.java:160)
	at jdk.proxy3/jdk.proxy3.$Proxy25.authenticateUser(Unknown Source)
	at com.attendance.system.client.LoginFrame.lambda$performLogin$3(LoginFrame.java:443)
	... 7 common frames omitted
Caused by: java.rmi.RemoteException: Service error in authenticateUser: Invalid username or password
	at com.attendance.system.server.AttendanceServer.executeWithErrorHandling(AttendanceServer.java:1168)
	at com.attendance.system.server.AttendanceServer.authenticateUser(AttendanceServer.java:109)
	at java.base/jdk.internal.reflect.DirectMethodHandleAccessor.invoke(DirectMethodHandleAccessor.java:103)
	at java.base/java.lang.reflect.Method.invoke(Method.java:580)
	at java.rmi/sun.rmi.server.UnicastServerRef.dispatch(UnicastServerRef.java:360)
	at java.rmi/sun.rmi.transport.Transport$1.run(Transport.java:200)
	at java.rmi/sun.rmi.transport.Transport$1.run(Transport.java:197)
	at java.base/java.security.AccessController.doPrivileged(AccessController.java:714)
	at java.rmi/sun.rmi.transport.Transport.serviceCall(Transport.java:196)
	at java.rmi/sun.rmi.transport.tcp.TCPTransport.handleMessages(TCPTransport.java:598)
	at java.rmi/sun.rmi.transport.tcp.TCPTransport$ConnectionHandler.run0(TCPTransport.java:844)
	at java.rmi/sun.rmi.transport.tcp.TCPTransport$ConnectionHandler.lambda$run$0(TCPTransport.java:721)
	at java.base/java.security.AccessController.doPrivileged(AccessController.java:400)
	at java.rmi/sun.rmi.transport.tcp.TCPTransport$ConnectionHandler.run(TCPTransport.java:720)
	at java.base/java.util.concurrent.ThreadPoolExecutor.runWorker(ThreadPoolExecutor.java:1144)
	at java.base/java.util.concurrent.ThreadPoolExecutor$Worker.run(ThreadPoolExecutor.java:642)
	at java.base/java.lang.Thread.run(Thread.java:1583)
2026-05-07 22:07:47.080 [pool-1-thread-2] DEBUG c.a.system.server.ServerLauncher - Server stats - Active connections: 0, Total requests: 25
2026-05-07 22:08:47.080 [pool-1-thread-2] DEBUG c.a.system.server.ServerLauncher - Server stats - Active connections: 0, Total requests: 25
2026-05-07 22:09:14.070 [RMI TCP Connection(9)-127.0.0.1] DEBUG c.a.system.server.AttendanceServer - Executing method: registerUser
2026-05-07 22:09:14.071 [RMI TCP Connection(9)-127.0.0.1] DEBUG c.a.system.server.AttendanceServer - Registration request for user: abebe (Teacher)
2026-05-07 22:09:14.557 [RMI TCP Connection(9)-127.0.0.1] DEBUG c.a.system.dao.DatabaseManager - Transaction committed successfully
2026-05-07 22:09:14.558 [RMI TCP Connection(9)-127.0.0.1] INFO  c.a.system.server.AttendanceServer - User registered successfully: abebe (Teacher)
2026-05-07 22:09:14.558 [RMI TCP Connection(9)-127.0.0.1] DEBUG c.a.system.server.AttendanceServer - Method registerUser completed in 488 ms
2026-05-07 22:09:14.559 [ForkJoinPool.commonPool-worker-2] INFO  c.a.system.client.RegistrationFrame - User registered successfully: abebe
2026-05-07 22:09:33.904 [RMI TCP Connection(10)-127.0.0.1] DEBUG c.a.system.server.AttendanceServer - Executing method: authenticateUser
2026-05-07 22:09:33.905 [RMI TCP Connection(10)-127.0.0.1] DEBUG c.a.system.server.AttendanceServer - Authentication request for user: abebe
2026-05-07 22:09:34.366 [RMI TCP Connection(10)-127.0.0.1] INFO  c.a.s.service.AuthenticationService - User authenticated successfully: abebe (Role: Teacher)
2026-05-07 22:09:34.366 [RMI TCP Connection(10)-127.0.0.1] INFO  c.a.system.server.AttendanceServer - User authenticated successfully: abebe (Active connections: 1)
2026-05-07 22:09:34.366 [RMI TCP Connection(10)-127.0.0.1] DEBUG c.a.system.server.AttendanceServer - Method authenticateUser completed in 462 ms
2026-05-07 22:09:34.377 [RMI TCP Connection(10)-127.0.0.1] DEBUG c.a.system.server.AttendanceServer - Executing method: validateSession
2026-05-07 22:09:34.378 [RMI TCP Connection(10)-127.0.0.1] DEBUG c.a.system.server.AttendanceServer - Method validateSession completed in 1 ms
2026-05-07 22:09:34.393 [RMI TCP Connection(10)-127.0.0.1] DEBUG c.a.system.server.AttendanceServer - Executing method: validateSession
2026-05-07 22:09:34.394 [RMI TCP Connection(10)-127.0.0.1] DEBUG c.a.system.server.AttendanceServer - Method validateSession completed in 1 ms
2026-05-07 22:09:34.422 [RMI TCP Connection(10)-127.0.0.1] DEBUG c.a.system.server.AttendanceServer - Executing method: getCoursesByTeacher
2026-05-07 22:09:34.427 [RMI TCP Connection(10)-127.0.0.1] DEBUG c.a.system.server.AttendanceServer - Method getCoursesByTeacher completed in 5 ms
2026-05-07 22:09:34.443 [AWT-EventQueue-0] INFO  c.a.system.client.AttendanceGUI - User authenticated: abebe (Teacher)
2026-05-07 22:09:40.569 [RMI TCP Connection(10)-127.0.0.1] DEBUG c.a.system.server.AttendanceServer - Executing method: getCoursesByTeacher
2026-05-07 22:09:40.574 [RMI TCP Connection(10)-127.0.0.1] DEBUG c.a.system.server.AttendanceServer - Method getCoursesByTeacher completed in 5 ms
2026-05-07 22:09:47.080 [pool-1-thread-2] DEBUG c.a.system.server.ServerLauncher - Server stats - Active connections: 1, Total requests: 31
2026-05-07 22:09:59.189 [RMI TCP Connection(10)-127.0.0.1] DEBUG c.a.system.server.AttendanceServer - Executing method: getCoursesByTeacher
2026-05-07 22:09:59.194 [RMI TCP Connection(10)-127.0.0.1] DEBUG c.a.system.server.AttendanceServer - Method getCoursesByTeacher completed in 5 ms
2026-05-07 22:10:07.457 [RMI TCP Connection(10)-127.0.0.1] DEBUG c.a.system.server.AttendanceServer - Executing method: getCoursesByTeacher
2026-05-07 22:10:07.463 [RMI TCP Connection(10)-127.0.0.1] DEBUG c.a.system.server.AttendanceServer - Method getCoursesByTeacher completed in 6 ms
2026-05-07 22:10:26.832 [RMI TCP Connection(10)-127.0.0.1] DEBUG c.a.system.server.AttendanceServer - Executing method: getCoursesByTeacher
2026-05-07 22:10:26.860 [RMI TCP Connection(10)-127.0.0.1] DEBUG c.a.system.server.AttendanceServer - Method getCoursesByTeacher completed in 28 ms
2026-05-07 22:10:47.081 [pool-1-thread-2] DEBUG c.a.system.server.ServerLauncher - Server stats - Active connections: 1, Total requests: 34
2026-05-07 22:11:29.810 [RMI TCP Connection(11)-127.0.0.1] DEBUG c.a.system.server.AttendanceServer - Executing method: getCoursesByTeacher
2026-05-07 22:11:29.835 [RMI TCP Connection(11)-127.0.0.1] DEBUG c.a.system.server.AttendanceServer - Method getCoursesByTeacher completed in 25 ms
2026-05-07 22:11:36.593 [RMI TCP Connection(11)-127.0.0.1] DEBUG c.a.system.server.AttendanceServer - Executing method: logout
2026-05-07 22:11:36.595 [RMI TCP Connection(11)-127.0.0.1] INFO  c.a.s.service.AuthenticationService - User logged out: abebe
2026-05-07 22:11:36.597 [RMI TCP Connection(11)-127.0.0.1] INFO  c.a.system.server.AttendanceServer - User logged out: abebe (Active connections: 0)
2026-05-07 22:11:36.598 [RMI TCP Connection(11)-127.0.0.1] DEBUG c.a.system.server.AttendanceServer - Method logout completed in 6 ms
2026-05-07 22:11:36.599 [AWT-EventQueue-0] INFO  c.a.system.client.AttendanceGUI - User logged out: abebe
2026-05-07 22:11:47.080 [pool-1-thread-2] DEBUG c.a.system.server.ServerLauncher - Server stats - Active connections: 0, Total requests: 36
2026-05-07 22:11:54.631 [RMI TCP Connection(11)-127.0.0.1] DEBUG c.a.system.server.AttendanceServer - Executing method: authenticateUser
2026-05-07 22:11:54.634 [RMI TCP Connection(11)-127.0.0.1] DEBUG c.a.system.server.AttendanceServer - Authentication request for user: zegeye
2026-05-07 22:11:55.127 [RMI TCP Connection(11)-127.0.0.1] INFO  c.a.s.service.AuthenticationService - User authenticated successfully: zegeye (Role: Student)
2026-05-07 22:11:55.128 [RMI TCP Connection(11)-127.0.0.1] INFO  c.a.system.server.AttendanceServer - User authenticated successfully: zegeye (Active connections: 1)
2026-05-07 22:11:55.128 [RMI TCP Connection(11)-127.0.0.1] DEBUG c.a.system.server.AttendanceServer - Method authenticateUser completed in 497 ms
2026-05-07 22:11:55.133 [RMI TCP Connection(11)-127.0.0.1] DEBUG c.a.system.server.AttendanceServer - Executing method: validateSession
2026-05-07 22:11:55.133 [RMI TCP Connection(11)-127.0.0.1] DEBUG c.a.system.server.AttendanceServer - Method validateSession completed in 0 ms
2026-05-07 22:11:55.155 [RMI TCP Connection(11)-127.0.0.1] DEBUG c.a.system.server.AttendanceServer - Executing method: getCoursesByStudent
2026-05-07 22:11:55.165 [RMI TCP Connection(12)-127.0.0.1] DEBUG c.a.system.server.AttendanceServer - Executing method: getCoursesByStudent
2026-05-07 22:11:55.166 [RMI TCP Connection(13)-127.0.0.1] DEBUG c.a.system.server.AttendanceServer - Executing method: getNotifications
2026-05-07 22:11:55.167 [RMI TCP Connection(13)-127.0.0.1] DEBUG c.a.system.server.AttendanceServer - Method getNotifications completed in 1 ms
2026-05-07 22:11:55.171 [RMI TCP Connection(12)-127.0.0.1] DEBUG c.a.system.server.AttendanceServer - Method getCoursesByStudent completed in 6 ms
2026-05-07 22:11:55.171 [AWT-EventQueue-0] INFO  c.a.system.client.AttendanceGUI - User authenticated: zegeye (Student)
2026-05-07 22:11:55.172 [RMI TCP Connection(11)-127.0.0.1] DEBUG c.a.system.server.AttendanceServer - Method getCoursesByStudent completed in 17 ms
2026-05-07 22:11:55.201 [RMI TCP Connection(12)-127.0.0.1] DEBUG c.a.system.server.AttendanceServer - Executing method: getAttendanceRecords
2026-05-07 22:11:55.205 [RMI TCP Connection(12)-127.0.0.1] DEBUG c.a.system.server.AttendanceServer - Method getAttendanceRecords completed in 4 ms
2026-05-07 22:11:59.908 [RMI TCP Connection(12)-127.0.0.1] DEBUG c.a.system.server.AttendanceServer - Executing method: getCoursesByStudent
2026-05-07 22:11:59.917 [RMI TCP Connection(12)-127.0.0.1] DEBUG c.a.system.server.AttendanceServer - Method getCoursesByStudent completed in 10 ms
2026-05-07 22:11:59.947 [RMI TCP Connection(12)-127.0.0.1] DEBUG c.a.system.server.AttendanceServer - Executing method: getAttendanceRecords
2026-05-07 22:11:59.950 [RMI TCP Connection(11)-127.0.0.1] DEBUG c.a.system.server.AttendanceServer - Executing method: getAttendanceRecords
2026-05-07 22:11:59.970 [RMI TCP Connection(12)-127.0.0.1] DEBUG c.a.system.server.AttendanceServer - Method getAttendanceRecords completed in 23 ms
2026-05-07 22:11:59.978 [RMI TCP Connection(11)-127.0.0.1] DEBUG c.a.system.server.AttendanceServer - Method getAttendanceRecords completed in 28 ms
2026-05-07 22:12:09.930 [RMI TCP Connection(11)-127.0.0.1] DEBUG c.a.system.server.AttendanceServer - Executing method: getAttendanceRecords
2026-05-07 22:12:09.944 [RMI TCP Connection(11)-127.0.0.1] DEBUG c.a.system.server.AttendanceServer - Method getAttendanceRecords completed in 14 ms
2026-05-07 22:12:12.091 [RMI TCP Connection(11)-127.0.0.1] DEBUG c.a.system.server.AttendanceServer - Executing method: getAttendanceRecords
2026-05-07 22:12:12.103 [RMI TCP Connection(11)-127.0.0.1] DEBUG c.a.system.server.AttendanceServer - Method getAttendanceRecords completed in 12 ms
2026-05-07 22:12:13.108 [RMI TCP Connection(11)-127.0.0.1] DEBUG c.a.system.server.AttendanceServer - Executing method: getAttendanceRecords
2026-05-07 22:12:13.132 [RMI TCP Connection(11)-127.0.0.1] DEBUG c.a.system.server.AttendanceServer - Method getAttendanceRecords completed in 24 ms
2026-05-07 22:12:13.265 [RMI TCP Connection(11)-127.0.0.1] DEBUG c.a.system.server.AttendanceServer - Executing method: getAttendanceRecords
2026-05-07 22:12:13.280 [RMI TCP Connection(11)-127.0.0.1] DEBUG c.a.system.server.AttendanceServer - Method getAttendanceRecords completed in 15 ms
2026-05-07 22:12:13.440 [RMI TCP Connection(11)-127.0.0.1] DEBUG c.a.system.server.AttendanceServer - Executing method: getAttendanceRecords
2026-05-07 22:12:13.444 [RMI TCP Connection(11)-127.0.0.1] DEBUG c.a.system.server.AttendanceServer - Method getAttendanceRecords completed in 4 ms
2026-05-07 22:12:13.621 [RMI TCP Connection(11)-127.0.0.1] DEBUG c.a.system.server.AttendanceServer - Executing method: getAttendanceRecords
2026-05-07 22:12:13.635 [RMI TCP Connection(11)-127.0.0.1] DEBUG c.a.system.server.AttendanceServer - Method getAttendanceRecords completed in 14 ms
2026-05-07 22:12:16.619 [RMI TCP Connection(11)-127.0.0.1] DEBUG c.a.system.server.AttendanceServer - Executing method: getAttendanceRecords
2026-05-07 22:12:16.632 [RMI TCP Connection(11)-127.0.0.1] DEBUG c.a.system.server.AttendanceServer - Method getAttendanceRecords completed in 13 ms
2026-05-07 22:12:33.535 [RMI TCP Connection(15)-127.0.0.1] DEBUG c.a.system.server.AttendanceServer - Executing method: authenticateUser
2026-05-07 22:12:33.535 [RMI TCP Connection(15)-127.0.0.1] DEBUG c.a.system.server.AttendanceServer - Authentication request for user: admin
2026-05-07 22:12:33.947 [RMI TCP Connection(15)-127.0.0.1] INFO  c.a.s.service.AuthenticationService - User authenticated successfully: admin (Role: Administrator)
2026-05-07 22:12:33.947 [RMI TCP Connection(15)-127.0.0.1] INFO  c.a.system.server.AttendanceServer - User authenticated successfully: admin (Active connections: 2)
2026-05-07 22:12:33.947 [RMI TCP Connection(15)-127.0.0.1] DEBUG c.a.system.server.AttendanceServer - Method authenticateUser completed in 412 ms
2026-05-07 22:12:47.080 [pool-1-thread-2] DEBUG c.a.system.server.ServerLauncher - Server stats - Active connections: 2, Total requests: 53
2026-05-07 22:13:03.584 [RMI TCP Connection(17)-127.0.0.1] DEBUG c.a.system.server.AttendanceServer - Executing method: registerUser
2026-05-07 22:13:03.585 [RMI TCP Connection(17)-127.0.0.1] DEBUG c.a.system.server.AttendanceServer - Registration request for user: teststudent (Student)
2026-05-07 22:13:04.018 [RMI TCP Connection(17)-127.0.0.1] DEBUG c.a.system.dao.DatabaseManager - Transaction committed successfully
2026-05-07 22:13:04.019 [RMI TCP Connection(17)-127.0.0.1] INFO  c.a.system.server.AttendanceServer - User registered successfully: teststudent (Student)
2026-05-07 22:13:04.019 [RMI TCP Connection(17)-127.0.0.1] DEBUG c.a.system.server.AttendanceServer - Method registerUser completed in 435 ms
2026-05-07 22:13:04.021 [RMI TCP Connection(17)-127.0.0.1] DEBUG c.a.system.server.AttendanceServer - Executing method: registerUser
2026-05-07 22:13:04.021 [RMI TCP Connection(17)-127.0.0.1] DEBUG c.a.system.server.AttendanceServer - Registration request for user: testteacher (Teacher)
2026-05-07 22:13:04.534 [RMI TCP Connection(17)-127.0.0.1] DEBUG c.a.system.dao.DatabaseManager - Transaction committed successfully
2026-05-07 22:13:04.536 [RMI TCP Connection(17)-127.0.0.1] INFO  c.a.system.server.AttendanceServer - User registered successfully: testteacher (Teacher)
2026-05-07 22:13:04.537 [RMI TCP Connection(17)-127.0.0.1] DEBUG c.a.system.server.AttendanceServer - Method registerUser completed in 516 ms
2026-05-07 22:13:04.541 [RMI TCP Connection(17)-127.0.0.1] DEBUG c.a.system.server.AttendanceServer - Executing method: registerUser
2026-05-07 22:13:04.541 [RMI TCP Connection(17)-127.0.0.1] DEBUG c.a.system.server.AttendanceServer - Registration request for user: testadmin (Administrator)
2026-05-07 22:13:04.545 [RMI TCP Connection(17)-127.0.0.1] WARN  c.a.system.server.AttendanceServer - Method registerUser failed: Invalid role for self-registration
2026-05-07 22:13:47.080 [pool-1-thread-2] DEBUG c.a.system.server.ServerLauncher - Server stats - Active connections: 2, Total requests: 56
2026-05-07 22:14:03.525 [RMI TCP Connection(18)-127.0.0.1] DEBUG c.a.system.server.AttendanceServer - Executing method: logout
2026-05-07 22:14:03.526 [RMI TCP Connection(18)-127.0.0.1] INFO  c.a.s.service.AuthenticationService - User logged out: zegeye
2026-05-07 22:14:03.526 [RMI TCP Connection(18)-127.0.0.1] INFO  c.a.system.server.AttendanceServer - User logged out: zegeye (Active connections: 1)
2026-05-07 22:14:03.527 [RMI TCP Connection(18)-127.0.0.1] DEBUG c.a.system.server.AttendanceServer - Method logout completed in 2 ms
2026-05-07 22:14:03.528 [AWT-EventQueue-0] INFO  c.a.system.client.AttendanceGUI - User logged out: zegeye
2026-05-07 22:14:13.669 [RMI TCP Connection(18)-127.0.0.1] DEBUG c.a.system.server.AttendanceServer - Executing method: authenticateUser
2026-05-07 22:14:13.670 [RMI TCP Connection(18)-127.0.0.1] DEBUG c.a.system.server.AttendanceServer - Authentication request for user: admin
2026-05-07 22:14:14.059 [RMI TCP Connection(18)-127.0.0.1] INFO  c.a.s.service.AuthenticationService - User authenticated successfully: admin (Role: Administrator)
2026-05-07 22:14:14.060 [RMI TCP Connection(18)-127.0.0.1] INFO  c.a.system.server.AttendanceServer - User authenticated successfully: admin (Active connections: 2)
2026-05-07 22:14:14.060 [RMI TCP Connection(18)-127.0.0.1] DEBUG c.a.system.server.AttendanceServer - Method authenticateUser completed in 391 ms
2026-05-07 22:14:14.083 [RMI TCP Connection(18)-127.0.0.1] DEBUG c.a.system.server.AttendanceServer - Executing method: getAllUsers
2026-05-07 22:14:14.088 [RMI TCP Connection(18)-127.0.0.1] DEBUG c.a.system.server.AttendanceServer - Method getAllUsers completed in 5 ms
2026-05-07 22:14:14.134 [RMI TCP Connection(19)-127.0.0.1] DEBUG c.a.system.server.AttendanceServer - Executing method: getSystemStatistics
2026-05-07 22:14:14.147 [RMI TCP Connection(19)-127.0.0.1] DEBUG c.a.system.server.AttendanceServer - Method getSystemStatistics completed in 13 ms
2026-05-07 22:14:14.164 [AWT-EventQueue-0] INFO  c.a.system.client.AttendanceGUI - User authenticated: admin (Administrator)
2026-05-07 22:14:39.612 [RMI TCP Connection(20)-127.0.0.1] DEBUG c.a.system.server.AttendanceServer - Executing method: getAllUsers
2026-05-07 22:14:39.619 [RMI TCP Connection(20)-127.0.0.1] DEBUG c.a.system.server.AttendanceServer - Method getAllUsers completed in 7 ms
2026-05-07 22:14:39.645 [RMI TCP Connection(20)-127.0.0.1] DEBUG c.a.system.server.AttendanceServer - Executing method: updateUser
2026-05-07 22:14:39.681 [RMI TCP Connection(20)-127.0.0.1] DEBUG c.a.system.dao.DatabaseManager - Transaction committed successfully
2026-05-07 22:14:39.682 [RMI TCP Connection(20)-127.0.0.1] INFO  c.a.system.server.AttendanceServer - User updated by admin admin: admin
2026-05-07 22:14:39.683 [RMI TCP Connection(20)-127.0.0.1] INFO  c.a.s.service.AuthenticationService - Force logout user: admin
2026-05-07 22:14:39.683 [RMI TCP Connection(20)-127.0.0.1] INFO  c.a.s.service.AuthenticationService - Force logout user: admin
2026-05-07 22:14:39.683 [RMI TCP Connection(20)-127.0.0.1] DEBUG c.a.system.server.AttendanceServer - Method updateUser completed in 38 ms
2026-05-07 22:14:42.847 [RMI TCP Connection(20)-127.0.0.1] DEBUG c.a.system.server.AttendanceServer - Executing method: getAllUsers
2026-05-07 22:14:42.855 [RMI TCP Connection(20)-127.0.0.1] WARN  c.a.system.server.AttendanceServer - Method getAllUsers failed: Your session has expired. Please log in again
2026-05-07 22:14:42.868 [AWT-EventQueue-0] ERROR c.a.s.client.UserManagementPanel - Failed to load users
java.util.concurrent.CompletionException: java.lang.RuntimeException: java.rmi.ServerException: RemoteException occurred in server thread; nested exception is: 
	java.rmi.RemoteException: Service error in getAllUsers: Your session has expired. Please log in again
	at java.base/java.util.concurrent.CompletableFuture.encodeThrowable(CompletableFuture.java:315)
	at java.base/java.util.concurrent.CompletableFuture.completeThrowable(CompletableFuture.java:320)
	at java.base/java.util.concurrent.CompletableFuture$AsyncSupply.run(CompletableFuture.java:1770)
	at java.base/java.util.concurrent.CompletableFuture$AsyncSupply.exec(CompletableFuture.java:1760)
	at java.base/java.util.concurrent.ForkJoinTask.doExec(ForkJoinTask.java:387)
	at java.base/java.util.concurrent.ForkJoinPool$WorkQueue.topLevelExec(ForkJoinPool.java:1312)
	at java.base/java.util.concurrent.ForkJoinPool.scan(ForkJoinPool.java:1843)
	at java.base/java.util.concurrent.ForkJoinPool.runWorker(ForkJoinPool.java:1808)
	at java.base/java.util.concurrent.ForkJoinWorkerThread.run(ForkJoinWorkerThread.java:188)
Caused by: java.lang.RuntimeException: java.rmi.ServerException: RemoteException occurred in server thread; nested exception is: 
	java.rmi.RemoteException: Service error in getAllUsers: Your session has expired. Please log in again
	at com.attendance.system.client.UserManagementPanel.lambda$loadUsers$9(UserManagementPanel.java:251)
	at java.base/java.util.concurrent.CompletableFuture$AsyncSupply.run(CompletableFuture.java:1768)
	... 6 common frames omitted
Caused by: java.rmi.ServerException: RemoteException occurred in server thread; nested exception is: 
	java.rmi.RemoteException: Service error in getAllUsers: Your session has expired. Please log in again
	at java.rmi/sun.rmi.server.UnicastServerRef.dispatch(UnicastServerRef.java:392)
	at java.rmi/sun.rmi.transport.Transport$1.run(Transport.java:200)
	at java.rmi/sun.rmi.transport.Transport$1.run(Transport.java:197)
	at java.base/java.security.AccessController.doPrivileged(AccessController.java:714)
	at java.rmi/sun.rmi.transport.Transport.serviceCall(Transport.java:196)
	at java.rmi/sun.rmi.transport.tcp.TCPTransport.handleMessages(TCPTransport.java:598)
	at java.rmi/sun.rmi.transport.tcp.TCPTransport$ConnectionHandler.run0(TCPTransport.java:844)
	at java.rmi/sun.rmi.transport.tcp.TCPTransport$ConnectionHandler.lambda$run$0(TCPTransport.java:721)
	at java.base/java.security.AccessController.doPrivileged(AccessController.java:400)
	at java.rmi/sun.rmi.transport.tcp.TCPTransport$ConnectionHandler.run(TCPTransport.java:720)
	at java.base/java.util.concurrent.ThreadPoolExecutor.runWorker(ThreadPoolExecutor.java:1144)
	at java.base/java.util.concurrent.ThreadPoolExecutor$Worker.run(ThreadPoolExecutor.java:642)
	at java.base/java.lang.Thread.run(Thread.java:1583)
	at java.rmi/sun.rmi.transport.StreamRemoteCall.exceptionReceivedFromServer(StreamRemoteCall.java:304)
	at java.rmi/sun.rmi.transport.StreamRemoteCall.executeCall(StreamRemoteCall.java:280)
	at java.rmi/sun.rmi.server.UnicastRef.invoke(UnicastRef.java:166)
	at java.rmi/java.rmi.server.RemoteObjectInvocationHandler.invokeRemoteMethod(RemoteObjectInvocationHandler.java:215)
	at java.rmi/java.rmi.server.RemoteObjectInvocationHandler.invoke(RemoteObjectInvocationHandler.java:160)
	at jdk.proxy3/jdk.proxy3.$Proxy25.getAllUsers(Unknown Source)
	at com.attendance.system.client.UserManagementPanel.lambda$loadUsers$9(UserManagementPanel.java:249)
	... 7 common frames omitted
Caused by: java.rmi.RemoteException: Service error in getAllUsers: Your session has expired. Please log in again
	at com.attendance.system.server.AttendanceServer.executeWithErrorHandling(AttendanceServer.java:1168)
	at com.attendance.system.server.AttendanceServer.getAllUsers(AttendanceServer.java:423)
	at java.base/jdk.internal.reflect.DirectMethodHandleAccessor.invoke(DirectMethodHandleAccessor.java:103)
	at java.base/java.lang.reflect.Method.invoke(Method.java:580)
	at java.rmi/sun.rmi.server.UnicastServerRef.dispatch(UnicastServerRef.java:360)
	at java.rmi/sun.rmi.transport.Transport$1.run(Transport.java:200)
	at java.rmi/sun.rmi.transport.Transport$1.run(Transport.java:197)
	at java.base/java.security.AccessController.doPrivileged(AccessController.java:714)
	at java.rmi/sun.rmi.transport.Transport.serviceCall(Transport.java:196)
	at java.rmi/sun.rmi.transport.tcp.TCPTransport.handleMessages(TCPTransport.java:598)
	at java.rmi/sun.rmi.transport.tcp.TCPTransport$ConnectionHandler.run0(TCPTransport.java:844)
	at java.rmi/sun.rmi.transport.tcp.TCPTransport$ConnectionHandler.lambda$run$0(TCPTransport.java:721)
	at java.base/java.security.AccessController.doPrivileged(AccessController.java:400)
	at java.rmi/sun.rmi.transport.tcp.TCPTransport$ConnectionHandler.run(TCPTransport.java:720)
	at java.base/java.util.concurrent.ThreadPoolExecutor.runWorker(ThreadPoolExecutor.java:1144)
	at java.base/java.util.concurrent.ThreadPoolExecutor$Worker.run(ThreadPoolExecutor.java:642)
	at java.base/java.lang.Thread.run(Thread.java:1583)
2026-05-07 22:14:47.080 [pool-1-thread-2] DEBUG c.a.system.server.ServerLauncher - Server stats - Active connections: 2, Total requests: 63
2026-05-07 22:15:13.157 [RMI TCP Connection(21)-127.0.0.1] DEBUG c.a.system.server.AttendanceServer - Executing method: getAllUsers
2026-05-07 22:15:13.162 [RMI TCP Connection(21)-127.0.0.1] WARN  c.a.system.server.AttendanceServer - Method getAllUsers failed: Your session has expired. Please log in again
2026-05-07 22:15:13.192 [AWT-EventQueue-0] ERROR c.a.s.client.UserManagementPanel - Failed to toggle user active status
java.util.concurrent.CompletionException: java.lang.RuntimeException: java.rmi.ServerException: RemoteException occurred in server thread; nested exception is: 
	java.rmi.RemoteException: Service error in getAllUsers: Your session has expired. Please log in again
	at java.base/java.util.concurrent.CompletableFuture.encodeThrowable(CompletableFuture.java:315)
	at java.base/java.util.concurrent.CompletableFuture.completeThrowable(CompletableFuture.java:320)
	at java.base/java.util.concurrent.CompletableFuture$AsyncSupply.run(CompletableFuture.java:1770)
	at java.base/java.util.concurrent.CompletableFuture$AsyncSupply.exec(CompletableFuture.java:1760)
	at java.base/java.util.concurrent.ForkJoinTask.doExec(ForkJoinTask.java:387)
	at java.base/java.util.concurrent.ForkJoinPool$WorkQueue.topLevelExec(ForkJoinPool.java:1312)
	at java.base/java.util.concurrent.ForkJoinPool.scan(ForkJoinPool.java:1843)
	at java.base/java.util.concurrent.ForkJoinPool.runWorker(ForkJoinPool.java:1808)
	at java.base/java.util.concurrent.ForkJoinWorkerThread.run(ForkJoinWorkerThread.java:188)
Caused by: java.lang.RuntimeException: java.rmi.ServerException: RemoteException occurred in server thread; nested exception is: 
	java.rmi.RemoteException: Service error in getAllUsers: Your session has expired. Please log in again
	at com.attendance.system.client.UserManagementPanel.lambda$toggleSelectedUserActive$31(UserManagementPanel.java:558)
	at java.base/java.util.concurrent.CompletableFuture$AsyncSupply.run(CompletableFuture.java:1768)
	... 6 common frames omitted
Caused by: java.rmi.ServerException: RemoteException occurred in server thread; nested exception is: 
	java.rmi.RemoteException: Service error in getAllUsers: Your session has expired. Please log in again
	at java.rmi/sun.rmi.server.UnicastServerRef.dispatch(UnicastServerRef.java:392)
	at java.rmi/sun.rmi.transport.Transport$1.run(Transport.java:200)
	at java.rmi/sun.rmi.transport.Transport$1.run(Transport.java:197)
	at java.base/java.security.AccessController.doPrivileged(AccessController.java:714)
	at java.rmi/sun.rmi.transport.Transport.serviceCall(Transport.java:196)
	at java.rmi/sun.rmi.transport.tcp.TCPTransport.handleMessages(TCPTransport.java:598)
	at java.rmi/sun.rmi.transport.tcp.TCPTransport$ConnectionHandler.run0(TCPTransport.java:844)
	at java.rmi/sun.rmi.transport.tcp.TCPTransport$ConnectionHandler.lambda$run$0(TCPTransport.java:721)
	at java.base/java.security.AccessController.doPrivileged(AccessController.java:400)
	at java.rmi/sun.rmi.transport.tcp.TCPTransport$ConnectionHandler.run(TCPTransport.java:720)
	at java.base/java.util.concurrent.ThreadPoolExecutor.runWorker(ThreadPoolExecutor.java:1144)
	at java.base/java.util.concurrent.ThreadPoolExecutor$Worker.run(ThreadPoolExecutor.java:642)
	at java.base/java.lang.Thread.run(Thread.java:1583)
	at java.rmi/sun.rmi.transport.StreamRemoteCall.exceptionReceivedFromServer(StreamRemoteCall.java:304)
	at java.rmi/sun.rmi.transport.StreamRemoteCall.executeCall(StreamRemoteCall.java:280)
	at java.rmi/sun.rmi.server.UnicastRef.invoke(UnicastRef.java:166)
	at java.rmi/java.rmi.server.RemoteObjectInvocationHandler.invokeRemoteMethod(RemoteObjectInvocationHandler.java:215)
	at java.rmi/java.rmi.server.RemoteObjectInvocationHandler.invoke(RemoteObjectInvocationHandler.java:160)
	at jdk.proxy3/jdk.proxy3.$Proxy25.getAllUsers(Unknown Source)
	at com.attendance.system.client.UserManagementPanel.lambda$toggleSelectedUserActive$31(UserManagementPanel.java:550)
	... 7 common frames omitted
Caused by: java.rmi.RemoteException: Service error in getAllUsers: Your session has expired. Please log in again
	at com.attendance.system.server.AttendanceServer.executeWithErrorHandling(AttendanceServer.java:1168)
	at com.attendance.system.server.AttendanceServer.getAllUsers(AttendanceServer.java:423)
	at java.base/jdk.internal.reflect.DirectMethodHandleAccessor.invoke(DirectMethodHandleAccessor.java:103)
	at java.base/java.lang.reflect.Method.invoke(Method.java:580)
	at java.rmi/sun.rmi.server.UnicastServerRef.dispatch(UnicastServerRef.java:360)
	at java.rmi/sun.rmi.transport.Transport$1.run(Transport.java:200)
	at java.rmi/sun.rmi.transport.Transport$1.run(Transport.java:197)
	at java.base/java.security.AccessController.doPrivileged(AccessController.java:714)
	at java.rmi/sun.rmi.transport.Transport.serviceCall(Transport.java:196)
	at java.rmi/sun.rmi.transport.tcp.TCPTransport.handleMessages(TCPTransport.java:598)
	at java.rmi/sun.rmi.transport.tcp.TCPTransport$ConnectionHandler.run0(TCPTransport.java:844)
	at java.rmi/sun.rmi.transport.tcp.TCPTransport$ConnectionHandler.lambda$run$0(TCPTransport.java:721)
	at java.base/java.security.AccessController.doPrivileged(AccessController.java:400)
	at java.rmi/sun.rmi.transport.tcp.TCPTransport$ConnectionHandler.run(TCPTransport.java:720)
	at java.base/java.util.concurrent.ThreadPoolExecutor.runWorker(ThreadPoolExecutor.java:1144)
	at java.base/java.util.concurrent.ThreadPoolExecutor$Worker.run(ThreadPoolExecutor.java:642)
	at java.base/java.lang.Thread.run(Thread.java:1583)
2026-05-07 22:15:43.236 [RMI TCP Connection(22)-127.0.0.1] DEBUG c.a.system.server.AttendanceServer - Executing method: getAllUsers
2026-05-07 22:15:43.237 [RMI TCP Connection(22)-127.0.0.1] WARN  c.a.system.server.AttendanceServer - Method getAllUsers failed: Your session has expired. Please log in again
2026-05-07 22:15:43.253 [AWT-EventQueue-0] ERROR c.a.s.client.UserManagementPanel - Failed to load user for editing
java.util.concurrent.CompletionException: java.lang.RuntimeException: java.rmi.ServerException: RemoteException occurred in server thread; nested exception is: 
	java.rmi.RemoteException: Service error in getAllUsers: Your session has expired. Please log in again
	at java.base/java.util.concurrent.CompletableFuture.encodeThrowable(CompletableFuture.java:315)
	at java.base/java.util.concurrent.CompletableFuture.completeThrowable(CompletableFuture.java:320)
	at java.base/java.util.concurrent.CompletableFuture$AsyncSupply.run(CompletableFuture.java:1770)
	at java.base/java.util.concurrent.CompletableFuture$AsyncSupply.exec(CompletableFuture.java:1760)
	at java.base/java.util.concurrent.ForkJoinTask.doExec(ForkJoinTask.java:387)
	at java.base/java.util.concurrent.ForkJoinPool$WorkQueue.topLevelExec(ForkJoinPool.java:1312)
	at java.base/java.util.concurrent.ForkJoinPool.scan(ForkJoinPool.java:1843)
	at java.base/java.util.concurrent.ForkJoinPool.runWorker(ForkJoinPool.java:1808)
	at java.base/java.util.concurrent.ForkJoinWorkerThread.run(ForkJoinWorkerThread.java:188)
Caused by: java.lang.RuntimeException: java.rmi.ServerException: RemoteException occurred in server thread; nested exception is: 
	java.rmi.RemoteException: Service error in getAllUsers: Your session has expired. Please log in again
	at com.attendance.system.client.UserManagementPanel.lambda$showEditUserDialog$15(UserManagementPanel.java:361)
	at java.base/java.util.concurrent.CompletableFuture$AsyncSupply.run(CompletableFuture.java:1768)
	... 6 common frames omitted
Caused by: java.rmi.ServerException: RemoteException occurred in server thread; nested exception is: 
	java.rmi.RemoteException: Service error in getAllUsers: Your session has expired. Please log in again
	at java.rmi/sun.rmi.server.UnicastServerRef.dispatch(UnicastServerRef.java:392)
	at java.rmi/sun.rmi.transport.Transport$1.run(Transport.java:200)
	at java.rmi/sun.rmi.transport.Transport$1.run(Transport.java:197)
	at java.base/java.security.AccessController.doPrivileged(AccessController.java:714)
	at java.rmi/sun.rmi.transport.Transport.serviceCall(Transport.java:196)
	at java.rmi/sun.rmi.transport.tcp.TCPTransport.handleMessages(TCPTransport.java:598)
	at java.rmi/sun.rmi.transport.tcp.TCPTransport$ConnectionHandler.run0(TCPTransport.java:844)
	at java.rmi/sun.rmi.transport.tcp.TCPTransport$ConnectionHandler.lambda$run$0(TCPTransport.java:721)
	at java.base/java.security.AccessController.doPrivileged(AccessController.java:400)
	at java.rmi/sun.rmi.transport.tcp.TCPTransport$ConnectionHandler.run(TCPTransport.java:720)
	at java.base/java.util.concurrent.ThreadPoolExecutor.runWorker(ThreadPoolExecutor.java:1144)
	at java.base/java.util.concurrent.ThreadPoolExecutor$Worker.run(ThreadPoolExecutor.java:642)
	at java.base/java.lang.Thread.run(Thread.java:1583)
	at java.rmi/sun.rmi.transport.StreamRemoteCall.exceptionReceivedFromServer(StreamRemoteCall.java:304)
	at java.rmi/sun.rmi.transport.StreamRemoteCall.executeCall(StreamRemoteCall.java:280)
	at java.rmi/sun.rmi.server.UnicastRef.invoke(UnicastRef.java:166)
	at java.rmi/java.rmi.server.RemoteObjectInvocationHandler.invokeRemoteMethod(RemoteObjectInvocationHandler.java:215)
	at java.rmi/java.rmi.server.RemoteObjectInvocationHandler.invoke(RemoteObjectInvocationHandler.java:160)
	at jdk.proxy3/jdk.proxy3.$Proxy25.getAllUsers(Unknown Source)
	at com.attendance.system.client.UserManagementPanel.lambda$showEditUserDialog$15(UserManagementPanel.java:358)
	... 7 common frames omitted
Caused by: java.rmi.RemoteException: Service error in getAllUsers: Your session has expired. Please log in again
	at com.attendance.system.server.AttendanceServer.executeWithErrorHandling(AttendanceServer.java:1168)
	at com.attendance.system.server.AttendanceServer.getAllUsers(AttendanceServer.java:423)
	at java.base/jdk.internal.reflect.DirectMethodHandleAccessor.invoke(DirectMethodHandleAccessor.java:103)
	at java.base/java.lang.reflect.Method.invoke(Method.java:580)
	at java.rmi/sun.rmi.server.UnicastServerRef.dispatch(UnicastServerRef.java:360)
	at java.rmi/sun.rmi.transport.Transport$1.run(Transport.java:200)
	at java.rmi/sun.rmi.transport.Transport$1.run(Transport.java:197)
	at java.base/java.security.AccessController.doPrivileged(AccessController.java:714)
	at java.rmi/sun.rmi.transport.Transport.serviceCall(Transport.java:196)
	at java.rmi/sun.rmi.transport.tcp.TCPTransport.handleMessages(TCPTransport.java:598)
	at java.rmi/sun.rmi.transport.tcp.TCPTransport$ConnectionHandler.run0(TCPTransport.java:844)
	at java.rmi/sun.rmi.transport.tcp.TCPTransport$ConnectionHandler.lambda$run$0(TCPTransport.java:721)
	at java.base/java.security.AccessController.doPrivileged(AccessController.java:400)
	at java.rmi/sun.rmi.transport.tcp.TCPTransport$ConnectionHandler.run(TCPTransport.java:720)
	at java.base/java.util.concurrent.ThreadPoolExecutor.runWorker(ThreadPoolExecutor.java:1144)
	at java.base/java.util.concurrent.ThreadPoolExecutor$Worker.run(ThreadPoolExecutor.java:642)
	at java.base/java.lang.Thread.run(Thread.java:1583)
2026-05-07 22:15:47.080 [pool-1-thread-2] DEBUG c.a.system.server.ServerLauncher - Server stats - Active connections: 2, Total requests: 65
2026-05-07 22:16:47.080 [pool-1-thread-2] DEBUG c.a.system.server.ServerLauncher - Server stats - Active connections: 2, Total requests: 65
2026-05-07 22:17:47.080 [pool-1-thread-2] DEBUG c.a.system.server.ServerLauncher - Server stats - Active connections: 2, Total requests: 65
2026-05-07 22:18:02.821 [RMI TCP Connection(23)-127.0.0.1] DEBUG c.a.system.server.AttendanceServer - Executing method: createUser
2026-05-07 22:18:02.826 [RMI TCP Connection(23)-127.0.0.1] WARN  c.a.system.server.AttendanceServer - Method createUser failed: Your session has expired. Please log in again
2026-05-07 22:18:02.863 [AWT-EventQueue-0] ERROR c.a.system.client.UserEditDialog - Failed to save user
java.util.concurrent.CompletionException: java.lang.RuntimeException: java.rmi.ServerException: RemoteException occurred in server thread; nested exception is: 
	java.rmi.RemoteException: Service error in createUser: Your session has expired. Please log in again
	at java.base/java.util.concurrent.CompletableFuture.encodeThrowable(CompletableFuture.java:315)
	at java.base/java.util.concurrent.CompletableFuture.completeThrowable(CompletableFuture.java:320)
	at java.base/java.util.concurrent.CompletableFuture$AsyncSupply.run(CompletableFuture.java:1770)
	at java.base/java.util.concurrent.CompletableFuture$AsyncSupply.exec(CompletableFuture.java:1760)
	at java.base/java.util.concurrent.ForkJoinTask.doExec(ForkJoinTask.java:387)
	at java.base/java.util.concurrent.ForkJoinPool$WorkQueue.topLevelExec(ForkJoinPool.java:1312)
	at java.base/java.util.concurrent.ForkJoinPool.scan(ForkJoinPool.java:1843)
	at java.base/java.util.concurrent.ForkJoinPool.runWorker(ForkJoinPool.java:1808)
	at java.base/java.util.concurrent.ForkJoinWorkerThread.run(ForkJoinWorkerThread.java:188)
Caused by: java.lang.RuntimeException: java.rmi.ServerException: RemoteException occurred in server thread; nested exception is: 
	java.rmi.RemoteException: Service error in createUser: Your session has expired. Please log in again
	at com.attendance.system.client.UserEditDialog.lambda$saveUser$2(UserEditDialog.java:475)
	at java.base/java.util.concurrent.CompletableFuture$AsyncSupply.run(CompletableFuture.java:1768)
	... 6 common frames omitted
Caused by: java.rmi.ServerException: RemoteException occurred in server thread; nested exception is: 
	java.rmi.RemoteException: Service error in createUser: Your session has expired. Please log in again
	at java.rmi/sun.rmi.server.UnicastServerRef.dispatch(UnicastServerRef.java:392)
	at java.rmi/sun.rmi.transport.Transport$1.run(Transport.java:200)
	at java.rmi/sun.rmi.transport.Transport$1.run(Transport.java:197)
	at java.base/java.security.AccessController.doPrivileged(AccessController.java:714)
	at java.rmi/sun.rmi.transport.Transport.serviceCall(Transport.java:196)
	at java.rmi/sun.rmi.transport.tcp.TCPTransport.handleMessages(TCPTransport.java:598)
	at java.rmi/sun.rmi.transport.tcp.TCPTransport$ConnectionHandler.run0(TCPTransport.java:844)
	at java.rmi/sun.rmi.transport.tcp.TCPTransport$ConnectionHandler.lambda$run$0(TCPTransport.java:721)
	at java.base/java.security.AccessController.doPrivileged(AccessController.java:400)
	at java.rmi/sun.rmi.transport.tcp.TCPTransport$ConnectionHandler.run(TCPTransport.java:720)
	at java.base/java.util.concurrent.ThreadPoolExecutor.runWorker(ThreadPoolExecutor.java:1144)
	at java.base/java.util.concurrent.ThreadPoolExecutor$Worker.run(ThreadPoolExecutor.java:642)
	at java.base/java.lang.Thread.run(Thread.java:1583)
	at java.rmi/sun.rmi.transport.StreamRemoteCall.exceptionReceivedFromServer(StreamRemoteCall.java:304)
	at java.rmi/sun.rmi.transport.StreamRemoteCall.executeCall(StreamRemoteCall.java:280)
	at java.rmi/sun.rmi.server.UnicastRef.invoke(UnicastRef.java:166)
	at java.rmi/java.rmi.server.RemoteObjectInvocationHandler.invokeRemoteMethod(RemoteObjectInvocationHandler.java:215)
	at java.rmi/java.rmi.server.RemoteObjectInvocationHandler.invoke(RemoteObjectInvocationHandler.java:160)
	at jdk.proxy3/jdk.proxy3.$Proxy25.createUser(Unknown Source)
	at com.attendance.system.client.UserEditDialog.lambda$saveUser$2(UserEditDialog.java:461)
	... 7 common frames omitted
Caused by: java.rmi.RemoteException: Service error in createUser: Your session has expired. Please log in again
	at com.attendance.system.server.AttendanceServer.executeWithErrorHandling(AttendanceServer.java:1168)
	at com.attendance.system.server.AttendanceServer.createUser(AttendanceServer.java:317)
	at java.base/jdk.internal.reflect.DirectMethodHandleAccessor.invoke(DirectMethodHandleAccessor.java:103)
	at java.base/java.lang.reflect.Method.invoke(Method.java:580)
	at java.rmi/sun.rmi.server.UnicastServerRef.dispatch(UnicastServerRef.java:360)
	at java.rmi/sun.rmi.transport.Transport$1.run(Transport.java:200)
	at java.rmi/sun.rmi.transport.Transport$1.run(Transport.java:197)
	at java.base/java.security.AccessController.doPrivileged(AccessController.java:714)
	at java.rmi/sun.rmi.transport.Transport.serviceCall(Transport.java:196)
	at java.rmi/sun.rmi.transport.tcp.TCPTransport.handleMessages(TCPTransport.java:598)
	at java.rmi/sun.rmi.transport.tcp.TCPTransport$ConnectionHandler.run0(TCPTransport.java:844)
	at java.rmi/sun.rmi.transport.tcp.TCPTransport$ConnectionHandler.lambda$run$0(TCPTransport.java:721)
	at java.base/java.security.AccessController.doPrivileged(AccessController.java:400)
	at java.rmi/sun.rmi.transport.tcp.TCPTransport$ConnectionHandler.run(TCPTransport.java:720)
	at java.base/java.util.concurrent.ThreadPoolExecutor.runWorker(ThreadPoolExecutor.java:1144)
	at java.base/java.util.concurrent.ThreadPoolExecutor$Worker.run(ThreadPoolExecutor.java:642)
	at java.base/java.lang.Thread.run(Thread.java:1583)
2026-05-07 22:18:13.674 [RMI TCP Connection(24)-127.0.0.1] DEBUG c.a.system.server.AttendanceServer - Executing method: logout
2026-05-07 22:18:13.675 [RMI TCP Connection(24)-127.0.0.1] INFO  c.a.system.server.AttendanceServer - User logged out: admin (Active connections: 1)
2026-05-07 22:18:13.676 [RMI TCP Connection(24)-127.0.0.1] DEBUG c.a.system.server.AttendanceServer - Method logout completed in 2 ms
2026-05-07 22:18:13.679 [AWT-EventQueue-0] INFO  c.a.system.client.AttendanceGUI - User logged out: admin
2026-05-07 22:18:36.766 [RMI TCP Connection(25)-127.0.0.1] DEBUG c.a.system.server.AttendanceServer - Executing method: authenticateUser
2026-05-07 22:18:36.767 [RMI TCP Connection(25)-127.0.0.1] DEBUG c.a.system.server.AttendanceServer - Authentication request for user: abebe
2026-05-07 22:18:37.169 [RMI TCP Connection(25)-127.0.0.1] INFO  c.a.s.service.AuthenticationService - User authenticated successfully: abebe (Role: Teacher)
2026-05-07 22:18:37.169 [RMI TCP Connection(25)-127.0.0.1] INFO  c.a.system.server.AttendanceServer - User authenticated successfully: abebe (Active connections: 2)
2026-05-07 22:18:37.169 [RMI TCP Connection(25)-127.0.0.1] DEBUG c.a.system.server.AttendanceServer - Method authenticateUser completed in 403 ms
2026-05-07 22:18:37.172 [RMI TCP Connection(25)-127.0.0.1] DEBUG c.a.system.server.AttendanceServer - Executing method: validateSession
2026-05-07 22:18:37.172 [RMI TCP Connection(25)-127.0.0.1] DEBUG c.a.system.server.AttendanceServer - Method validateSession completed in 0 ms
2026-05-07 22:18:37.175 [RMI TCP Connection(25)-127.0.0.1] DEBUG c.a.system.server.AttendanceServer - Executing method: validateSession
2026-05-07 22:18:37.176 [RMI TCP Connection(25)-127.0.0.1] DEBUG c.a.system.server.AttendanceServer - Method validateSession completed in 1 ms
2026-05-07 22:18:37.186 [RMI TCP Connection(25)-127.0.0.1] DEBUG c.a.system.server.AttendanceServer - Executing method: getCoursesByTeacher
2026-05-07 22:18:37.188 [RMI TCP Connection(25)-127.0.0.1] DEBUG c.a.system.server.AttendanceServer - Method getCoursesByTeacher completed in 2 ms
2026-05-07 22:18:37.194 [AWT-EventQueue-0] INFO  c.a.system.client.AttendanceGUI - User authenticated: abebe (Teacher)
2026-05-07 22:18:40.368 [RMI TCP Connection(25)-127.0.0.1] DEBUG c.a.system.server.AttendanceServer - Executing method: getCoursesByTeacher
2026-05-07 22:18:40.371 [RMI TCP Connection(25)-127.0.0.1] DEBUG c.a.system.server.AttendanceServer - Method getCoursesByTeacher completed in 3 ms
2026-05-07 22:18:47.080 [pool-1-thread-2] DEBUG c.a.system.server.ServerLauncher - Server stats - Active connections: 2, Total requests: 72
2026-05-07 22:19:47.080 [pool-1-thread-2] DEBUG c.a.system.server.ServerLauncher - Server stats - Active connections: 2, Total requests: 72
2026-05-07 22:20:47.081 [pool-1-thread-2] DEBUG c.a.system.server.ServerLauncher - Server stats - Active connections: 2, Total requests: 72
2026-05-07 22:21:47.080 [pool-1-thread-2] DEBUG c.a.system.server.ServerLauncher - Server stats - Active connections: 2, Total requests: 72
2026-05-07 22:22:28.834 [RMI TCP Connection(28)-127.0.0.1] DEBUG c.a.system.server.AttendanceServer - Executing method: authenticateUser
2026-05-07 22:22:28.834 [RMI TCP Connection(28)-127.0.0.1] DEBUG c.a.system.server.AttendanceServer - Authentication request for user: admin
2026-05-07 22:22:28.840 [RMI TCP Connection(28)-127.0.0.1] WARN  c.a.s.service.AuthenticationService - Authentication attempt on disabled account: admin
2026-05-07 22:22:28.841 [RMI TCP Connection(28)-127.0.0.1] WARN  c.a.system.server.AttendanceServer - Method authenticateUser failed: Account has been disabled
2026-05-07 22:22:47.080 [pool-1-thread-2] DEBUG c.a.system.server.ServerLauncher - Server stats - Active connections: 2, Total requests: 73
2026-05-07 22:22:48.723 [RMI TCP Connection(30)-127.0.0.1] DEBUG c.a.system.server.AttendanceServer - Executing method: authenticateUser
2026-05-07 22:22:48.723 [RMI TCP Connection(30)-127.0.0.1] DEBUG c.a.system.server.AttendanceServer - Authentication request for user: admin
2026-05-07 22:22:49.131 [RMI TCP Connection(30)-127.0.0.1] INFO  c.a.s.service.AuthenticationService - User authenticated successfully: admin (Role: Administrator)
2026-05-07 22:22:49.131 [RMI TCP Connection(30)-127.0.0.1] INFO  c.a.system.server.AttendanceServer - User authenticated successfully: admin (Active connections: 3)
2026-05-07 22:22:49.131 [RMI TCP Connection(30)-127.0.0.1] DEBUG c.a.system.server.AttendanceServer - Method authenticateUser completed in 408 ms
2026-05-07 22:22:49.170 [RMI TCP Connection(30)-127.0.0.1] DEBUG c.a.system.server.AttendanceServer - Executing method: createCourse
2026-05-07 22:22:49.171 [RMI TCP Connection(30)-127.0.0.1] WARN  c.a.system.server.AttendanceServer - Method createCourse failed: semester is required
2026-05-07 22:23:16.103 [RMI TCP Connection(31)-127.0.0.1] DEBUG c.a.system.server.AttendanceServer - Executing method: logout
2026-05-07 22:23:16.104 [RMI TCP Connection(31)-127.0.0.1] INFO  c.a.s.service.AuthenticationService - User logged out: abebe
2026-05-07 22:23:16.105 [RMI TCP Connection(31)-127.0.0.1] INFO  c.a.system.server.AttendanceServer - User logged out: abebe (Active connections: 2)
2026-05-07 22:23:16.107 [RMI TCP Connection(31)-127.0.0.1] DEBUG c.a.system.server.AttendanceServer - Method logout completed in 4 ms
2026-05-07 22:23:16.109 [AWT-EventQueue-0] INFO  c.a.system.client.AttendanceGUI - User logged out: abebe
2026-05-07 22:23:28.321 [RMI TCP Connection(31)-127.0.0.1] DEBUG c.a.system.server.AttendanceServer - Executing method: authenticateUser
2026-05-07 22:23:28.325 [RMI TCP Connection(31)-127.0.0.1] DEBUG c.a.system.server.AttendanceServer - Authentication request for user: admin
2026-05-07 22:23:28.801 [RMI TCP Connection(31)-127.0.0.1] INFO  c.a.s.service.AuthenticationService - User authenticated successfully: admin (Role: Administrator)
2026-05-07 22:23:28.801 [RMI TCP Connection(31)-127.0.0.1] INFO  c.a.system.server.AttendanceServer - User authenticated successfully: admin (Active connections: 3)
2026-05-07 22:23:28.801 [RMI TCP Connection(31)-127.0.0.1] DEBUG c.a.system.server.AttendanceServer - Method authenticateUser completed in 481 ms
2026-05-07 22:23:28.810 [RMI TCP Connection(31)-127.0.0.1] DEBUG c.a.system.server.AttendanceServer - Executing method: getAllUsers
2026-05-07 22:23:28.814 [RMI TCP Connection(31)-127.0.0.1] DEBUG c.a.system.server.AttendanceServer - Method getAllUsers completed in 4 ms
2026-05-07 22:23:28.838 [RMI TCP Connection(32)-127.0.0.1] DEBUG c.a.system.server.AttendanceServer - Executing method: getSystemStatistics
2026-05-07 22:23:28.845 [AWT-EventQueue-0] INFO  c.a.system.client.AttendanceGUI - User authenticated: admin (Administrator)
2026-05-07 22:23:28.853 [RMI TCP Connection(32)-127.0.0.1] DEBUG c.a.system.server.AttendanceServer - Method getSystemStatistics completed in 15 ms
2026-05-07 22:23:34.352 [RMI TCP Connection(32)-127.0.0.1] DEBUG c.a.system.server.AttendanceServer - Executing method: getSystemStatistics
2026-05-07 22:23:34.364 [RMI TCP Connection(32)-127.0.0.1] DEBUG c.a.system.server.AttendanceServer - Method getSystemStatistics completed in 12 ms
2026-05-07 22:23:47.080 [pool-1-thread-2] DEBUG c.a.system.server.ServerLauncher - Server stats - Active connections: 3, Total requests: 80
2026-05-07 22:24:47.080 [pool-1-thread-2] DEBUG c.a.system.server.ServerLauncher - Server stats - Active connections: 3, Total requests: 80
2026-05-07 22:24:53.930 [AWT-EventQueue-0] INFO  c.a.s.c.SystemConfigurationPanel - Database optimization performed
2026-05-07 22:25:01.330 [AWT-EventQueue-0] INFO  c.a.s.c.SystemConfigurationPanel - Database cleanup performed
2026-05-07 22:25:47.080 [pool-1-thread-2] DEBUG c.a.system.server.ServerLauncher - Server stats - Active connections: 3, Total requests: 80
2026-05-07 22:26:20.778 [RMI TCP Connection(35)-127.0.0.1] DEBUG c.a.system.server.AttendanceServer - Executing method: authenticateUser
2026-05-07 22:26:20.780 [RMI TCP Connection(35)-127.0.0.1] DEBUG c.a.system.server.AttendanceServer - Authentication request for user: admin
2026-05-07 22:26:21.185 [RMI TCP Connection(35)-127.0.0.1] INFO  c.a.s.service.AuthenticationService - User authenticated successfully: admin (Role: Administrator)
2026-05-07 22:26:21.185 [RMI TCP Connection(35)-127.0.0.1] INFO  c.a.system.server.AttendanceServer - User authenticated successfully: admin (Active connections: 4)
2026-05-07 22:26:21.185 [RMI TCP Connection(35)-127.0.0.1] DEBUG c.a.system.server.AttendanceServer - Method authenticateUser completed in 407 ms
2026-05-07 22:26:21.223 [RMI TCP Connection(35)-127.0.0.1] DEBUG c.a.system.server.AttendanceServer - Executing method: createCourse
2026-05-07 22:26:21.224 [RMI TCP Connection(35)-127.0.0.1] WARN  c.a.system.server.AttendanceServer - Method createCourse failed: academic_year must be in format: YYYY-YYYY
2026-05-07 22:26:42.438 [RMI TCP Connection(37)-127.0.0.1] DEBUG c.a.system.server.AttendanceServer - Executing method: authenticateUser
2026-05-07 22:26:42.438 [RMI TCP Connection(37)-127.0.0.1] DEBUG c.a.system.server.AttendanceServer - Authentication request for user: admin
2026-05-07 22:26:42.835 [RMI TCP Connection(37)-127.0.0.1] INFO  c.a.s.service.AuthenticationService - User authenticated successfully: admin (Role: Administrator)
2026-05-07 22:26:42.835 [RMI TCP Connection(37)-127.0.0.1] INFO  c.a.system.server.AttendanceServer - User authenticated successfully: admin (Active connections: 5)
2026-05-07 22:26:42.835 [RMI TCP Connection(37)-127.0.0.1] DEBUG c.a.system.server.AttendanceServer - Method authenticateUser completed in 397 ms
2026-05-07 22:26:42.872 [RMI TCP Connection(37)-127.0.0.1] DEBUG c.a.system.server.AttendanceServer - Executing method: createCourse
2026-05-07 22:26:42.921 [RMI TCP Connection(37)-127.0.0.1] ERROR com.attendance.system.dao.CourseDAO - Failed to create course
java.sql.SQLIntegrityConstraintViolationException: Cannot add or update a child row: a foreign key constraint fails (`Wolde`.`COURSES`, CONSTRAINT `COURSES_ibfk_1` FOREIGN KEY (`teacher_id`) REFERENCES `TEACHERS` (`teacher_id`))
	at com.mysql.cj.jdbc.exceptions.SQLError.createSQLException(SQLError.java:118)
	at com.mysql.cj.jdbc.exceptions.SQLExceptionsMapping.translateException(SQLExceptionsMapping.java:122)
	at com.mysql.cj.jdbc.ServerPreparedStatement.serverExecute(ServerPreparedStatement.java:555)
	at com.mysql.cj.jdbc.ServerPreparedStatement.executeInternal(ServerPreparedStatement.java:339)
	at com.mysql.cj.jdbc.ClientPreparedStatement.executeUpdateInternal(ClientPreparedStatement.java:1061)
	at com.mysql.cj.jdbc.ClientPreparedStatement.executeUpdateInternal(ClientPreparedStatement.java:1009)
	at com.mysql.cj.jdbc.ClientPreparedStatement.executeLargeUpdate(ClientPreparedStatement.java:1320)
	at com.mysql.cj.jdbc.ClientPreparedStatement.executeUpdate(ClientPreparedStatement.java:994)
	at com.zaxxer.hikari.pool.ProxyPreparedStatement.executeUpdate(ProxyPreparedStatement.java:61)
	at com.zaxxer.hikari.pool.HikariProxyPreparedStatement.executeUpdate(HikariProxyPreparedStatement.java)
	at com.attendance.system.dao.CourseDAO.createCourse(CourseDAO.java:53)
	at com.attendance.system.server.AttendanceServer.lambda$createCourse$10(AttendanceServer.java:477)
	at com.attendance.system.server.AttendanceServer.executeWithErrorHandling(AttendanceServer.java:1159)
	at com.attendance.system.server.AttendanceServer.createCourse(AttendanceServer.java:455)
	at java.base/jdk.internal.reflect.DirectMethodHandleAccessor.invoke(DirectMethodHandleAccessor.java:103)
	at java.base/java.lang.reflect.Method.invoke(Method.java:580)
	at java.rmi/sun.rmi.server.UnicastServerRef.dispatch(UnicastServerRef.java:360)
	at java.rmi/sun.rmi.transport.Transport$1.run(Transport.java:200)
	at java.rmi/sun.rmi.transport.Transport$1.run(Transport.java:197)
	at java.base/java.security.AccessController.doPrivileged(AccessController.java:714)
	at java.rmi/sun.rmi.transport.Transport.serviceCall(Transport.java:196)
	at java.rmi/sun.rmi.transport.tcp.TCPTransport.handleMessages(TCPTransport.java:598)
	at java.rmi/sun.rmi.transport.tcp.TCPTransport$ConnectionHandler.run0(TCPTransport.java:844)
	at java.rmi/sun.rmi.transport.tcp.TCPTransport$ConnectionHandler.lambda$run$0(TCPTransport.java:721)
	at java.base/java.security.AccessController.doPrivileged(AccessController.java:400)
	at java.rmi/sun.rmi.transport.tcp.TCPTransport$ConnectionHandler.run(TCPTransport.java:720)
	at java.base/java.util.concurrent.ThreadPoolExecutor.runWorker(ThreadPoolExecutor.java:1144)
	at java.base/java.util.concurrent.ThreadPoolExecutor$Worker.run(ThreadPoolExecutor.java:642)
	at java.base/java.lang.Thread.run(Thread.java:1583)
2026-05-07 22:26:42.924 [RMI TCP Connection(37)-127.0.0.1] WARN  c.a.system.server.AttendanceServer - Method createCourse failed: Database operation failed
2026-05-07 22:26:47.080 [pool-1-thread-2] DEBUG c.a.system.server.ServerLauncher - Server stats - Active connections: 5, Total requests: 84
2026-05-07 22:27:47.080 [pool-1-thread-2] DEBUG c.a.system.server.ServerLauncher - Server stats - Active connections: 5, Total requests: 84
2026-05-07 22:28:47.081 [pool-1-thread-2] DEBUG c.a.system.server.ServerLauncher - Server stats - Active connections: 5, Total requests: 84
2026-05-07 22:28:52.329 [RMI TCP Connection(39)-127.0.0.1] DEBUG c.a.system.server.AttendanceServer - Executing method: authenticateUser
2026-05-07 22:28:52.329 [RMI TCP Connection(39)-127.0.0.1] DEBUG c.a.system.server.AttendanceServer - Authentication request for user: testteacher
2026-05-07 22:28:52.767 [RMI TCP Connection(39)-127.0.0.1] INFO  c.a.s.service.AuthenticationService - User authenticated successfully: testteacher (Role: Teacher)
2026-05-07 22:28:52.767 [RMI TCP Connection(39)-127.0.0.1] INFO  c.a.system.server.AttendanceServer - User authenticated successfully: testteacher (Active connections: 6)
2026-05-07 22:28:52.767 [RMI TCP Connection(39)-127.0.0.1] DEBUG c.a.system.server.AttendanceServer - Method authenticateUser completed in 438 ms
2026-05-07 22:28:52.787 [RMI TCP Connection(39)-127.0.0.1] DEBUG c.a.system.server.AttendanceServer - Executing method: getCoursesByTeacher
2026-05-07 22:28:52.789 [RMI TCP Connection(39)-127.0.0.1] DEBUG c.a.system.server.AttendanceServer - Method getCoursesByTeacher completed in 2 ms
2026-05-07 22:29:47.081 [pool-1-thread-2] DEBUG c.a.system.server.ServerLauncher - Server stats - Active connections: 6, Total requests: 86
2026-05-07 22:30:00.273 [Thread-2] INFO  c.a.system.server.ServerLauncher - Shutdown hook triggered
2026-05-07 22:30:00.274 [Thread-2] INFO  c.a.system.server.ServerLauncher - Stopping Student Attendance System Server...
2026-05-07 22:30:00.274 [Thread-2] INFO  c.a.system.server.ServerLauncher - Service unbound from registry
2026-05-07 22:30:00.282 [Thread-2] INFO  c.a.system.server.ServerLauncher - Server unexported
2026-05-07 22:30:00.283 [Thread-2] INFO  com.zaxxer.hikari.HikariDataSource - HikariPool-2 - Shutdown initiated...
2026-05-07 22:30:00.291 [Thread-2] INFO  com.zaxxer.hikari.HikariDataSource - HikariPool-2 - Shutdown completed.
2026-05-07 22:30:00.294 [Thread-2] INFO  c.a.system.dao.DatabaseManager - Database connection pool closed
2026-05-07 22:30:00.294 [Thread-2] INFO  c.a.system.server.ServerLauncher - Database connections closed
2026-05-07 22:30:00.294 [Thread-2] INFO  c.a.system.server.ServerLauncher - Server stopped successfully
2026-05-07 22:30:33.607 [AWT-EventQueue-0] ERROR c.a.s.c.SystemConfigurationPanel - Failed to check system health
java.util.concurrent.CompletionException: java.lang.RuntimeException: java.rmi.ConnectException: Connection refused to host: localhost; nested exception is: 
	java.net.ConnectException: Connection refused
	at java.base/java.util.concurrent.CompletableFuture.encodeThrowable(CompletableFuture.java:315)
	at java.base/java.util.concurrent.CompletableFuture.completeThrowable(CompletableFuture.java:320)
	at java.base/java.util.concurrent.CompletableFuture$AsyncSupply.run(CompletableFuture.java:1770)
	at java.base/java.util.concurrent.CompletableFuture$AsyncSupply.exec(CompletableFuture.java:1760)
	at java.base/java.util.concurrent.ForkJoinTask.doExec(ForkJoinTask.java:387)
	at java.base/java.util.concurrent.ForkJoinPool$WorkQueue.topLevelExec(ForkJoinPool.java:1312)
	at java.base/java.util.concurrent.ForkJoinPool.scan(ForkJoinPool.java:1843)
	at java.base/java.util.concurrent.ForkJoinPool.runWorker(ForkJoinPool.java:1808)
	at java.base/java.util.concurrent.ForkJoinWorkerThread.run(ForkJoinWorkerThread.java:188)
Caused by: java.lang.RuntimeException: java.rmi.ConnectException: Connection refused to host: localhost; nested exception is: 
	java.net.ConnectException: Connection refused
	at com.attendance.system.client.SystemConfigurationPanel.lambda$checkSystemHealth$39(SystemConfigurationPanel.java:972)
	at java.base/java.util.concurrent.CompletableFuture$AsyncSupply.run(CompletableFuture.java:1768)
	... 6 common frames omitted
Caused by: java.rmi.ConnectException: Connection refused to host: localhost; nested exception is: 
	java.net.ConnectException: Connection refused
	at java.rmi/sun.rmi.transport.tcp.TCPEndpoint.newSocket(TCPEndpoint.java:625)
	at java.rmi/sun.rmi.transport.tcp.TCPChannel.createConnection(TCPChannel.java:217)
	at java.rmi/sun.rmi.transport.tcp.TCPChannel.newConnection(TCPChannel.java:204)
	at java.rmi/sun.rmi.server.UnicastRef.invoke(UnicastRef.java:134)
	at java.rmi/java.rmi.server.RemoteObjectInvocationHandler.invokeRemoteMethod(RemoteObjectInvocationHandler.java:215)
	at java.rmi/java.rmi.server.RemoteObjectInvocationHandler.invoke(RemoteObjectInvocationHandler.java:160)
	at jdk.proxy3/jdk.proxy3.$Proxy25.getServerInfo(Unknown Source)
	at com.attendance.system.client.SystemConfigurationPanel.lambda$checkSystemHealth$39(SystemConfigurationPanel.java:970)
	... 7 common frames omitted
Caused by: java.net.ConnectException: Connection refused
	at java.base/sun.nio.ch.Net.connect0(Native Method)
	at java.base/sun.nio.ch.Net.connect(Net.java:601)
	at java.base/sun.nio.ch.Net.connect(Net.java:590)
	at java.base/sun.nio.ch.NioSocketImpl.connect(NioSocketImpl.java:583)
	at java.base/java.net.SocksSocketImpl.connect(SocksSocketImpl.java:327)
	at java.base/java.net.Socket.connect(Socket.java:751)
	at java.base/java.net.Socket.connect(Socket.java:686)
	at java.base/java.net.Socket.<init>(Socket.java:555)
	at java.base/java.net.Socket.<init>(Socket.java:324)
	at java.rmi/sun.rmi.transport.tcp.TCPDirectSocketFactory.createSocket(TCPDirectSocketFactory.java:40)
	at java.rmi/sun.rmi.transport.tcp.TCPEndpoint.newSocket(TCPEndpoint.java:619)
	... 14 common frames omitted
2026-05-07 22:30:35.287 [AWT-EventQueue-0] ERROR c.a.s.c.SystemConfigurationPanel - Failed to check system health
java.util.concurrent.CompletionException: java.lang.RuntimeException: java.rmi.ConnectException: Connection refused to host: localhost; nested exception is: 
	java.net.ConnectException: Connection refused
	at java.base/java.util.concurrent.CompletableFuture.encodeThrowable(CompletableFuture.java:315)
	at java.base/java.util.concurrent.CompletableFuture.completeThrowable(CompletableFuture.java:320)
	at java.base/java.util.concurrent.CompletableFuture$AsyncSupply.run(CompletableFuture.java:1770)
	at java.base/java.util.concurrent.CompletableFuture$AsyncSupply.exec(CompletableFuture.java:1760)
	at java.base/java.util.concurrent.ForkJoinTask.doExec(ForkJoinTask.java:387)
	at java.base/java.util.concurrent.ForkJoinPool$WorkQueue.topLevelExec(ForkJoinPool.java:1312)
	at java.base/java.util.concurrent.ForkJoinPool.scan(ForkJoinPool.java:1843)
	at java.base/java.util.concurrent.ForkJoinPool.runWorker(ForkJoinPool.java:1808)
	at java.base/java.util.concurrent.ForkJoinWorkerThread.run(ForkJoinWorkerThread.java:188)
Caused by: java.lang.RuntimeException: java.rmi.ConnectException: Connection refused to host: localhost; nested exception is: 
	java.net.ConnectException: Connection refused
	at com.attendance.system.client.SystemConfigurationPanel.lambda$checkSystemHealth$39(SystemConfigurationPanel.java:972)
	at java.base/java.util.concurrent.CompletableFuture$AsyncSupply.run(CompletableFuture.java:1768)
	... 6 common frames omitted
Caused by: java.rmi.ConnectException: Connection refused to host: localhost; nested exception is: 
	java.net.ConnectException: Connection refused
	at java.rmi/sun.rmi.transport.tcp.TCPEndpoint.newSocket(TCPEndpoint.java:625)
	at java.rmi/sun.rmi.transport.tcp.TCPChannel.createConnection(TCPChannel.java:217)
	at java.rmi/sun.rmi.transport.tcp.TCPChannel.newConnection(TCPChannel.java:204)
	at java.rmi/sun.rmi.server.UnicastRef.invoke(UnicastRef.java:134)
	at java.rmi/java.rmi.server.RemoteObjectInvocationHandler.invokeRemoteMethod(RemoteObjectInvocationHandler.java:215)
	at java.rmi/java.rmi.server.RemoteObjectInvocationHandler.invoke(RemoteObjectInvocationHandler.java:160)
	at jdk.proxy3/jdk.proxy3.$Proxy25.getServerInfo(Unknown Source)
	at com.attendance.system.client.SystemConfigurationPanel.lambda$checkSystemHealth$39(SystemConfigurationPanel.java:970)
	... 7 common frames omitted
Caused by: java.net.ConnectException: Connection refused
	at java.base/sun.nio.ch.Net.connect0(Native Method)
	at java.base/sun.nio.ch.Net.connect(Net.java:601)
	at java.base/sun.nio.ch.Net.connect(Net.java:590)
	at java.base/sun.nio.ch.NioSocketImpl.connect(NioSocketImpl.java:583)
	at java.base/java.net.SocksSocketImpl.connect(SocksSocketImpl.java:327)
	at java.base/java.net.Socket.connect(Socket.java:751)
	at java.base/java.net.Socket.connect(Socket.java:686)
	at java.base/java.net.Socket.<init>(Socket.java:555)
	at java.base/java.net.Socket.<init>(Socket.java:324)
	at java.rmi/sun.rmi.transport.tcp.TCPDirectSocketFactory.createSocket(TCPDirectSocketFactory.java:40)
	at java.rmi/sun.rmi.transport.tcp.TCPEndpoint.newSocket(TCPEndpoint.java:619)
	... 14 common frames omitted
2026-05-07 22:30:36.657 [AWT-EventQueue-0] ERROR c.a.s.c.SystemConfigurationPanel - Failed to check system health
java.util.concurrent.CompletionException: java.lang.RuntimeException: java.rmi.ConnectException: Connection refused to host: localhost; nested exception is: 
	java.net.ConnectException: Connection refused
	at java.base/java.util.concurrent.CompletableFuture.encodeThrowable(CompletableFuture.java:315)
	at java.base/java.util.concurrent.CompletableFuture.completeThrowable(CompletableFuture.java:320)
	at java.base/java.util.concurrent.CompletableFuture$AsyncSupply.run(CompletableFuture.java:1770)
	at java.base/java.util.concurrent.CompletableFuture$AsyncSupply.exec(CompletableFuture.java:1760)
	at java.base/java.util.concurrent.ForkJoinTask.doExec(ForkJoinTask.java:387)
	at java.base/java.util.concurrent.ForkJoinPool$WorkQueue.topLevelExec(ForkJoinPool.java:1312)
	at java.base/java.util.concurrent.ForkJoinPool.scan(ForkJoinPool.java:1843)
	at java.base/java.util.concurrent.ForkJoinPool.runWorker(ForkJoinPool.java:1808)
	at java.base/java.util.concurrent.ForkJoinWorkerThread.run(ForkJoinWorkerThread.java:188)
Caused by: java.lang.RuntimeException: java.rmi.ConnectException: Connection refused to host: localhost; nested exception is: 
	java.net.ConnectException: Connection refused
	at com.attendance.system.client.SystemConfigurationPanel.lambda$checkSystemHealth$39(SystemConfigurationPanel.java:972)
	at java.base/java.util.concurrent.CompletableFuture$AsyncSupply.run(CompletableFuture.java:1768)
	... 6 common frames omitted
Caused by: java.rmi.ConnectException: Connection refused to host: localhost; nested exception is: 
	java.net.ConnectException: Connection refused
	at java.rmi/sun.rmi.transport.tcp.TCPEndpoint.newSocket(TCPEndpoint.java:625)
	at java.rmi/sun.rmi.transport.tcp.TCPChannel.createConnection(TCPChannel.java:217)
	at java.rmi/sun.rmi.transport.tcp.TCPChannel.newConnection(TCPChannel.java:204)
	at java.rmi/sun.rmi.server.UnicastRef.invoke(UnicastRef.java:134)
	at java.rmi/java.rmi.server.RemoteObjectInvocationHandler.invokeRemoteMethod(RemoteObjectInvocationHandler.java:215)
	at java.rmi/java.rmi.server.RemoteObjectInvocationHandler.invoke(RemoteObjectInvocationHandler.java:160)
	at jdk.proxy3/jdk.proxy3.$Proxy25.getServerInfo(Unknown Source)
	at com.attendance.system.client.SystemConfigurationPanel.lambda$checkSystemHealth$39(SystemConfigurationPanel.java:970)
	... 7 common frames omitted
Caused by: java.net.ConnectException: Connection refused
	at java.base/sun.nio.ch.Net.connect0(Native Method)
	at java.base/sun.nio.ch.Net.connect(Net.java:601)
	at java.base/sun.nio.ch.Net.connect(Net.java:590)
	at java.base/sun.nio.ch.NioSocketImpl.connect(NioSocketImpl.java:583)
	at java.base/java.net.SocksSocketImpl.connect(SocksSocketImpl.java:327)
	at java.base/java.net.Socket.connect(Socket.java:751)
	at java.base/java.net.Socket.connect(Socket.java:686)
	at java.base/java.net.Socket.<init>(Socket.java:555)
	at java.base/java.net.Socket.<init>(Socket.java:324)
	at java.rmi/sun.rmi.transport.tcp.TCPDirectSocketFactory.createSocket(TCPDirectSocketFactory.java:40)
	at java.rmi/sun.rmi.transport.tcp.TCPEndpoint.newSocket(TCPEndpoint.java:619)
	... 14 common frames omitted
2026-05-07 22:30:39.678 [AWT-EventQueue-0] ERROR c.a.s.c.SystemConfigurationPanel - Failed to check system health
java.util.concurrent.CompletionException: java.lang.RuntimeException: java.rmi.ConnectException: Connection refused to host: localhost; nested exception is: 
	java.net.ConnectException: Connection refused
	at java.base/java.util.concurrent.CompletableFuture.encodeThrowable(CompletableFuture.java:315)
	at java.base/java.util.concurrent.CompletableFuture.completeThrowable(CompletableFuture.java:320)
	at java.base/java.util.concurrent.CompletableFuture$AsyncSupply.run(CompletableFuture.java:1770)
	at java.base/java.util.concurrent.CompletableFuture$AsyncSupply.exec(CompletableFuture.java:1760)
	at java.base/java.util.concurrent.ForkJoinTask.doExec(ForkJoinTask.java:387)
	at java.base/java.util.concurrent.ForkJoinPool$WorkQueue.topLevelExec(ForkJoinPool.java:1312)
	at java.base/java.util.concurrent.ForkJoinPool.scan(ForkJoinPool.java:1843)
	at java.base/java.util.concurrent.ForkJoinPool.runWorker(ForkJoinPool.java:1808)
	at java.base/java.util.concurrent.ForkJoinWorkerThread.run(ForkJoinWorkerThread.java:188)
Caused by: java.lang.RuntimeException: java.rmi.ConnectException: Connection refused to host: localhost; nested exception is: 
	java.net.ConnectException: Connection refused
	at com.attendance.system.client.SystemConfigurationPanel.lambda$checkSystemHealth$39(SystemConfigurationPanel.java:972)
	at java.base/java.util.concurrent.CompletableFuture$AsyncSupply.run(CompletableFuture.java:1768)
	... 6 common frames omitted
Caused by: java.rmi.ConnectException: Connection refused to host: localhost; nested exception is: 
	java.net.ConnectException: Connection refused
	at java.rmi/sun.rmi.transport.tcp.TCPEndpoint.newSocket(TCPEndpoint.java:625)
	at java.rmi/sun.rmi.transport.tcp.TCPChannel.createConnection(TCPChannel.java:217)
	at java.rmi/sun.rmi.transport.tcp.TCPChannel.newConnection(TCPChannel.java:204)
	at java.rmi/sun.rmi.server.UnicastRef.invoke(UnicastRef.java:134)
	at java.rmi/java.rmi.server.RemoteObjectInvocationHandler.invokeRemoteMethod(RemoteObjectInvocationHandler.java:215)
	at java.rmi/java.rmi.server.RemoteObjectInvocationHandler.invoke(RemoteObjectInvocationHandler.java:160)
	at jdk.proxy3/jdk.proxy3.$Proxy25.getServerInfo(Unknown Source)
	at com.attendance.system.client.SystemConfigurationPanel.lambda$checkSystemHealth$39(SystemConfigurationPanel.java:970)
	... 7 common frames omitted
Caused by: java.net.ConnectException: Connection refused
	at java.base/sun.nio.ch.Net.connect0(Native Method)
	at java.base/sun.nio.ch.Net.connect(Net.java:601)
	at java.base/sun.nio.ch.Net.connect(Net.java:590)
	at java.base/sun.nio.ch.NioSocketImpl.connect(NioSocketImpl.java:583)
	at java.base/java.net.SocksSocketImpl.connect(SocksSocketImpl.java:327)
	at java.base/java.net.Socket.connect(Socket.java:751)
	at java.base/java.net.Socket.connect(Socket.java:686)
	at java.base/java.net.Socket.<init>(Socket.java:555)
	at java.base/java.net.Socket.<init>(Socket.java:324)
	at java.rmi/sun.rmi.transport.tcp.TCPDirectSocketFactory.createSocket(TCPDirectSocketFactory.java:40)
	at java.rmi/sun.rmi.transport.tcp.TCPEndpoint.newSocket(TCPEndpoint.java:619)
	... 14 common frames omitted
2026-05-07 22:30:55.860 [AWT-EventQueue-0] ERROR c.a.s.c.SystemConfigurationPanel - Failed to enable maintenance mode
java.rmi.ConnectException: Connection refused to host: localhost; nested exception is: 
	java.net.ConnectException: Connection refused
	at java.rmi/sun.rmi.transport.tcp.TCPEndpoint.newSocket(TCPEndpoint.java:625)
	at java.rmi/sun.rmi.transport.tcp.TCPChannel.createConnection(TCPChannel.java:217)
	at java.rmi/sun.rmi.transport.tcp.TCPChannel.newConnection(TCPChannel.java:204)
	at java.rmi/sun.rmi.server.UnicastRef.invoke(UnicastRef.java:134)
	at java.rmi/java.rmi.server.RemoteObjectInvocationHandler.invokeRemoteMethod(RemoteObjectInvocationHandler.java:215)
	at java.rmi/java.rmi.server.RemoteObjectInvocationHandler.invoke(RemoteObjectInvocationHandler.java:160)
	at jdk.proxy3/jdk.proxy3.$Proxy25.enableMaintenanceMode(Unknown Source)
	at com.attendance.system.client.SystemConfigurationPanel.enableMaintenanceMode(SystemConfigurationPanel.java:768)
	at com.attendance.system.client.SystemConfigurationPanel.lambda$setupEventHandlers$7(SystemConfigurationPanel.java:532)
	at java.desktop/javax.swing.AbstractButton.fireActionPerformed(AbstractButton.java:1972)
	at java.desktop/javax.swing.AbstractButton$Handler.actionPerformed(AbstractButton.java:2314)
	at java.desktop/javax.swing.DefaultButtonModel.fireActionPerformed(DefaultButtonModel.java:407)
	at java.desktop/javax.swing.DefaultButtonModel.setPressed(DefaultButtonModel.java:262)
	at java.desktop/javax.swing.plaf.basic.BasicButtonListener.mouseReleased(BasicButtonListener.java:279)
	at java.desktop/java.awt.Component.processMouseEvent(Component.java:6621)
	at java.desktop/javax.swing.JComponent.processMouseEvent(JComponent.java:3398)
	at java.desktop/java.awt.Component.processEvent(Component.java:6386)
	at java.desktop/java.awt.Container.processEvent(Container.java:2266)
	at java.desktop/java.awt.Component.dispatchEventImpl(Component.java:4996)
	at java.desktop/java.awt.Container.dispatchEventImpl(Container.java:2324)
	at java.desktop/java.awt.Component.dispatchEvent(Component.java:4828)
	at java.desktop/java.awt.LightweightDispatcher.retargetMouseEvent(Container.java:4948)
	at java.desktop/java.awt.LightweightDispatcher.processMouseEvent(Container.java:4575)
	at java.desktop/java.awt.LightweightDispatcher.dispatchEvent(Container.java:4516)
	at java.desktop/java.awt.Container.dispatchEventImpl(Container.java:2310)
	at java.desktop/java.awt.Window.dispatchEventImpl(Window.java:2780)
	at java.desktop/java.awt.Component.dispatchEvent(Component.java:4828)
	at java.desktop/java.awt.EventQueue.dispatchEventImpl(EventQueue.java:775)
	at java.desktop/java.awt.EventQueue$4.run(EventQueue.java:720)
	at java.desktop/java.awt.EventQueue$4.run(EventQueue.java:714)
	at java.base/java.security.AccessController.doPrivileged(AccessController.java:400)
	at java.base/java.security.ProtectionDomain$JavaSecurityAccessImpl.doIntersectionPrivilege(ProtectionDomain.java:87)
	at java.base/java.security.ProtectionDomain$JavaSecurityAccessImpl.doIntersectionPrivilege(ProtectionDomain.java:98)
	at java.desktop/java.awt.EventQueue$5.run(EventQueue.java:747)
	at java.desktop/java.awt.EventQueue$5.run(EventQueue.java:745)
	at java.base/java.security.AccessController.doPrivileged(AccessController.java:400)
	at java.base/java.security.ProtectionDomain$JavaSecurityAccessImpl.doIntersectionPrivilege(ProtectionDomain.java:87)
	at java.desktop/java.awt.EventQueue.dispatchEvent(EventQueue.java:744)
	at java.desktop/java.awt.EventDispatchThread.pumpOneEventForFilters(EventDispatchThread.java:203)
	at java.desktop/java.awt.EventDispatchThread.pumpEventsForFilter(EventDispatchThread.java:124)
	at java.desktop/java.awt.EventDispatchThread.pumpEventsForHierarchy(EventDispatchThread.java:113)
	at java.desktop/java.awt.EventDispatchThread.pumpEvents(EventDispatchThread.java:109)
	at java.desktop/java.awt.EventDispatchThread.pumpEvents(EventDispatchThread.java:101)
	at java.desktop/java.awt.EventDispatchThread.run(EventDispatchThread.java:90)
Caused by: java.net.ConnectException: Connection refused
	at java.base/sun.nio.ch.Net.connect0(Native Method)
	at java.base/sun.nio.ch.Net.connect(Net.java:601)
	at java.base/sun.nio.ch.Net.connect(Net.java:590)
	at java.base/sun.nio.ch.NioSocketImpl.connect(NioSocketImpl.java:583)
	at java.base/java.net.SocksSocketImpl.connect(SocksSocketImpl.java:327)
	at java.base/java.net.Socket.connect(Socket.java:751)
	at java.base/java.net.Socket.connect(Socket.java:686)
	at java.base/java.net.Socket.<init>(Socket.java:555)
	at java.base/java.net.Socket.<init>(Socket.java:324)
	at java.rmi/sun.rmi.transport.tcp.TCPDirectSocketFactory.createSocket(TCPDirectSocketFactory.java:40)
	at java.rmi/sun.rmi.transport.tcp.TCPEndpoint.newSocket(TCPEndpoint.java:619)
	... 43 common frames omitted
2026-05-07 22:31:27.091 [com.attendance.system.server.ServerLauncher.main()] INFO  c.a.system.server.ServerLauncher - Starting Student Attendance System Server...
2026-05-07 22:31:27.092 [com.attendance.system.server.ServerLauncher.main()] INFO  c.a.system.server.ServerLauncher - Initializing database connection...
2026-05-07 22:31:27.119 [com.attendance.system.server.ServerLauncher.main()] INFO  com.zaxxer.hikari.HikariDataSource - HikariPool-1 - Starting...
2026-05-07 22:31:27.570 [com.attendance.system.server.ServerLauncher.main()] INFO  com.zaxxer.hikari.pool.HikariPool - HikariPool-1 - Added connection com.mysql.cj.jdbc.ConnectionImpl@2fb9d366
2026-05-07 22:31:27.575 [com.attendance.system.server.ServerLauncher.main()] INFO  com.zaxxer.hikari.HikariDataSource - HikariPool-1 - Start completed.
2026-05-07 22:31:27.575 [com.attendance.system.server.ServerLauncher.main()] INFO  c.a.system.dao.DatabaseManager - Database connection pool initialized successfully
2026-05-07 22:31:27.586 [com.attendance.system.server.ServerLauncher.main()] DEBUG c.a.system.dao.DatabaseManager - Database connection test successful
2026-05-07 22:31:27.602 [com.attendance.system.server.ServerLauncher.main()] INFO  com.zaxxer.hikari.HikariDataSource - HikariPool-2 - Starting...
2026-05-07 22:31:27.615 [com.attendance.system.server.ServerLauncher.main()] INFO  com.zaxxer.hikari.pool.HikariPool - HikariPool-2 - Added connection com.mysql.cj.jdbc.ConnectionImpl@64b63375
2026-05-07 22:31:27.617 [com.attendance.system.server.ServerLauncher.main()] INFO  com.zaxxer.hikari.HikariDataSource - HikariPool-2 - Start completed.
2026-05-07 22:31:27.621 [com.attendance.system.server.ServerLauncher.main()] INFO  c.a.system.dao.DatabaseManager - Database connection pool initialized successfully
2026-05-07 22:31:27.622 [com.attendance.system.server.ServerLauncher.main()] DEBUG c.a.system.dao.DatabaseManager - Database connection test successful
2026-05-07 22:31:27.624 [com.attendance.system.server.ServerLauncher.main()] DEBUG c.a.system.dao.DatabaseManager - Database connection test successful
2026-05-07 22:31:27.625 [com.attendance.system.server.ServerLauncher.main()] INFO  c.a.system.server.ServerLauncher - Database connection established successfully
2026-05-07 22:31:27.626 [com.attendance.system.server.ServerLauncher.main()] DEBUG c.a.system.server.ServerLauncher - Setting up RMI system properties...
2026-05-07 22:31:27.626 [com.attendance.system.server.ServerLauncher.main()] INFO  c.a.system.server.ServerLauncher - RMI server hostname set to: localhost
2026-05-07 22:31:27.626 [com.attendance.system.server.ServerLauncher.main()] INFO  c.a.system.server.ServerLauncher - Setting up RMI registry on port 1100...
2026-05-07 22:31:27.686 [com.attendance.system.server.ServerLauncher.main()] INFO  c.a.system.server.ServerLauncher - Created new RMI registry on port 1100
2026-05-07 22:31:27.691 [com.attendance.system.server.ServerLauncher.main()] INFO  c.a.system.server.ServerLauncher - Creating and exporting attendance server...
2026-05-07 22:31:27.807 [com.attendance.system.server.ServerLauncher.main()] INFO  c.a.system.server.AttendanceServer - AttendanceServer initialized successfully
2026-05-07 22:31:27.814 [com.attendance.system.server.ServerLauncher.main()] INFO  c.a.system.server.AttendanceServer - Encryption enabled: false
2026-05-07 22:31:27.815 [com.attendance.system.server.ServerLauncher.main()] INFO  c.a.system.server.AttendanceServer - Max concurrent users: 100
2026-05-07 22:31:27.820 [com.attendance.system.server.ServerLauncher.main()] INFO  c.a.system.server.ServerLauncher - Attendance server created and exported successfully
2026-05-07 22:31:27.822 [com.attendance.system.server.ServerLauncher.main()] INFO  c.a.system.server.ServerLauncher - Binding server to registry with name 'AttendanceService'...
2026-05-07 22:31:27.823 [com.attendance.system.server.ServerLauncher.main()] INFO  c.a.system.server.ServerLauncher - Server bound to registry successfully
2026-05-07 22:31:27.826 [com.attendance.system.server.ServerLauncher.main()] INFO  c.a.system.server.ServerLauncher - Starting maintenance tasks...
2026-05-07 22:31:27.836 [com.attendance.system.server.ServerLauncher.main()] INFO  c.a.system.server.ServerLauncher - Maintenance tasks started
2026-05-07 22:31:27.837 [com.attendance.system.server.ServerLauncher.main()] INFO  c.a.system.server.ServerLauncher - Server started successfully!
2026-05-07 22:31:27.839 [com.attendance.system.server.ServerLauncher.main()] INFO  c.a.system.server.ServerLauncher - Service name: AttendanceService
2026-05-07 22:31:27.839 [com.attendance.system.server.ServerLauncher.main()] INFO  c.a.system.server.ServerLauncher - RMI registry port: 1100
2026-05-07 22:31:27.839 [com.attendance.system.server.ServerLauncher.main()] INFO  c.a.system.server.ServerLauncher - Server listening on port: 0
2026-05-07 22:31:27.839 [com.attendance.system.server.ServerLauncher.main()] INFO  c.a.system.server.ServerLauncher - Server is ready to accept client connections.
2026-05-07 22:31:52.021 [RMI TCP Connection(2)-127.0.0.1] DEBUG c.a.system.server.AttendanceServer - Executing method: authenticateUser
2026-05-07 22:31:52.022 [RMI TCP Connection(2)-127.0.0.1] DEBUG c.a.system.server.AttendanceServer - Authentication request for user: testteacher
2026-05-07 22:31:52.026 [RMI TCP Connection(2)-127.0.0.1] WARN  c.a.system.util.SecurityUtil - ATTENDANCE_ENCRYPTION_KEY environment variable not set. Using default key for development only.
2026-05-07 22:31:52.755 [RMI TCP Connection(2)-127.0.0.1] INFO  c.a.s.service.AuthenticationService - User authenticated successfully: testteacher (Role: Teacher)
2026-05-07 22:31:52.756 [RMI TCP Connection(2)-127.0.0.1] INFO  c.a.system.server.AttendanceServer - User authenticated successfully: testteacher (Active connections: 1)
2026-05-07 22:31:52.757 [RMI TCP Connection(2)-127.0.0.1] DEBUG c.a.system.server.AttendanceServer - Method authenticateUser completed in 736 ms
2026-05-07 22:31:52.806 [RMI TCP Connection(2)-127.0.0.1] DEBUG c.a.system.server.AttendanceServer - Executing method: getCoursesByTeacher
2026-05-07 22:31:52.832 [RMI TCP Connection(2)-127.0.0.1] DEBUG c.a.system.server.AttendanceServer - Method getCoursesByTeacher completed in 26 ms
2026-05-07 22:31:52.860 [RMI TCP Connection(2)-127.0.0.1] DEBUG c.a.system.server.AttendanceServer - Executing method: getEnrolledStudents
2026-05-07 22:31:52.865 [RMI TCP Connection(2)-127.0.0.1] WARN  c.a.system.server.AttendanceServer - Method getEnrolledStudents failed: You do not have permission to perform this action
2026-05-07 22:31:54.765 [AWT-EventQueue-0] WARN  c.a.system.client.AttendanceGUI - Error during logout on exit
java.rmi.ConnectException: Connection refused to host: localhost; nested exception is: 
	java.net.ConnectException: Connection refused
	at java.rmi/sun.rmi.transport.tcp.TCPEndpoint.newSocket(TCPEndpoint.java:625)
	at java.rmi/sun.rmi.transport.tcp.TCPChannel.createConnection(TCPChannel.java:217)
	at java.rmi/sun.rmi.transport.tcp.TCPChannel.newConnection(TCPChannel.java:204)
	at java.rmi/sun.rmi.server.UnicastRef.invoke(UnicastRef.java:134)
	at java.rmi/java.rmi.server.RemoteObjectInvocationHandler.invokeRemoteMethod(RemoteObjectInvocationHandler.java:215)
	at java.rmi/java.rmi.server.RemoteObjectInvocationHandler.invoke(RemoteObjectInvocationHandler.java:160)
	at jdk.proxy3/jdk.proxy3.$Proxy25.logout(Unknown Source)
	at com.attendance.system.client.AttendanceGUI.handleApplicationExit(AttendanceGUI.java:418)
	at com.attendance.system.client.AttendanceGUI$1.windowClosing(AttendanceGUI.java:99)
	at java.desktop/java.awt.AWTEventMulticaster.windowClosing(AWTEventMulticaster.java:359)
	at java.desktop/java.awt.AWTEventMulticaster.windowClosing(AWTEventMulticaster.java:359)
	at java.desktop/java.awt.Window.processWindowEvent(Window.java:2085)
	at java.desktop/javax.swing.JFrame.processWindowEvent(JFrame.java:298)
	at java.desktop/java.awt.Window.processEvent(Window.java:2044)
	at java.desktop/java.awt.Component.dispatchEventImpl(Component.java:4996)
	at java.desktop/java.awt.Container.dispatchEventImpl(Container.java:2324)
	at java.desktop/java.awt.Window.dispatchEventImpl(Window.java:2780)
	at java.desktop/java.awt.Component.dispatchEvent(Component.java:4828)
	at java.desktop/java.awt.EventQueue.dispatchEventImpl(EventQueue.java:775)
	at java.desktop/java.awt.EventQueue$4.run(EventQueue.java:720)
	at java.desktop/java.awt.EventQueue$4.run(EventQueue.java:714)
	at java.base/java.security.AccessController.doPrivileged(AccessController.java:400)
	at java.base/java.security.ProtectionDomain$JavaSecurityAccessImpl.doIntersectionPrivilege(ProtectionDomain.java:87)
	at java.base/java.security.ProtectionDomain$JavaSecurityAccessImpl.doIntersectionPrivilege(ProtectionDomain.java:98)
	at java.desktop/java.awt.EventQueue$5.run(EventQueue.java:747)
	at java.desktop/java.awt.EventQueue$5.run(EventQueue.java:745)
	at java.base/java.security.AccessController.doPrivileged(AccessController.java:400)
	at java.base/java.security.ProtectionDomain$JavaSecurityAccessImpl.doIntersectionPrivilege(ProtectionDomain.java:87)
	at java.desktop/java.awt.EventQueue.dispatchEvent(EventQueue.java:744)
	at java.desktop/java.awt.EventDispatchThread.pumpOneEventForFilters(EventDispatchThread.java:203)
	at java.desktop/java.awt.EventDispatchThread.pumpEventsForFilter(EventDispatchThread.java:124)
	at java.desktop/java.awt.EventDispatchThread.pumpEventsForHierarchy(EventDispatchThread.java:113)
	at java.desktop/java.awt.EventDispatchThread.pumpEvents(EventDispatchThread.java:109)
	at java.desktop/java.awt.EventDispatchThread.pumpEvents(EventDispatchThread.java:101)
	at java.desktop/java.awt.EventDispatchThread.run(EventDispatchThread.java:90)
Caused by: java.net.ConnectException: Connection refused
	at java.base/sun.nio.ch.Net.connect0(Native Method)
	at java.base/sun.nio.ch.Net.connect(Net.java:601)
	at java.base/sun.nio.ch.Net.connect(Net.java:590)
	at java.base/sun.nio.ch.NioSocketImpl.connect(NioSocketImpl.java:583)
	at java.base/java.net.SocksSocketImpl.connect(SocksSocketImpl.java:327)
	at java.base/java.net.Socket.connect(Socket.java:751)
	at java.base/java.net.Socket.connect(Socket.java:686)
	at java.base/java.net.Socket.<init>(Socket.java:555)
	at java.base/java.net.Socket.<init>(Socket.java:324)
	at java.rmi/sun.rmi.transport.tcp.TCPDirectSocketFactory.createSocket(TCPDirectSocketFactory.java:40)
	at java.rmi/sun.rmi.transport.tcp.TCPEndpoint.newSocket(TCPEndpoint.java:619)
	... 34 common frames omitted
2026-05-07 22:31:54.767 [AWT-EventQueue-0] INFO  c.a.system.client.AttendanceGUI - Application exiting
2026-05-07 22:32:27.836 [pool-1-thread-2] DEBUG c.a.system.server.ServerLauncher - Server stats - Active connections: 1, Total requests: 3
2026-05-07 22:33:04.330 [Thread-2] INFO  c.a.system.server.ServerLauncher - Shutdown hook triggered
2026-05-07 22:33:04.331 [Thread-2] INFO  c.a.system.server.ServerLauncher - Stopping Student Attendance System Server...
2026-05-07 22:33:04.331 [Thread-2] INFO  c.a.system.server.ServerLauncher - Service unbound from registry
2026-05-07 22:33:04.332 [Thread-2] INFO  c.a.system.server.ServerLauncher - Server unexported
2026-05-07 22:33:04.333 [Thread-2] INFO  com.zaxxer.hikari.HikariDataSource - HikariPool-2 - Shutdown initiated...
2026-05-07 22:33:04.372 [Thread-2] INFO  com.zaxxer.hikari.HikariDataSource - HikariPool-2 - Shutdown completed.
2026-05-07 22:33:04.374 [Thread-2] INFO  c.a.system.dao.DatabaseManager - Database connection pool closed
2026-05-07 22:33:04.377 [Thread-2] INFO  c.a.system.server.ServerLauncher - Database connections closed
2026-05-07 22:33:04.377 [Thread-2] INFO  c.a.system.server.ServerLauncher - Server stopped successfully
2026-05-07 22:33:26.417 [com.attendance.system.server.ServerLauncher.main()] INFO  c.a.system.server.ServerLauncher - Starting Student Attendance System Server...
2026-05-07 22:33:26.420 [com.attendance.system.server.ServerLauncher.main()] INFO  c.a.system.server.ServerLauncher - Initializing database connection...
2026-05-07 22:33:26.465 [com.attendance.system.server.ServerLauncher.main()] INFO  com.zaxxer.hikari.HikariDataSource - HikariPool-1 - Starting...
2026-05-07 22:33:27.250 [com.attendance.system.server.ServerLauncher.main()] INFO  com.zaxxer.hikari.pool.HikariPool - HikariPool-1 - Added connection com.mysql.cj.jdbc.ConnectionImpl@239e752e
2026-05-07 22:33:27.254 [com.attendance.system.server.ServerLauncher.main()] INFO  com.zaxxer.hikari.HikariDataSource - HikariPool-1 - Start completed.
2026-05-07 22:33:27.255 [com.attendance.system.server.ServerLauncher.main()] INFO  c.a.system.dao.DatabaseManager - Database connection pool initialized successfully
2026-05-07 22:33:27.269 [com.attendance.system.server.ServerLauncher.main()] DEBUG c.a.system.dao.DatabaseManager - Database connection test successful
2026-05-07 22:33:27.290 [com.attendance.system.server.ServerLauncher.main()] INFO  com.zaxxer.hikari.HikariDataSource - HikariPool-2 - Starting...
2026-05-07 22:33:27.299 [com.attendance.system.server.ServerLauncher.main()] INFO  com.zaxxer.hikari.pool.HikariPool - HikariPool-2 - Added connection com.mysql.cj.jdbc.ConnectionImpl@6eefa10b
2026-05-07 22:33:27.300 [com.attendance.system.server.ServerLauncher.main()] INFO  com.zaxxer.hikari.HikariDataSource - HikariPool-2 - Start completed.
2026-05-07 22:33:27.301 [com.attendance.system.server.ServerLauncher.main()] INFO  c.a.system.dao.DatabaseManager - Database connection pool initialized successfully
2026-05-07 22:33:27.303 [com.attendance.system.server.ServerLauncher.main()] DEBUG c.a.system.dao.DatabaseManager - Database connection test successful
2026-05-07 22:33:27.307 [com.attendance.system.server.ServerLauncher.main()] DEBUG c.a.system.dao.DatabaseManager - Database connection test successful
2026-05-07 22:33:27.309 [com.attendance.system.server.ServerLauncher.main()] INFO  c.a.system.server.ServerLauncher - Database connection established successfully
2026-05-07 22:33:27.309 [com.attendance.system.server.ServerLauncher.main()] DEBUG c.a.system.server.ServerLauncher - Setting up RMI system properties...
2026-05-07 22:33:27.310 [com.attendance.system.server.ServerLauncher.main()] INFO  c.a.system.server.ServerLauncher - RMI server hostname set to: localhost
2026-05-07 22:33:27.310 [com.attendance.system.server.ServerLauncher.main()] INFO  c.a.system.server.ServerLauncher - Setting up RMI registry on port 1100...
2026-05-07 22:33:27.342 [com.attendance.system.server.ServerLauncher.main()] INFO  c.a.system.server.ServerLauncher - Created new RMI registry on port 1100
2026-05-07 22:33:27.343 [com.attendance.system.server.ServerLauncher.main()] INFO  c.a.system.server.ServerLauncher - Creating and exporting attendance server...
2026-05-07 22:33:27.395 [com.attendance.system.server.ServerLauncher.main()] INFO  c.a.system.server.AttendanceServer - AttendanceServer initialized successfully
2026-05-07 22:33:27.396 [com.attendance.system.server.ServerLauncher.main()] INFO  c.a.system.server.AttendanceServer - Encryption enabled: false
2026-05-07 22:33:27.397 [com.attendance.system.server.ServerLauncher.main()] INFO  c.a.system.server.AttendanceServer - Max concurrent users: 100
2026-05-07 22:33:27.398 [com.attendance.system.server.ServerLauncher.main()] INFO  c.a.system.server.ServerLauncher - Attendance server created and exported successfully
2026-05-07 22:33:27.400 [com.attendance.system.server.ServerLauncher.main()] INFO  c.a.system.server.ServerLauncher - Binding server to registry with name 'AttendanceService'...
2026-05-07 22:33:27.402 [com.attendance.system.server.ServerLauncher.main()] INFO  c.a.system.server.ServerLauncher - Server bound to registry successfully
2026-05-07 22:33:27.404 [com.attendance.system.server.ServerLauncher.main()] INFO  c.a.system.server.ServerLauncher - Starting maintenance tasks...
2026-05-07 22:33:27.409 [com.attendance.system.server.ServerLauncher.main()] INFO  c.a.system.server.ServerLauncher - Maintenance tasks started
2026-05-07 22:33:27.412 [com.attendance.system.server.ServerLauncher.main()] INFO  c.a.system.server.ServerLauncher - Server started successfully!
2026-05-07 22:33:27.413 [com.attendance.system.server.ServerLauncher.main()] INFO  c.a.system.server.ServerLauncher - Service name: AttendanceService
2026-05-07 22:33:27.413 [com.attendance.system.server.ServerLauncher.main()] INFO  c.a.system.server.ServerLauncher - RMI registry port: 1100
2026-05-07 22:33:27.414 [com.attendance.system.server.ServerLauncher.main()] INFO  c.a.system.server.ServerLauncher - Server listening on port: 0
2026-05-07 22:33:27.415 [com.attendance.system.server.ServerLauncher.main()] INFO  c.a.system.server.ServerLauncher - Server is ready to accept client connections.
2026-05-07 22:34:03.491 [RMI TCP Connection(2)-127.0.0.1] DEBUG c.a.system.server.AttendanceServer - Executing method: authenticateUser
2026-05-07 22:34:03.492 [RMI TCP Connection(2)-127.0.0.1] DEBUG c.a.system.server.AttendanceServer - Authentication request for user: testteacher
2026-05-07 22:34:03.493 [RMI TCP Connection(2)-127.0.0.1] WARN  c.a.system.util.SecurityUtil - ATTENDANCE_ENCRYPTION_KEY environment variable not set. Using default key for development only.
2026-05-07 22:34:04.041 [RMI TCP Connection(2)-127.0.0.1] INFO  c.a.s.service.AuthenticationService - User authenticated successfully: testteacher (Role: Teacher)
2026-05-07 22:34:04.042 [RMI TCP Connection(2)-127.0.0.1] INFO  c.a.system.server.AttendanceServer - User authenticated successfully: testteacher (Active connections: 1)
2026-05-07 22:34:04.042 [RMI TCP Connection(2)-127.0.0.1] DEBUG c.a.system.server.AttendanceServer - Method authenticateUser completed in 551 ms
2026-05-07 22:34:04.079 [RMI TCP Connection(2)-127.0.0.1] DEBUG c.a.system.server.AttendanceServer - Executing method: getCoursesByTeacher
2026-05-07 22:34:04.093 [RMI TCP Connection(2)-127.0.0.1] DEBUG c.a.system.server.AttendanceServer - Method getCoursesByTeacher completed in 14 ms
2026-05-07 22:34:04.109 [RMI TCP Connection(2)-127.0.0.1] DEBUG c.a.system.server.AttendanceServer - Executing method: getEnrolledStudents
2026-05-07 22:34:04.114 [RMI TCP Connection(2)-127.0.0.1] WARN  c.a.system.server.AttendanceServer - Method getEnrolledStudents failed: You do not have permission to perform this action
2026-05-07 22:34:27.407 [pool-1-thread-2] DEBUG c.a.system.server.ServerLauncher - Server stats - Active connections: 1, Total requests: 3
2026-05-07 22:34:34.280 [RMI TCP Connection(4)-127.0.0.1] DEBUG c.a.system.server.AttendanceServer - Executing method: authenticateUser
2026-05-07 22:34:34.281 [RMI TCP Connection(4)-127.0.0.1] DEBUG c.a.system.server.AttendanceServer - Authentication request for user: testteacher
2026-05-07 22:34:34.721 [RMI TCP Connection(4)-127.0.0.1] INFO  c.a.s.service.AuthenticationService - User authenticated successfully: testteacher (Role: Teacher)
2026-05-07 22:34:34.722 [RMI TCP Connection(4)-127.0.0.1] INFO  c.a.system.server.AttendanceServer - User authenticated successfully: testteacher (Active connections: 2)
2026-05-07 22:34:34.722 [RMI TCP Connection(4)-127.0.0.1] DEBUG c.a.system.server.AttendanceServer - Method authenticateUser completed in 442 ms
2026-05-07 22:34:34.741 [RMI TCP Connection(4)-127.0.0.1] DEBUG c.a.system.server.AttendanceServer - Executing method: getCoursesByTeacher
2026-05-07 22:34:34.744 [RMI TCP Connection(4)-127.0.0.1] DEBUG c.a.system.server.AttendanceServer - Method getCoursesByTeacher completed in 3 ms
2026-05-07 22:35:27.407 [pool-1-thread-2] DEBUG c.a.system.server.ServerLauncher - Server stats - Active connections: 2, Total requests: 5
2026-05-07 22:36:27.407 [pool-1-thread-2] DEBUG c.a.system.server.ServerLauncher - Server stats - Active connections: 2, Total requests: 5
2026-05-07 22:36:50.416 [Thread-2] INFO  c.a.system.server.ServerLauncher - Shutdown hook triggered
2026-05-07 22:36:50.417 [Thread-2] INFO  c.a.system.server.ServerLauncher - Stopping Student Attendance System Server...
2026-05-07 22:36:50.417 [Thread-2] INFO  c.a.system.server.ServerLauncher - Service unbound from registry
2026-05-07 22:36:50.418 [Thread-2] INFO  c.a.system.server.ServerLauncher - Server unexported
2026-05-07 22:36:50.419 [Thread-2] INFO  com.zaxxer.hikari.HikariDataSource - HikariPool-2 - Shutdown initiated...
2026-05-07 22:36:50.434 [Thread-2] INFO  com.zaxxer.hikari.HikariDataSource - HikariPool-2 - Shutdown completed.
2026-05-07 22:36:50.435 [Thread-2] INFO  c.a.system.dao.DatabaseManager - Database connection pool closed
2026-05-07 22:36:50.436 [Thread-2] INFO  c.a.system.server.ServerLauncher - Database connections closed
2026-05-07 22:36:50.436 [Thread-2] INFO  c.a.system.server.ServerLauncher - Server stopped successfully
2026-05-07 22:37:16.015 [com.attendance.system.server.ServerLauncher.main()] INFO  c.a.system.server.ServerLauncher - Starting Student Attendance System Server...
2026-05-07 22:37:16.017 [com.attendance.system.server.ServerLauncher.main()] INFO  c.a.system.server.ServerLauncher - Initializing database connection...
2026-05-07 22:37:16.084 [com.attendance.system.server.ServerLauncher.main()] INFO  com.zaxxer.hikari.HikariDataSource - HikariPool-1 - Starting...
2026-05-07 22:37:16.504 [com.attendance.system.server.ServerLauncher.main()] INFO  com.zaxxer.hikari.pool.HikariPool - HikariPool-1 - Added connection com.mysql.cj.jdbc.ConnectionImpl@239e752e
2026-05-07 22:37:16.509 [com.attendance.system.server.ServerLauncher.main()] INFO  com.zaxxer.hikari.HikariDataSource - HikariPool-1 - Start completed.
2026-05-07 22:37:16.512 [com.attendance.system.server.ServerLauncher.main()] INFO  c.a.system.dao.DatabaseManager - Database connection pool initialized successfully
2026-05-07 22:37:16.526 [com.attendance.system.server.ServerLauncher.main()] DEBUG c.a.system.dao.DatabaseManager - Database connection test successful
2026-05-07 22:37:16.546 [com.attendance.system.server.ServerLauncher.main()] INFO  com.zaxxer.hikari.HikariDataSource - HikariPool-2 - Starting...
2026-05-07 22:37:16.552 [com.attendance.system.server.ServerLauncher.main()] INFO  com.zaxxer.hikari.pool.HikariPool - HikariPool-2 - Added connection com.mysql.cj.jdbc.ConnectionImpl@6eefa10b
2026-05-07 22:37:16.555 [com.attendance.system.server.ServerLauncher.main()] INFO  com.zaxxer.hikari.HikariDataSource - HikariPool-2 - Start completed.
2026-05-07 22:37:16.555 [com.attendance.system.server.ServerLauncher.main()] INFO  c.a.system.dao.DatabaseManager - Database connection pool initialized successfully
2026-05-07 22:37:16.558 [com.attendance.system.server.ServerLauncher.main()] DEBUG c.a.system.dao.DatabaseManager - Database connection test successful
2026-05-07 22:37:16.562 [com.attendance.system.server.ServerLauncher.main()] DEBUG c.a.system.dao.DatabaseManager - Database connection test successful
2026-05-07 22:37:16.563 [com.attendance.system.server.ServerLauncher.main()] INFO  c.a.system.server.ServerLauncher - Database connection established successfully
2026-05-07 22:37:16.563 [com.attendance.system.server.ServerLauncher.main()] DEBUG c.a.system.server.ServerLauncher - Setting up RMI system properties...
2026-05-07 22:37:16.564 [com.attendance.system.server.ServerLauncher.main()] INFO  c.a.system.server.ServerLauncher - RMI server hostname set to: localhost
2026-05-07 22:37:16.564 [com.attendance.system.server.ServerLauncher.main()] INFO  c.a.system.server.ServerLauncher - Setting up RMI registry on port 1100...
2026-05-07 22:37:16.594 [com.attendance.system.server.ServerLauncher.main()] INFO  c.a.system.server.ServerLauncher - Created new RMI registry on port 1100
2026-05-07 22:37:16.595 [com.attendance.system.server.ServerLauncher.main()] INFO  c.a.system.server.ServerLauncher - Creating and exporting attendance server...
2026-05-07 22:37:16.636 [com.attendance.system.server.ServerLauncher.main()] INFO  c.a.system.server.AttendanceServer - AttendanceServer initialized successfully
2026-05-07 22:37:16.637 [com.attendance.system.server.ServerLauncher.main()] INFO  c.a.system.server.AttendanceServer - Encryption enabled: false
2026-05-07 22:37:16.637 [com.attendance.system.server.ServerLauncher.main()] INFO  c.a.system.server.AttendanceServer - Max concurrent users: 100
2026-05-07 22:37:16.638 [com.attendance.system.server.ServerLauncher.main()] INFO  c.a.system.server.ServerLauncher - Attendance server created and exported successfully
2026-05-07 22:37:16.638 [com.attendance.system.server.ServerLauncher.main()] INFO  c.a.system.server.ServerLauncher - Binding server to registry with name 'AttendanceService'...
2026-05-07 22:37:16.639 [com.attendance.system.server.ServerLauncher.main()] INFO  c.a.system.server.ServerLauncher - Server bound to registry successfully
2026-05-07 22:37:16.639 [com.attendance.system.server.ServerLauncher.main()] INFO  c.a.system.server.ServerLauncher - Starting maintenance tasks...
2026-05-07 22:37:16.646 [com.attendance.system.server.ServerLauncher.main()] INFO  c.a.system.server.ServerLauncher - Maintenance tasks started
2026-05-07 22:37:16.647 [com.attendance.system.server.ServerLauncher.main()] INFO  c.a.system.server.ServerLauncher - Server started successfully!
2026-05-07 22:37:16.648 [com.attendance.system.server.ServerLauncher.main()] INFO  c.a.system.server.ServerLauncher - Service name: AttendanceService
2026-05-07 22:37:16.648 [com.attendance.system.server.ServerLauncher.main()] INFO  c.a.system.server.ServerLauncher - RMI registry port: 1100
2026-05-07 22:37:16.648 [com.attendance.system.server.ServerLauncher.main()] INFO  c.a.system.server.ServerLauncher - Server listening on port: 0
2026-05-07 22:37:16.648 [com.attendance.system.server.ServerLauncher.main()] INFO  c.a.system.server.ServerLauncher - Server is ready to accept client connections.
2026-05-07 22:37:40.902 [RMI TCP Connection(2)-127.0.0.1] DEBUG c.a.system.server.AttendanceServer - Executing method: authenticateUser
2026-05-07 22:37:40.903 [RMI TCP Connection(2)-127.0.0.1] DEBUG c.a.system.server.AttendanceServer - Authentication request for user: testteacher
2026-05-07 22:37:40.905 [RMI TCP Connection(2)-127.0.0.1] WARN  c.a.system.util.SecurityUtil - ATTENDANCE_ENCRYPTION_KEY environment variable not set. Using default key for development only.
2026-05-07 22:37:41.475 [RMI TCP Connection(2)-127.0.0.1] INFO  c.a.s.service.AuthenticationService - User authenticated successfully: testteacher (Role: Teacher)
2026-05-07 22:37:41.476 [RMI TCP Connection(2)-127.0.0.1] INFO  c.a.system.server.AttendanceServer - User authenticated successfully: testteacher (Active connections: 1)
2026-05-07 22:37:41.476 [RMI TCP Connection(2)-127.0.0.1] DEBUG c.a.system.server.AttendanceServer - Method authenticateUser completed in 574 ms
2026-05-07 22:37:41.510 [RMI TCP Connection(2)-127.0.0.1] DEBUG c.a.system.server.AttendanceServer - Executing method: getCoursesByTeacher
2026-05-07 22:37:41.527 [RMI TCP Connection(2)-127.0.0.1] DEBUG c.a.system.server.AttendanceServer - Method getCoursesByTeacher completed in 17 ms
2026-05-07 22:37:57.896 [RMI TCP Connection(4)-127.0.0.1] DEBUG c.a.system.server.AttendanceServer - Executing method: authenticateUser
2026-05-07 22:37:57.896 [RMI TCP Connection(4)-127.0.0.1] DEBUG c.a.system.server.AttendanceServer - Authentication request for user: testteacher
2026-05-07 22:37:58.299 [RMI TCP Connection(4)-127.0.0.1] INFO  c.a.s.service.AuthenticationService - User authenticated successfully: testteacher (Role: Teacher)
2026-05-07 22:37:58.299 [RMI TCP Connection(4)-127.0.0.1] INFO  c.a.system.server.AttendanceServer - User authenticated successfully: testteacher (Active connections: 2)
2026-05-07 22:37:58.299 [RMI TCP Connection(4)-127.0.0.1] DEBUG c.a.system.server.AttendanceServer - Method authenticateUser completed in 403 ms
2026-05-07 22:37:58.319 [RMI TCP Connection(4)-127.0.0.1] DEBUG c.a.system.server.AttendanceServer - Executing method: getCoursesByTeacher
2026-05-07 22:37:58.322 [RMI TCP Connection(4)-127.0.0.1] DEBUG c.a.system.server.AttendanceServer - Method getCoursesByTeacher completed in 3 ms
2026-05-07 22:37:58.336 [RMI TCP Connection(4)-127.0.0.1] DEBUG c.a.system.server.AttendanceServer - Executing method: getEnrolledStudents
2026-05-07 22:37:58.347 [RMI TCP Connection(4)-127.0.0.1] DEBUG c.a.system.server.AttendanceServer - Method getEnrolledStudents completed in 11 ms
2026-05-07 22:37:58.400 [RMI TCP Connection(4)-127.0.0.1] DEBUG c.a.system.server.AttendanceServer - Executing method: markAttendance
2026-05-07 22:37:58.402 [RMI TCP Connection(4)-127.0.0.1] WARN  c.a.system.server.AttendanceServer - Method markAttendance failed: Class time must be between 6:00 AM and 10:00 PM
2026-05-07 22:38:16.647 [pool-1-thread-2] DEBUG c.a.system.server.ServerLauncher - Server stats - Active connections: 2, Total requests: 6
2026-05-07 22:38:22.273 [RMI TCP Connection(7)-127.0.0.1] DEBUG c.a.system.server.AttendanceServer - Executing method: authenticateUser
2026-05-07 22:38:22.274 [RMI TCP Connection(7)-127.0.0.1] DEBUG c.a.system.server.AttendanceServer - Authentication request for user: testteacher
2026-05-07 22:38:22.683 [RMI TCP Connection(7)-127.0.0.1] INFO  c.a.s.service.AuthenticationService - User authenticated successfully: testteacher (Role: Teacher)
2026-05-07 22:38:22.683 [RMI TCP Connection(7)-127.0.0.1] INFO  c.a.system.server.AttendanceServer - User authenticated successfully: testteacher (Active connections: 3)
2026-05-07 22:38:22.684 [RMI TCP Connection(7)-127.0.0.1] DEBUG c.a.system.server.AttendanceServer - Method authenticateUser completed in 411 ms
2026-05-07 22:38:22.703 [RMI TCP Connection(7)-127.0.0.1] DEBUG c.a.system.server.AttendanceServer - Executing method: getCoursesByTeacher
2026-05-07 22:38:22.705 [RMI TCP Connection(7)-127.0.0.1] DEBUG c.a.system.server.AttendanceServer - Method getCoursesByTeacher completed in 2 ms
2026-05-07 22:38:22.720 [RMI TCP Connection(7)-127.0.0.1] DEBUG c.a.system.server.AttendanceServer - Executing method: getEnrolledStudents
2026-05-07 22:38:22.726 [RMI TCP Connection(7)-127.0.0.1] DEBUG c.a.system.server.AttendanceServer - Method getEnrolledStudents completed in 6 ms
2026-05-07 22:38:22.769 [RMI TCP Connection(7)-127.0.0.1] DEBUG c.a.system.server.AttendanceServer - Executing method: markAttendance
2026-05-07 22:38:22.785 [RMI TCP Connection(7)-127.0.0.1] WARN  c.a.system.server.AttendanceServer - Method markAttendance failed: Student is not enrolled in this course
2026-05-07 22:39:16.645 [pool-1-thread-2] DEBUG c.a.system.server.ServerLauncher - Server stats - Active connections: 3, Total requests: 10
2026-05-07 22:39:48.834 [Thread-2] INFO  c.a.system.server.ServerLauncher - Shutdown hook triggered
2026-05-07 22:39:48.835 [Thread-2] INFO  c.a.system.server.ServerLauncher - Stopping Student Attendance System Server...
2026-05-07 22:39:48.835 [Thread-2] INFO  c.a.system.server.ServerLauncher - Service unbound from registry
2026-05-07 22:39:48.840 [Thread-2] INFO  c.a.system.server.ServerLauncher - Server unexported
2026-05-07 22:39:48.843 [Thread-2] INFO  com.zaxxer.hikari.HikariDataSource - HikariPool-2 - Shutdown initiated...
2026-05-07 22:39:48.910 [Thread-2] INFO  com.zaxxer.hikari.HikariDataSource - HikariPool-2 - Shutdown completed.
2026-05-07 22:39:48.911 [Thread-2] INFO  c.a.system.dao.DatabaseManager - Database connection pool closed
2026-05-07 22:39:48.911 [Thread-2] INFO  c.a.system.server.ServerLauncher - Database connections closed
2026-05-07 22:39:48.911 [Thread-2] INFO  c.a.system.server.ServerLauncher - Server stopped successfully
2026-05-07 22:39:48.919 [SessionCleanup] INFO  c.a.s.service.AuthenticationService - Session cleanup thread interrupted
2026-05-07 22:40:06.592 [com.attendance.system.server.ServerLauncher.main()] INFO  c.a.system.server.ServerLauncher - Starting Student Attendance System Server...
2026-05-07 22:40:06.595 [com.attendance.system.server.ServerLauncher.main()] INFO  c.a.system.server.ServerLauncher - Initializing database connection...
2026-05-07 22:40:06.623 [com.attendance.system.server.ServerLauncher.main()] INFO  com.zaxxer.hikari.HikariDataSource - HikariPool-1 - Starting...
2026-05-07 22:40:06.957 [com.attendance.system.server.ServerLauncher.main()] INFO  com.zaxxer.hikari.pool.HikariPool - HikariPool-1 - Added connection com.mysql.cj.jdbc.ConnectionImpl@239e752e
2026-05-07 22:40:06.960 [com.attendance.system.server.ServerLauncher.main()] INFO  com.zaxxer.hikari.HikariDataSource - HikariPool-1 - Start completed.
2026-05-07 22:40:06.961 [com.attendance.system.server.ServerLauncher.main()] INFO  c.a.system.dao.DatabaseManager - Database connection pool initialized successfully
2026-05-07 22:40:06.973 [com.attendance.system.server.ServerLauncher.main()] DEBUG c.a.system.dao.DatabaseManager - Database connection test successful
2026-05-07 22:40:06.987 [com.attendance.system.server.ServerLauncher.main()] INFO  com.zaxxer.hikari.HikariDataSource - HikariPool-2 - Starting...
2026-05-07 22:40:06.995 [com.attendance.system.server.ServerLauncher.main()] INFO  com.zaxxer.hikari.pool.HikariPool - HikariPool-2 - Added connection com.mysql.cj.jdbc.ConnectionImpl@6eefa10b
2026-05-07 22:40:06.997 [com.attendance.system.server.ServerLauncher.main()] INFO  com.zaxxer.hikari.HikariDataSource - HikariPool-2 - Start completed.
2026-05-07 22:40:06.997 [com.attendance.system.server.ServerLauncher.main()] INFO  c.a.system.dao.DatabaseManager - Database connection pool initialized successfully
2026-05-07 22:40:06.998 [com.attendance.system.server.ServerLauncher.main()] DEBUG c.a.system.dao.DatabaseManager - Database connection test successful
2026-05-07 22:40:07.000 [com.attendance.system.server.ServerLauncher.main()] DEBUG c.a.system.dao.DatabaseManager - Database connection test successful
2026-05-07 22:40:07.001 [com.attendance.system.server.ServerLauncher.main()] INFO  c.a.system.server.ServerLauncher - Database connection established successfully
2026-05-07 22:40:07.001 [com.attendance.system.server.ServerLauncher.main()] DEBUG c.a.system.server.ServerLauncher - Setting up RMI system properties...
2026-05-07 22:40:07.001 [com.attendance.system.server.ServerLauncher.main()] INFO  c.a.system.server.ServerLauncher - RMI server hostname set to: localhost
2026-05-07 22:40:07.001 [com.attendance.system.server.ServerLauncher.main()] INFO  c.a.system.server.ServerLauncher - Setting up RMI registry on port 1100...
2026-05-07 22:40:07.029 [com.attendance.system.server.ServerLauncher.main()] INFO  c.a.system.server.ServerLauncher - Created new RMI registry on port 1100
2026-05-07 22:40:07.029 [com.attendance.system.server.ServerLauncher.main()] INFO  c.a.system.server.ServerLauncher - Creating and exporting attendance server...
2026-05-07 22:40:07.069 [com.attendance.system.server.ServerLauncher.main()] INFO  c.a.system.server.AttendanceServer - AttendanceServer initialized successfully
2026-05-07 22:40:07.071 [com.attendance.system.server.ServerLauncher.main()] INFO  c.a.system.server.AttendanceServer - Encryption enabled: false
2026-05-07 22:40:07.072 [com.attendance.system.server.ServerLauncher.main()] INFO  c.a.system.server.AttendanceServer - Max concurrent users: 100
2026-05-07 22:40:07.072 [com.attendance.system.server.ServerLauncher.main()] INFO  c.a.system.server.ServerLauncher - Attendance server created and exported successfully
2026-05-07 22:40:07.072 [com.attendance.system.server.ServerLauncher.main()] INFO  c.a.system.server.ServerLauncher - Binding server to registry with name 'AttendanceService'...
2026-05-07 22:40:07.073 [com.attendance.system.server.ServerLauncher.main()] INFO  c.a.system.server.ServerLauncher - Server bound to registry successfully
2026-05-07 22:40:07.073 [com.attendance.system.server.ServerLauncher.main()] INFO  c.a.system.server.ServerLauncher - Starting maintenance tasks...
2026-05-07 22:40:07.075 [com.attendance.system.server.ServerLauncher.main()] INFO  c.a.system.server.ServerLauncher - Maintenance tasks started
2026-05-07 22:40:07.075 [com.attendance.system.server.ServerLauncher.main()] INFO  c.a.system.server.ServerLauncher - Server started successfully!
2026-05-07 22:40:07.076 [com.attendance.system.server.ServerLauncher.main()] INFO  c.a.system.server.ServerLauncher - Service name: AttendanceService
2026-05-07 22:40:07.076 [com.attendance.system.server.ServerLauncher.main()] INFO  c.a.system.server.ServerLauncher - RMI registry port: 1100
2026-05-07 22:40:07.076 [com.attendance.system.server.ServerLauncher.main()] INFO  c.a.system.server.ServerLauncher - Server listening on port: 0
2026-05-07 22:40:07.076 [com.attendance.system.server.ServerLauncher.main()] INFO  c.a.system.server.ServerLauncher - Server is ready to accept client connections.
2026-05-07 22:40:35.101 [RMI TCP Connection(2)-127.0.0.1] DEBUG c.a.system.server.AttendanceServer - Executing method: authenticateUser
2026-05-07 22:40:35.101 [RMI TCP Connection(2)-127.0.0.1] DEBUG c.a.system.server.AttendanceServer - Authentication request for user: testteacher
2026-05-07 22:40:35.103 [RMI TCP Connection(2)-127.0.0.1] WARN  c.a.system.util.SecurityUtil - ATTENDANCE_ENCRYPTION_KEY environment variable not set. Using default key for development only.
2026-05-07 22:40:35.742 [RMI TCP Connection(2)-127.0.0.1] INFO  c.a.s.service.AuthenticationService - User authenticated successfully: testteacher (Role: Teacher)
2026-05-07 22:40:35.743 [RMI TCP Connection(2)-127.0.0.1] INFO  c.a.system.server.AttendanceServer - User authenticated successfully: testteacher (Active connections: 1)
2026-05-07 22:40:35.743 [RMI TCP Connection(2)-127.0.0.1] DEBUG c.a.system.server.AttendanceServer - Method authenticateUser completed in 642 ms
2026-05-07 22:40:35.774 [RMI TCP Connection(2)-127.0.0.1] DEBUG c.a.system.server.AttendanceServer - Executing method: getCoursesByTeacher
2026-05-07 22:40:35.782 [RMI TCP Connection(2)-127.0.0.1] DEBUG c.a.system.server.AttendanceServer - Method getCoursesByTeacher completed in 8 ms
2026-05-07 22:40:35.801 [RMI TCP Connection(2)-127.0.0.1] DEBUG c.a.system.server.AttendanceServer - Executing method: getEnrolledStudents
2026-05-07 22:40:35.812 [RMI TCP Connection(2)-127.0.0.1] DEBUG c.a.system.server.AttendanceServer - Method getEnrolledStudents completed in 11 ms
2026-05-07 22:40:35.860 [RMI TCP Connection(2)-127.0.0.1] DEBUG c.a.system.server.AttendanceServer - Executing method: markAttendance
2026-05-07 22:40:35.933 [RMI TCP Connection(2)-127.0.0.1] ERROR c.a.system.dao.AttendanceDAO - Failed to insert attendance record
java.sql.SQLIntegrityConstraintViolationException: Cannot add or update a child row: a foreign key constraint fails (`Wolde`.`ATTENDANCE_RECORDS`, CONSTRAINT `ATTENDANCE_RECORDS_ibfk_1` FOREIGN KEY (`student_id`) REFERENCES `STUDENTS` (`student_id`) ON DELETE CASCADE)
	at com.mysql.cj.jdbc.exceptions.SQLError.createSQLException(SQLError.java:118)
	at com.mysql.cj.jdbc.exceptions.SQLExceptionsMapping.translateException(SQLExceptionsMapping.java:122)
	at com.mysql.cj.jdbc.ServerPreparedStatement.serverExecute(ServerPreparedStatement.java:555)
	at com.mysql.cj.jdbc.ServerPreparedStatement.executeInternal(ServerPreparedStatement.java:339)
	at com.mysql.cj.jdbc.ClientPreparedStatement.executeUpdateInternal(ClientPreparedStatement.java:1061)
	at com.mysql.cj.jdbc.ClientPreparedStatement.executeUpdateInternal(ClientPreparedStatement.java:1009)
	at com.mysql.cj.jdbc.ClientPreparedStatement.executeLargeUpdate(ClientPreparedStatement.java:1320)
	at com.mysql.cj.jdbc.ClientPreparedStatement.executeUpdate(ClientPreparedStatement.java:994)
	at com.zaxxer.hikari.pool.ProxyPreparedStatement.executeUpdate(ProxyPreparedStatement.java:61)
	at com.zaxxer.hikari.pool.HikariProxyPreparedStatement.executeUpdate(HikariProxyPreparedStatement.java)
	at com.attendance.system.dao.AttendanceDAO.insertAttendanceRecord(AttendanceDAO.java:56)
	at com.attendance.system.service.AttendanceServiceImpl.markAttendance(AttendanceServiceImpl.java:75)
	at com.attendance.system.server.AttendanceServer.lambda$markAttendance$17(AttendanceServer.java:638)
	at com.attendance.system.server.AttendanceServer.executeWithErrorHandling(AttendanceServer.java:1159)
	at com.attendance.system.server.AttendanceServer.markAttendance(AttendanceServer.java:637)
	at java.base/jdk.internal.reflect.DirectMethodHandleAccessor.invoke(DirectMethodHandleAccessor.java:103)
	at java.base/java.lang.reflect.Method.invoke(Method.java:580)
	at java.rmi/sun.rmi.server.UnicastServerRef.dispatch(UnicastServerRef.java:360)
	at java.rmi/sun.rmi.transport.Transport$1.run(Transport.java:200)
	at java.rmi/sun.rmi.transport.Transport$1.run(Transport.java:197)
	at java.base/java.security.AccessController.doPrivileged(AccessController.java:714)
	at java.rmi/sun.rmi.transport.Transport.serviceCall(Transport.java:196)
	at java.rmi/sun.rmi.transport.tcp.TCPTransport.handleMessages(TCPTransport.java:598)
	at java.rmi/sun.rmi.transport.tcp.TCPTransport$ConnectionHandler.run0(TCPTransport.java:844)
	at java.rmi/sun.rmi.transport.tcp.TCPTransport$ConnectionHandler.lambda$run$0(TCPTransport.java:721)
	at java.base/java.security.AccessController.doPrivileged(AccessController.java:400)
	at java.rmi/sun.rmi.transport.tcp.TCPTransport$ConnectionHandler.run(TCPTransport.java:720)
	at java.base/java.util.concurrent.ThreadPoolExecutor.runWorker(ThreadPoolExecutor.java:1144)
	at java.base/java.util.concurrent.ThreadPoolExecutor$Worker.run(ThreadPoolExecutor.java:642)
	at java.base/java.lang.Thread.run(Thread.java:1583)
2026-05-07 22:40:35.937 [RMI TCP Connection(2)-127.0.0.1] WARN  c.a.system.server.AttendanceServer - Method markAttendance failed: Database operation failed
2026-05-07 22:41:07.075 [pool-1-thread-2] DEBUG c.a.system.server.ServerLauncher - Server stats - Active connections: 1, Total requests: 4
2026-05-07 22:42:07.075 [pool-1-thread-2] DEBUG c.a.system.server.ServerLauncher - Server stats - Active connections: 1, Total requests: 4
2026-05-07 22:43:07.076 [pool-1-thread-2] DEBUG c.a.system.server.ServerLauncher - Server stats - Active connections: 1, Total requests: 4
2026-05-07 22:43:22.901 [Thread-2] INFO  c.a.system.server.ServerLauncher - Shutdown hook triggered
2026-05-07 22:43:22.902 [Thread-2] INFO  c.a.system.server.ServerLauncher - Stopping Student Attendance System Server...
2026-05-07 22:43:22.903 [Thread-2] INFO  c.a.system.server.ServerLauncher - Service unbound from registry
2026-05-07 22:43:22.906 [Thread-2] INFO  c.a.system.server.ServerLauncher - Server unexported
2026-05-07 22:43:22.907 [Thread-2] INFO  com.zaxxer.hikari.HikariDataSource - HikariPool-2 - Shutdown initiated...
2026-05-07 22:43:22.960 [Thread-2] INFO  com.zaxxer.hikari.HikariDataSource - HikariPool-2 - Shutdown completed.
2026-05-07 22:43:22.962 [Thread-2] INFO  c.a.system.dao.DatabaseManager - Database connection pool closed
2026-05-07 22:43:22.962 [Thread-2] INFO  c.a.system.server.ServerLauncher - Database connections closed
2026-05-07 22:43:22.964 [Thread-2] INFO  c.a.system.server.ServerLauncher - Server stopped successfully
2026-05-07 22:43:22.973 [SessionCleanup] INFO  c.a.s.service.AuthenticationService - Session cleanup thread interrupted
2026-05-07 22:43:45.008 [com.attendance.system.server.ServerLauncher.main()] INFO  c.a.system.server.ServerLauncher - Starting Student Attendance System Server...
2026-05-07 22:43:45.010 [com.attendance.system.server.ServerLauncher.main()] INFO  c.a.system.server.ServerLauncher - Initializing database connection...
2026-05-07 22:43:45.028 [com.attendance.system.server.ServerLauncher.main()] INFO  com.zaxxer.hikari.HikariDataSource - HikariPool-1 - Starting...
2026-05-07 22:43:45.362 [com.attendance.system.server.ServerLauncher.main()] INFO  com.zaxxer.hikari.pool.HikariPool - HikariPool-1 - Added connection com.mysql.cj.jdbc.ConnectionImpl@239e752e
2026-05-07 22:43:45.365 [com.attendance.system.server.ServerLauncher.main()] INFO  com.zaxxer.hikari.HikariDataSource - HikariPool-1 - Start completed.
2026-05-07 22:43:45.366 [com.attendance.system.server.ServerLauncher.main()] INFO  c.a.system.dao.DatabaseManager - Database connection pool initialized successfully
2026-05-07 22:43:45.376 [com.attendance.system.server.ServerLauncher.main()] DEBUG c.a.system.dao.DatabaseManager - Database connection test successful
2026-05-07 22:43:45.390 [com.attendance.system.server.ServerLauncher.main()] INFO  com.zaxxer.hikari.HikariDataSource - HikariPool-2 - Starting...
2026-05-07 22:43:45.395 [com.attendance.system.server.ServerLauncher.main()] INFO  com.zaxxer.hikari.pool.HikariPool - HikariPool-2 - Added connection com.mysql.cj.jdbc.ConnectionImpl@6eefa10b
2026-05-07 22:43:45.396 [com.attendance.system.server.ServerLauncher.main()] INFO  com.zaxxer.hikari.HikariDataSource - HikariPool-2 - Start completed.
2026-05-07 22:43:45.396 [com.attendance.system.server.ServerLauncher.main()] INFO  c.a.system.dao.DatabaseManager - Database connection pool initialized successfully
2026-05-07 22:43:45.398 [com.attendance.system.server.ServerLauncher.main()] DEBUG c.a.system.dao.DatabaseManager - Database connection test successful
2026-05-07 22:43:45.399 [com.attendance.system.server.ServerLauncher.main()] DEBUG c.a.system.dao.DatabaseManager - Database connection test successful
2026-05-07 22:43:45.400 [com.attendance.system.server.ServerLauncher.main()] INFO  c.a.system.server.ServerLauncher - Database connection established successfully
2026-05-07 22:43:45.400 [com.attendance.system.server.ServerLauncher.main()] DEBUG c.a.system.server.ServerLauncher - Setting up RMI system properties...
2026-05-07 22:43:45.400 [com.attendance.system.server.ServerLauncher.main()] INFO  c.a.system.server.ServerLauncher - RMI server hostname set to: localhost
2026-05-07 22:43:45.400 [com.attendance.system.server.ServerLauncher.main()] INFO  c.a.system.server.ServerLauncher - Setting up RMI registry on port 1100...
2026-05-07 22:43:45.425 [com.attendance.system.server.ServerLauncher.main()] INFO  c.a.system.server.ServerLauncher - Created new RMI registry on port 1100
2026-05-07 22:43:45.425 [com.attendance.system.server.ServerLauncher.main()] INFO  c.a.system.server.ServerLauncher - Creating and exporting attendance server...
2026-05-07 22:43:45.455 [com.attendance.system.server.ServerLauncher.main()] INFO  c.a.system.server.AttendanceServer - AttendanceServer initialized successfully
2026-05-07 22:43:45.456 [com.attendance.system.server.ServerLauncher.main()] INFO  c.a.system.server.AttendanceServer - Encryption enabled: false
2026-05-07 22:43:45.456 [com.attendance.system.server.ServerLauncher.main()] INFO  c.a.system.server.AttendanceServer - Max concurrent users: 100
2026-05-07 22:43:45.457 [com.attendance.system.server.ServerLauncher.main()] INFO  c.a.system.server.ServerLauncher - Attendance server created and exported successfully
2026-05-07 22:43:45.457 [com.attendance.system.server.ServerLauncher.main()] INFO  c.a.system.server.ServerLauncher - Binding server to registry with name 'AttendanceService'...
2026-05-07 22:43:45.457 [com.attendance.system.server.ServerLauncher.main()] INFO  c.a.system.server.ServerLauncher - Server bound to registry successfully
2026-05-07 22:43:45.458 [com.attendance.system.server.ServerLauncher.main()] INFO  c.a.system.server.ServerLauncher - Starting maintenance tasks...
2026-05-07 22:43:45.459 [com.attendance.system.server.ServerLauncher.main()] INFO  c.a.system.server.ServerLauncher - Maintenance tasks started
2026-05-07 22:43:45.460 [com.attendance.system.server.ServerLauncher.main()] INFO  c.a.system.server.ServerLauncher - Server started successfully!
2026-05-07 22:43:45.461 [com.attendance.system.server.ServerLauncher.main()] INFO  c.a.system.server.ServerLauncher - Service name: AttendanceService
2026-05-07 22:43:45.461 [com.attendance.system.server.ServerLauncher.main()] INFO  c.a.system.server.ServerLauncher - RMI registry port: 1100
2026-05-07 22:43:45.461 [com.attendance.system.server.ServerLauncher.main()] INFO  c.a.system.server.ServerLauncher - Server listening on port: 0
2026-05-07 22:43:45.462 [com.attendance.system.server.ServerLauncher.main()] INFO  c.a.system.server.ServerLauncher - Server is ready to accept client connections.
2026-05-07 22:44:45.460 [pool-1-thread-2] DEBUG c.a.system.server.ServerLauncher - Server stats - Active connections: 0, Total requests: 0
2026-05-07 22:45:27.390 [RMI TCP Connection(2)-127.0.0.1] DEBUG c.a.system.server.AttendanceServer - Executing method: authenticateUser
2026-05-07 22:45:27.390 [RMI TCP Connection(2)-127.0.0.1] DEBUG c.a.system.server.AttendanceServer - Authentication request for user: testteacher
2026-05-07 22:45:27.392 [RMI TCP Connection(2)-127.0.0.1] WARN  c.a.system.util.SecurityUtil - ATTENDANCE_ENCRYPTION_KEY environment variable not set. Using default key for development only.
2026-05-07 22:45:27.944 [RMI TCP Connection(2)-127.0.0.1] INFO  c.a.s.service.AuthenticationService - User authenticated successfully: testteacher (Role: Teacher)
2026-05-07 22:45:27.945 [RMI TCP Connection(2)-127.0.0.1] INFO  c.a.system.server.AttendanceServer - User authenticated successfully: testteacher (Active connections: 1)
2026-05-07 22:45:27.945 [RMI TCP Connection(2)-127.0.0.1] DEBUG c.a.system.server.AttendanceServer - Method authenticateUser completed in 555 ms
2026-05-07 22:45:27.977 [RMI TCP Connection(2)-127.0.0.1] DEBUG c.a.system.server.AttendanceServer - Executing method: getCoursesByTeacher
2026-05-07 22:45:27.985 [RMI TCP Connection(2)-127.0.0.1] DEBUG c.a.system.server.AttendanceServer - Method getCoursesByTeacher completed in 8 ms
2026-05-07 22:45:27.999 [RMI TCP Connection(2)-127.0.0.1] DEBUG c.a.system.server.AttendanceServer - Executing method: getEnrolledStudents
2026-05-07 22:45:28.013 [RMI TCP Connection(2)-127.0.0.1] DEBUG c.a.system.server.AttendanceServer - Method getEnrolledStudents completed in 14 ms
2026-05-07 22:45:28.077 [RMI TCP Connection(2)-127.0.0.1] DEBUG c.a.system.server.AttendanceServer - Executing method: markAttendance
2026-05-07 22:45:28.161 [RMI TCP Connection(2)-127.0.0.1] INFO  c.a.system.dao.AttendanceDAO - Attendance record inserted: AttendanceRecord{id=2, studentId=6, courseId=3, date=2026-05-07, time=10:00, status=Present, markedAt=2026-05-07T22:45:28.058402417}
2026-05-07 22:45:28.161 [RMI TCP Connection(2)-127.0.0.1] INFO  c.a.s.service.AttendanceServiceImpl - Attendance marked by user testteacher for student 6 in course 3 on 2026-05-07
2026-05-07 22:45:28.162 [RMI TCP Connection(2)-127.0.0.1] DEBUG c.a.system.server.AttendanceServer - Method markAttendance completed in 85 ms
2026-05-07 22:45:28.169 [RMI TCP Connection(2)-127.0.0.1] DEBUG c.a.system.server.AttendanceServer - Executing method: markAttendance
2026-05-07 22:45:28.260 [RMI TCP Connection(2)-127.0.0.1] INFO  c.a.system.dao.AttendanceDAO - Attendance record inserted: AttendanceRecord{id=3, studentId=8, courseId=3, date=2026-05-07, time=10:00, status=Present, markedAt=2026-05-07T22:45:28.166345463}
2026-05-07 22:45:28.260 [RMI TCP Connection(2)-127.0.0.1] INFO  c.a.s.service.AttendanceServiceImpl - Attendance marked by user testteacher for student 8 in course 3 on 2026-05-07
2026-05-07 22:45:28.261 [RMI TCP Connection(2)-127.0.0.1] DEBUG c.a.system.server.AttendanceServer - Method markAttendance completed in 92 ms
2026-05-07 22:45:28.263 [RMI TCP Connection(2)-127.0.0.1] DEBUG c.a.system.server.AttendanceServer - Executing method: markAttendance
2026-05-07 22:45:28.309 [RMI TCP Connection(2)-127.0.0.1] INFO  c.a.system.dao.AttendanceDAO - Attendance record inserted: AttendanceRecord{id=4, studentId=4, courseId=3, date=2026-05-07, time=10:00, status=Present, markedAt=2026-05-07T22:45:28.261744125}
2026-05-07 22:45:28.309 [RMI TCP Connection(2)-127.0.0.1] INFO  c.a.s.service.AttendanceServiceImpl - Attendance marked by user testteacher for student 4 in course 3 on 2026-05-07
2026-05-07 22:45:28.309 [RMI TCP Connection(2)-127.0.0.1] DEBUG c.a.system.server.AttendanceServer - Method markAttendance completed in 46 ms
2026-05-07 22:45:28.316 [RMI TCP Connection(2)-127.0.0.1] DEBUG c.a.system.server.AttendanceServer - Executing method: getAttendanceByClassDate
2026-05-07 22:45:28.323 [RMI TCP Connection(2)-127.0.0.1] DEBUG c.a.system.server.AttendanceServer - Method getAttendanceByClassDate completed in 7 ms
2026-05-07 22:45:45.460 [pool-1-thread-2] DEBUG c.a.system.server.ServerLauncher - Server stats - Active connections: 1, Total requests: 7
2026-05-07 22:45:59.779 [AWT-EventQueue-0] INFO  c.a.system.client.AttendanceGUI - GUI initialized successfully
2026-05-07 22:45:59.782 [ForkJoinPool.commonPool-worker-3] INFO  c.a.system.client.AttendanceGUI - Attempting to connect to server: rmi://localhost:1100/AttendanceService
2026-05-07 22:46:00.331 [AWT-EventQueue-0] INFO  c.a.system.client.AttendanceGUI - Successfully connected to server
2026-05-07 22:46:26.837 [RMI TCP Connection(4)-127.0.0.1] DEBUG c.a.system.server.AttendanceServer - Executing method: authenticateUser
2026-05-07 22:46:26.838 [RMI TCP Connection(4)-127.0.0.1] DEBUG c.a.system.server.AttendanceServer - Authentication request for user: zegeye
2026-05-07 22:46:27.278 [RMI TCP Connection(4)-127.0.0.1] INFO  c.a.s.service.AuthenticationService - User authenticated successfully: zegeye (Role: Student)
2026-05-07 22:46:27.278 [RMI TCP Connection(4)-127.0.0.1] INFO  c.a.system.server.AttendanceServer - User authenticated successfully: zegeye (Active connections: 2)
2026-05-07 22:46:27.278 [RMI TCP Connection(4)-127.0.0.1] DEBUG c.a.system.server.AttendanceServer - Method authenticateUser completed in 441 ms
2026-05-07 22:46:27.302 [RMI TCP Connection(4)-127.0.0.1] DEBUG c.a.system.server.AttendanceServer - Executing method: validateSession
2026-05-07 22:46:27.303 [RMI TCP Connection(4)-127.0.0.1] DEBUG c.a.system.server.AttendanceServer - Method validateSession completed in 2 ms
2026-05-07 22:46:27.403 [RMI TCP Connection(4)-127.0.0.1] DEBUG c.a.system.server.AttendanceServer - Executing method: getCoursesByStudent
2026-05-07 22:46:27.405 [RMI TCP Connection(5)-127.0.0.1] DEBUG c.a.system.server.AttendanceServer - Executing method: getCoursesByStudent
2026-05-07 22:46:27.410 [RMI TCP Connection(5)-127.0.0.1] DEBUG c.a.system.server.AttendanceServer - Method getCoursesByStudent completed in 5 ms
2026-05-07 22:46:27.426 [RMI TCP Connection(6)-127.0.0.1] DEBUG c.a.system.server.AttendanceServer - Executing method: getNotifications
2026-05-07 22:46:27.429 [RMI TCP Connection(6)-127.0.0.1] DEBUG c.a.system.server.AttendanceServer - Method getNotifications completed in 3 ms
2026-05-07 22:46:27.432 [RMI TCP Connection(4)-127.0.0.1] DEBUG c.a.system.server.AttendanceServer - Method getCoursesByStudent completed in 29 ms
2026-05-07 22:46:27.460 [AWT-EventQueue-0] INFO  c.a.system.client.AttendanceGUI - User authenticated: zegeye (Student)
2026-05-07 22:46:27.527 [RMI TCP Connection(6)-127.0.0.1] DEBUG c.a.system.server.AttendanceServer - Executing method: getAttendanceRecords
2026-05-07 22:46:27.536 [RMI TCP Connection(6)-127.0.0.1] DEBUG c.a.system.server.AttendanceServer - Method getAttendanceRecords completed in 9 ms
2026-05-07 22:46:31.003 [RMI TCP Connection(6)-127.0.0.1] DEBUG c.a.system.server.AttendanceServer - Executing method: getCoursesByStudent
2026-05-07 22:46:31.008 [RMI TCP Connection(6)-127.0.0.1] DEBUG c.a.system.server.AttendanceServer - Method getCoursesByStudent completed in 5 ms
2026-05-07 22:46:31.030 [RMI TCP Connection(6)-127.0.0.1] DEBUG c.a.system.server.AttendanceServer - Executing method: getAttendanceRecords
2026-05-07 22:46:31.031 [RMI TCP Connection(4)-127.0.0.1] DEBUG c.a.system.server.AttendanceServer - Executing method: getAttendanceRecords
2026-05-07 22:46:31.036 [RMI TCP Connection(6)-127.0.0.1] DEBUG c.a.system.server.AttendanceServer - Method getAttendanceRecords completed in 6 ms
2026-05-07 22:46:31.037 [RMI TCP Connection(4)-127.0.0.1] DEBUG c.a.system.server.AttendanceServer - Method getAttendanceRecords completed in 6 ms
2026-05-07 22:46:37.488 [RMI TCP Connection(4)-127.0.0.1] DEBUG c.a.system.server.AttendanceServer - Executing method: getAttendanceRecords
2026-05-07 22:46:37.492 [RMI TCP Connection(4)-127.0.0.1] DEBUG c.a.system.server.AttendanceServer - Method getAttendanceRecords completed in 4 ms
2026-05-07 22:46:45.460 [pool-1-thread-2] DEBUG c.a.system.server.ServerLauncher - Server stats - Active connections: 2, Total requests: 17
2026-05-07 22:46:52.099 [RMI TCP Connection(4)-127.0.0.1] DEBUG c.a.system.server.AttendanceServer - Executing method: getAttendanceRecords
2026-05-07 22:46:52.105 [RMI TCP Connection(4)-127.0.0.1] DEBUG c.a.system.server.AttendanceServer - Method getAttendanceRecords completed in 6 ms
2026-05-07 22:46:53.877 [RMI TCP Connection(4)-127.0.0.1] DEBUG c.a.system.server.AttendanceServer - Executing method: getNotifications
2026-05-07 22:46:53.877 [RMI TCP Connection(4)-127.0.0.1] DEBUG c.a.system.server.AttendanceServer - Method getNotifications completed in 0 ms
2026-05-07 22:47:01.641 [RMI TCP Connection(4)-127.0.0.1] DEBUG c.a.system.server.AttendanceServer - Executing method: getCoursesByStudent
2026-05-07 22:47:01.651 [RMI TCP Connection(4)-127.0.0.1] DEBUG c.a.system.server.AttendanceServer - Method getCoursesByStudent completed in 10 ms
2026-05-07 22:47:01.682 [RMI TCP Connection(4)-127.0.0.1] DEBUG c.a.system.server.AttendanceServer - Executing method: getAttendanceRecords
2026-05-07 22:47:01.684 [RMI TCP Connection(4)-127.0.0.1] DEBUG c.a.system.server.AttendanceServer - Method getAttendanceRecords completed in 2 ms
2026-05-07 22:47:01.686 [RMI TCP Connection(7)-127.0.0.1] DEBUG c.a.system.server.AttendanceServer - Executing method: getAttendanceRecords
2026-05-07 22:47:01.692 [RMI TCP Connection(7)-127.0.0.1] DEBUG c.a.system.server.AttendanceServer - Method getAttendanceRecords completed in 6 ms
2026-05-07 22:47:07.850 [RMI TCP Connection(7)-127.0.0.1] DEBUG c.a.system.server.AttendanceServer - Executing method: getCoursesByStudent
2026-05-07 22:47:07.864 [RMI TCP Connection(7)-127.0.0.1] DEBUG c.a.system.server.AttendanceServer - Method getCoursesByStudent completed in 14 ms
2026-05-07 22:47:07.943 [RMI TCP Connection(7)-127.0.0.1] DEBUG c.a.system.server.AttendanceServer - Executing method: getAttendanceRecords
2026-05-07 22:47:07.944 [RMI TCP Connection(4)-127.0.0.1] DEBUG c.a.system.server.AttendanceServer - Executing method: getAttendanceRecords
2026-05-07 22:47:07.949 [RMI TCP Connection(7)-127.0.0.1] DEBUG c.a.system.server.AttendanceServer - Method getAttendanceRecords completed in 6 ms
2026-05-07 22:47:07.952 [RMI TCP Connection(4)-127.0.0.1] DEBUG c.a.system.server.AttendanceServer - Method getAttendanceRecords completed in 9 ms
2026-05-07 22:47:12.228 [RMI TCP Connection(4)-127.0.0.1] DEBUG c.a.system.server.AttendanceServer - Executing method: logout
2026-05-07 22:47:12.230 [RMI TCP Connection(4)-127.0.0.1] INFO  c.a.s.service.AuthenticationService - User logged out: zegeye
2026-05-07 22:47:12.230 [RMI TCP Connection(4)-127.0.0.1] INFO  c.a.system.server.AttendanceServer - User logged out: zegeye (Active connections: 1)
2026-05-07 22:47:12.230 [RMI TCP Connection(4)-127.0.0.1] DEBUG c.a.system.server.AttendanceServer - Method logout completed in 2 ms
2026-05-07 22:47:12.232 [AWT-EventQueue-0] INFO  c.a.system.client.AttendanceGUI - User logged out: zegeye
2026-05-07 22:47:40.443 [RMI TCP Connection(8)-127.0.0.1] DEBUG c.a.system.server.AttendanceServer - Executing method: authenticateUser
2026-05-07 22:47:40.444 [RMI TCP Connection(8)-127.0.0.1] DEBUG c.a.system.server.AttendanceServer - Authentication request for user: zegeye
2026-05-07 22:47:40.917 [RMI TCP Connection(8)-127.0.0.1] INFO  c.a.s.service.AuthenticationService - User authenticated successfully: zegeye (Role: Student)
2026-05-07 22:47:40.917 [RMI TCP Connection(8)-127.0.0.1] INFO  c.a.system.server.AttendanceServer - User authenticated successfully: zegeye (Active connections: 2)
2026-05-07 22:47:40.917 [RMI TCP Connection(8)-127.0.0.1] DEBUG c.a.system.server.AttendanceServer - Method authenticateUser completed in 474 ms
2026-05-07 22:47:40.928 [RMI TCP Connection(8)-127.0.0.1] DEBUG c.a.system.server.AttendanceServer - Executing method: validateSession
2026-05-07 22:47:40.929 [RMI TCP Connection(8)-127.0.0.1] DEBUG c.a.system.server.AttendanceServer - Method validateSession completed in 1 ms
2026-05-07 22:47:40.974 [RMI TCP Connection(8)-127.0.0.1] DEBUG c.a.system.server.AttendanceServer - Executing method: getCoursesByStudent
2026-05-07 22:47:40.984 [RMI TCP Connection(10)-127.0.0.1] DEBUG c.a.system.server.AttendanceServer - Executing method: getNotifications
2026-05-07 22:47:40.984 [RMI TCP Connection(10)-127.0.0.1] DEBUG c.a.system.server.AttendanceServer - Method getNotifications completed in 0 ms
2026-05-07 22:47:40.985 [RMI TCP Connection(8)-127.0.0.1] DEBUG c.a.system.server.AttendanceServer - Method getCoursesByStudent completed in 11 ms
2026-05-07 22:47:40.978 [RMI TCP Connection(9)-127.0.0.1] DEBUG c.a.system.server.AttendanceServer - Executing method: getCoursesByStudent
2026-05-07 22:47:40.989 [RMI TCP Connection(9)-127.0.0.1] DEBUG c.a.system.server.AttendanceServer - Method getCoursesByStudent completed in 11 ms
2026-05-07 22:47:41.004 [AWT-EventQueue-0] INFO  c.a.system.client.AttendanceGUI - User authenticated: zegeye (Student)
2026-05-07 22:47:41.032 [RMI TCP Connection(8)-127.0.0.1] DEBUG c.a.system.server.AttendanceServer - Executing method: getAttendanceRecords
2026-05-07 22:47:41.039 [RMI TCP Connection(8)-127.0.0.1] DEBUG c.a.system.server.AttendanceServer - Method getAttendanceRecords completed in 7 ms
2026-05-07 22:47:43.756 [RMI TCP Connection(8)-127.0.0.1] DEBUG c.a.system.server.AttendanceServer - Executing method: getCoursesByStudent
2026-05-07 22:47:43.763 [RMI TCP Connection(8)-127.0.0.1] DEBUG c.a.system.server.AttendanceServer - Method getCoursesByStudent completed in 7 ms
2026-05-07 22:47:43.792 [RMI TCP Connection(9)-127.0.0.1] DEBUG c.a.system.server.AttendanceServer - Executing method: getAttendanceRecords
2026-05-07 22:47:43.792 [RMI TCP Connection(8)-127.0.0.1] DEBUG c.a.system.server.AttendanceServer - Executing method: getAttendanceRecords
2026-05-07 22:47:43.798 [RMI TCP Connection(8)-127.0.0.1] DEBUG c.a.system.server.AttendanceServer - Method getAttendanceRecords completed in 6 ms
2026-05-07 22:47:43.802 [RMI TCP Connection(9)-127.0.0.1] DEBUG c.a.system.server.AttendanceServer - Method getAttendanceRecords completed in 10 ms
2026-05-07 22:47:45.461 [pool-1-thread-2] DEBUG c.a.system.server.ServerLauncher - Server stats - Active connections: 2, Total requests: 35
2026-05-07 22:47:47.450 [RMI TCP Connection(9)-127.0.0.1] DEBUG c.a.system.server.AttendanceServer - Executing method: getNotifications
2026-05-07 22:47:47.451 [RMI TCP Connection(9)-127.0.0.1] DEBUG c.a.system.server.AttendanceServer - Method getNotifications completed in 1 ms
2026-05-07 22:48:12.339 [RMI TCP Connection(11)-127.0.0.1] DEBUG c.a.system.server.AttendanceServer - Executing method: logout
2026-05-07 22:48:12.341 [RMI TCP Connection(11)-127.0.0.1] INFO  c.a.s.service.AuthenticationService - User logged out: zegeye
2026-05-07 22:48:12.342 [RMI TCP Connection(11)-127.0.0.1] INFO  c.a.system.server.AttendanceServer - User logged out: zegeye (Active connections: 1)
2026-05-07 22:48:12.343 [RMI TCP Connection(11)-127.0.0.1] DEBUG c.a.system.server.AttendanceServer - Method logout completed in 4 ms
2026-05-07 22:48:12.344 [AWT-EventQueue-0] INFO  c.a.system.client.AttendanceGUI - User logged out: zegeye
2026-05-07 22:48:22.433 [AWT-EventQueue-0] INFO  c.a.system.client.AttendanceGUI - Application exiting
2026-05-07 22:48:45.460 [pool-1-thread-2] DEBUG c.a.system.server.ServerLauncher - Server stats - Active connections: 1, Total requests: 37
2026-05-07 22:48:52.975 [Thread-2] INFO  c.a.system.server.ServerLauncher - Shutdown hook triggered
2026-05-07 22:48:52.976 [Thread-2] INFO  c.a.system.server.ServerLauncher - Stopping Student Attendance System Server...
2026-05-07 22:48:52.977 [Thread-2] INFO  c.a.system.server.ServerLauncher - Service unbound from registry
2026-05-07 22:48:52.981 [Thread-2] INFO  c.a.system.server.ServerLauncher - Server unexported
2026-05-07 22:48:52.983 [Thread-2] INFO  com.zaxxer.hikari.HikariDataSource - HikariPool-2 - Shutdown initiated...
2026-05-07 22:48:53.001 [Thread-2] INFO  com.zaxxer.hikari.HikariDataSource - HikariPool-2 - Shutdown completed.
2026-05-07 22:48:53.002 [Thread-2] INFO  c.a.system.dao.DatabaseManager - Database connection pool closed
2026-05-07 22:48:53.002 [Thread-2] INFO  c.a.system.server.ServerLauncher - Database connections closed
2026-05-07 22:48:53.002 [Thread-2] INFO  c.a.system.server.ServerLauncher - Server stopped successfully
2026-05-07 22:49:16.219 [com.attendance.system.server.ServerLauncher.main()] INFO  c.a.system.server.ServerLauncher - Starting Student Attendance System Server...
2026-05-07 22:49:16.221 [com.attendance.system.server.ServerLauncher.main()] INFO  c.a.system.server.ServerLauncher - Initializing database connection...
2026-05-07 22:49:16.245 [com.attendance.system.server.ServerLauncher.main()] INFO  com.zaxxer.hikari.HikariDataSource - HikariPool-1 - Starting...
2026-05-07 22:49:16.558 [com.attendance.system.server.ServerLauncher.main()] INFO  com.zaxxer.hikari.pool.HikariPool - HikariPool-1 - Added connection com.mysql.cj.jdbc.ConnectionImpl@239e752e
2026-05-07 22:49:16.561 [com.attendance.system.server.ServerLauncher.main()] INFO  com.zaxxer.hikari.HikariDataSource - HikariPool-1 - Start completed.
2026-05-07 22:49:16.562 [com.attendance.system.server.ServerLauncher.main()] INFO  c.a.system.dao.DatabaseManager - Database connection pool initialized successfully
2026-05-07 22:49:16.572 [com.attendance.system.server.ServerLauncher.main()] DEBUG c.a.system.dao.DatabaseManager - Database connection test successful
2026-05-07 22:49:16.589 [com.attendance.system.server.ServerLauncher.main()] INFO  com.zaxxer.hikari.HikariDataSource - HikariPool-2 - Starting...
2026-05-07 22:49:16.597 [com.attendance.system.server.ServerLauncher.main()] INFO  com.zaxxer.hikari.pool.HikariPool - HikariPool-2 - Added connection com.mysql.cj.jdbc.ConnectionImpl@6eefa10b
2026-05-07 22:49:16.597 [com.attendance.system.server.ServerLauncher.main()] INFO  com.zaxxer.hikari.HikariDataSource - HikariPool-2 - Start completed.
2026-05-07 22:49:16.597 [com.attendance.system.server.ServerLauncher.main()] INFO  c.a.system.dao.DatabaseManager - Database connection pool initialized successfully
2026-05-07 22:49:16.598 [com.attendance.system.server.ServerLauncher.main()] DEBUG c.a.system.dao.DatabaseManager - Database connection test successful
2026-05-07 22:49:16.600 [com.attendance.system.server.ServerLauncher.main()] DEBUG c.a.system.dao.DatabaseManager - Database connection test successful
2026-05-07 22:49:16.601 [com.attendance.system.server.ServerLauncher.main()] INFO  c.a.system.server.ServerLauncher - Database connection established successfully
2026-05-07 22:49:16.601 [com.attendance.system.server.ServerLauncher.main()] DEBUG c.a.system.server.ServerLauncher - Setting up RMI system properties...
2026-05-07 22:49:16.602 [com.attendance.system.server.ServerLauncher.main()] INFO  c.a.system.server.ServerLauncher - RMI server hostname set to: localhost
2026-05-07 22:49:16.602 [com.attendance.system.server.ServerLauncher.main()] INFO  c.a.system.server.ServerLauncher - Setting up RMI registry on port 1100...
2026-05-07 22:49:16.645 [com.attendance.system.server.ServerLauncher.main()] INFO  c.a.system.server.ServerLauncher - Created new RMI registry on port 1100
2026-05-07 22:49:16.646 [com.attendance.system.server.ServerLauncher.main()] INFO  c.a.system.server.ServerLauncher - Creating and exporting attendance server...
2026-05-07 22:49:16.706 [com.attendance.system.server.ServerLauncher.main()] INFO  c.a.system.server.AttendanceServer - AttendanceServer initialized successfully
2026-05-07 22:49:16.707 [com.attendance.system.server.ServerLauncher.main()] INFO  c.a.system.server.AttendanceServer - Encryption enabled: false
2026-05-07 22:49:16.708 [com.attendance.system.server.ServerLauncher.main()] INFO  c.a.system.server.AttendanceServer - Max concurrent users: 100
2026-05-07 22:49:16.708 [com.attendance.system.server.ServerLauncher.main()] INFO  c.a.system.server.ServerLauncher - Attendance server created and exported successfully
2026-05-07 22:49:16.711 [com.attendance.system.server.ServerLauncher.main()] INFO  c.a.system.server.ServerLauncher - Binding server to registry with name 'AttendanceService'...
2026-05-07 22:49:16.714 [com.attendance.system.server.ServerLauncher.main()] INFO  c.a.system.server.ServerLauncher - Server bound to registry successfully
2026-05-07 22:49:16.714 [com.attendance.system.server.ServerLauncher.main()] INFO  c.a.system.server.ServerLauncher - Starting maintenance tasks...
2026-05-07 22:49:16.720 [com.attendance.system.server.ServerLauncher.main()] INFO  c.a.system.server.ServerLauncher - Maintenance tasks started
2026-05-07 22:49:16.721 [com.attendance.system.server.ServerLauncher.main()] INFO  c.a.system.server.ServerLauncher - Server started successfully!
2026-05-07 22:49:16.721 [com.attendance.system.server.ServerLauncher.main()] INFO  c.a.system.server.ServerLauncher - Service name: AttendanceService
2026-05-07 22:49:16.721 [com.attendance.system.server.ServerLauncher.main()] INFO  c.a.system.server.ServerLauncher - RMI registry port: 1100
2026-05-07 22:49:16.721 [com.attendance.system.server.ServerLauncher.main()] INFO  c.a.system.server.ServerLauncher - Server listening on port: 0
2026-05-07 22:49:16.721 [com.attendance.system.server.ServerLauncher.main()] INFO  c.a.system.server.ServerLauncher - Server is ready to accept client connections.
2026-05-07 22:49:32.088 [AWT-EventQueue-0] INFO  c.a.system.client.AttendanceGUI - GUI initialized successfully
2026-05-07 22:49:32.091 [ForkJoinPool.commonPool-worker-2] INFO  c.a.system.client.AttendanceGUI - Attempting to connect to server: rmi://localhost:1100/AttendanceService
2026-05-07 22:49:32.577 [AWT-EventQueue-0] INFO  c.a.system.client.AttendanceGUI - Successfully connected to server
2026-05-07 22:50:16.721 [pool-1-thread-2] DEBUG c.a.system.server.ServerLauncher - Server stats - Active connections: 0, Total requests: 0
2026-05-07 22:50:58.971 [RMI TCP Connection(3)-127.0.0.1] DEBUG c.a.system.server.AttendanceServer - Executing method: registerUser
2026-05-07 22:50:58.972 [RMI TCP Connection(3)-127.0.0.1] DEBUG c.a.system.server.AttendanceServer - Registration request for user: yosef (Teacher)
2026-05-07 22:50:59.010 [RMI TCP Connection(3)-127.0.0.1] WARN  c.a.system.util.SecurityUtil - ATTENDANCE_ENCRYPTION_KEY environment variable not set. Using default key for development only.
2026-05-07 22:50:59.573 [RMI TCP Connection(3)-127.0.0.1] DEBUG c.a.system.dao.DatabaseManager - Transaction committed successfully
2026-05-07 22:50:59.574 [RMI TCP Connection(3)-127.0.0.1] INFO  c.a.system.server.AttendanceServer - User registered successfully: yosef (Teacher)
2026-05-07 22:50:59.574 [RMI TCP Connection(3)-127.0.0.1] DEBUG c.a.system.server.AttendanceServer - Method registerUser completed in 603 ms
2026-05-07 22:50:59.575 [ForkJoinPool.commonPool-worker-3] INFO  c.a.system.client.RegistrationFrame - User registered successfully: yosef
2026-05-07 22:51:15.431 [RMI TCP Connection(4)-127.0.0.1] DEBUG c.a.system.server.AttendanceServer - Executing method: authenticateUser
2026-05-07 22:51:15.433 [RMI TCP Connection(4)-127.0.0.1] DEBUG c.a.system.server.AttendanceServer - Authentication request for user: yosef
2026-05-07 22:51:15.862 [RMI TCP Connection(4)-127.0.0.1] INFO  c.a.s.service.AuthenticationService - User authenticated successfully: yosef (Role: Teacher)
2026-05-07 22:51:15.862 [RMI TCP Connection(4)-127.0.0.1] INFO  c.a.system.server.AttendanceServer - User authenticated successfully: yosef (Active connections: 1)
2026-05-07 22:51:15.863 [RMI TCP Connection(4)-127.0.0.1] DEBUG c.a.system.server.AttendanceServer - Method authenticateUser completed in 432 ms
2026-05-07 22:51:15.885 [RMI TCP Connection(4)-127.0.0.1] DEBUG c.a.system.server.AttendanceServer - Executing method: validateSession
2026-05-07 22:51:15.885 [RMI TCP Connection(4)-127.0.0.1] DEBUG c.a.system.server.AttendanceServer - Method validateSession completed in 0 ms
2026-05-07 22:51:15.904 [RMI TCP Connection(4)-127.0.0.1] DEBUG c.a.system.server.AttendanceServer - Executing method: validateSession
2026-05-07 22:51:15.904 [RMI TCP Connection(4)-127.0.0.1] DEBUG c.a.system.server.AttendanceServer - Method validateSession completed in 0 ms
2026-05-07 22:51:15.955 [RMI TCP Connection(4)-127.0.0.1] DEBUG c.a.system.server.AttendanceServer - Executing method: getCoursesByTeacher
2026-05-07 22:51:15.969 [RMI TCP Connection(4)-127.0.0.1] DEBUG c.a.system.server.AttendanceServer - Method getCoursesByTeacher completed in 14 ms
2026-05-07 22:51:15.987 [AWT-EventQueue-0] INFO  c.a.system.client.AttendanceGUI - User authenticated: yosef (Teacher)
2026-05-07 22:51:16.720 [pool-1-thread-2] DEBUG c.a.system.server.ServerLauncher - Server stats - Active connections: 1, Total requests: 5
2026-05-07 22:51:19.637 [RMI TCP Connection(4)-127.0.0.1] DEBUG c.a.system.server.AttendanceServer - Executing method: getCoursesByTeacher
2026-05-07 22:51:19.647 [RMI TCP Connection(4)-127.0.0.1] DEBUG c.a.system.server.AttendanceServer - Method getCoursesByTeacher completed in 10 ms
2026-05-07 22:51:32.693 [RMI TCP Connection(4)-127.0.0.1] DEBUG c.a.system.server.AttendanceServer - Executing method: getCoursesByTeacher
2026-05-07 22:51:32.697 [RMI TCP Connection(4)-127.0.0.1] DEBUG c.a.system.server.AttendanceServer - Method getCoursesByTeacher completed in 4 ms
2026-05-07 22:51:33.736 [RMI TCP Connection(4)-127.0.0.1] DEBUG c.a.system.server.AttendanceServer - Executing method: getCoursesByTeacher
2026-05-07 22:51:33.744 [RMI TCP Connection(4)-127.0.0.1] DEBUG c.a.system.server.AttendanceServer - Method getCoursesByTeacher completed in 8 ms
2026-05-07 22:51:49.139 [RMI TCP Connection(4)-127.0.0.1] DEBUG c.a.system.server.AttendanceServer - Executing method: getCoursesByTeacher
2026-05-07 22:51:49.145 [RMI TCP Connection(4)-127.0.0.1] DEBUG c.a.system.server.AttendanceServer - Method getCoursesByTeacher completed in 6 ms
2026-05-07 22:52:06.722 [RMI TCP Connection(4)-127.0.0.1] DEBUG c.a.system.server.AttendanceServer - Executing method: getCoursesByTeacher
2026-05-07 22:52:06.726 [RMI TCP Connection(4)-127.0.0.1] DEBUG c.a.system.server.AttendanceServer - Method getCoursesByTeacher completed in 4 ms
2026-05-07 22:52:16.720 [pool-1-thread-2] DEBUG c.a.system.server.ServerLauncher - Server stats - Active connections: 1, Total requests: 10
2026-05-07 22:53:16.720 [pool-1-thread-2] DEBUG c.a.system.server.ServerLauncher - Server stats - Active connections: 1, Total requests: 10
2026-05-07 22:54:16.720 [pool-1-thread-2] DEBUG c.a.system.server.ServerLauncher - Server stats - Active connections: 1, Total requests: 10
2026-05-07 22:54:35.250 [RMI TCP Connection(5)-127.0.0.1] DEBUG c.a.system.server.AttendanceServer - Executing method: logout
2026-05-07 22:54:35.251 [RMI TCP Connection(5)-127.0.0.1] INFO  c.a.s.service.AuthenticationService - User logged out: yosef
2026-05-07 22:54:35.252 [RMI TCP Connection(5)-127.0.0.1] INFO  c.a.system.server.AttendanceServer - User logged out: yosef (Active connections: 0)
2026-05-07 22:54:35.253 [RMI TCP Connection(5)-127.0.0.1] DEBUG c.a.system.server.AttendanceServer - Method logout completed in 3 ms
2026-05-07 22:54:35.255 [AWT-EventQueue-0] INFO  c.a.system.client.AttendanceGUI - User logged out: yosef
2026-05-07 22:54:47.974 [RMI TCP Connection(5)-127.0.0.1] DEBUG c.a.system.server.AttendanceServer - Executing method: authenticateUser
2026-05-07 22:54:47.975 [RMI TCP Connection(5)-127.0.0.1] DEBUG c.a.system.server.AttendanceServer - Authentication request for user: admin
2026-05-07 22:54:48.423 [RMI TCP Connection(5)-127.0.0.1] INFO  c.a.s.service.AuthenticationService - User authenticated successfully: admin (Role: Administrator)
2026-05-07 22:54:48.423 [RMI TCP Connection(5)-127.0.0.1] INFO  c.a.system.server.AttendanceServer - User authenticated successfully: admin (Active connections: 1)
2026-05-07 22:54:48.423 [RMI TCP Connection(5)-127.0.0.1] DEBUG c.a.system.server.AttendanceServer - Method authenticateUser completed in 449 ms
2026-05-07 22:54:48.458 [RMI TCP Connection(5)-127.0.0.1] DEBUG c.a.system.server.AttendanceServer - Executing method: getAllUsers
2026-05-07 22:54:48.491 [RMI TCP Connection(5)-127.0.0.1] DEBUG c.a.system.server.AttendanceServer - Method getAllUsers completed in 33 ms
2026-05-07 22:54:48.543 [RMI TCP Connection(6)-127.0.0.1] DEBUG c.a.system.server.AttendanceServer - Executing method: getSystemStatistics
2026-05-07 22:54:48.599 [RMI TCP Connection(6)-127.0.0.1] DEBUG c.a.system.server.AttendanceServer - Method getSystemStatistics completed in 56 ms
2026-05-07 22:54:48.607 [AWT-EventQueue-0] INFO  c.a.system.client.AttendanceGUI - User authenticated: admin (Administrator)
2026-05-07 22:55:16.720 [pool-1-thread-2] DEBUG c.a.system.server.ServerLauncher - Server stats - Active connections: 1, Total requests: 14
2026-05-07 22:56:16.720 [pool-1-thread-2] DEBUG c.a.system.server.ServerLauncher - Server stats - Active connections: 1, Total requests: 14
2026-05-07 22:56:30.947 [RMI TCP Connection(7)-127.0.0.1] DEBUG c.a.system.server.AttendanceServer - Executing method: deleteUser
2026-05-07 22:56:31.004 [RMI TCP Connection(7)-127.0.0.1] INFO  com.attendance.system.dao.UserDAO - User deleted: ID = 8
2026-05-07 22:56:31.004 [RMI TCP Connection(7)-127.0.0.1] INFO  c.a.system.server.AttendanceServer - User deleted by admin admin: userId=8
2026-05-07 22:56:31.004 [RMI TCP Connection(7)-127.0.0.1] DEBUG c.a.system.server.AttendanceServer - Method deleteUser completed in 57 ms
2026-05-07 22:56:32.973 [RMI TCP Connection(7)-127.0.0.1] DEBUG c.a.system.server.AttendanceServer - Executing method: getAllUsers
2026-05-07 22:56:33.005 [RMI TCP Connection(7)-127.0.0.1] DEBUG c.a.system.server.AttendanceServer - Method getAllUsers completed in 32 ms
2026-05-07 22:56:54.556 [RMI TCP Connection(7)-127.0.0.1] DEBUG c.a.system.server.AttendanceServer - Executing method: deleteUser
2026-05-07 22:56:54.685 [RMI TCP Connection(7)-127.0.0.1] ERROR com.attendance.system.dao.UserDAO - Failed to delete user: 9
java.sql.SQLIntegrityConstraintViolationException: Cannot delete or update a parent row: a foreign key constraint fails (`Wolde`.`ATTENDANCE_RECORDS`, CONSTRAINT `ATTENDANCE_RECORDS_ibfk_3` FOREIGN KEY (`marked_by`) REFERENCES `USERS` (`user_id`))
	at com.mysql.cj.jdbc.exceptions.SQLError.createSQLException(SQLError.java:118)
	at com.mysql.cj.jdbc.exceptions.SQLExceptionsMapping.translateException(SQLExceptionsMapping.java:122)
	at com.mysql.cj.jdbc.ServerPreparedStatement.serverExecute(ServerPreparedStatement.java:555)
	at com.mysql.cj.jdbc.ServerPreparedStatement.executeInternal(ServerPreparedStatement.java:339)
	at com.mysql.cj.jdbc.ClientPreparedStatement.executeUpdateInternal(ClientPreparedStatement.java:1061)
	at com.mysql.cj.jdbc.ClientPreparedStatement.executeUpdateInternal(ClientPreparedStatement.java:1009)
	at com.mysql.cj.jdbc.ClientPreparedStatement.executeLargeUpdate(ClientPreparedStatement.java:1320)
	at com.mysql.cj.jdbc.ClientPreparedStatement.executeUpdate(ClientPreparedStatement.java:994)
	at com.zaxxer.hikari.pool.ProxyPreparedStatement.executeUpdate(ProxyPreparedStatement.java:61)
	at com.zaxxer.hikari.pool.HikariProxyPreparedStatement.executeUpdate(HikariProxyPreparedStatement.java)
	at com.attendance.system.dao.UserDAO.deleteUser(UserDAO.java:281)
	at com.attendance.system.server.AttendanceServer.lambda$deleteUser$7(AttendanceServer.java:409)
	at com.attendance.system.server.AttendanceServer.executeWithErrorHandling(AttendanceServer.java:1159)
	at com.attendance.system.server.AttendanceServer.deleteUser(AttendanceServer.java:393)
	at java.base/jdk.internal.reflect.DirectMethodHandleAccessor.invoke(DirectMethodHandleAccessor.java:103)
	at java.base/java.lang.reflect.Method.invoke(Method.java:580)
	at java.rmi/sun.rmi.server.UnicastServerRef.dispatch(UnicastServerRef.java:360)
	at java.rmi/sun.rmi.transport.Transport$1.run(Transport.java:200)
	at java.rmi/sun.rmi.transport.Transport$1.run(Transport.java:197)
	at java.base/java.security.AccessController.doPrivileged(AccessController.java:714)
	at java.rmi/sun.rmi.transport.Transport.serviceCall(Transport.java:196)
	at java.rmi/sun.rmi.transport.tcp.TCPTransport.handleMessages(TCPTransport.java:598)
	at java.rmi/sun.rmi.transport.tcp.TCPTransport$ConnectionHandler.run0(TCPTransport.java:844)
	at java.rmi/sun.rmi.transport.tcp.TCPTransport$ConnectionHandler.lambda$run$0(TCPTransport.java:721)
	at java.base/java.security.AccessController.doPrivileged(AccessController.java:400)
	at java.rmi/sun.rmi.transport.tcp.TCPTransport$ConnectionHandler.run(TCPTransport.java:720)
	at java.base/java.util.concurrent.ThreadPoolExecutor.runWorker(ThreadPoolExecutor.java:1144)
	at java.base/java.util.concurrent.ThreadPoolExecutor$Worker.run(ThreadPoolExecutor.java:642)
	at java.base/java.lang.Thread.run(Thread.java:1583)
2026-05-07 22:56:54.695 [RMI TCP Connection(7)-127.0.0.1] WARN  c.a.system.server.AttendanceServer - Method deleteUser failed: Database operation failed
2026-05-07 22:56:54.728 [AWT-EventQueue-0] ERROR c.a.s.client.UserManagementPanel - Failed to delete user
java.util.concurrent.CompletionException: java.lang.RuntimeException: java.rmi.ServerException: RemoteException occurred in server thread; nested exception is: 
	java.rmi.RemoteException: Service error in deleteUser: Database operation failed
	at java.base/java.util.concurrent.CompletableFuture.encodeThrowable(CompletableFuture.java:315)
	at java.base/java.util.concurrent.CompletableFuture.completeThrowable(CompletableFuture.java:320)
	at java.base/java.util.concurrent.CompletableFuture$AsyncSupply.run(CompletableFuture.java:1770)
	at java.base/java.util.concurrent.CompletableFuture$AsyncSupply.exec(CompletableFuture.java:1760)
	at java.base/java.util.concurrent.ForkJoinTask.doExec(ForkJoinTask.java:387)
	at java.base/java.util.concurrent.ForkJoinPool$WorkQueue.topLevelExec(ForkJoinPool.java:1312)
	at java.base/java.util.concurrent.ForkJoinPool.scan(ForkJoinPool.java:1843)
	at java.base/java.util.concurrent.ForkJoinPool.runWorker(ForkJoinPool.java:1808)
	at java.base/java.util.concurrent.ForkJoinWorkerThread.run(ForkJoinWorkerThread.java:188)
Caused by: java.lang.RuntimeException: java.rmi.ServerException: RemoteException occurred in server thread; nested exception is: 
	java.rmi.RemoteException: Service error in deleteUser: Database operation failed
	at com.attendance.system.client.UserManagementPanel.lambda$deleteSelectedUser$20(UserManagementPanel.java:410)
	at java.base/java.util.concurrent.CompletableFuture$AsyncSupply.run(CompletableFuture.java:1768)
	... 6 common frames omitted
Caused by: java.rmi.ServerException: RemoteException occurred in server thread; nested exception is: 
	java.rmi.RemoteException: Service error in deleteUser: Database operation failed
	at java.rmi/sun.rmi.server.UnicastServerRef.dispatch(UnicastServerRef.java:392)
	at java.rmi/sun.rmi.transport.Transport$1.run(Transport.java:200)
	at java.rmi/sun.rmi.transport.Transport$1.run(Transport.java:197)
	at java.base/java.security.AccessController.doPrivileged(AccessController.java:714)
	at java.rmi/sun.rmi.transport.Transport.serviceCall(Transport.java:196)
	at java.rmi/sun.rmi.transport.tcp.TCPTransport.handleMessages(TCPTransport.java:598)
	at java.rmi/sun.rmi.transport.tcp.TCPTransport$ConnectionHandler.run0(TCPTransport.java:844)
	at java.rmi/sun.rmi.transport.tcp.TCPTransport$ConnectionHandler.lambda$run$0(TCPTransport.java:721)
	at java.base/java.security.AccessController.doPrivileged(AccessController.java:400)
	at java.rmi/sun.rmi.transport.tcp.TCPTransport$ConnectionHandler.run(TCPTransport.java:720)
	at java.base/java.util.concurrent.ThreadPoolExecutor.runWorker(ThreadPoolExecutor.java:1144)
	at java.base/java.util.concurrent.ThreadPoolExecutor$Worker.run(ThreadPoolExecutor.java:642)
	at java.base/java.lang.Thread.run(Thread.java:1583)
	at java.rmi/sun.rmi.transport.StreamRemoteCall.exceptionReceivedFromServer(StreamRemoteCall.java:304)
	at java.rmi/sun.rmi.transport.StreamRemoteCall.executeCall(StreamRemoteCall.java:280)
	at java.rmi/sun.rmi.server.UnicastRef.invoke(UnicastRef.java:166)
	at java.rmi/java.rmi.server.RemoteObjectInvocationHandler.invokeRemoteMethod(RemoteObjectInvocationHandler.java:215)
	at java.rmi/java.rmi.server.RemoteObjectInvocationHandler.invoke(RemoteObjectInvocationHandler.java:160)
	at jdk.proxy3/jdk.proxy3.$Proxy25.deleteUser(Unknown Source)
	at com.attendance.system.client.UserManagementPanel.lambda$deleteSelectedUser$20(UserManagementPanel.java:408)
	... 7 common frames omitted
Caused by: java.rmi.RemoteException: Service error in deleteUser: Database operation failed
	at com.attendance.system.server.AttendanceServer.executeWithErrorHandling(AttendanceServer.java:1168)
	at com.attendance.system.server.AttendanceServer.deleteUser(AttendanceServer.java:393)
	at java.base/jdk.internal.reflect.DirectMethodHandleAccessor.invoke(DirectMethodHandleAccessor.java:103)
	at java.base/java.lang.reflect.Method.invoke(Method.java:580)
	at java.rmi/sun.rmi.server.UnicastServerRef.dispatch(UnicastServerRef.java:360)
	at java.rmi/sun.rmi.transport.Transport$1.run(Transport.java:200)
	at java.rmi/sun.rmi.transport.Transport$1.run(Transport.java:197)
	at java.base/java.security.AccessController.doPrivileged(AccessController.java:714)
	at java.rmi/sun.rmi.transport.Transport.serviceCall(Transport.java:196)
	at java.rmi/sun.rmi.transport.tcp.TCPTransport.handleMessages(TCPTransport.java:598)
	at java.rmi/sun.rmi.transport.tcp.TCPTransport$ConnectionHandler.run0(TCPTransport.java:844)
	at java.rmi/sun.rmi.transport.tcp.TCPTransport$ConnectionHandler.lambda$run$0(TCPTransport.java:721)
	at java.base/java.security.AccessController.doPrivileged(AccessController.java:400)
	at java.rmi/sun.rmi.transport.tcp.TCPTransport$ConnectionHandler.run(TCPTransport.java:720)
	at java.base/java.util.concurrent.ThreadPoolExecutor.runWorker(ThreadPoolExecutor.java:1144)
	at java.base/java.util.concurrent.ThreadPoolExecutor$Worker.run(ThreadPoolExecutor.java:642)
	at java.base/java.lang.Thread.run(Thread.java:1583)
2026-05-07 22:57:16.720 [pool-1-thread-2] DEBUG c.a.system.server.ServerLauncher - Server stats - Active connections: 1, Total requests: 17
2026-05-07 22:58:14.665 [com.attendance.system.server.ServerLauncher.main()] INFO  c.a.system.server.ServerLauncher - Starting Student Attendance System Server...
2026-05-07 22:58:14.667 [com.attendance.system.server.ServerLauncher.main()] INFO  c.a.system.server.ServerLauncher - Initializing database connection...
2026-05-07 22:58:14.697 [com.attendance.system.server.ServerLauncher.main()] INFO  com.zaxxer.hikari.HikariDataSource - HikariPool-1 - Starting...
2026-05-07 22:58:15.124 [com.attendance.system.server.ServerLauncher.main()] INFO  com.zaxxer.hikari.pool.HikariPool - HikariPool-1 - Added connection com.mysql.cj.jdbc.ConnectionImpl@612a28a7
2026-05-07 22:58:15.128 [com.attendance.system.server.ServerLauncher.main()] INFO  com.zaxxer.hikari.HikariDataSource - HikariPool-1 - Start completed.
2026-05-07 22:58:15.129 [com.attendance.system.server.ServerLauncher.main()] INFO  c.a.system.dao.DatabaseManager - Database connection pool initialized successfully
2026-05-07 22:58:15.142 [com.attendance.system.server.ServerLauncher.main()] DEBUG c.a.system.dao.DatabaseManager - Database connection test successful
2026-05-07 22:58:15.160 [com.attendance.system.server.ServerLauncher.main()] INFO  com.zaxxer.hikari.HikariDataSource - HikariPool-2 - Starting...
2026-05-07 22:58:15.165 [com.attendance.system.server.ServerLauncher.main()] INFO  com.zaxxer.hikari.pool.HikariPool - HikariPool-2 - Added connection com.mysql.cj.jdbc.ConnectionImpl@282ff5b2
2026-05-07 22:58:15.165 [com.attendance.system.server.ServerLauncher.main()] INFO  com.zaxxer.hikari.HikariDataSource - HikariPool-2 - Start completed.
2026-05-07 22:58:15.166 [com.attendance.system.server.ServerLauncher.main()] INFO  c.a.system.dao.DatabaseManager - Database connection pool initialized successfully
2026-05-07 22:58:15.167 [com.attendance.system.server.ServerLauncher.main()] DEBUG c.a.system.dao.DatabaseManager - Database connection test successful
2026-05-07 22:58:15.171 [com.attendance.system.server.ServerLauncher.main()] DEBUG c.a.system.dao.DatabaseManager - Database connection test successful
2026-05-07 22:58:15.172 [com.attendance.system.server.ServerLauncher.main()] INFO  c.a.system.server.ServerLauncher - Database connection established successfully
2026-05-07 22:58:15.172 [com.attendance.system.server.ServerLauncher.main()] DEBUG c.a.system.server.ServerLauncher - Setting up RMI system properties...
2026-05-07 22:58:15.172 [com.attendance.system.server.ServerLauncher.main()] INFO  c.a.system.server.ServerLauncher - RMI server hostname set to: localhost
2026-05-07 22:58:15.172 [com.attendance.system.server.ServerLauncher.main()] INFO  c.a.system.server.ServerLauncher - Setting up RMI registry on port 1100...
2026-05-07 22:58:15.198 [com.attendance.system.server.ServerLauncher.main()] ERROR c.a.system.server.ServerLauncher - Failed to create RMI registry on port 1100
java.rmi.server.ExportException: Port already in use: 1100; nested exception is: 
	java.net.BindException: Address already in use
	at java.rmi/sun.rmi.transport.tcp.TCPTransport.listen(TCPTransport.java:356)
	at java.rmi/sun.rmi.transport.tcp.TCPTransport.exportObject(TCPTransport.java:251)
	at java.rmi/sun.rmi.transport.tcp.TCPEndpoint.exportObject(TCPEndpoint.java:415)
	at java.rmi/sun.rmi.transport.LiveRef.exportObject(LiveRef.java:147)
	at java.rmi/sun.rmi.server.UnicastServerRef.exportObject(UnicastServerRef.java:235)
	at java.rmi/sun.rmi.registry.RegistryImpl.setup(RegistryImpl.java:223)
	at java.rmi/sun.rmi.registry.RegistryImpl.<init>(RegistryImpl.java:208)
	at java.rmi/java.rmi.registry.LocateRegistry.createRegistry(LocateRegistry.java:203)
	at com.attendance.system.server.ServerLauncher.setupRMIRegistry(ServerLauncher.java:208)
	at com.attendance.system.server.ServerLauncher.start(ServerLauncher.java:77)
	at com.attendance.system.server.ServerLauncher.main(ServerLauncher.java:365)
	at org.codehaus.mojo.exec.ExecJavaMojo$1.run(ExecJavaMojo.java:279)
	at java.base/java.lang.Thread.run(Thread.java:1583)
Caused by: java.net.BindException: Address already in use
	at java.base/sun.nio.ch.Net.bind0(Native Method)
	at java.base/sun.nio.ch.Net.bind(Net.java:577)
	at java.base/sun.nio.ch.Net.bind(Net.java:566)
	at java.base/sun.nio.ch.NioSocketImpl.bind(NioSocketImpl.java:636)
	at java.base/java.net.ServerSocket.bind(ServerSocket.java:391)
	at java.base/java.net.ServerSocket.<init>(ServerSocket.java:278)
	at java.base/java.net.ServerSocket.<init>(ServerSocket.java:171)
	at java.rmi/sun.rmi.transport.tcp.TCPDirectSocketFactory.createServerSocket(TCPDirectSocketFactory.java:45)
	at java.rmi/sun.rmi.transport.tcp.TCPEndpoint.newServerSocket(TCPEndpoint.java:672)
	at java.rmi/sun.rmi.transport.tcp.TCPTransport.listen(TCPTransport.java:344)
	... 12 common frames omitted
2026-05-07 22:58:15.202 [com.attendance.system.server.ServerLauncher.main()] ERROR c.a.system.server.ServerLauncher - Failed to start server
java.rmi.server.ExportException: Port already in use: 1100; nested exception is: 
	java.net.BindException: Address already in use
	at java.rmi/sun.rmi.transport.tcp.TCPTransport.listen(TCPTransport.java:356)
	at java.rmi/sun.rmi.transport.tcp.TCPTransport.exportObject(TCPTransport.java:251)
	at java.rmi/sun.rmi.transport.tcp.TCPEndpoint.exportObject(TCPEndpoint.java:415)
	at java.rmi/sun.rmi.transport.LiveRef.exportObject(LiveRef.java:147)
	at java.rmi/sun.rmi.server.UnicastServerRef.exportObject(UnicastServerRef.java:235)
	at java.rmi/sun.rmi.registry.RegistryImpl.setup(RegistryImpl.java:223)
	at java.rmi/sun.rmi.registry.RegistryImpl.<init>(RegistryImpl.java:208)
	at java.rmi/java.rmi.registry.LocateRegistry.createRegistry(LocateRegistry.java:203)
	at com.attendance.system.server.ServerLauncher.setupRMIRegistry(ServerLauncher.java:208)
	at com.attendance.system.server.ServerLauncher.start(ServerLauncher.java:77)
	at com.attendance.system.server.ServerLauncher.main(ServerLauncher.java:365)
	at org.codehaus.mojo.exec.ExecJavaMojo$1.run(ExecJavaMojo.java:279)
	at java.base/java.lang.Thread.run(Thread.java:1583)
Caused by: java.net.BindException: Address already in use
	at java.base/sun.nio.ch.Net.bind0(Native Method)
	at java.base/sun.nio.ch.Net.bind(Net.java:577)
	at java.base/sun.nio.ch.Net.bind(Net.java:566)
	at java.base/sun.nio.ch.NioSocketImpl.bind(NioSocketImpl.java:636)
	at java.base/java.net.ServerSocket.bind(ServerSocket.java:391)
	at java.base/java.net.ServerSocket.<init>(ServerSocket.java:278)
	at java.base/java.net.ServerSocket.<init>(ServerSocket.java:171)
	at java.rmi/sun.rmi.transport.tcp.TCPDirectSocketFactory.createServerSocket(TCPDirectSocketFactory.java:45)
	at java.rmi/sun.rmi.transport.tcp.TCPEndpoint.newServerSocket(TCPEndpoint.java:672)
	at java.rmi/sun.rmi.transport.tcp.TCPTransport.listen(TCPTransport.java:344)
	... 12 common frames omitted
2026-05-07 22:58:15.203 [com.attendance.system.server.ServerLauncher.main()] INFO  com.zaxxer.hikari.HikariDataSource - HikariPool-2 - Shutdown initiated...
2026-05-07 22:58:15.217 [com.attendance.system.server.ServerLauncher.main()] INFO  com.zaxxer.hikari.HikariDataSource - HikariPool-2 - Shutdown completed.
2026-05-07 22:58:15.218 [com.attendance.system.server.ServerLauncher.main()] INFO  c.a.system.dao.DatabaseManager - Database connection pool closed
2026-05-07 22:58:15.218 [com.attendance.system.server.ServerLauncher.main()] INFO  c.a.system.server.ServerLauncher - Database connections closed
2026-05-07 22:58:15.218 [com.attendance.system.server.ServerLauncher.main()] ERROR c.a.system.server.ServerLauncher - Server startup failed
java.rmi.server.ExportException: Port already in use: 1100; nested exception is: 
	java.net.BindException: Address already in use
	at java.rmi/sun.rmi.transport.tcp.TCPTransport.listen(TCPTransport.java:356)
	at java.rmi/sun.rmi.transport.tcp.TCPTransport.exportObject(TCPTransport.java:251)
	at java.rmi/sun.rmi.transport.tcp.TCPEndpoint.exportObject(TCPEndpoint.java:415)
	at java.rmi/sun.rmi.transport.LiveRef.exportObject(LiveRef.java:147)
	at java.rmi/sun.rmi.server.UnicastServerRef.exportObject(UnicastServerRef.java:235)
	at java.rmi/sun.rmi.registry.RegistryImpl.setup(RegistryImpl.java:223)
	at java.rmi/sun.rmi.registry.RegistryImpl.<init>(RegistryImpl.java:208)
	at java.rmi/java.rmi.registry.LocateRegistry.createRegistry(LocateRegistry.java:203)
	at com.attendance.system.server.ServerLauncher.setupRMIRegistry(ServerLauncher.java:208)
	at com.attendance.system.server.ServerLauncher.start(ServerLauncher.java:77)
	at com.attendance.system.server.ServerLauncher.main(ServerLauncher.java:365)
	at org.codehaus.mojo.exec.ExecJavaMojo$1.run(ExecJavaMojo.java:279)
	at java.base/java.lang.Thread.run(Thread.java:1583)
Caused by: java.net.BindException: Address already in use
	at java.base/sun.nio.ch.Net.bind0(Native Method)
	at java.base/sun.nio.ch.Net.bind(Net.java:577)
	at java.base/sun.nio.ch.Net.bind(Net.java:566)
	at java.base/sun.nio.ch.NioSocketImpl.bind(NioSocketImpl.java:636)
	at java.base/java.net.ServerSocket.bind(ServerSocket.java:391)
	at java.base/java.net.ServerSocket.<init>(ServerSocket.java:278)
	at java.base/java.net.ServerSocket.<init>(ServerSocket.java:171)
	at java.rmi/sun.rmi.transport.tcp.TCPDirectSocketFactory.createServerSocket(TCPDirectSocketFactory.java:45)
	at java.rmi/sun.rmi.transport.tcp.TCPEndpoint.newServerSocket(TCPEndpoint.java:672)
	at java.rmi/sun.rmi.transport.tcp.TCPTransport.listen(TCPTransport.java:344)
	... 12 common frames omitted
2026-05-07 22:58:16.720 [pool-1-thread-2] DEBUG c.a.system.server.ServerLauncher - Server stats - Active connections: 1, Total requests: 17
2026-05-07 22:58:57.007 [Thread-2] INFO  c.a.system.server.ServerLauncher - Shutdown hook triggered
2026-05-07 22:58:57.008 [Thread-2] INFO  c.a.system.server.ServerLauncher - Stopping Student Attendance System Server...
2026-05-07 22:58:57.008 [Thread-2] INFO  c.a.system.server.ServerLauncher - Service unbound from registry
2026-05-07 22:58:57.009 [Thread-2] INFO  c.a.system.server.ServerLauncher - Server unexported
2026-05-07 22:58:57.010 [Thread-2] INFO  com.zaxxer.hikari.HikariDataSource - HikariPool-2 - Shutdown initiated...
2026-05-07 22:58:57.031 [Thread-2] INFO  com.zaxxer.hikari.HikariDataSource - HikariPool-2 - Shutdown completed.
2026-05-07 22:58:57.032 [Thread-2] INFO  c.a.system.dao.DatabaseManager - Database connection pool closed
2026-05-07 22:58:57.033 [Thread-2] INFO  c.a.system.server.ServerLauncher - Database connections closed
2026-05-07 22:58:57.033 [Thread-2] INFO  c.a.system.server.ServerLauncher - Server stopped successfully
2026-05-07 22:59:19.584 [com.attendance.system.server.ServerLauncher.main()] INFO  c.a.system.server.ServerLauncher - Starting Student Attendance System Server...
2026-05-07 22:59:19.586 [com.attendance.system.server.ServerLauncher.main()] INFO  c.a.system.server.ServerLauncher - Initializing database connection...
2026-05-07 22:59:19.612 [com.attendance.system.server.ServerLauncher.main()] INFO  com.zaxxer.hikari.HikariDataSource - HikariPool-1 - Starting...
2026-05-07 22:59:19.995 [com.attendance.system.server.ServerLauncher.main()] INFO  com.zaxxer.hikari.pool.HikariPool - HikariPool-1 - Added connection com.mysql.cj.jdbc.ConnectionImpl@29d49bfa
2026-05-07 22:59:19.999 [com.attendance.system.server.ServerLauncher.main()] INFO  com.zaxxer.hikari.HikariDataSource - HikariPool-1 - Start completed.
2026-05-07 22:59:20.000 [com.attendance.system.server.ServerLauncher.main()] INFO  c.a.system.dao.DatabaseManager - Database connection pool initialized successfully
2026-05-07 22:59:20.014 [com.attendance.system.server.ServerLauncher.main()] DEBUG c.a.system.dao.DatabaseManager - Database connection test successful
2026-05-07 22:59:20.032 [com.attendance.system.server.ServerLauncher.main()] INFO  com.zaxxer.hikari.HikariDataSource - HikariPool-2 - Starting...
2026-05-07 22:59:20.038 [com.attendance.system.server.ServerLauncher.main()] INFO  com.zaxxer.hikari.pool.HikariPool - HikariPool-2 - Added connection com.mysql.cj.jdbc.ConnectionImpl@29e3ba86
2026-05-07 22:59:20.039 [com.attendance.system.server.ServerLauncher.main()] INFO  com.zaxxer.hikari.HikariDataSource - HikariPool-2 - Start completed.
2026-05-07 22:59:20.039 [com.attendance.system.server.ServerLauncher.main()] INFO  c.a.system.dao.DatabaseManager - Database connection pool initialized successfully
2026-05-07 22:59:20.043 [com.attendance.system.server.ServerLauncher.main()] DEBUG c.a.system.dao.DatabaseManager - Database connection test successful
2026-05-07 22:59:20.046 [com.attendance.system.server.ServerLauncher.main()] DEBUG c.a.system.dao.DatabaseManager - Database connection test successful
2026-05-07 22:59:20.047 [com.attendance.system.server.ServerLauncher.main()] INFO  c.a.system.server.ServerLauncher - Database connection established successfully
2026-05-07 22:59:20.049 [com.attendance.system.server.ServerLauncher.main()] DEBUG c.a.system.server.ServerLauncher - Setting up RMI system properties...
2026-05-07 22:59:20.050 [com.attendance.system.server.ServerLauncher.main()] INFO  c.a.system.server.ServerLauncher - RMI server hostname set to: localhost
2026-05-07 22:59:20.050 [com.attendance.system.server.ServerLauncher.main()] INFO  c.a.system.server.ServerLauncher - Setting up RMI registry on port 1100...
2026-05-07 22:59:20.089 [com.attendance.system.server.ServerLauncher.main()] INFO  c.a.system.server.ServerLauncher - Created new RMI registry on port 1100
2026-05-07 22:59:20.089 [com.attendance.system.server.ServerLauncher.main()] INFO  c.a.system.server.ServerLauncher - Creating and exporting attendance server...
2026-05-07 22:59:20.133 [com.attendance.system.server.ServerLauncher.main()] INFO  c.a.system.server.AttendanceServer - AttendanceServer initialized successfully
2026-05-07 22:59:20.133 [com.attendance.system.server.ServerLauncher.main()] INFO  c.a.system.server.AttendanceServer - Encryption enabled: false
2026-05-07 22:59:20.133 [com.attendance.system.server.ServerLauncher.main()] INFO  c.a.system.server.AttendanceServer - Max concurrent users: 100
2026-05-07 22:59:20.133 [com.attendance.system.server.ServerLauncher.main()] INFO  c.a.system.server.ServerLauncher - Attendance server created and exported successfully
2026-05-07 22:59:20.133 [com.attendance.system.server.ServerLauncher.main()] INFO  c.a.system.server.ServerLauncher - Binding server to registry with name 'AttendanceService'...
2026-05-07 22:59:20.134 [com.attendance.system.server.ServerLauncher.main()] INFO  c.a.system.server.ServerLauncher - Server bound to registry successfully
2026-05-07 22:59:20.134 [com.attendance.system.server.ServerLauncher.main()] INFO  c.a.system.server.ServerLauncher - Starting maintenance tasks...
2026-05-07 22:59:20.136 [com.attendance.system.server.ServerLauncher.main()] INFO  c.a.system.server.ServerLauncher - Maintenance tasks started
2026-05-07 22:59:20.137 [com.attendance.system.server.ServerLauncher.main()] INFO  c.a.system.server.ServerLauncher - Server started successfully!
2026-05-07 22:59:20.137 [com.attendance.system.server.ServerLauncher.main()] INFO  c.a.system.server.ServerLauncher - Service name: AttendanceService
2026-05-07 22:59:20.137 [com.attendance.system.server.ServerLauncher.main()] INFO  c.a.system.server.ServerLauncher - RMI registry port: 1100
2026-05-07 22:59:20.137 [com.attendance.system.server.ServerLauncher.main()] INFO  c.a.system.server.ServerLauncher - Server listening on port: 0
2026-05-07 22:59:20.137 [com.attendance.system.server.ServerLauncher.main()] INFO  c.a.system.server.ServerLauncher - Server is ready to accept client connections.
2026-05-07 22:59:37.892 [AWT-EventQueue-0] WARN  c.a.system.client.AttendanceGUI - Error during logout
java.rmi.ConnectException: Connection refused to host: localhost; nested exception is: 
	java.net.ConnectException: Connection refused
	at java.rmi/sun.rmi.transport.tcp.TCPEndpoint.newSocket(TCPEndpoint.java:625)
	at java.rmi/sun.rmi.transport.tcp.TCPChannel.createConnection(TCPChannel.java:217)
	at java.rmi/sun.rmi.transport.tcp.TCPChannel.newConnection(TCPChannel.java:204)
	at java.rmi/sun.rmi.server.UnicastRef.invoke(UnicastRef.java:134)
	at java.rmi/java.rmi.server.RemoteObjectInvocationHandler.invokeRemoteMethod(RemoteObjectInvocationHandler.java:215)
	at java.rmi/java.rmi.server.RemoteObjectInvocationHandler.invoke(RemoteObjectInvocationHandler.java:160)
	at jdk.proxy3/jdk.proxy3.$Proxy25.logout(Unknown Source)
	at com.attendance.system.client.AttendanceGUI.handleLogout(AttendanceGUI.java:382)
	at com.attendance.system.client.AdminDashboard.lambda$setupLayout$3(AdminDashboard.java:233)
	at java.desktop/javax.swing.AbstractButton.fireActionPerformed(AbstractButton.java:1972)
	at java.desktop/javax.swing.AbstractButton$Handler.actionPerformed(AbstractButton.java:2314)
	at java.desktop/javax.swing.DefaultButtonModel.fireActionPerformed(DefaultButtonModel.java:407)
	at java.desktop/javax.swing.DefaultButtonModel.setPressed(DefaultButtonModel.java:262)
	at java.desktop/javax.swing.plaf.basic.BasicButtonListener.mouseReleased(BasicButtonListener.java:279)
	at java.desktop/java.awt.Component.processMouseEvent(Component.java:6621)
	at java.desktop/javax.swing.JComponent.processMouseEvent(JComponent.java:3398)
	at java.desktop/java.awt.Component.processEvent(Component.java:6386)
	at java.desktop/java.awt.Container.processEvent(Container.java:2266)
	at java.desktop/java.awt.Component.dispatchEventImpl(Component.java:4996)
	at java.desktop/java.awt.Container.dispatchEventImpl(Container.java:2324)
	at java.desktop/java.awt.Component.dispatchEvent(Component.java:4828)
	at java.desktop/java.awt.LightweightDispatcher.retargetMouseEvent(Container.java:4948)
	at java.desktop/java.awt.LightweightDispatcher.processMouseEvent(Container.java:4575)
	at java.desktop/java.awt.LightweightDispatcher.dispatchEvent(Container.java:4516)
	at java.desktop/java.awt.Container.dispatchEventImpl(Container.java:2310)
	at java.desktop/java.awt.Window.dispatchEventImpl(Window.java:2780)
	at java.desktop/java.awt.Component.dispatchEvent(Component.java:4828)
	at java.desktop/java.awt.EventQueue.dispatchEventImpl(EventQueue.java:775)
	at java.desktop/java.awt.EventQueue$4.run(EventQueue.java:720)
	at java.desktop/java.awt.EventQueue$4.run(EventQueue.java:714)
	at java.base/java.security.AccessController.doPrivileged(AccessController.java:400)
	at java.base/java.security.ProtectionDomain$JavaSecurityAccessImpl.doIntersectionPrivilege(ProtectionDomain.java:87)
	at java.base/java.security.ProtectionDomain$JavaSecurityAccessImpl.doIntersectionPrivilege(ProtectionDomain.java:98)
	at java.desktop/java.awt.EventQueue$5.run(EventQueue.java:747)
	at java.desktop/java.awt.EventQueue$5.run(EventQueue.java:745)
	at java.base/java.security.AccessController.doPrivileged(AccessController.java:400)
	at java.base/java.security.ProtectionDomain$JavaSecurityAccessImpl.doIntersectionPrivilege(ProtectionDomain.java:87)
	at java.desktop/java.awt.EventQueue.dispatchEvent(EventQueue.java:744)
	at java.desktop/java.awt.EventDispatchThread.pumpOneEventForFilters(EventDispatchThread.java:203)
	at java.desktop/java.awt.EventDispatchThread.pumpEventsForFilter(EventDispatchThread.java:124)
	at java.desktop/java.awt.EventDispatchThread.pumpEventsForHierarchy(EventDispatchThread.java:113)
	at java.desktop/java.awt.EventDispatchThread.pumpEvents(EventDispatchThread.java:109)
	at java.desktop/java.awt.EventDispatchThread.pumpEvents(EventDispatchThread.java:101)
	at java.desktop/java.awt.EventDispatchThread.run(EventDispatchThread.java:90)
Caused by: java.net.ConnectException: Connection refused
	at java.base/sun.nio.ch.Net.connect0(Native Method)
	at java.base/sun.nio.ch.Net.connect(Net.java:601)
	at java.base/sun.nio.ch.Net.connect(Net.java:590)
	at java.base/sun.nio.ch.NioSocketImpl.connect(NioSocketImpl.java:583)
	at java.base/java.net.SocksSocketImpl.connect(SocksSocketImpl.java:327)
	at java.base/java.net.Socket.connect(Socket.java:751)
	at java.base/java.net.Socket.connect(Socket.java:686)
	at java.base/java.net.Socket.<init>(Socket.java:555)
	at java.base/java.net.Socket.<init>(Socket.java:324)
	at java.rmi/sun.rmi.transport.tcp.TCPDirectSocketFactory.createSocket(TCPDirectSocketFactory.java:40)
	at java.rmi/sun.rmi.transport.tcp.TCPEndpoint.newSocket(TCPEndpoint.java:619)
	... 43 common frames omitted
2026-05-07 22:59:50.184 [AWT-EventQueue-0] WARN  c.a.system.client.LoginFrame - Login failed for user: admin
java.util.concurrent.CompletionException: java.lang.RuntimeException: java.rmi.ConnectException: Connection refused to host: localhost; nested exception is: 
	java.net.ConnectException: Connection refused
	at java.base/java.util.concurrent.CompletableFuture.encodeThrowable(CompletableFuture.java:315)
	at java.base/java.util.concurrent.CompletableFuture.completeThrowable(CompletableFuture.java:320)
	at java.base/java.util.concurrent.CompletableFuture$AsyncSupply.run(CompletableFuture.java:1770)
	at java.base/java.util.concurrent.CompletableFuture$AsyncSupply.exec(CompletableFuture.java:1760)
	at java.base/java.util.concurrent.ForkJoinTask.doExec(ForkJoinTask.java:387)
	at java.base/java.util.concurrent.ForkJoinPool$WorkQueue.topLevelExec(ForkJoinPool.java:1312)
	at java.base/java.util.concurrent.ForkJoinPool.scan(ForkJoinPool.java:1843)
	at java.base/java.util.concurrent.ForkJoinPool.runWorker(ForkJoinPool.java:1808)
	at java.base/java.util.concurrent.ForkJoinWorkerThread.run(ForkJoinWorkerThread.java:188)
Caused by: java.lang.RuntimeException: java.rmi.ConnectException: Connection refused to host: localhost; nested exception is: 
	java.net.ConnectException: Connection refused
	at com.attendance.system.client.LoginFrame.lambda$performLogin$3(LoginFrame.java:445)
	at java.base/java.util.concurrent.CompletableFuture$AsyncSupply.run(CompletableFuture.java:1768)
	... 6 common frames omitted
Caused by: java.rmi.ConnectException: Connection refused to host: localhost; nested exception is: 
	java.net.ConnectException: Connection refused
	at java.rmi/sun.rmi.transport.tcp.TCPEndpoint.newSocket(TCPEndpoint.java:625)
	at java.rmi/sun.rmi.transport.tcp.TCPChannel.createConnection(TCPChannel.java:217)
	at java.rmi/sun.rmi.transport.tcp.TCPChannel.newConnection(TCPChannel.java:204)
	at java.rmi/sun.rmi.server.UnicastRef.invoke(UnicastRef.java:134)
	at java.rmi/java.rmi.server.RemoteObjectInvocationHandler.invokeRemoteMethod(RemoteObjectInvocationHandler.java:215)
	at java.rmi/java.rmi.server.RemoteObjectInvocationHandler.invoke(RemoteObjectInvocationHandler.java:160)
	at jdk.proxy3/jdk.proxy3.$Proxy25.authenticateUser(Unknown Source)
	at com.attendance.system.client.LoginFrame.lambda$performLogin$3(LoginFrame.java:443)
	... 7 common frames omitted
Caused by: java.net.ConnectException: Connection refused
	at java.base/sun.nio.ch.Net.connect0(Native Method)
	at java.base/sun.nio.ch.Net.connect(Net.java:601)
	at java.base/sun.nio.ch.Net.connect(Net.java:590)
	at java.base/sun.nio.ch.NioSocketImpl.connect(NioSocketImpl.java:583)
	at java.base/java.net.SocksSocketImpl.connect(SocksSocketImpl.java:327)
	at java.base/java.net.Socket.connect(Socket.java:751)
	at java.base/java.net.Socket.connect(Socket.java:686)
	at java.base/java.net.Socket.<init>(Socket.java:555)
	at java.base/java.net.Socket.<init>(Socket.java:324)
	at java.rmi/sun.rmi.transport.tcp.TCPDirectSocketFactory.createSocket(TCPDirectSocketFactory.java:40)
	at java.rmi/sun.rmi.transport.tcp.TCPEndpoint.newSocket(TCPEndpoint.java:619)
	... 14 common frames omitted
2026-05-07 23:00:09.722 [RMI TCP Connection(2)-127.0.0.1] DEBUG c.a.system.server.AttendanceServer - Executing method: authenticateUser
2026-05-07 23:00:09.723 [RMI TCP Connection(2)-127.0.0.1] DEBUG c.a.system.server.AttendanceServer - Authentication request for user: testteacher
2026-05-07 23:00:09.725 [RMI TCP Connection(2)-127.0.0.1] WARN  c.a.system.util.SecurityUtil - ATTENDANCE_ENCRYPTION_KEY environment variable not set. Using default key for development only.
2026-05-07 23:00:10.296 [RMI TCP Connection(2)-127.0.0.1] INFO  c.a.s.service.AuthenticationService - User authenticated successfully: testteacher (Role: Teacher)
2026-05-07 23:00:10.297 [RMI TCP Connection(2)-127.0.0.1] INFO  c.a.system.server.AttendanceServer - User authenticated successfully: testteacher (Active connections: 1)
2026-05-07 23:00:10.298 [RMI TCP Connection(2)-127.0.0.1] DEBUG c.a.system.server.AttendanceServer - Method authenticateUser completed in 576 ms
2026-05-07 23:00:10.347 [RMI TCP Connection(2)-127.0.0.1] DEBUG c.a.system.server.AttendanceServer - Executing method: getCoursesByTeacher
2026-05-07 23:00:10.358 [RMI TCP Connection(2)-127.0.0.1] DEBUG c.a.system.server.AttendanceServer - Method getCoursesByTeacher completed in 11 ms
2026-05-07 23:00:10.377 [RMI TCP Connection(2)-127.0.0.1] DEBUG c.a.system.server.AttendanceServer - Executing method: getCoursesByTeacher
2026-05-07 23:00:10.383 [RMI TCP Connection(2)-127.0.0.1] DEBUG c.a.system.server.AttendanceServer - Method getCoursesByTeacher completed in 6 ms
2026-05-07 23:00:10.388 [RMI TCP Connection(2)-127.0.0.1] DEBUG c.a.system.server.AttendanceServer - Executing method: getEnrolledStudents
2026-05-07 23:00:10.400 [RMI TCP Connection(2)-127.0.0.1] DEBUG c.a.system.server.AttendanceServer - Method getEnrolledStudents completed in 12 ms
2026-05-07 23:00:10.411 [RMI TCP Connection(2)-127.0.0.1] DEBUG c.a.system.server.AttendanceServer - Executing method: getCoursesByTeacher
2026-05-07 23:00:10.414 [RMI TCP Connection(2)-127.0.0.1] DEBUG c.a.system.server.AttendanceServer - Method getCoursesByTeacher completed in 3 ms
2026-05-07 23:00:10.418 [RMI TCP Connection(2)-127.0.0.1] DEBUG c.a.system.server.AttendanceServer - Executing method: getEnrolledStudents
2026-05-07 23:00:10.423 [RMI TCP Connection(2)-127.0.0.1] DEBUG c.a.system.server.AttendanceServer - Method getEnrolledStudents completed in 5 ms
2026-05-07 23:00:10.461 [RMI TCP Connection(2)-127.0.0.1] DEBUG c.a.system.server.AttendanceServer - Executing method: markAttendance
2026-05-07 23:00:10.463 [RMI TCP Connection(2)-127.0.0.1] WARN  c.a.system.server.AttendanceServer - Method markAttendance failed: Class time must be between 6:00 AM and 10:00 PM
2026-05-07 23:00:20.137 [pool-1-thread-2] DEBUG c.a.system.server.ServerLauncher - Server stats - Active connections: 1, Total requests: 7
2026-05-07 23:00:39.114 [RMI TCP Connection(4)-127.0.0.1] DEBUG c.a.system.server.AttendanceServer - Executing method: authenticateUser
2026-05-07 23:00:39.114 [RMI TCP Connection(4)-127.0.0.1] DEBUG c.a.system.server.AttendanceServer - Authentication request for user: testteacher
2026-05-07 23:00:39.512 [RMI TCP Connection(4)-127.0.0.1] INFO  c.a.s.service.AuthenticationService - User authenticated successfully: testteacher (Role: Teacher)
2026-05-07 23:00:39.513 [RMI TCP Connection(4)-127.0.0.1] INFO  c.a.system.server.AttendanceServer - User authenticated successfully: testteacher (Active connections: 2)
2026-05-07 23:00:39.513 [RMI TCP Connection(4)-127.0.0.1] DEBUG c.a.system.server.AttendanceServer - Method authenticateUser completed in 399 ms
2026-05-07 23:00:39.539 [RMI TCP Connection(4)-127.0.0.1] DEBUG c.a.system.server.AttendanceServer - Executing method: getCoursesByTeacher
2026-05-07 23:00:39.547 [RMI TCP Connection(4)-127.0.0.1] DEBUG c.a.system.server.AttendanceServer - Method getCoursesByTeacher completed in 8 ms
2026-05-07 23:00:39.569 [RMI TCP Connection(4)-127.0.0.1] DEBUG c.a.system.server.AttendanceServer - Executing method: getCoursesByTeacher
2026-05-07 23:00:39.573 [RMI TCP Connection(4)-127.0.0.1] DEBUG c.a.system.server.AttendanceServer - Method getCoursesByTeacher completed in 4 ms
2026-05-07 23:00:39.576 [RMI TCP Connection(4)-127.0.0.1] DEBUG c.a.system.server.AttendanceServer - Executing method: getEnrolledStudents
2026-05-07 23:00:39.584 [RMI TCP Connection(4)-127.0.0.1] DEBUG c.a.system.server.AttendanceServer - Method getEnrolledStudents completed in 8 ms
2026-05-07 23:00:39.594 [RMI TCP Connection(4)-127.0.0.1] DEBUG c.a.system.server.AttendanceServer - Executing method: getCoursesByTeacher
2026-05-07 23:00:39.597 [RMI TCP Connection(4)-127.0.0.1] DEBUG c.a.system.server.AttendanceServer - Method getCoursesByTeacher completed in 3 ms
2026-05-07 23:00:39.602 [RMI TCP Connection(4)-127.0.0.1] DEBUG c.a.system.server.AttendanceServer - Executing method: getEnrolledStudents
2026-05-07 23:00:39.610 [RMI TCP Connection(4)-127.0.0.1] DEBUG c.a.system.server.AttendanceServer - Method getEnrolledStudents completed in 8 ms
2026-05-07 23:00:39.648 [RMI TCP Connection(4)-127.0.0.1] DEBUG c.a.system.server.AttendanceServer - Executing method: markAttendance
2026-05-07 23:00:39.721 [RMI TCP Connection(4)-127.0.0.1] INFO  c.a.system.dao.AttendanceDAO - Attendance record inserted: AttendanceRecord{id=5, studentId=6, courseId=3, date=2026-05-07, time=09:00, status=Present, markedAt=2026-05-07T23:00:39.634090277}
2026-05-07 23:00:39.722 [RMI TCP Connection(4)-127.0.0.1] INFO  c.a.s.service.AttendanceServiceImpl - Attendance marked by user testteacher for student 6 in course 3 on 2026-05-07
2026-05-07 23:00:39.722 [RMI TCP Connection(4)-127.0.0.1] DEBUG c.a.system.server.AttendanceServer - Method markAttendance completed in 74 ms
2026-05-07 23:00:39.725 [RMI TCP Connection(4)-127.0.0.1] DEBUG c.a.system.server.AttendanceServer - Executing method: getCoursesByTeacher
2026-05-07 23:00:39.747 [RMI TCP Connection(4)-127.0.0.1] DEBUG c.a.system.server.AttendanceServer - Method getCoursesByTeacher completed in 22 ms
2026-05-07 23:00:39.752 [RMI TCP Connection(4)-127.0.0.1] DEBUG c.a.system.server.AttendanceServer - Executing method: getAttendanceByClassDate
2026-05-07 23:00:39.760 [RMI TCP Connection(4)-127.0.0.1] DEBUG c.a.system.server.AttendanceServer - Method getAttendanceByClassDate completed in 8 ms
2026-05-07 23:00:39.784 [RMI TCP Connection(4)-127.0.0.1] DEBUG c.a.system.server.AttendanceServer - Executing method: getCoursesByTeacher
2026-05-07 23:00:39.788 [RMI TCP Connection(4)-127.0.0.1] DEBUG c.a.system.server.AttendanceServer - Method getCoursesByTeacher completed in 4 ms
2026-05-07 23:00:39.790 [RMI TCP Connection(4)-127.0.0.1] DEBUG c.a.system.server.AttendanceServer - Executing method: getAttendanceByClassDate
2026-05-07 23:00:39.796 [RMI TCP Connection(4)-127.0.0.1] DEBUG c.a.system.server.AttendanceServer - Method getAttendanceByClassDate completed in 6 ms
2026-05-07 23:00:39.801 [RMI TCP Connection(4)-127.0.0.1] DEBUG c.a.system.server.AttendanceServer - Executing method: updateAttendance
2026-05-07 23:00:39.829 [RMI TCP Connection(4)-127.0.0.1] INFO  c.a.system.dao.AttendanceDAO - Attendance record updated: 2
2026-05-07 23:00:39.830 [RMI TCP Connection(4)-127.0.0.1] INFO  c.a.s.service.AttendanceServiceImpl - Attendance updated by user testteacher for record 2
2026-05-07 23:00:39.830 [RMI TCP Connection(4)-127.0.0.1] DEBUG c.a.system.server.AttendanceServer - Method updateAttendance completed in 29 ms
2026-05-07 23:00:39.832 [RMI TCP Connection(4)-127.0.0.1] DEBUG c.a.system.server.AttendanceServer - Executing method: getCoursesByTeacher
2026-05-07 23:00:39.834 [RMI TCP Connection(4)-127.0.0.1] DEBUG c.a.system.server.AttendanceServer - Method getCoursesByTeacher completed in 2 ms
2026-05-07 23:00:39.836 [RMI TCP Connection(4)-127.0.0.1] DEBUG c.a.system.server.AttendanceServer - Executing method: getEnrolledStudents
2026-05-07 23:00:39.841 [RMI TCP Connection(4)-127.0.0.1] DEBUG c.a.system.server.AttendanceServer - Method getEnrolledStudents completed in 5 ms
2026-05-07 23:00:39.851 [RMI TCP Connection(4)-127.0.0.1] DEBUG c.a.system.server.AttendanceServer - Executing method: getAttendanceRecords
2026-05-07 23:00:39.854 [RMI TCP Connection(4)-127.0.0.1] DEBUG c.a.system.server.AttendanceServer - Method getAttendanceRecords completed in 3 ms
2026-05-07 23:00:39.857 [RMI TCP Connection(4)-127.0.0.1] DEBUG c.a.system.server.AttendanceServer - Executing method: getCoursesByTeacher
2026-05-07 23:00:39.860 [RMI TCP Connection(4)-127.0.0.1] DEBUG c.a.system.server.AttendanceServer - Method getCoursesByTeacher completed in 3 ms
2026-05-07 23:00:39.864 [RMI TCP Connection(4)-127.0.0.1] DEBUG c.a.system.server.AttendanceServer - Executing method: getEnrolledStudents
2026-05-07 23:00:39.871 [RMI TCP Connection(4)-127.0.0.1] DEBUG c.a.system.server.AttendanceServer - Method getEnrolledStudents completed in 7 ms
2026-05-07 23:00:39.880 [RMI TCP Connection(4)-127.0.0.1] DEBUG c.a.system.server.AttendanceServer - Executing method: getAttendanceStatistics
2026-05-07 23:00:39.888 [RMI TCP Connection(4)-127.0.0.1] DEBUG c.a.system.server.AttendanceServer - Method getAttendanceStatistics completed in 8 ms
2026-05-07 23:00:39.908 [RMI TCP Connection(4)-127.0.0.1] DEBUG c.a.system.server.AttendanceServer - Executing method: validateSession
2026-05-07 23:00:39.908 [RMI TCP Connection(4)-127.0.0.1] DEBUG c.a.system.server.AttendanceServer - Method validateSession completed in 0 ms
2026-05-07 23:00:39.914 [RMI TCP Connection(4)-127.0.0.1] DEBUG c.a.system.server.AttendanceServer - Executing method: logout
2026-05-07 23:00:39.915 [RMI TCP Connection(4)-127.0.0.1] INFO  c.a.s.service.AuthenticationService - User logged out: testteacher
2026-05-07 23:00:39.916 [RMI TCP Connection(4)-127.0.0.1] INFO  c.a.system.server.AttendanceServer - User logged out: testteacher (Active connections: 1)
2026-05-07 23:00:39.916 [RMI TCP Connection(4)-127.0.0.1] DEBUG c.a.system.server.AttendanceServer - Method logout completed in 2 ms
2026-05-07 23:00:39.917 [RMI TCP Connection(4)-127.0.0.1] DEBUG c.a.system.server.AttendanceServer - Executing method: validateSession
2026-05-07 23:00:39.917 [RMI TCP Connection(4)-127.0.0.1] WARN  c.a.system.server.AttendanceServer - Method validateSession failed: Your session has expired. Please log in again
2026-05-07 23:01:10.584 [RMI TCP Connection(6)-127.0.0.1] DEBUG c.a.system.server.AttendanceServer - Executing method: authenticateUser
2026-05-07 23:01:10.584 [RMI TCP Connection(6)-127.0.0.1] DEBUG c.a.system.server.AttendanceServer - Authentication request for user: john.smith
2026-05-07 23:01:10.588 [RMI TCP Connection(6)-127.0.0.1] WARN  c.a.s.service.AuthenticationService - Authentication failed - user not found: john.smith
2026-05-07 23:01:10.588 [RMI TCP Connection(6)-127.0.0.1] WARN  c.a.system.server.AttendanceServer - Method authenticateUser failed: Invalid username or password
2026-05-07 23:01:20.136 [pool-1-thread-2] DEBUG c.a.system.server.ServerLauncher - Server stats - Active connections: 1, Total requests: 29
2026-05-07 23:02:15.919 [AWT-EventQueue-0] INFO  c.a.system.client.AttendanceGUI - Application exiting
2026-05-07 23:02:20.136 [pool-1-thread-2] DEBUG c.a.system.server.ServerLauncher - Server stats - Active connections: 1, Total requests: 29
2026-05-07 23:02:26.489 [com.attendance.system.server.ServerLauncher.main()] INFO  c.a.system.server.ServerLauncher - Starting Student Attendance System Server...
2026-05-07 23:02:26.490 [com.attendance.system.server.ServerLauncher.main()] INFO  c.a.system.server.ServerLauncher - Initializing database connection...
2026-05-07 23:02:26.513 [com.attendance.system.server.ServerLauncher.main()] INFO  com.zaxxer.hikari.HikariDataSource - HikariPool-1 - Starting...
2026-05-07 23:02:26.809 [com.attendance.system.server.ServerLauncher.main()] INFO  com.zaxxer.hikari.pool.HikariPool - HikariPool-1 - Added connection com.mysql.cj.jdbc.ConnectionImpl@3945f480
2026-05-07 23:02:26.812 [com.attendance.system.server.ServerLauncher.main()] INFO  com.zaxxer.hikari.HikariDataSource - HikariPool-1 - Start completed.
2026-05-07 23:02:26.813 [com.attendance.system.server.ServerLauncher.main()] INFO  c.a.system.dao.DatabaseManager - Database connection pool initialized successfully
2026-05-07 23:02:26.826 [com.attendance.system.server.ServerLauncher.main()] DEBUG c.a.system.dao.DatabaseManager - Database connection test successful
2026-05-07 23:02:26.840 [com.attendance.system.server.ServerLauncher.main()] INFO  com.zaxxer.hikari.HikariDataSource - HikariPool-2 - Starting...
2026-05-07 23:02:26.854 [com.attendance.system.server.ServerLauncher.main()] INFO  com.zaxxer.hikari.pool.HikariPool - HikariPool-2 - Added connection com.mysql.cj.jdbc.ConnectionImpl@61ada087
2026-05-07 23:02:26.855 [com.attendance.system.server.ServerLauncher.main()] INFO  com.zaxxer.hikari.HikariDataSource - HikariPool-2 - Start completed.
2026-05-07 23:02:26.855 [com.attendance.system.server.ServerLauncher.main()] INFO  c.a.system.dao.DatabaseManager - Database connection pool initialized successfully
2026-05-07 23:02:26.857 [com.attendance.system.server.ServerLauncher.main()] DEBUG c.a.system.dao.DatabaseManager - Database connection test successful
2026-05-07 23:02:26.859 [com.attendance.system.server.ServerLauncher.main()] DEBUG c.a.system.dao.DatabaseManager - Database connection test successful
2026-05-07 23:02:26.859 [com.attendance.system.server.ServerLauncher.main()] INFO  c.a.system.server.ServerLauncher - Database connection established successfully
2026-05-07 23:02:26.859 [com.attendance.system.server.ServerLauncher.main()] DEBUG c.a.system.server.ServerLauncher - Setting up RMI system properties...
2026-05-07 23:02:26.859 [com.attendance.system.server.ServerLauncher.main()] INFO  c.a.system.server.ServerLauncher - RMI server hostname set to: localhost
2026-05-07 23:02:26.860 [com.attendance.system.server.ServerLauncher.main()] INFO  c.a.system.server.ServerLauncher - Setting up RMI registry on port 1100...
2026-05-07 23:02:26.888 [com.attendance.system.server.ServerLauncher.main()] ERROR c.a.system.server.ServerLauncher - Failed to create RMI registry on port 1100
java.rmi.server.ExportException: Port already in use: 1100; nested exception is: 
	java.net.BindException: Address already in use
	at java.rmi/sun.rmi.transport.tcp.TCPTransport.listen(TCPTransport.java:356)
	at java.rmi/sun.rmi.transport.tcp.TCPTransport.exportObject(TCPTransport.java:251)
	at java.rmi/sun.rmi.transport.tcp.TCPEndpoint.exportObject(TCPEndpoint.java:415)
	at java.rmi/sun.rmi.transport.LiveRef.exportObject(LiveRef.java:147)
	at java.rmi/sun.rmi.server.UnicastServerRef.exportObject(UnicastServerRef.java:235)
	at java.rmi/sun.rmi.registry.RegistryImpl.setup(RegistryImpl.java:223)
	at java.rmi/sun.rmi.registry.RegistryImpl.<init>(RegistryImpl.java:208)
	at java.rmi/java.rmi.registry.LocateRegistry.createRegistry(LocateRegistry.java:203)
	at com.attendance.system.server.ServerLauncher.setupRMIRegistry(ServerLauncher.java:208)
	at com.attendance.system.server.ServerLauncher.start(ServerLauncher.java:77)
	at com.attendance.system.server.ServerLauncher.main(ServerLauncher.java:365)
	at org.codehaus.mojo.exec.ExecJavaMojo$1.run(ExecJavaMojo.java:279)
	at java.base/java.lang.Thread.run(Thread.java:1583)
Caused by: java.net.BindException: Address already in use
	at java.base/sun.nio.ch.Net.bind0(Native Method)
	at java.base/sun.nio.ch.Net.bind(Net.java:577)
	at java.base/sun.nio.ch.Net.bind(Net.java:566)
	at java.base/sun.nio.ch.NioSocketImpl.bind(NioSocketImpl.java:636)
	at java.base/java.net.ServerSocket.bind(ServerSocket.java:391)
	at java.base/java.net.ServerSocket.<init>(ServerSocket.java:278)
	at java.base/java.net.ServerSocket.<init>(ServerSocket.java:171)
	at java.rmi/sun.rmi.transport.tcp.TCPDirectSocketFactory.createServerSocket(TCPDirectSocketFactory.java:45)
	at java.rmi/sun.rmi.transport.tcp.TCPEndpoint.newServerSocket(TCPEndpoint.java:672)
	at java.rmi/sun.rmi.transport.tcp.TCPTransport.listen(TCPTransport.java:344)
	... 12 common frames omitted
2026-05-07 23:02:26.895 [com.attendance.system.server.ServerLauncher.main()] ERROR c.a.system.server.ServerLauncher - Failed to start server
java.rmi.server.ExportException: Port already in use: 1100; nested exception is: 
	java.net.BindException: Address already in use
	at java.rmi/sun.rmi.transport.tcp.TCPTransport.listen(TCPTransport.java:356)
	at java.rmi/sun.rmi.transport.tcp.TCPTransport.exportObject(TCPTransport.java:251)
	at java.rmi/sun.rmi.transport.tcp.TCPEndpoint.exportObject(TCPEndpoint.java:415)
	at java.rmi/sun.rmi.transport.LiveRef.exportObject(LiveRef.java:147)
	at java.rmi/sun.rmi.server.UnicastServerRef.exportObject(UnicastServerRef.java:235)
	at java.rmi/sun.rmi.registry.RegistryImpl.setup(RegistryImpl.java:223)
	at java.rmi/sun.rmi.registry.RegistryImpl.<init>(RegistryImpl.java:208)
	at java.rmi/java.rmi.registry.LocateRegistry.createRegistry(LocateRegistry.java:203)
	at com.attendance.system.server.ServerLauncher.setupRMIRegistry(ServerLauncher.java:208)
	at com.attendance.system.server.ServerLauncher.start(ServerLauncher.java:77)
	at com.attendance.system.server.ServerLauncher.main(ServerLauncher.java:365)
	at org.codehaus.mojo.exec.ExecJavaMojo$1.run(ExecJavaMojo.java:279)
	at java.base/java.lang.Thread.run(Thread.java:1583)
Caused by: java.net.BindException: Address already in use
	at java.base/sun.nio.ch.Net.bind0(Native Method)
	at java.base/sun.nio.ch.Net.bind(Net.java:577)
	at java.base/sun.nio.ch.Net.bind(Net.java:566)
	at java.base/sun.nio.ch.NioSocketImpl.bind(NioSocketImpl.java:636)
	at java.base/java.net.ServerSocket.bind(ServerSocket.java:391)
	at java.base/java.net.ServerSocket.<init>(ServerSocket.java:278)
	at java.base/java.net.ServerSocket.<init>(ServerSocket.java:171)
	at java.rmi/sun.rmi.transport.tcp.TCPDirectSocketFactory.createServerSocket(TCPDirectSocketFactory.java:45)
	at java.rmi/sun.rmi.transport.tcp.TCPEndpoint.newServerSocket(TCPEndpoint.java:672)
	at java.rmi/sun.rmi.transport.tcp.TCPTransport.listen(TCPTransport.java:344)
	... 12 common frames omitted
2026-05-07 23:02:26.898 [com.attendance.system.server.ServerLauncher.main()] INFO  com.zaxxer.hikari.HikariDataSource - HikariPool-2 - Shutdown initiated...
2026-05-07 23:02:26.924 [com.attendance.system.server.ServerLauncher.main()] INFO  com.zaxxer.hikari.HikariDataSource - HikariPool-2 - Shutdown completed.
2026-05-07 23:02:26.925 [com.attendance.system.server.ServerLauncher.main()] INFO  c.a.system.dao.DatabaseManager - Database connection pool closed
2026-05-07 23:02:26.927 [com.attendance.system.server.ServerLauncher.main()] INFO  c.a.system.server.ServerLauncher - Database connections closed
2026-05-07 23:02:26.928 [com.attendance.system.server.ServerLauncher.main()] ERROR c.a.system.server.ServerLauncher - Server startup failed
java.rmi.server.ExportException: Port already in use: 1100; nested exception is: 
	java.net.BindException: Address already in use
	at java.rmi/sun.rmi.transport.tcp.TCPTransport.listen(TCPTransport.java:356)
	at java.rmi/sun.rmi.transport.tcp.TCPTransport.exportObject(TCPTransport.java:251)
	at java.rmi/sun.rmi.transport.tcp.TCPEndpoint.exportObject(TCPEndpoint.java:415)
	at java.rmi/sun.rmi.transport.LiveRef.exportObject(LiveRef.java:147)
	at java.rmi/sun.rmi.server.UnicastServerRef.exportObject(UnicastServerRef.java:235)
	at java.rmi/sun.rmi.registry.RegistryImpl.setup(RegistryImpl.java:223)
	at java.rmi/sun.rmi.registry.RegistryImpl.<init>(RegistryImpl.java:208)
	at java.rmi/java.rmi.registry.LocateRegistry.createRegistry(LocateRegistry.java:203)
	at com.attendance.system.server.ServerLauncher.setupRMIRegistry(ServerLauncher.java:208)
	at com.attendance.system.server.ServerLauncher.start(ServerLauncher.java:77)
	at com.attendance.system.server.ServerLauncher.main(ServerLauncher.java:365)
	at org.codehaus.mojo.exec.ExecJavaMojo$1.run(ExecJavaMojo.java:279)
	at java.base/java.lang.Thread.run(Thread.java:1583)
Caused by: java.net.BindException: Address already in use
	at java.base/sun.nio.ch.Net.bind0(Native Method)
	at java.base/sun.nio.ch.Net.bind(Net.java:577)
	at java.base/sun.nio.ch.Net.bind(Net.java:566)
	at java.base/sun.nio.ch.NioSocketImpl.bind(NioSocketImpl.java:636)
	at java.base/java.net.ServerSocket.bind(ServerSocket.java:391)
	at java.base/java.net.ServerSocket.<init>(ServerSocket.java:278)
	at java.base/java.net.ServerSocket.<init>(ServerSocket.java:171)
	at java.rmi/sun.rmi.transport.tcp.TCPDirectSocketFactory.createServerSocket(TCPDirectSocketFactory.java:45)
	at java.rmi/sun.rmi.transport.tcp.TCPEndpoint.newServerSocket(TCPEndpoint.java:672)
	at java.rmi/sun.rmi.transport.tcp.TCPTransport.listen(TCPTransport.java:344)
	... 12 common frames omitted
2026-05-07 23:02:39.459 [Thread-2] INFO  c.a.system.server.ServerLauncher - Shutdown hook triggered
2026-05-07 23:02:39.461 [Thread-2] INFO  c.a.system.server.ServerLauncher - Stopping Student Attendance System Server...
2026-05-07 23:02:39.463 [Thread-2] INFO  c.a.system.server.ServerLauncher - Service unbound from registry
2026-05-07 23:02:39.468 [Thread-2] INFO  c.a.system.server.ServerLauncher - Server unexported
2026-05-07 23:02:39.470 [Thread-2] INFO  com.zaxxer.hikari.HikariDataSource - HikariPool-2 - Shutdown initiated...
2026-05-07 23:02:39.492 [Thread-2] INFO  com.zaxxer.hikari.HikariDataSource - HikariPool-2 - Shutdown completed.
2026-05-07 23:02:39.492 [Thread-2] INFO  c.a.system.dao.DatabaseManager - Database connection pool closed
2026-05-07 23:02:39.492 [Thread-2] INFO  c.a.system.server.ServerLauncher - Database connections closed
2026-05-07 23:02:39.492 [Thread-2] INFO  c.a.system.server.ServerLauncher - Server stopped successfully
2026-05-07 23:02:39.494 [SessionCleanup] INFO  c.a.s.service.AuthenticationService - Session cleanup thread interrupted
2026-05-07 23:02:46.724 [com.attendance.system.server.ServerLauncher.main()] INFO  c.a.system.server.ServerLauncher - Starting Student Attendance System Server...
2026-05-07 23:02:46.725 [com.attendance.system.server.ServerLauncher.main()] INFO  c.a.system.server.ServerLauncher - Initializing database connection...
2026-05-07 23:02:46.747 [com.attendance.system.server.ServerLauncher.main()] INFO  com.zaxxer.hikari.HikariDataSource - HikariPool-1 - Starting...
2026-05-07 23:02:47.067 [com.attendance.system.server.ServerLauncher.main()] INFO  com.zaxxer.hikari.pool.HikariPool - HikariPool-1 - Added connection com.mysql.cj.jdbc.ConnectionImpl@239e752e
2026-05-07 23:02:47.071 [com.attendance.system.server.ServerLauncher.main()] INFO  com.zaxxer.hikari.HikariDataSource - HikariPool-1 - Start completed.
2026-05-07 23:02:47.071 [com.attendance.system.server.ServerLauncher.main()] INFO  c.a.system.dao.DatabaseManager - Database connection pool initialized successfully
2026-05-07 23:02:47.082 [com.attendance.system.server.ServerLauncher.main()] DEBUG c.a.system.dao.DatabaseManager - Database connection test successful
2026-05-07 23:02:47.097 [com.attendance.system.server.ServerLauncher.main()] INFO  com.zaxxer.hikari.HikariDataSource - HikariPool-2 - Starting...
2026-05-07 23:02:47.111 [com.attendance.system.server.ServerLauncher.main()] INFO  com.zaxxer.hikari.pool.HikariPool - HikariPool-2 - Added connection com.mysql.cj.jdbc.ConnectionImpl@6eefa10b
2026-05-07 23:02:47.112 [com.attendance.system.server.ServerLauncher.main()] INFO  com.zaxxer.hikari.HikariDataSource - HikariPool-2 - Start completed.
2026-05-07 23:02:47.113 [com.attendance.system.server.ServerLauncher.main()] INFO  c.a.system.dao.DatabaseManager - Database connection pool initialized successfully
2026-05-07 23:02:47.115 [com.attendance.system.server.ServerLauncher.main()] DEBUG c.a.system.dao.DatabaseManager - Database connection test successful
2026-05-07 23:02:47.121 [com.attendance.system.server.ServerLauncher.main()] DEBUG c.a.system.dao.DatabaseManager - Database connection test successful
2026-05-07 23:02:47.122 [com.attendance.system.server.ServerLauncher.main()] INFO  c.a.system.server.ServerLauncher - Database connection established successfully
2026-05-07 23:02:47.125 [com.attendance.system.server.ServerLauncher.main()] DEBUG c.a.system.server.ServerLauncher - Setting up RMI system properties...
2026-05-07 23:02:47.125 [com.attendance.system.server.ServerLauncher.main()] INFO  c.a.system.server.ServerLauncher - RMI server hostname set to: localhost
2026-05-07 23:02:47.126 [com.attendance.system.server.ServerLauncher.main()] INFO  c.a.system.server.ServerLauncher - Setting up RMI registry on port 1100...
2026-05-07 23:02:47.175 [com.attendance.system.server.ServerLauncher.main()] INFO  c.a.system.server.ServerLauncher - Created new RMI registry on port 1100
2026-05-07 23:02:47.175 [com.attendance.system.server.ServerLauncher.main()] INFO  c.a.system.server.ServerLauncher - Creating and exporting attendance server...
2026-05-07 23:02:47.223 [com.attendance.system.server.ServerLauncher.main()] INFO  c.a.system.server.AttendanceServer - AttendanceServer initialized successfully
2026-05-07 23:02:47.224 [com.attendance.system.server.ServerLauncher.main()] INFO  c.a.system.server.AttendanceServer - Encryption enabled: false
2026-05-07 23:02:47.224 [com.attendance.system.server.ServerLauncher.main()] INFO  c.a.system.server.AttendanceServer - Max concurrent users: 100
2026-05-07 23:02:47.225 [com.attendance.system.server.ServerLauncher.main()] INFO  c.a.system.server.ServerLauncher - Attendance server created and exported successfully
2026-05-07 23:02:47.225 [com.attendance.system.server.ServerLauncher.main()] INFO  c.a.system.server.ServerLauncher - Binding server to registry with name 'AttendanceService'...
2026-05-07 23:02:47.225 [com.attendance.system.server.ServerLauncher.main()] INFO  c.a.system.server.ServerLauncher - Server bound to registry successfully
2026-05-07 23:02:47.225 [com.attendance.system.server.ServerLauncher.main()] INFO  c.a.system.server.ServerLauncher - Starting maintenance tasks...
2026-05-07 23:02:47.227 [com.attendance.system.server.ServerLauncher.main()] INFO  c.a.system.server.ServerLauncher - Maintenance tasks started
2026-05-07 23:02:47.228 [com.attendance.system.server.ServerLauncher.main()] INFO  c.a.system.server.ServerLauncher - Server started successfully!
2026-05-07 23:02:47.228 [com.attendance.system.server.ServerLauncher.main()] INFO  c.a.system.server.ServerLauncher - Service name: AttendanceService
2026-05-07 23:02:47.229 [com.attendance.system.server.ServerLauncher.main()] INFO  c.a.system.server.ServerLauncher - RMI registry port: 1100
2026-05-07 23:02:47.229 [com.attendance.system.server.ServerLauncher.main()] INFO  c.a.system.server.ServerLauncher - Server listening on port: 0
2026-05-07 23:02:47.229 [com.attendance.system.server.ServerLauncher.main()] INFO  c.a.system.server.ServerLauncher - Server is ready to accept client connections.
2026-05-07 23:03:12.710 [AWT-EventQueue-0] INFO  c.a.system.client.AttendanceGUI - GUI initialized successfully
2026-05-07 23:03:12.712 [ForkJoinPool.commonPool-worker-2] INFO  c.a.system.client.AttendanceGUI - Attempting to connect to server: rmi://localhost:1100/AttendanceService
2026-05-07 23:03:13.175 [AWT-EventQueue-0] INFO  c.a.system.client.AttendanceGUI - Successfully connected to server
2026-05-07 23:03:36.522 [RMI TCP Connection(2)-127.0.0.1] DEBUG c.a.system.server.AttendanceServer - Executing method: authenticateUser
2026-05-07 23:03:36.524 [RMI TCP Connection(2)-127.0.0.1] DEBUG c.a.system.server.AttendanceServer - Authentication request for user: wolde
2026-05-07 23:03:36.534 [RMI TCP Connection(2)-127.0.0.1] WARN  c.a.system.util.SecurityUtil - ATTENDANCE_ENCRYPTION_KEY environment variable not set. Using default key for development only.
2026-05-07 23:03:37.064 [RMI TCP Connection(2)-127.0.0.1] WARN  c.a.s.service.AuthenticationService - Authentication failed - invalid password for user: wolde
2026-05-07 23:03:37.064 [RMI TCP Connection(2)-127.0.0.1] WARN  c.a.system.server.AttendanceServer - Method authenticateUser failed: Invalid username or password
2026-05-07 23:03:37.092 [AWT-EventQueue-0] WARN  c.a.system.client.LoginFrame - Login failed for user: wolde
java.util.concurrent.CompletionException: java.lang.RuntimeException: java.rmi.ServerException: RemoteException occurred in server thread; nested exception is: 
	java.rmi.RemoteException: Service error in authenticateUser: Invalid username or password
	at java.base/java.util.concurrent.CompletableFuture.encodeThrowable(CompletableFuture.java:315)
	at java.base/java.util.concurrent.CompletableFuture.completeThrowable(CompletableFuture.java:320)
	at java.base/java.util.concurrent.CompletableFuture$AsyncSupply.run(CompletableFuture.java:1770)
	at java.base/java.util.concurrent.CompletableFuture$AsyncSupply.exec(CompletableFuture.java:1760)
	at java.base/java.util.concurrent.ForkJoinTask.doExec(ForkJoinTask.java:387)
	at java.base/java.util.concurrent.ForkJoinPool$WorkQueue.topLevelExec(ForkJoinPool.java:1312)
	at java.base/java.util.concurrent.ForkJoinPool.scan(ForkJoinPool.java:1843)
	at java.base/java.util.concurrent.ForkJoinPool.runWorker(ForkJoinPool.java:1808)
	at java.base/java.util.concurrent.ForkJoinWorkerThread.run(ForkJoinWorkerThread.java:188)
Caused by: java.lang.RuntimeException: java.rmi.ServerException: RemoteException occurred in server thread; nested exception is: 
	java.rmi.RemoteException: Service error in authenticateUser: Invalid username or password
	at com.attendance.system.client.LoginFrame.lambda$performLogin$3(LoginFrame.java:445)
	at java.base/java.util.concurrent.CompletableFuture$AsyncSupply.run(CompletableFuture.java:1768)
	... 6 common frames omitted
Caused by: java.rmi.ServerException: RemoteException occurred in server thread; nested exception is: 
	java.rmi.RemoteException: Service error in authenticateUser: Invalid username or password
	at java.rmi/sun.rmi.server.UnicastServerRef.dispatch(UnicastServerRef.java:392)
	at java.rmi/sun.rmi.transport.Transport$1.run(Transport.java:200)
	at java.rmi/sun.rmi.transport.Transport$1.run(Transport.java:197)
	at java.base/java.security.AccessController.doPrivileged(AccessController.java:714)
	at java.rmi/sun.rmi.transport.Transport.serviceCall(Transport.java:196)
	at java.rmi/sun.rmi.transport.tcp.TCPTransport.handleMessages(TCPTransport.java:598)
	at java.rmi/sun.rmi.transport.tcp.TCPTransport$ConnectionHandler.run0(TCPTransport.java:844)
	at java.rmi/sun.rmi.transport.tcp.TCPTransport$ConnectionHandler.lambda$run$0(TCPTransport.java:721)
	at java.base/java.security.AccessController.doPrivileged(AccessController.java:400)
	at java.rmi/sun.rmi.transport.tcp.TCPTransport$ConnectionHandler.run(TCPTransport.java:720)
	at java.base/java.util.concurrent.ThreadPoolExecutor.runWorker(ThreadPoolExecutor.java:1144)
	at java.base/java.util.concurrent.ThreadPoolExecutor$Worker.run(ThreadPoolExecutor.java:642)
	at java.base/java.lang.Thread.run(Thread.java:1583)
	at java.rmi/sun.rmi.transport.StreamRemoteCall.exceptionReceivedFromServer(StreamRemoteCall.java:304)
	at java.rmi/sun.rmi.transport.StreamRemoteCall.executeCall(StreamRemoteCall.java:280)
	at java.rmi/sun.rmi.server.UnicastRef.invoke(UnicastRef.java:166)
	at java.rmi/java.rmi.server.RemoteObjectInvocationHandler.invokeRemoteMethod(RemoteObjectInvocationHandler.java:215)
	at java.rmi/java.rmi.server.RemoteObjectInvocationHandler.invoke(RemoteObjectInvocationHandler.java:160)
	at jdk.proxy3/jdk.proxy3.$Proxy25.authenticateUser(Unknown Source)
	at com.attendance.system.client.LoginFrame.lambda$performLogin$3(LoginFrame.java:443)
	... 7 common frames omitted
Caused by: java.rmi.RemoteException: Service error in authenticateUser: Invalid username or password
	at com.attendance.system.server.AttendanceServer.executeWithErrorHandling(AttendanceServer.java:1168)
	at com.attendance.system.server.AttendanceServer.authenticateUser(AttendanceServer.java:109)
	at java.base/jdk.internal.reflect.DirectMethodHandleAccessor.invoke(DirectMethodHandleAccessor.java:103)
	at java.base/java.lang.reflect.Method.invoke(Method.java:580)
	at java.rmi/sun.rmi.server.UnicastServerRef.dispatch(UnicastServerRef.java:360)
	at java.rmi/sun.rmi.transport.Transport$1.run(Transport.java:200)
	at java.rmi/sun.rmi.transport.Transport$1.run(Transport.java:197)
	at java.base/java.security.AccessController.doPrivileged(AccessController.java:714)
	at java.rmi/sun.rmi.transport.Transport.serviceCall(Transport.java:196)
	at java.rmi/sun.rmi.transport.tcp.TCPTransport.handleMessages(TCPTransport.java:598)
	at java.rmi/sun.rmi.transport.tcp.TCPTransport$ConnectionHandler.run0(TCPTransport.java:844)
	at java.rmi/sun.rmi.transport.tcp.TCPTransport$ConnectionHandler.lambda$run$0(TCPTransport.java:721)
	at java.base/java.security.AccessController.doPrivileged(AccessController.java:400)
	at java.rmi/sun.rmi.transport.tcp.TCPTransport$ConnectionHandler.run(TCPTransport.java:720)
	at java.base/java.util.concurrent.ThreadPoolExecutor.runWorker(ThreadPoolExecutor.java:1144)
	at java.base/java.util.concurrent.ThreadPoolExecutor$Worker.run(ThreadPoolExecutor.java:642)
	at java.base/java.lang.Thread.run(Thread.java:1583)
2026-05-07 23:03:43.789 [RMI TCP Connection(3)-127.0.0.1] DEBUG c.a.system.server.AttendanceServer - Executing method: authenticateUser
2026-05-07 23:03:43.789 [RMI TCP Connection(3)-127.0.0.1] DEBUG c.a.system.server.AttendanceServer - Authentication request for user: wolde
2026-05-07 23:03:44.144 [RMI TCP Connection(3)-127.0.0.1] WARN  c.a.s.service.AuthenticationService - Authentication failed - invalid password for user: wolde
2026-05-07 23:03:44.144 [RMI TCP Connection(3)-127.0.0.1] WARN  c.a.system.server.AttendanceServer - Method authenticateUser failed: Invalid username or password
2026-05-07 23:03:44.150 [AWT-EventQueue-0] WARN  c.a.system.client.LoginFrame - Login failed for user: wolde
java.util.concurrent.CompletionException: java.lang.RuntimeException: java.rmi.ServerException: RemoteException occurred in server thread; nested exception is: 
	java.rmi.RemoteException: Service error in authenticateUser: Invalid username or password
	at java.base/java.util.concurrent.CompletableFuture.encodeThrowable(CompletableFuture.java:315)
	at java.base/java.util.concurrent.CompletableFuture.completeThrowable(CompletableFuture.java:320)
	at java.base/java.util.concurrent.CompletableFuture$AsyncSupply.run(CompletableFuture.java:1770)
	at java.base/java.util.concurrent.CompletableFuture$AsyncSupply.exec(CompletableFuture.java:1760)
	at java.base/java.util.concurrent.ForkJoinTask.doExec(ForkJoinTask.java:387)
	at java.base/java.util.concurrent.ForkJoinPool$WorkQueue.topLevelExec(ForkJoinPool.java:1312)
	at java.base/java.util.concurrent.ForkJoinPool.scan(ForkJoinPool.java:1843)
	at java.base/java.util.concurrent.ForkJoinPool.runWorker(ForkJoinPool.java:1808)
	at java.base/java.util.concurrent.ForkJoinWorkerThread.run(ForkJoinWorkerThread.java:188)
Caused by: java.lang.RuntimeException: java.rmi.ServerException: RemoteException occurred in server thread; nested exception is: 
	java.rmi.RemoteException: Service error in authenticateUser: Invalid username or password
	at com.attendance.system.client.LoginFrame.lambda$performLogin$3(LoginFrame.java:445)
	at java.base/java.util.concurrent.CompletableFuture$AsyncSupply.run(CompletableFuture.java:1768)
	... 6 common frames omitted
Caused by: java.rmi.ServerException: RemoteException occurred in server thread; nested exception is: 
	java.rmi.RemoteException: Service error in authenticateUser: Invalid username or password
	at java.rmi/sun.rmi.server.UnicastServerRef.dispatch(UnicastServerRef.java:392)
	at java.rmi/sun.rmi.transport.Transport$1.run(Transport.java:200)
	at java.rmi/sun.rmi.transport.Transport$1.run(Transport.java:197)
	at java.base/java.security.AccessController.doPrivileged(AccessController.java:714)
	at java.rmi/sun.rmi.transport.Transport.serviceCall(Transport.java:196)
	at java.rmi/sun.rmi.transport.tcp.TCPTransport.handleMessages(TCPTransport.java:598)
	at java.rmi/sun.rmi.transport.tcp.TCPTransport$ConnectionHandler.run0(TCPTransport.java:844)
	at java.rmi/sun.rmi.transport.tcp.TCPTransport$ConnectionHandler.lambda$run$0(TCPTransport.java:721)
	at java.base/java.security.AccessController.doPrivileged(AccessController.java:400)
	at java.rmi/sun.rmi.transport.tcp.TCPTransport$ConnectionHandler.run(TCPTransport.java:720)
	at java.base/java.util.concurrent.ThreadPoolExecutor.runWorker(ThreadPoolExecutor.java:1144)
	at java.base/java.util.concurrent.ThreadPoolExecutor$Worker.run(ThreadPoolExecutor.java:642)
	at java.base/java.lang.Thread.run(Thread.java:1583)
	at java.rmi/sun.rmi.transport.StreamRemoteCall.exceptionReceivedFromServer(StreamRemoteCall.java:304)
	at java.rmi/sun.rmi.transport.StreamRemoteCall.executeCall(StreamRemoteCall.java:280)
	at java.rmi/sun.rmi.server.UnicastRef.invoke(UnicastRef.java:166)
	at java.rmi/java.rmi.server.RemoteObjectInvocationHandler.invokeRemoteMethod(RemoteObjectInvocationHandler.java:215)
	at java.rmi/java.rmi.server.RemoteObjectInvocationHandler.invoke(RemoteObjectInvocationHandler.java:160)
	at jdk.proxy3/jdk.proxy3.$Proxy25.authenticateUser(Unknown Source)
	at com.attendance.system.client.LoginFrame.lambda$performLogin$3(LoginFrame.java:443)
	... 7 common frames omitted
Caused by: java.rmi.RemoteException: Service error in authenticateUser: Invalid username or password
	at com.attendance.system.server.AttendanceServer.executeWithErrorHandling(AttendanceServer.java:1168)
	at com.attendance.system.server.AttendanceServer.authenticateUser(AttendanceServer.java:109)
	at java.base/jdk.internal.reflect.DirectMethodHandleAccessor.invoke(DirectMethodHandleAccessor.java:103)
	at java.base/java.lang.reflect.Method.invoke(Method.java:580)
	at java.rmi/sun.rmi.server.UnicastServerRef.dispatch(UnicastServerRef.java:360)
	at java.rmi/sun.rmi.transport.Transport$1.run(Transport.java:200)
	at java.rmi/sun.rmi.transport.Transport$1.run(Transport.java:197)
	at java.base/java.security.AccessController.doPrivileged(AccessController.java:714)
	at java.rmi/sun.rmi.transport.Transport.serviceCall(Transport.java:196)
	at java.rmi/sun.rmi.transport.tcp.TCPTransport.handleMessages(TCPTransport.java:598)
	at java.rmi/sun.rmi.transport.tcp.TCPTransport$ConnectionHandler.run0(TCPTransport.java:844)
	at java.rmi/sun.rmi.transport.tcp.TCPTransport$ConnectionHandler.lambda$run$0(TCPTransport.java:721)
	at java.base/java.security.AccessController.doPrivileged(AccessController.java:400)
	at java.rmi/sun.rmi.transport.tcp.TCPTransport$ConnectionHandler.run(TCPTransport.java:720)
	at java.base/java.util.concurrent.ThreadPoolExecutor.runWorker(ThreadPoolExecutor.java:1144)
	at java.base/java.util.concurrent.ThreadPoolExecutor$Worker.run(ThreadPoolExecutor.java:642)
	at java.base/java.lang.Thread.run(Thread.java:1583)
2026-05-07 23:03:45.539 [RMI TCP Connection(4)-127.0.0.1] DEBUG c.a.system.server.AttendanceServer - Executing method: authenticateUser
2026-05-07 23:03:45.540 [RMI TCP Connection(4)-127.0.0.1] DEBUG c.a.system.server.AttendanceServer - Authentication request for user: wolde
2026-05-07 23:03:45.915 [RMI TCP Connection(4)-127.0.0.1] WARN  c.a.s.service.AuthenticationService - Authentication failed - invalid password for user: wolde
2026-05-07 23:03:45.916 [RMI TCP Connection(4)-127.0.0.1] WARN  c.a.system.server.AttendanceServer - Method authenticateUser failed: Invalid username or password
2026-05-07 23:03:45.923 [AWT-EventQueue-0] WARN  c.a.system.client.LoginFrame - Login failed for user: wolde
java.util.concurrent.CompletionException: java.lang.RuntimeException: java.rmi.ServerException: RemoteException occurred in server thread; nested exception is: 
	java.rmi.RemoteException: Service error in authenticateUser: Invalid username or password
	at java.base/java.util.concurrent.CompletableFuture.encodeThrowable(CompletableFuture.java:315)
	at java.base/java.util.concurrent.CompletableFuture.completeThrowable(CompletableFuture.java:320)
	at java.base/java.util.concurrent.CompletableFuture$AsyncSupply.run(CompletableFuture.java:1770)
	at java.base/java.util.concurrent.CompletableFuture$AsyncSupply.exec(CompletableFuture.java:1760)
	at java.base/java.util.concurrent.ForkJoinTask.doExec(ForkJoinTask.java:387)
	at java.base/java.util.concurrent.ForkJoinPool$WorkQueue.topLevelExec(ForkJoinPool.java:1312)
	at java.base/java.util.concurrent.ForkJoinPool.scan(ForkJoinPool.java:1843)
	at java.base/java.util.concurrent.ForkJoinPool.runWorker(ForkJoinPool.java:1808)
	at java.base/java.util.concurrent.ForkJoinWorkerThread.run(ForkJoinWorkerThread.java:188)
Caused by: java.lang.RuntimeException: java.rmi.ServerException: RemoteException occurred in server thread; nested exception is: 
	java.rmi.RemoteException: Service error in authenticateUser: Invalid username or password
	at com.attendance.system.client.LoginFrame.lambda$performLogin$3(LoginFrame.java:445)
	at java.base/java.util.concurrent.CompletableFuture$AsyncSupply.run(CompletableFuture.java:1768)
	... 6 common frames omitted
Caused by: java.rmi.ServerException: RemoteException occurred in server thread; nested exception is: 
	java.rmi.RemoteException: Service error in authenticateUser: Invalid username or password
	at java.rmi/sun.rmi.server.UnicastServerRef.dispatch(UnicastServerRef.java:392)
	at java.rmi/sun.rmi.transport.Transport$1.run(Transport.java:200)
	at java.rmi/sun.rmi.transport.Transport$1.run(Transport.java:197)
	at java.base/java.security.AccessController.doPrivileged(AccessController.java:714)
	at java.rmi/sun.rmi.transport.Transport.serviceCall(Transport.java:196)
	at java.rmi/sun.rmi.transport.tcp.TCPTransport.handleMessages(TCPTransport.java:598)
	at java.rmi/sun.rmi.transport.tcp.TCPTransport$ConnectionHandler.run0(TCPTransport.java:844)
	at java.rmi/sun.rmi.transport.tcp.TCPTransport$ConnectionHandler.lambda$run$0(TCPTransport.java:721)
	at java.base/java.security.AccessController.doPrivileged(AccessController.java:400)
	at java.rmi/sun.rmi.transport.tcp.TCPTransport$ConnectionHandler.run(TCPTransport.java:720)
	at java.base/java.util.concurrent.ThreadPoolExecutor.runWorker(ThreadPoolExecutor.java:1144)
	at java.base/java.util.concurrent.ThreadPoolExecutor$Worker.run(ThreadPoolExecutor.java:642)
	at java.base/java.lang.Thread.run(Thread.java:1583)
	at java.rmi/sun.rmi.transport.StreamRemoteCall.exceptionReceivedFromServer(StreamRemoteCall.java:304)
	at java.rmi/sun.rmi.transport.StreamRemoteCall.executeCall(StreamRemoteCall.java:280)
	at java.rmi/sun.rmi.server.UnicastRef.invoke(UnicastRef.java:166)
	at java.rmi/java.rmi.server.RemoteObjectInvocationHandler.invokeRemoteMethod(RemoteObjectInvocationHandler.java:215)
	at java.rmi/java.rmi.server.RemoteObjectInvocationHandler.invoke(RemoteObjectInvocationHandler.java:160)
	at jdk.proxy3/jdk.proxy3.$Proxy25.authenticateUser(Unknown Source)
	at com.attendance.system.client.LoginFrame.lambda$performLogin$3(LoginFrame.java:443)
	... 7 common frames omitted
Caused by: java.rmi.RemoteException: Service error in authenticateUser: Invalid username or password
	at com.attendance.system.server.AttendanceServer.executeWithErrorHandling(AttendanceServer.java:1168)
	at com.attendance.system.server.AttendanceServer.authenticateUser(AttendanceServer.java:109)
	at java.base/jdk.internal.reflect.DirectMethodHandleAccessor.invoke(DirectMethodHandleAccessor.java:103)
	at java.base/java.lang.reflect.Method.invoke(Method.java:580)
	at java.rmi/sun.rmi.server.UnicastServerRef.dispatch(UnicastServerRef.java:360)
	at java.rmi/sun.rmi.transport.Transport$1.run(Transport.java:200)
	at java.rmi/sun.rmi.transport.Transport$1.run(Transport.java:197)
	at java.base/java.security.AccessController.doPrivileged(AccessController.java:714)
	at java.rmi/sun.rmi.transport.Transport.serviceCall(Transport.java:196)
	at java.rmi/sun.rmi.transport.tcp.TCPTransport.handleMessages(TCPTransport.java:598)
	at java.rmi/sun.rmi.transport.tcp.TCPTransport$ConnectionHandler.run0(TCPTransport.java:844)
	at java.rmi/sun.rmi.transport.tcp.TCPTransport$ConnectionHandler.lambda$run$0(TCPTransport.java:721)
	at java.base/java.security.AccessController.doPrivileged(AccessController.java:400)
	at java.rmi/sun.rmi.transport.tcp.TCPTransport$ConnectionHandler.run(TCPTransport.java:720)
	at java.base/java.util.concurrent.ThreadPoolExecutor.runWorker(ThreadPoolExecutor.java:1144)
	at java.base/java.util.concurrent.ThreadPoolExecutor$Worker.run(ThreadPoolExecutor.java:642)
	at java.base/java.lang.Thread.run(Thread.java:1583)
2026-05-07 23:03:47.227 [pool-1-thread-2] DEBUG c.a.system.server.ServerLauncher - Server stats - Active connections: 0, Total requests: 3
2026-05-07 23:04:47.227 [pool-1-thread-2] DEBUG c.a.system.server.ServerLauncher - Server stats - Active connections: 0, Total requests: 3
2026-05-07 23:05:47.228 [pool-1-thread-2] DEBUG c.a.system.server.ServerLauncher - Server stats - Active connections: 0, Total requests: 3
2026-05-07 23:06:47.231 [pool-1-thread-2] DEBUG c.a.system.server.ServerLauncher - Server stats - Active connections: 0, Total requests: 3
2026-05-07 23:07:47.227 [pool-1-thread-2] DEBUG c.a.system.server.ServerLauncher - Server stats - Active connections: 0, Total requests: 3
2026-05-07 23:07:58.027 [Thread-2] INFO  c.a.system.server.ServerLauncher - Shutdown hook triggered
2026-05-07 23:07:58.028 [Thread-2] INFO  c.a.system.server.ServerLauncher - Stopping Student Attendance System Server...
2026-05-07 23:07:58.028 [Thread-2] INFO  c.a.system.server.ServerLauncher - Service unbound from registry
2026-05-07 23:07:58.029 [Thread-2] INFO  c.a.system.server.ServerLauncher - Server unexported
2026-05-07 23:07:58.030 [Thread-2] INFO  com.zaxxer.hikari.HikariDataSource - HikariPool-2 - Shutdown initiated...
2026-05-07 23:07:58.061 [Thread-2] INFO  com.zaxxer.hikari.HikariDataSource - HikariPool-2 - Shutdown completed.
2026-05-07 23:07:58.062 [Thread-2] INFO  c.a.system.dao.DatabaseManager - Database connection pool closed
2026-05-07 23:07:58.062 [Thread-2] INFO  c.a.system.server.ServerLauncher - Database connections closed
2026-05-07 23:07:58.063 [Thread-2] INFO  c.a.system.server.ServerLauncher - Server stopped successfully
2026-05-07 23:09:30.564 [com.attendance.system.server.ServerLauncher.main()] INFO  c.a.system.server.ServerLauncher - Starting Student Attendance System Server...
2026-05-07 23:09:30.569 [com.attendance.system.server.ServerLauncher.main()] INFO  c.a.system.server.ServerLauncher - Initializing database connection...
2026-05-07 23:09:30.611 [com.attendance.system.server.ServerLauncher.main()] INFO  com.zaxxer.hikari.HikariDataSource - HikariPool-1 - Starting...
2026-05-07 23:09:31.061 [com.attendance.system.server.ServerLauncher.main()] INFO  com.zaxxer.hikari.pool.HikariPool - HikariPool-1 - Added connection com.mysql.cj.jdbc.ConnectionImpl@2fb9d366
2026-05-07 23:09:31.064 [com.attendance.system.server.ServerLauncher.main()] INFO  com.zaxxer.hikari.HikariDataSource - HikariPool-1 - Start completed.
2026-05-07 23:09:31.064 [com.attendance.system.server.ServerLauncher.main()] INFO  c.a.system.dao.DatabaseManager - Database connection pool initialized successfully
2026-05-07 23:09:31.072 [com.attendance.system.server.ServerLauncher.main()] DEBUG c.a.system.dao.DatabaseManager - Database connection test successful
2026-05-07 23:09:31.091 [com.attendance.system.server.ServerLauncher.main()] INFO  com.zaxxer.hikari.HikariDataSource - HikariPool-2 - Starting...
2026-05-07 23:09:31.101 [com.attendance.system.server.ServerLauncher.main()] INFO  com.zaxxer.hikari.pool.HikariPool - HikariPool-2 - Added connection com.mysql.cj.jdbc.ConnectionImpl@64b63375
2026-05-07 23:09:31.102 [com.attendance.system.server.ServerLauncher.main()] INFO  com.zaxxer.hikari.HikariDataSource - HikariPool-2 - Start completed.
2026-05-07 23:09:31.103 [com.attendance.system.server.ServerLauncher.main()] INFO  c.a.system.dao.DatabaseManager - Database connection pool initialized successfully
2026-05-07 23:09:31.104 [com.attendance.system.server.ServerLauncher.main()] DEBUG c.a.system.dao.DatabaseManager - Database connection test successful
2026-05-07 23:09:31.108 [com.attendance.system.server.ServerLauncher.main()] DEBUG c.a.system.dao.DatabaseManager - Database connection test successful
2026-05-07 23:09:31.110 [com.attendance.system.server.ServerLauncher.main()] INFO  c.a.system.server.ServerLauncher - Database connection established successfully
2026-05-07 23:09:31.110 [com.attendance.system.server.ServerLauncher.main()] DEBUG c.a.system.server.ServerLauncher - Setting up RMI system properties...
2026-05-07 23:09:31.111 [com.attendance.system.server.ServerLauncher.main()] INFO  c.a.system.server.ServerLauncher - RMI server hostname set to: localhost
2026-05-07 23:09:31.112 [com.attendance.system.server.ServerLauncher.main()] INFO  c.a.system.server.ServerLauncher - Setting up RMI registry on port 1100...
2026-05-07 23:09:31.141 [com.attendance.system.server.ServerLauncher.main()] INFO  c.a.system.server.ServerLauncher - Created new RMI registry on port 1100
2026-05-07 23:09:31.141 [com.attendance.system.server.ServerLauncher.main()] INFO  c.a.system.server.ServerLauncher - Creating and exporting attendance server...
2026-05-07 23:09:31.192 [com.attendance.system.server.ServerLauncher.main()] INFO  c.a.system.server.AttendanceServer - AttendanceServer initialized successfully
2026-05-07 23:09:31.192 [com.attendance.system.server.ServerLauncher.main()] INFO  c.a.system.server.AttendanceServer - Encryption enabled: false
2026-05-07 23:09:31.193 [com.attendance.system.server.ServerLauncher.main()] INFO  c.a.system.server.AttendanceServer - Max concurrent users: 100
2026-05-07 23:09:31.193 [com.attendance.system.server.ServerLauncher.main()] INFO  c.a.system.server.ServerLauncher - Attendance server created and exported successfully
2026-05-07 23:09:31.199 [com.attendance.system.server.ServerLauncher.main()] INFO  c.a.system.server.ServerLauncher - Binding server to registry with name 'AttendanceService'...
2026-05-07 23:09:31.200 [com.attendance.system.server.ServerLauncher.main()] INFO  c.a.system.server.ServerLauncher - Server bound to registry successfully
2026-05-07 23:09:31.200 [com.attendance.system.server.ServerLauncher.main()] INFO  c.a.system.server.ServerLauncher - Starting maintenance tasks...
2026-05-07 23:09:31.213 [com.attendance.system.server.ServerLauncher.main()] INFO  c.a.system.server.ServerLauncher - Maintenance tasks started
2026-05-07 23:09:31.214 [com.attendance.system.server.ServerLauncher.main()] INFO  c.a.system.server.ServerLauncher - Server started successfully!
2026-05-07 23:09:31.215 [com.attendance.system.server.ServerLauncher.main()] INFO  c.a.system.server.ServerLauncher - Service name: AttendanceService
2026-05-07 23:09:31.215 [com.attendance.system.server.ServerLauncher.main()] INFO  c.a.system.server.ServerLauncher - RMI registry port: 1100
2026-05-07 23:09:31.225 [com.attendance.system.server.ServerLauncher.main()] INFO  c.a.system.server.ServerLauncher - Server listening on port: 0
2026-05-07 23:09:31.225 [com.attendance.system.server.ServerLauncher.main()] INFO  c.a.system.server.ServerLauncher - Server is ready to accept client connections.
2026-05-07 23:10:00.435 [RMI TCP Connection(2)-127.0.0.1] DEBUG c.a.system.server.AttendanceServer - Executing method: authenticateUser
2026-05-07 23:10:00.436 [RMI TCP Connection(2)-127.0.0.1] DEBUG c.a.system.server.AttendanceServer - Authentication request for user: wronguser
2026-05-07 23:10:00.437 [RMI TCP Connection(2)-127.0.0.1] WARN  c.a.system.util.SecurityUtil - ATTENDANCE_ENCRYPTION_KEY environment variable not set. Using default key for development only.
2026-05-07 23:10:00.460 [RMI TCP Connection(2)-127.0.0.1] WARN  c.a.s.service.AuthenticationService - Authentication failed - user not found: wronguser
2026-05-07 23:10:00.460 [RMI TCP Connection(2)-127.0.0.1] WARN  c.a.system.server.AttendanceServer - Method authenticateUser failed: Invalid username or password
2026-05-07 23:10:00.508 [RMI TCP Connection(3)-127.0.0.1] DEBUG c.a.system.server.AttendanceServer - Executing method: authenticateUser
2026-05-07 23:10:00.508 [RMI TCP Connection(3)-127.0.0.1] DEBUG c.a.system.server.AttendanceServer - Authentication request for user: admin
2026-05-07 23:10:01.108 [RMI TCP Connection(3)-127.0.0.1] INFO  c.a.s.service.AuthenticationService - User authenticated successfully: admin (Role: Administrator)
2026-05-07 23:10:01.109 [RMI TCP Connection(3)-127.0.0.1] INFO  c.a.system.server.AttendanceServer - User authenticated successfully: admin (Active connections: 1)
2026-05-07 23:10:01.109 [RMI TCP Connection(3)-127.0.0.1] DEBUG c.a.system.server.AttendanceServer - Method authenticateUser completed in 601 ms
2026-05-07 23:10:01.138 [RMI TCP Connection(3)-127.0.0.1] DEBUG c.a.system.server.AttendanceServer - Executing method: getAllUsers
2026-05-07 23:10:01.147 [RMI TCP Connection(3)-127.0.0.1] DEBUG c.a.system.server.AttendanceServer - Method getAllUsers completed in 9 ms
2026-05-07 23:10:01.178 [RMI TCP Connection(3)-127.0.0.1] DEBUG c.a.system.server.AttendanceServer - Executing method: deleteUser
2026-05-07 23:10:01.275 [RMI TCP Connection(3)-127.0.0.1] INFO  com.attendance.system.dao.UserDAO - User deleted successfully: ID = 7, Role = Teacher
2026-05-07 23:10:01.277 [RMI TCP Connection(3)-127.0.0.1] INFO  c.a.system.server.AttendanceServer - User deleted by admin admin: userId=7
2026-05-07 23:10:01.277 [RMI TCP Connection(3)-127.0.0.1] DEBUG c.a.system.server.AttendanceServer - Method deleteUser completed in 99 ms
2026-05-07 23:10:01.289 [RMI TCP Connection(3)-127.0.0.1] DEBUG c.a.system.server.AttendanceServer - Executing method: registerUser
2026-05-07 23:10:01.290 [RMI TCP Connection(3)-127.0.0.1] DEBUG c.a.system.server.AttendanceServer - Registration request for user: testuser123 (Student)
2026-05-07 23:10:01.806 [RMI TCP Connection(3)-127.0.0.1] DEBUG c.a.system.dao.DatabaseManager - Transaction committed successfully
2026-05-07 23:10:01.808 [RMI TCP Connection(3)-127.0.0.1] INFO  c.a.system.server.AttendanceServer - User registered successfully: testuser123 (Student)
2026-05-07 23:10:01.808 [RMI TCP Connection(3)-127.0.0.1] DEBUG c.a.system.server.AttendanceServer - Method registerUser completed in 519 ms
2026-05-07 23:10:01.809 [RMI TCP Connection(3)-127.0.0.1] DEBUG c.a.system.server.AttendanceServer - Executing method: getAllUsers
2026-05-07 23:10:01.817 [RMI TCP Connection(3)-127.0.0.1] DEBUG c.a.system.server.AttendanceServer - Method getAllUsers completed in 8 ms
2026-05-07 23:10:01.830 [RMI TCP Connection(3)-127.0.0.1] DEBUG c.a.system.server.AttendanceServer - Executing method: deleteUser
2026-05-07 23:10:01.887 [RMI TCP Connection(3)-127.0.0.1] INFO  com.attendance.system.dao.UserDAO - User deleted successfully: ID = 11, Role = Student
2026-05-07 23:10:01.889 [RMI TCP Connection(3)-127.0.0.1] INFO  c.a.system.server.AttendanceServer - User deleted by admin admin: userId=11
2026-05-07 23:10:01.889 [RMI TCP Connection(3)-127.0.0.1] DEBUG c.a.system.server.AttendanceServer - Method deleteUser completed in 59 ms
2026-05-07 23:10:31.213 [pool-1-thread-2] DEBUG c.a.system.server.ServerLauncher - Server stats - Active connections: 1, Total requests: 7
2026-05-07 23:11:31.214 [pool-1-thread-2] DEBUG c.a.system.server.ServerLauncher - Server stats - Active connections: 1, Total requests: 7
2026-05-07 23:11:49.413 [com.attendance.system.server.ServerLauncher.main()] INFO  c.a.system.server.ServerLauncher - Starting Student Attendance System Server...
2026-05-07 23:11:49.414 [com.attendance.system.server.ServerLauncher.main()] INFO  c.a.system.server.ServerLauncher - Initializing database connection...
2026-05-07 23:11:49.438 [com.attendance.system.server.ServerLauncher.main()] INFO  com.zaxxer.hikari.HikariDataSource - HikariPool-1 - Starting...
2026-05-07 23:11:49.815 [com.attendance.system.server.ServerLauncher.main()] INFO  com.zaxxer.hikari.pool.HikariPool - HikariPool-1 - Added connection com.mysql.cj.jdbc.ConnectionImpl@239e752e
2026-05-07 23:11:49.819 [com.attendance.system.server.ServerLauncher.main()] INFO  com.zaxxer.hikari.HikariDataSource - HikariPool-1 - Start completed.
2026-05-07 23:11:49.819 [com.attendance.system.server.ServerLauncher.main()] INFO  c.a.system.dao.DatabaseManager - Database connection pool initialized successfully
2026-05-07 23:11:49.831 [com.attendance.system.server.ServerLauncher.main()] DEBUG c.a.system.dao.DatabaseManager - Database connection test successful
2026-05-07 23:11:49.856 [com.attendance.system.server.ServerLauncher.main()] INFO  com.zaxxer.hikari.HikariDataSource - HikariPool-2 - Starting...
2026-05-07 23:11:49.872 [com.attendance.system.server.ServerLauncher.main()] INFO  com.zaxxer.hikari.pool.HikariPool - HikariPool-2 - Added connection com.mysql.cj.jdbc.ConnectionImpl@6eefa10b
2026-05-07 23:11:49.873 [com.attendance.system.server.ServerLauncher.main()] INFO  com.zaxxer.hikari.HikariDataSource - HikariPool-2 - Start completed.
2026-05-07 23:11:49.874 [com.attendance.system.server.ServerLauncher.main()] INFO  c.a.system.dao.DatabaseManager - Database connection pool initialized successfully
2026-05-07 23:11:49.875 [com.attendance.system.server.ServerLauncher.main()] DEBUG c.a.system.dao.DatabaseManager - Database connection test successful
2026-05-07 23:11:49.878 [com.attendance.system.server.ServerLauncher.main()] DEBUG c.a.system.dao.DatabaseManager - Database connection test successful
2026-05-07 23:11:49.880 [com.attendance.system.server.ServerLauncher.main()] INFO  c.a.system.server.ServerLauncher - Database connection established successfully
2026-05-07 23:11:49.881 [com.attendance.system.server.ServerLauncher.main()] DEBUG c.a.system.server.ServerLauncher - Setting up RMI system properties...
2026-05-07 23:11:49.882 [com.attendance.system.server.ServerLauncher.main()] INFO  c.a.system.server.ServerLauncher - RMI server hostname set to: localhost
2026-05-07 23:11:49.882 [com.attendance.system.server.ServerLauncher.main()] INFO  c.a.system.server.ServerLauncher - Setting up RMI registry on port 1100...
2026-05-07 23:11:49.945 [com.attendance.system.server.ServerLauncher.main()] ERROR c.a.system.server.ServerLauncher - Failed to create RMI registry on port 1100
java.rmi.server.ExportException: Port already in use: 1100; nested exception is: 
	java.net.BindException: Address already in use
	at java.rmi/sun.rmi.transport.tcp.TCPTransport.listen(TCPTransport.java:356)
	at java.rmi/sun.rmi.transport.tcp.TCPTransport.exportObject(TCPTransport.java:251)
	at java.rmi/sun.rmi.transport.tcp.TCPEndpoint.exportObject(TCPEndpoint.java:415)
	at java.rmi/sun.rmi.transport.LiveRef.exportObject(LiveRef.java:147)
	at java.rmi/sun.rmi.server.UnicastServerRef.exportObject(UnicastServerRef.java:235)
	at java.rmi/sun.rmi.registry.RegistryImpl.setup(RegistryImpl.java:223)
	at java.rmi/sun.rmi.registry.RegistryImpl.<init>(RegistryImpl.java:208)
	at java.rmi/java.rmi.registry.LocateRegistry.createRegistry(LocateRegistry.java:203)
	at com.attendance.system.server.ServerLauncher.setupRMIRegistry(ServerLauncher.java:208)
	at com.attendance.system.server.ServerLauncher.start(ServerLauncher.java:77)
	at com.attendance.system.server.ServerLauncher.main(ServerLauncher.java:365)
	at org.codehaus.mojo.exec.ExecJavaMojo$1.run(ExecJavaMojo.java:279)
	at java.base/java.lang.Thread.run(Thread.java:1583)
Caused by: java.net.BindException: Address already in use
	at java.base/sun.nio.ch.Net.bind0(Native Method)
	at java.base/sun.nio.ch.Net.bind(Net.java:577)
	at java.base/sun.nio.ch.Net.bind(Net.java:566)
	at java.base/sun.nio.ch.NioSocketImpl.bind(NioSocketImpl.java:636)
	at java.base/java.net.ServerSocket.bind(ServerSocket.java:391)
	at java.base/java.net.ServerSocket.<init>(ServerSocket.java:278)
	at java.base/java.net.ServerSocket.<init>(ServerSocket.java:171)
	at java.rmi/sun.rmi.transport.tcp.TCPDirectSocketFactory.createServerSocket(TCPDirectSocketFactory.java:45)
	at java.rmi/sun.rmi.transport.tcp.TCPEndpoint.newServerSocket(TCPEndpoint.java:672)
	at java.rmi/sun.rmi.transport.tcp.TCPTransport.listen(TCPTransport.java:344)
	... 12 common frames omitted
2026-05-07 23:11:49.954 [com.attendance.system.server.ServerLauncher.main()] ERROR c.a.system.server.ServerLauncher - Failed to start server
java.rmi.server.ExportException: Port already in use: 1100; nested exception is: 
	java.net.BindException: Address already in use
	at java.rmi/sun.rmi.transport.tcp.TCPTransport.listen(TCPTransport.java:356)
	at java.rmi/sun.rmi.transport.tcp.TCPTransport.exportObject(TCPTransport.java:251)
	at java.rmi/sun.rmi.transport.tcp.TCPEndpoint.exportObject(TCPEndpoint.java:415)
	at java.rmi/sun.rmi.transport.LiveRef.exportObject(LiveRef.java:147)
	at java.rmi/sun.rmi.server.UnicastServerRef.exportObject(UnicastServerRef.java:235)
	at java.rmi/sun.rmi.registry.RegistryImpl.setup(RegistryImpl.java:223)
	at java.rmi/sun.rmi.registry.RegistryImpl.<init>(RegistryImpl.java:208)
	at java.rmi/java.rmi.registry.LocateRegistry.createRegistry(LocateRegistry.java:203)
	at com.attendance.system.server.ServerLauncher.setupRMIRegistry(ServerLauncher.java:208)
	at com.attendance.system.server.ServerLauncher.start(ServerLauncher.java:77)
	at com.attendance.system.server.ServerLauncher.main(ServerLauncher.java:365)
	at org.codehaus.mojo.exec.ExecJavaMojo$1.run(ExecJavaMojo.java:279)
	at java.base/java.lang.Thread.run(Thread.java:1583)
Caused by: java.net.BindException: Address already in use
	at java.base/sun.nio.ch.Net.bind0(Native Method)
	at java.base/sun.nio.ch.Net.bind(Net.java:577)
	at java.base/sun.nio.ch.Net.bind(Net.java:566)
	at java.base/sun.nio.ch.NioSocketImpl.bind(NioSocketImpl.java:636)
	at java.base/java.net.ServerSocket.bind(ServerSocket.java:391)
	at java.base/java.net.ServerSocket.<init>(ServerSocket.java:278)
	at java.base/java.net.ServerSocket.<init>(ServerSocket.java:171)
	at java.rmi/sun.rmi.transport.tcp.TCPDirectSocketFactory.createServerSocket(TCPDirectSocketFactory.java:45)
	at java.rmi/sun.rmi.transport.tcp.TCPEndpoint.newServerSocket(TCPEndpoint.java:672)
	at java.rmi/sun.rmi.transport.tcp.TCPTransport.listen(TCPTransport.java:344)
	... 12 common frames omitted
2026-05-07 23:11:49.956 [com.attendance.system.server.ServerLauncher.main()] INFO  com.zaxxer.hikari.HikariDataSource - HikariPool-2 - Shutdown initiated...
2026-05-07 23:11:49.976 [com.attendance.system.server.ServerLauncher.main()] INFO  com.zaxxer.hikari.HikariDataSource - HikariPool-2 - Shutdown completed.
2026-05-07 23:11:49.978 [com.attendance.system.server.ServerLauncher.main()] INFO  c.a.system.dao.DatabaseManager - Database connection pool closed
2026-05-07 23:11:49.979 [com.attendance.system.server.ServerLauncher.main()] INFO  c.a.system.server.ServerLauncher - Database connections closed
2026-05-07 23:11:49.982 [com.attendance.system.server.ServerLauncher.main()] ERROR c.a.system.server.ServerLauncher - Server startup failed
java.rmi.server.ExportException: Port already in use: 1100; nested exception is: 
	java.net.BindException: Address already in use
	at java.rmi/sun.rmi.transport.tcp.TCPTransport.listen(TCPTransport.java:356)
	at java.rmi/sun.rmi.transport.tcp.TCPTransport.exportObject(TCPTransport.java:251)
	at java.rmi/sun.rmi.transport.tcp.TCPEndpoint.exportObject(TCPEndpoint.java:415)
	at java.rmi/sun.rmi.transport.LiveRef.exportObject(LiveRef.java:147)
	at java.rmi/sun.rmi.server.UnicastServerRef.exportObject(UnicastServerRef.java:235)
	at java.rmi/sun.rmi.registry.RegistryImpl.setup(RegistryImpl.java:223)
	at java.rmi/sun.rmi.registry.RegistryImpl.<init>(RegistryImpl.java:208)
	at java.rmi/java.rmi.registry.LocateRegistry.createRegistry(LocateRegistry.java:203)
	at com.attendance.system.server.ServerLauncher.setupRMIRegistry(ServerLauncher.java:208)
	at com.attendance.system.server.ServerLauncher.start(ServerLauncher.java:77)
	at com.attendance.system.server.ServerLauncher.main(ServerLauncher.java:365)
	at org.codehaus.mojo.exec.ExecJavaMojo$1.run(ExecJavaMojo.java:279)
	at java.base/java.lang.Thread.run(Thread.java:1583)
Caused by: java.net.BindException: Address already in use
	at java.base/sun.nio.ch.Net.bind0(Native Method)
	at java.base/sun.nio.ch.Net.bind(Net.java:577)
	at java.base/sun.nio.ch.Net.bind(Net.java:566)
	at java.base/sun.nio.ch.NioSocketImpl.bind(NioSocketImpl.java:636)
	at java.base/java.net.ServerSocket.bind(ServerSocket.java:391)
	at java.base/java.net.ServerSocket.<init>(ServerSocket.java:278)
	at java.base/java.net.ServerSocket.<init>(ServerSocket.java:171)
	at java.rmi/sun.rmi.transport.tcp.TCPDirectSocketFactory.createServerSocket(TCPDirectSocketFactory.java:45)
	at java.rmi/sun.rmi.transport.tcp.TCPEndpoint.newServerSocket(TCPEndpoint.java:672)
	at java.rmi/sun.rmi.transport.tcp.TCPTransport.listen(TCPTransport.java:344)
	... 12 common frames omitted
2026-05-07 23:12:17.763 [Thread-2] INFO  c.a.system.server.ServerLauncher - Shutdown hook triggered
2026-05-07 23:12:17.764 [Thread-2] INFO  c.a.system.server.ServerLauncher - Stopping Student Attendance System Server...
2026-05-07 23:12:17.766 [Thread-2] INFO  c.a.system.server.ServerLauncher - Service unbound from registry
2026-05-07 23:12:17.772 [Thread-2] INFO  c.a.system.server.ServerLauncher - Server unexported
2026-05-07 23:12:17.773 [Thread-2] INFO  com.zaxxer.hikari.HikariDataSource - HikariPool-2 - Shutdown initiated...
2026-05-07 23:12:17.793 [Thread-2] INFO  com.zaxxer.hikari.HikariDataSource - HikariPool-2 - Shutdown completed.
2026-05-07 23:12:17.793 [Thread-2] INFO  c.a.system.dao.DatabaseManager - Database connection pool closed
2026-05-07 23:12:17.793 [Thread-2] INFO  c.a.system.server.ServerLauncher - Database connections closed
2026-05-07 23:12:17.793 [Thread-2] INFO  c.a.system.server.ServerLauncher - Server stopped successfully
2026-05-07 23:12:49.358 [com.attendance.system.server.ServerLauncher.main()] INFO  c.a.system.server.ServerLauncher - Starting Student Attendance System Server...
2026-05-07 23:12:49.360 [com.attendance.system.server.ServerLauncher.main()] INFO  c.a.system.server.ServerLauncher - Initializing database connection...
2026-05-07 23:12:49.384 [com.attendance.system.server.ServerLauncher.main()] INFO  com.zaxxer.hikari.HikariDataSource - HikariPool-1 - Starting...
2026-05-07 23:12:49.705 [com.attendance.system.server.ServerLauncher.main()] INFO  com.zaxxer.hikari.pool.HikariPool - HikariPool-1 - Added connection com.mysql.cj.jdbc.ConnectionImpl@239e752e
2026-05-07 23:12:49.708 [com.attendance.system.server.ServerLauncher.main()] INFO  com.zaxxer.hikari.HikariDataSource - HikariPool-1 - Start completed.
2026-05-07 23:12:49.708 [com.attendance.system.server.ServerLauncher.main()] INFO  c.a.system.dao.DatabaseManager - Database connection pool initialized successfully
2026-05-07 23:12:49.720 [com.attendance.system.server.ServerLauncher.main()] DEBUG c.a.system.dao.DatabaseManager - Database connection test successful
2026-05-07 23:12:49.745 [com.attendance.system.server.ServerLauncher.main()] INFO  com.zaxxer.hikari.HikariDataSource - HikariPool-2 - Starting...
2026-05-07 23:12:49.757 [com.attendance.system.server.ServerLauncher.main()] INFO  com.zaxxer.hikari.pool.HikariPool - HikariPool-2 - Added connection com.mysql.cj.jdbc.ConnectionImpl@6eefa10b
2026-05-07 23:12:49.758 [com.attendance.system.server.ServerLauncher.main()] INFO  com.zaxxer.hikari.HikariDataSource - HikariPool-2 - Start completed.
2026-05-07 23:12:49.759 [com.attendance.system.server.ServerLauncher.main()] INFO  c.a.system.dao.DatabaseManager - Database connection pool initialized successfully
2026-05-07 23:12:49.761 [com.attendance.system.server.ServerLauncher.main()] DEBUG c.a.system.dao.DatabaseManager - Database connection test successful
2026-05-07 23:12:49.763 [com.attendance.system.server.ServerLauncher.main()] DEBUG c.a.system.dao.DatabaseManager - Database connection test successful
2026-05-07 23:12:49.765 [com.attendance.system.server.ServerLauncher.main()] INFO  c.a.system.server.ServerLauncher - Database connection established successfully
2026-05-07 23:12:49.765 [com.attendance.system.server.ServerLauncher.main()] DEBUG c.a.system.server.ServerLauncher - Setting up RMI system properties...
2026-05-07 23:12:49.766 [com.attendance.system.server.ServerLauncher.main()] INFO  c.a.system.server.ServerLauncher - RMI server hostname set to: localhost
2026-05-07 23:12:49.766 [com.attendance.system.server.ServerLauncher.main()] INFO  c.a.system.server.ServerLauncher - Setting up RMI registry on port 1100...
2026-05-07 23:12:49.802 [com.attendance.system.server.ServerLauncher.main()] INFO  c.a.system.server.ServerLauncher - Created new RMI registry on port 1100
2026-05-07 23:12:49.803 [com.attendance.system.server.ServerLauncher.main()] INFO  c.a.system.server.ServerLauncher - Creating and exporting attendance server...
2026-05-07 23:12:49.851 [com.attendance.system.server.ServerLauncher.main()] INFO  c.a.system.server.AttendanceServer - AttendanceServer initialized successfully
2026-05-07 23:12:49.852 [com.attendance.system.server.ServerLauncher.main()] INFO  c.a.system.server.AttendanceServer - Encryption enabled: false
2026-05-07 23:12:49.852 [com.attendance.system.server.ServerLauncher.main()] INFO  c.a.system.server.AttendanceServer - Max concurrent users: 100
2026-05-07 23:12:49.852 [com.attendance.system.server.ServerLauncher.main()] INFO  c.a.system.server.ServerLauncher - Attendance server created and exported successfully
2026-05-07 23:12:49.852 [com.attendance.system.server.ServerLauncher.main()] INFO  c.a.system.server.ServerLauncher - Binding server to registry with name 'AttendanceService'...
2026-05-07 23:12:49.854 [com.attendance.system.server.ServerLauncher.main()] INFO  c.a.system.server.ServerLauncher - Server bound to registry successfully
2026-05-07 23:12:49.856 [com.attendance.system.server.ServerLauncher.main()] INFO  c.a.system.server.ServerLauncher - Starting maintenance tasks...
2026-05-07 23:12:49.865 [com.attendance.system.server.ServerLauncher.main()] INFO  c.a.system.server.ServerLauncher - Maintenance tasks started
2026-05-07 23:12:49.866 [com.attendance.system.server.ServerLauncher.main()] INFO  c.a.system.server.ServerLauncher - Server started successfully!
2026-05-07 23:12:49.866 [com.attendance.system.server.ServerLauncher.main()] INFO  c.a.system.server.ServerLauncher - Service name: AttendanceService
2026-05-07 23:12:49.866 [com.attendance.system.server.ServerLauncher.main()] INFO  c.a.system.server.ServerLauncher - RMI registry port: 1100
2026-05-07 23:12:49.866 [com.attendance.system.server.ServerLauncher.main()] INFO  c.a.system.server.ServerLauncher - Server listening on port: 0
2026-05-07 23:12:49.867 [com.attendance.system.server.ServerLauncher.main()] INFO  c.a.system.server.ServerLauncher - Server is ready to accept client connections.
2026-05-07 23:12:58.008 [AWT-EventQueue-0] INFO  c.a.system.client.AttendanceGUI - GUI initialized successfully
2026-05-07 23:12:58.010 [ForkJoinPool.commonPool-worker-2] INFO  c.a.system.client.AttendanceGUI - Attempting to connect to server: rmi://localhost:1100/AttendanceService
2026-05-07 23:12:58.441 [AWT-EventQueue-0] INFO  c.a.system.client.AttendanceGUI - Successfully connected to server
2026-05-07 23:13:23.341 [RMI TCP Connection(2)-127.0.0.1] DEBUG c.a.system.server.AttendanceServer - Executing method: authenticateUser
2026-05-07 23:13:23.342 [RMI TCP Connection(2)-127.0.0.1] DEBUG c.a.system.server.AttendanceServer - Authentication request for user: ddjdj
2026-05-07 23:13:23.345 [RMI TCP Connection(2)-127.0.0.1] WARN  c.a.system.util.SecurityUtil - ATTENDANCE_ENCRYPTION_KEY environment variable not set. Using default key for development only.
2026-05-07 23:13:23.394 [RMI TCP Connection(2)-127.0.0.1] WARN  c.a.s.service.AuthenticationService - Authentication failed - user not found: ddjdj
2026-05-07 23:13:23.396 [RMI TCP Connection(2)-127.0.0.1] WARN  c.a.system.server.AttendanceServer - Method authenticateUser failed: Invalid username or password
2026-05-07 23:13:23.442 [AWT-EventQueue-0] WARN  c.a.system.client.LoginFrame - Login failed for user: ddjdj
java.util.concurrent.CompletionException: java.lang.RuntimeException: java.rmi.ServerException: RemoteException occurred in server thread; nested exception is: 
	java.rmi.RemoteException: Service error in authenticateUser: Invalid username or password
	at java.base/java.util.concurrent.CompletableFuture.encodeThrowable(CompletableFuture.java:315)
	at java.base/java.util.concurrent.CompletableFuture.completeThrowable(CompletableFuture.java:320)
	at java.base/java.util.concurrent.CompletableFuture$AsyncSupply.run(CompletableFuture.java:1770)
	at java.base/java.util.concurrent.CompletableFuture$AsyncSupply.exec(CompletableFuture.java:1760)
	at java.base/java.util.concurrent.ForkJoinTask.doExec(ForkJoinTask.java:387)
	at java.base/java.util.concurrent.ForkJoinPool$WorkQueue.topLevelExec(ForkJoinPool.java:1312)
	at java.base/java.util.concurrent.ForkJoinPool.scan(ForkJoinPool.java:1843)
	at java.base/java.util.concurrent.ForkJoinPool.runWorker(ForkJoinPool.java:1808)
	at java.base/java.util.concurrent.ForkJoinWorkerThread.run(ForkJoinWorkerThread.java:188)
Caused by: java.lang.RuntimeException: java.rmi.ServerException: RemoteException occurred in server thread; nested exception is: 
	java.rmi.RemoteException: Service error in authenticateUser: Invalid username or password
	at com.attendance.system.client.LoginFrame.lambda$performLogin$3(LoginFrame.java:445)
	at java.base/java.util.concurrent.CompletableFuture$AsyncSupply.run(CompletableFuture.java:1768)
	... 6 common frames omitted
Caused by: java.rmi.ServerException: RemoteException occurred in server thread; nested exception is: 
	java.rmi.RemoteException: Service error in authenticateUser: Invalid username or password
	at java.rmi/sun.rmi.server.UnicastServerRef.dispatch(UnicastServerRef.java:392)
	at java.rmi/sun.rmi.transport.Transport$1.run(Transport.java:200)
	at java.rmi/sun.rmi.transport.Transport$1.run(Transport.java:197)
	at java.base/java.security.AccessController.doPrivileged(AccessController.java:714)
	at java.rmi/sun.rmi.transport.Transport.serviceCall(Transport.java:196)
	at java.rmi/sun.rmi.transport.tcp.TCPTransport.handleMessages(TCPTransport.java:598)
	at java.rmi/sun.rmi.transport.tcp.TCPTransport$ConnectionHandler.run0(TCPTransport.java:844)
	at java.rmi/sun.rmi.transport.tcp.TCPTransport$ConnectionHandler.lambda$run$0(TCPTransport.java:721)
	at java.base/java.security.AccessController.doPrivileged(AccessController.java:400)
	at java.rmi/sun.rmi.transport.tcp.TCPTransport$ConnectionHandler.run(TCPTransport.java:720)
	at java.base/java.util.concurrent.ThreadPoolExecutor.runWorker(ThreadPoolExecutor.java:1144)
	at java.base/java.util.concurrent.ThreadPoolExecutor$Worker.run(ThreadPoolExecutor.java:642)
	at java.base/java.lang.Thread.run(Thread.java:1583)
	at java.rmi/sun.rmi.transport.StreamRemoteCall.exceptionReceivedFromServer(StreamRemoteCall.java:304)
	at java.rmi/sun.rmi.transport.StreamRemoteCall.executeCall(StreamRemoteCall.java:280)
	at java.rmi/sun.rmi.server.UnicastRef.invoke(UnicastRef.java:166)
	at java.rmi/java.rmi.server.RemoteObjectInvocationHandler.invokeRemoteMethod(RemoteObjectInvocationHandler.java:215)
	at java.rmi/java.rmi.server.RemoteObjectInvocationHandler.invoke(RemoteObjectInvocationHandler.java:160)
	at jdk.proxy3/jdk.proxy3.$Proxy25.authenticateUser(Unknown Source)
	at com.attendance.system.client.LoginFrame.lambda$performLogin$3(LoginFrame.java:443)
	... 7 common frames omitted
Caused by: java.rmi.RemoteException: Service error in authenticateUser: Invalid username or password
	at com.attendance.system.server.AttendanceServer.executeWithErrorHandling(AttendanceServer.java:1168)
	at com.attendance.system.server.AttendanceServer.authenticateUser(AttendanceServer.java:109)
	at java.base/jdk.internal.reflect.DirectMethodHandleAccessor.invoke(DirectMethodHandleAccessor.java:103)
	at java.base/java.lang.reflect.Method.invoke(Method.java:580)
	at java.rmi/sun.rmi.server.UnicastServerRef.dispatch(UnicastServerRef.java:360)
	at java.rmi/sun.rmi.transport.Transport$1.run(Transport.java:200)
	at java.rmi/sun.rmi.transport.Transport$1.run(Transport.java:197)
	at java.base/java.security.AccessController.doPrivileged(AccessController.java:714)
	at java.rmi/sun.rmi.transport.Transport.serviceCall(Transport.java:196)
	at java.rmi/sun.rmi.transport.tcp.TCPTransport.handleMessages(TCPTransport.java:598)
	at java.rmi/sun.rmi.transport.tcp.TCPTransport$ConnectionHandler.run0(TCPTransport.java:844)
	at java.rmi/sun.rmi.transport.tcp.TCPTransport$ConnectionHandler.lambda$run$0(TCPTransport.java:721)
	at java.base/java.security.AccessController.doPrivileged(AccessController.java:400)
	at java.rmi/sun.rmi.transport.tcp.TCPTransport$ConnectionHandler.run(TCPTransport.java:720)
	at java.base/java.util.concurrent.ThreadPoolExecutor.runWorker(ThreadPoolExecutor.java:1144)
	at java.base/java.util.concurrent.ThreadPoolExecutor$Worker.run(ThreadPoolExecutor.java:642)
	at java.base/java.lang.Thread.run(Thread.java:1583)
2026-05-07 23:13:25.351 [RMI TCP Connection(3)-127.0.0.1] DEBUG c.a.system.server.AttendanceServer - Executing method: authenticateUser
2026-05-07 23:13:25.353 [RMI TCP Connection(3)-127.0.0.1] DEBUG c.a.system.server.AttendanceServer - Authentication request for user: ddjdj
2026-05-07 23:13:25.366 [RMI TCP Connection(3)-127.0.0.1] WARN  c.a.s.service.AuthenticationService - Authentication failed - user not found: ddjdj
2026-05-07 23:13:25.368 [RMI TCP Connection(3)-127.0.0.1] WARN  c.a.system.server.AttendanceServer - Method authenticateUser failed: Invalid username or password
2026-05-07 23:13:25.440 [AWT-EventQueue-0] WARN  c.a.system.client.LoginFrame - Login failed for user: ddjdj
java.util.concurrent.CompletionException: java.lang.RuntimeException: java.rmi.ServerException: RemoteException occurred in server thread; nested exception is: 
	java.rmi.RemoteException: Service error in authenticateUser: Invalid username or password
	at java.base/java.util.concurrent.CompletableFuture.encodeThrowable(CompletableFuture.java:315)
	at java.base/java.util.concurrent.CompletableFuture.completeThrowable(CompletableFuture.java:320)
	at java.base/java.util.concurrent.CompletableFuture$AsyncSupply.run(CompletableFuture.java:1770)
	at java.base/java.util.concurrent.CompletableFuture$AsyncSupply.exec(CompletableFuture.java:1760)
	at java.base/java.util.concurrent.ForkJoinTask.doExec(ForkJoinTask.java:387)
	at java.base/java.util.concurrent.ForkJoinPool$WorkQueue.topLevelExec(ForkJoinPool.java:1312)
	at java.base/java.util.concurrent.ForkJoinPool.scan(ForkJoinPool.java:1843)
	at java.base/java.util.concurrent.ForkJoinPool.runWorker(ForkJoinPool.java:1808)
	at java.base/java.util.concurrent.ForkJoinWorkerThread.run(ForkJoinWorkerThread.java:188)
Caused by: java.lang.RuntimeException: java.rmi.ServerException: RemoteException occurred in server thread; nested exception is: 
	java.rmi.RemoteException: Service error in authenticateUser: Invalid username or password
	at com.attendance.system.client.LoginFrame.lambda$performLogin$3(LoginFrame.java:445)
	at java.base/java.util.concurrent.CompletableFuture$AsyncSupply.run(CompletableFuture.java:1768)
	... 6 common frames omitted
Caused by: java.rmi.ServerException: RemoteException occurred in server thread; nested exception is: 
	java.rmi.RemoteException: Service error in authenticateUser: Invalid username or password
	at java.rmi/sun.rmi.server.UnicastServerRef.dispatch(UnicastServerRef.java:392)
	at java.rmi/sun.rmi.transport.Transport$1.run(Transport.java:200)
	at java.rmi/sun.rmi.transport.Transport$1.run(Transport.java:197)
	at java.base/java.security.AccessController.doPrivileged(AccessController.java:714)
	at java.rmi/sun.rmi.transport.Transport.serviceCall(Transport.java:196)
	at java.rmi/sun.rmi.transport.tcp.TCPTransport.handleMessages(TCPTransport.java:598)
	at java.rmi/sun.rmi.transport.tcp.TCPTransport$ConnectionHandler.run0(TCPTransport.java:844)
	at java.rmi/sun.rmi.transport.tcp.TCPTransport$ConnectionHandler.lambda$run$0(TCPTransport.java:721)
	at java.base/java.security.AccessController.doPrivileged(AccessController.java:400)
	at java.rmi/sun.rmi.transport.tcp.TCPTransport$ConnectionHandler.run(TCPTransport.java:720)
	at java.base/java.util.concurrent.ThreadPoolExecutor.runWorker(ThreadPoolExecutor.java:1144)
	at java.base/java.util.concurrent.ThreadPoolExecutor$Worker.run(ThreadPoolExecutor.java:642)
	at java.base/java.lang.Thread.run(Thread.java:1583)
	at java.rmi/sun.rmi.transport.StreamRemoteCall.exceptionReceivedFromServer(StreamRemoteCall.java:304)
	at java.rmi/sun.rmi.transport.StreamRemoteCall.executeCall(StreamRemoteCall.java:280)
	at java.rmi/sun.rmi.server.UnicastRef.invoke(UnicastRef.java:166)
	at java.rmi/java.rmi.server.RemoteObjectInvocationHandler.invokeRemoteMethod(RemoteObjectInvocationHandler.java:215)
	at java.rmi/java.rmi.server.RemoteObjectInvocationHandler.invoke(RemoteObjectInvocationHandler.java:160)
	at jdk.proxy3/jdk.proxy3.$Proxy25.authenticateUser(Unknown Source)
	at com.attendance.system.client.LoginFrame.lambda$performLogin$3(LoginFrame.java:443)
	... 7 common frames omitted
Caused by: java.rmi.RemoteException: Service error in authenticateUser: Invalid username or password
	at com.attendance.system.server.AttendanceServer.executeWithErrorHandling(AttendanceServer.java:1168)
	at com.attendance.system.server.AttendanceServer.authenticateUser(AttendanceServer.java:109)
	at java.base/jdk.internal.reflect.DirectMethodHandleAccessor.invoke(DirectMethodHandleAccessor.java:103)
	at java.base/java.lang.reflect.Method.invoke(Method.java:580)
	at java.rmi/sun.rmi.server.UnicastServerRef.dispatch(UnicastServerRef.java:360)
	at java.rmi/sun.rmi.transport.Transport$1.run(Transport.java:200)
	at java.rmi/sun.rmi.transport.Transport$1.run(Transport.java:197)
	at java.base/java.security.AccessController.doPrivileged(AccessController.java:714)
	at java.rmi/sun.rmi.transport.Transport.serviceCall(Transport.java:196)
	at java.rmi/sun.rmi.transport.tcp.TCPTransport.handleMessages(TCPTransport.java:598)
	at java.rmi/sun.rmi.transport.tcp.TCPTransport$ConnectionHandler.run0(TCPTransport.java:844)
	at java.rmi/sun.rmi.transport.tcp.TCPTransport$ConnectionHandler.lambda$run$0(TCPTransport.java:721)
	at java.base/java.security.AccessController.doPrivileged(AccessController.java:400)
	at java.rmi/sun.rmi.transport.tcp.TCPTransport$ConnectionHandler.run(TCPTransport.java:720)
	at java.base/java.util.concurrent.ThreadPoolExecutor.runWorker(ThreadPoolExecutor.java:1144)
	at java.base/java.util.concurrent.ThreadPoolExecutor$Worker.run(ThreadPoolExecutor.java:642)
	at java.base/java.lang.Thread.run(Thread.java:1583)
2026-05-07 23:13:49.862 [pool-1-thread-2] DEBUG c.a.system.server.ServerLauncher - Server stats - Active connections: 0, Total requests: 2
2026-05-07 23:13:51.438 [RMI TCP Connection(4)-127.0.0.1] DEBUG c.a.system.server.AttendanceServer - Executing method: authenticateUser
2026-05-07 23:13:51.440 [RMI TCP Connection(4)-127.0.0.1] DEBUG c.a.system.server.AttendanceServer - Authentication request for user: admin
2026-05-07 23:13:52.076 [RMI TCP Connection(4)-127.0.0.1] INFO  c.a.s.service.AuthenticationService - User authenticated successfully: admin (Role: Administrator)
2026-05-07 23:13:52.077 [RMI TCP Connection(4)-127.0.0.1] INFO  c.a.system.server.AttendanceServer - User authenticated successfully: admin (Active connections: 1)
2026-05-07 23:13:52.077 [RMI TCP Connection(4)-127.0.0.1] DEBUG c.a.system.server.AttendanceServer - Method authenticateUser completed in 639 ms
2026-05-07 23:13:52.169 [RMI TCP Connection(4)-127.0.0.1] DEBUG c.a.system.server.AttendanceServer - Executing method: getAllUsers
2026-05-07 23:13:52.179 [RMI TCP Connection(4)-127.0.0.1] DEBUG c.a.system.server.AttendanceServer - Method getAllUsers completed in 10 ms
2026-05-07 23:13:52.273 [RMI TCP Connection(5)-127.0.0.1] DEBUG c.a.system.server.AttendanceServer - Executing method: getSystemStatistics
2026-05-07 23:13:52.298 [RMI TCP Connection(5)-127.0.0.1] DEBUG c.a.system.server.AttendanceServer - Method getSystemStatistics completed in 25 ms
2026-05-07 23:13:52.332 [AWT-EventQueue-0] INFO  c.a.system.client.AttendanceGUI - User authenticated: admin (Administrator)
2026-05-07 23:13:55.260 [RMI TCP Connection(5)-127.0.0.1] DEBUG c.a.system.server.AttendanceServer - Executing method: getSystemStatistics
2026-05-07 23:13:55.320 [RMI TCP Connection(5)-127.0.0.1] DEBUG c.a.system.server.AttendanceServer - Method getSystemStatistics completed in 60 ms
2026-05-07 23:14:29.737 [RMI TCP Connection(6)-127.0.0.1] DEBUG c.a.system.server.AttendanceServer - Executing method: logout
2026-05-07 23:14:29.738 [RMI TCP Connection(6)-127.0.0.1] INFO  c.a.s.service.AuthenticationService - User logged out: admin
2026-05-07 23:14:29.739 [RMI TCP Connection(6)-127.0.0.1] INFO  c.a.system.server.AttendanceServer - User logged out: admin (Active connections: 0)
2026-05-07 23:14:29.740 [RMI TCP Connection(6)-127.0.0.1] DEBUG c.a.system.server.AttendanceServer - Method logout completed in 3 ms
2026-05-07 23:14:29.743 [AWT-EventQueue-0] INFO  c.a.system.client.AttendanceGUI - User logged out: admin
2026-05-07 23:14:33.210 [RMI TCP Connection(6)-127.0.0.1] DEBUG c.a.system.server.AttendanceServer - Executing method: authenticateUser
2026-05-07 23:14:33.212 [RMI TCP Connection(6)-127.0.0.1] DEBUG c.a.system.server.AttendanceServer - Authentication request for user: admin
2026-05-07 23:14:33.637 [RMI TCP Connection(6)-127.0.0.1] INFO  c.a.s.service.AuthenticationService - User authenticated successfully: admin (Role: Administrator)
2026-05-07 23:14:33.637 [RMI TCP Connection(6)-127.0.0.1] INFO  c.a.system.server.AttendanceServer - User authenticated successfully: admin (Active connections: 1)
2026-05-07 23:14:33.637 [RMI TCP Connection(6)-127.0.0.1] DEBUG c.a.system.server.AttendanceServer - Method authenticateUser completed in 427 ms
2026-05-07 23:14:33.657 [RMI TCP Connection(6)-127.0.0.1] DEBUG c.a.system.server.AttendanceServer - Executing method: getAllUsers
2026-05-07 23:14:33.667 [RMI TCP Connection(6)-127.0.0.1] DEBUG c.a.system.server.AttendanceServer - Method getAllUsers completed in 10 ms
2026-05-07 23:14:33.696 [RMI TCP Connection(6)-127.0.0.1] DEBUG c.a.system.server.AttendanceServer - Executing method: getSystemStatistics
2026-05-07 23:14:33.720 [AWT-EventQueue-0] INFO  c.a.system.client.AttendanceGUI - User authenticated: admin (Administrator)
2026-05-07 23:14:33.726 [RMI TCP Connection(6)-127.0.0.1] DEBUG c.a.system.server.AttendanceServer - Method getSystemStatistics completed in 30 ms
2026-05-07 23:14:46.222 [RMI TCP Connection(6)-127.0.0.1] DEBUG c.a.system.server.AttendanceServer - Executing method: logout
2026-05-07 23:14:46.223 [RMI TCP Connection(6)-127.0.0.1] INFO  c.a.s.service.AuthenticationService - User logged out: admin
2026-05-07 23:14:46.224 [RMI TCP Connection(6)-127.0.0.1] INFO  c.a.system.server.AttendanceServer - User logged out: admin (Active connections: 0)
2026-05-07 23:14:46.225 [RMI TCP Connection(6)-127.0.0.1] DEBUG c.a.system.server.AttendanceServer - Method logout completed in 4 ms
2026-05-07 23:14:46.227 [AWT-EventQueue-0] INFO  c.a.system.client.AttendanceGUI - User logged out: admin
2026-05-07 23:14:49.861 [pool-1-thread-2] DEBUG c.a.system.server.ServerLauncher - Server stats - Active connections: 0, Total requests: 11
2026-05-07 23:15:00.409 [RMI TCP Connection(6)-127.0.0.1] DEBUG c.a.system.server.AttendanceServer - Executing method: authenticateUser
2026-05-07 23:15:00.410 [RMI TCP Connection(6)-127.0.0.1] DEBUG c.a.system.server.AttendanceServer - Authentication request for user: yosef
2026-05-07 23:15:00.879 [RMI TCP Connection(6)-127.0.0.1] INFO  c.a.s.service.AuthenticationService - User authenticated successfully: yosef (Role: Teacher)
2026-05-07 23:15:00.880 [RMI TCP Connection(6)-127.0.0.1] INFO  c.a.system.server.AttendanceServer - User authenticated successfully: yosef (Active connections: 1)
2026-05-07 23:15:00.880 [RMI TCP Connection(6)-127.0.0.1] DEBUG c.a.system.server.AttendanceServer - Method authenticateUser completed in 471 ms
2026-05-07 23:15:00.888 [RMI TCP Connection(6)-127.0.0.1] DEBUG c.a.system.server.AttendanceServer - Executing method: validateSession
2026-05-07 23:15:00.888 [RMI TCP Connection(6)-127.0.0.1] DEBUG c.a.system.server.AttendanceServer - Method validateSession completed in 0 ms
2026-05-07 23:15:00.899 [RMI TCP Connection(6)-127.0.0.1] DEBUG c.a.system.server.AttendanceServer - Executing method: validateSession
2026-05-07 23:15:00.899 [RMI TCP Connection(6)-127.0.0.1] DEBUG c.a.system.server.AttendanceServer - Method validateSession completed in 0 ms
2026-05-07 23:15:00.940 [RMI TCP Connection(6)-127.0.0.1] DEBUG c.a.system.server.AttendanceServer - Executing method: getCoursesByTeacher
2026-05-07 23:15:00.947 [AWT-EventQueue-0] INFO  c.a.system.client.AttendanceGUI - User authenticated: yosef (Teacher)
2026-05-07 23:15:00.949 [RMI TCP Connection(6)-127.0.0.1] DEBUG c.a.system.server.AttendanceServer - Method getCoursesByTeacher completed in 9 ms
2026-05-07 23:15:03.229 [RMI TCP Connection(6)-127.0.0.1] DEBUG c.a.system.server.AttendanceServer - Executing method: getCoursesByTeacher
2026-05-07 23:15:03.234 [RMI TCP Connection(6)-127.0.0.1] DEBUG c.a.system.server.AttendanceServer - Method getCoursesByTeacher completed in 5 ms
2026-05-07 23:15:36.644 [RMI TCP Connection(7)-127.0.0.1] DEBUG c.a.system.server.AttendanceServer - Executing method: getCoursesByTeacher
2026-05-07 23:15:36.648 [RMI TCP Connection(7)-127.0.0.1] DEBUG c.a.system.server.AttendanceServer - Method getCoursesByTeacher completed in 4 ms
2026-05-07 23:15:49.861 [pool-1-thread-2] DEBUG c.a.system.server.ServerLauncher - Server stats - Active connections: 1, Total requests: 17
2026-05-07 23:15:52.844 [RMI TCP Connection(8)-127.0.0.1] DEBUG c.a.system.server.AttendanceServer - Executing method: getCoursesByTeacher
2026-05-07 23:15:52.858 [RMI TCP Connection(8)-127.0.0.1] DEBUG c.a.system.server.AttendanceServer - Method getCoursesByTeacher completed in 14 ms
2026-05-07 23:15:53.975 [RMI TCP Connection(8)-127.0.0.1] DEBUG c.a.system.server.AttendanceServer - Executing method: getCoursesByTeacher
2026-05-07 23:15:53.980 [RMI TCP Connection(8)-127.0.0.1] DEBUG c.a.system.server.AttendanceServer - Method getCoursesByTeacher completed in 5 ms
2026-05-07 23:15:54.158 [RMI TCP Connection(8)-127.0.0.1] DEBUG c.a.system.server.AttendanceServer - Executing method: getCoursesByTeacher
2026-05-07 23:15:54.165 [RMI TCP Connection(8)-127.0.0.1] DEBUG c.a.system.server.AttendanceServer - Method getCoursesByTeacher completed in 7 ms
2026-05-07 23:16:02.304 [RMI TCP Connection(8)-127.0.0.1] DEBUG c.a.system.server.AttendanceServer - Executing method: getCoursesByTeacher
2026-05-07 23:16:02.310 [RMI TCP Connection(8)-127.0.0.1] DEBUG c.a.system.server.AttendanceServer - Method getCoursesByTeacher completed in 6 ms
2026-05-07 23:16:49.860 [pool-1-thread-2] DEBUG c.a.system.server.ServerLauncher - Server stats - Active connections: 1, Total requests: 21
2026-05-07 23:17:49.860 [pool-1-thread-2] DEBUG c.a.system.server.ServerLauncher - Server stats - Active connections: 1, Total requests: 21
2026-05-07 23:17:54.655 [Thread-2] INFO  c.a.system.server.ServerLauncher - Shutdown hook triggered
2026-05-07 23:17:54.656 [Thread-2] INFO  c.a.system.server.ServerLauncher - Stopping Student Attendance System Server...
2026-05-07 23:17:54.656 [Thread-2] INFO  c.a.system.server.ServerLauncher - Service unbound from registry
2026-05-07 23:17:54.657 [Thread-2] INFO  c.a.system.server.ServerLauncher - Server unexported
2026-05-07 23:17:54.657 [Thread-2] INFO  com.zaxxer.hikari.HikariDataSource - HikariPool-2 - Shutdown initiated...
2026-05-07 23:17:54.674 [Thread-2] INFO  com.zaxxer.hikari.HikariDataSource - HikariPool-2 - Shutdown completed.
2026-05-07 23:17:54.674 [Thread-2] INFO  c.a.system.dao.DatabaseManager - Database connection pool closed
2026-05-07 23:17:54.674 [Thread-2] INFO  c.a.system.server.ServerLauncher - Database connections closed
2026-05-07 23:17:54.674 [Thread-2] INFO  c.a.system.server.ServerLauncher - Server stopped successfully
2026-05-07 23:17:54.675 [SessionCleanup] INFO  c.a.s.service.AuthenticationService - Session cleanup thread interrupted
2026-05-07 23:19:39.504 [com.attendance.system.server.ServerLauncher.main()] INFO  c.a.system.server.ServerLauncher - Starting Student Attendance System Server...
2026-05-07 23:19:39.506 [com.attendance.system.server.ServerLauncher.main()] INFO  c.a.system.server.ServerLauncher - Initializing database connection...
2026-05-07 23:19:39.531 [com.attendance.system.server.ServerLauncher.main()] INFO  com.zaxxer.hikari.HikariDataSource - HikariPool-1 - Starting...
2026-05-07 23:19:39.874 [com.attendance.system.server.ServerLauncher.main()] INFO  com.zaxxer.hikari.pool.HikariPool - HikariPool-1 - Added connection com.mysql.cj.jdbc.ConnectionImpl@612a28a7
2026-05-07 23:19:39.878 [com.attendance.system.server.ServerLauncher.main()] INFO  com.zaxxer.hikari.HikariDataSource - HikariPool-1 - Start completed.
2026-05-07 23:19:39.879 [com.attendance.system.server.ServerLauncher.main()] INFO  c.a.system.dao.DatabaseManager - Database connection pool initialized successfully
2026-05-07 23:19:39.892 [com.attendance.system.server.ServerLauncher.main()] DEBUG c.a.system.dao.DatabaseManager - Database connection test successful
2026-05-07 23:19:39.909 [com.attendance.system.server.ServerLauncher.main()] INFO  com.zaxxer.hikari.HikariDataSource - HikariPool-2 - Starting...
2026-05-07 23:19:39.914 [com.attendance.system.server.ServerLauncher.main()] INFO  com.zaxxer.hikari.pool.HikariPool - HikariPool-2 - Added connection com.mysql.cj.jdbc.ConnectionImpl@282ff5b2
2026-05-07 23:19:39.915 [com.attendance.system.server.ServerLauncher.main()] INFO  com.zaxxer.hikari.HikariDataSource - HikariPool-2 - Start completed.
2026-05-07 23:19:39.915 [com.attendance.system.server.ServerLauncher.main()] INFO  c.a.system.dao.DatabaseManager - Database connection pool initialized successfully
2026-05-07 23:19:39.917 [com.attendance.system.server.ServerLauncher.main()] DEBUG c.a.system.dao.DatabaseManager - Database connection test successful
2026-05-07 23:19:39.918 [com.attendance.system.server.ServerLauncher.main()] DEBUG c.a.system.dao.DatabaseManager - Database connection test successful
2026-05-07 23:19:39.919 [com.attendance.system.server.ServerLauncher.main()] INFO  c.a.system.server.ServerLauncher - Database connection established successfully
2026-05-07 23:19:39.920 [com.attendance.system.server.ServerLauncher.main()] DEBUG c.a.system.server.ServerLauncher - Setting up RMI system properties...
2026-05-07 23:19:39.921 [com.attendance.system.server.ServerLauncher.main()] INFO  c.a.system.server.ServerLauncher - RMI server hostname set to: localhost
2026-05-07 23:19:39.922 [com.attendance.system.server.ServerLauncher.main()] INFO  c.a.system.server.ServerLauncher - Setting up RMI registry on port 1100...
2026-05-07 23:19:39.950 [com.attendance.system.server.ServerLauncher.main()] INFO  c.a.system.server.ServerLauncher - Created new RMI registry on port 1100
2026-05-07 23:19:39.951 [com.attendance.system.server.ServerLauncher.main()] INFO  c.a.system.server.ServerLauncher - Creating and exporting attendance server...
2026-05-07 23:19:39.996 [com.attendance.system.server.ServerLauncher.main()] INFO  c.a.system.server.AttendanceServer - AttendanceServer initialized successfully
2026-05-07 23:19:39.997 [com.attendance.system.server.ServerLauncher.main()] INFO  c.a.system.server.AttendanceServer - Encryption enabled: false
2026-05-07 23:19:39.997 [com.attendance.system.server.ServerLauncher.main()] INFO  c.a.system.server.AttendanceServer - Max concurrent users: 100
2026-05-07 23:19:39.997 [com.attendance.system.server.ServerLauncher.main()] INFO  c.a.system.server.ServerLauncher - Attendance server created and exported successfully
2026-05-07 23:19:39.998 [com.attendance.system.server.ServerLauncher.main()] INFO  c.a.system.server.ServerLauncher - Binding server to registry with name 'AttendanceService'...
2026-05-07 23:19:39.998 [com.attendance.system.server.ServerLauncher.main()] INFO  c.a.system.server.ServerLauncher - Server bound to registry successfully
2026-05-07 23:19:39.998 [com.attendance.system.server.ServerLauncher.main()] INFO  c.a.system.server.ServerLauncher - Starting maintenance tasks...
2026-05-07 23:19:40.001 [com.attendance.system.server.ServerLauncher.main()] INFO  c.a.system.server.ServerLauncher - Maintenance tasks started
2026-05-07 23:19:40.005 [com.attendance.system.server.ServerLauncher.main()] INFO  c.a.system.server.ServerLauncher - Server started successfully!
2026-05-07 23:19:40.006 [com.attendance.system.server.ServerLauncher.main()] INFO  c.a.system.server.ServerLauncher - Service name: AttendanceService
2026-05-07 23:19:40.006 [com.attendance.system.server.ServerLauncher.main()] INFO  c.a.system.server.ServerLauncher - RMI registry port: 1100
2026-05-07 23:19:40.006 [com.attendance.system.server.ServerLauncher.main()] INFO  c.a.system.server.ServerLauncher - Server listening on port: 0
2026-05-07 23:19:40.006 [com.attendance.system.server.ServerLauncher.main()] INFO  c.a.system.server.ServerLauncher - Server is ready to accept client connections.
2026-05-07 23:20:06.502 [RMI TCP Connection(2)-127.0.0.1] DEBUG c.a.system.server.AttendanceServer - Executing method: authenticateUser
2026-05-07 23:20:06.502 [RMI TCP Connection(2)-127.0.0.1] DEBUG c.a.system.server.AttendanceServer - Authentication request for user: admin
2026-05-07 23:20:06.504 [RMI TCP Connection(2)-127.0.0.1] WARN  c.a.system.util.SecurityUtil - ATTENDANCE_ENCRYPTION_KEY environment variable not set. Using default key for development only.
2026-05-07 23:20:07.189 [RMI TCP Connection(2)-127.0.0.1] INFO  c.a.s.service.AuthenticationService - User authenticated successfully: admin (Role: Administrator)
2026-05-07 23:20:07.190 [RMI TCP Connection(2)-127.0.0.1] INFO  c.a.system.server.AttendanceServer - User authenticated successfully: admin (Active connections: 1)
2026-05-07 23:20:07.190 [RMI TCP Connection(2)-127.0.0.1] DEBUG c.a.system.server.AttendanceServer - Method authenticateUser completed in 688 ms
2026-05-07 23:20:07.216 [RMI TCP Connection(2)-127.0.0.1] DEBUG c.a.system.server.AttendanceServer - Executing method: authenticateUser
2026-05-07 23:20:07.217 [RMI TCP Connection(2)-127.0.0.1] DEBUG c.a.system.server.AttendanceServer - Authentication request for user: testteacher
2026-05-07 23:20:07.614 [RMI TCP Connection(2)-127.0.0.1] INFO  c.a.s.service.AuthenticationService - User authenticated successfully: testteacher (Role: Teacher)
2026-05-07 23:20:07.615 [RMI TCP Connection(2)-127.0.0.1] INFO  c.a.system.server.AttendanceServer - User authenticated successfully: testteacher (Active connections: 2)
2026-05-07 23:20:07.615 [RMI TCP Connection(2)-127.0.0.1] DEBUG c.a.system.server.AttendanceServer - Method authenticateUser completed in 399 ms
2026-05-07 23:20:07.628 [RMI TCP Connection(2)-127.0.0.1] DEBUG c.a.system.server.AttendanceServer - Executing method: authenticateUser
2026-05-07 23:20:07.629 [RMI TCP Connection(2)-127.0.0.1] DEBUG c.a.system.server.AttendanceServer - Authentication request for user: invalid
2026-05-07 23:20:07.633 [RMI TCP Connection(2)-127.0.0.1] WARN  c.a.s.service.AuthenticationService - Authentication failed - user not found: invalid
2026-05-07 23:20:07.633 [RMI TCP Connection(2)-127.0.0.1] WARN  c.a.system.server.AttendanceServer - Method authenticateUser failed: Invalid username or password
2026-05-07 23:20:07.662 [RMI TCP Connection(3)-127.0.0.1] DEBUG c.a.system.server.AttendanceServer - Executing method: validateSession
2026-05-07 23:20:07.662 [RMI TCP Connection(3)-127.0.0.1] DEBUG c.a.system.server.AttendanceServer - Method validateSession completed in 0 ms
2026-05-07 23:20:07.674 [RMI TCP Connection(3)-127.0.0.1] DEBUG c.a.system.server.AttendanceServer - Executing method: registerUser
2026-05-07 23:20:07.674 [RMI TCP Connection(3)-127.0.0.1] DEBUG c.a.system.server.AttendanceServer - Registration request for user: teststudent (Student)
2026-05-07 23:20:08.169 [RMI TCP Connection(3)-127.0.0.1] DEBUG c.a.system.dao.DatabaseManager - Transaction committed successfully
2026-05-07 23:20:08.170 [RMI TCP Connection(3)-127.0.0.1] INFO  c.a.system.server.AttendanceServer - User registered successfully: teststudent (Student)
2026-05-07 23:20:08.170 [RMI TCP Connection(3)-127.0.0.1] DEBUG c.a.system.server.AttendanceServer - Method registerUser completed in 496 ms
2026-05-07 23:20:08.172 [RMI TCP Connection(3)-127.0.0.1] DEBUG c.a.system.server.AttendanceServer - Executing method: registerUser
2026-05-07 23:20:08.173 [RMI TCP Connection(3)-127.0.0.1] DEBUG c.a.system.server.AttendanceServer - Registration request for user: testteacher2 (Teacher)
2026-05-07 23:20:08.599 [RMI TCP Connection(3)-127.0.0.1] DEBUG c.a.system.dao.DatabaseManager - Transaction committed successfully
2026-05-07 23:20:08.601 [RMI TCP Connection(3)-127.0.0.1] INFO  c.a.system.server.AttendanceServer - User registered successfully: testteacher2 (Teacher)
2026-05-07 23:20:08.601 [RMI TCP Connection(3)-127.0.0.1] DEBUG c.a.system.server.AttendanceServer - Method registerUser completed in 429 ms
2026-05-07 23:20:08.603 [RMI TCP Connection(3)-127.0.0.1] DEBUG c.a.system.server.AttendanceServer - Executing method: getAllUsers
2026-05-07 23:20:08.611 [RMI TCP Connection(3)-127.0.0.1] DEBUG c.a.system.server.AttendanceServer - Method getAllUsers completed in 8 ms
2026-05-07 23:20:08.629 [RMI TCP Connection(3)-127.0.0.1] DEBUG c.a.system.server.AttendanceServer - Executing method: getUsersByRole
2026-05-07 23:20:08.639 [RMI TCP Connection(3)-127.0.0.1] DEBUG c.a.system.server.AttendanceServer - Method getUsersByRole completed in 10 ms
2026-05-07 23:20:08.645 [RMI TCP Connection(3)-127.0.0.1] DEBUG c.a.system.server.AttendanceServer - Executing method: getUsersByRole
2026-05-07 23:20:08.652 [RMI TCP Connection(3)-127.0.0.1] DEBUG c.a.system.server.AttendanceServer - Method getUsersByRole completed in 7 ms
2026-05-07 23:20:08.664 [RMI TCP Connection(3)-127.0.0.1] DEBUG c.a.system.server.AttendanceServer - Executing method: authenticateUser
2026-05-07 23:20:08.665 [RMI TCP Connection(3)-127.0.0.1] DEBUG c.a.system.server.AttendanceServer - Authentication request for user: teststudent
2026-05-07 23:20:09.062 [RMI TCP Connection(3)-127.0.0.1] INFO  c.a.s.service.AuthenticationService - User authenticated successfully: teststudent (Role: Student)
2026-05-07 23:20:09.062 [RMI TCP Connection(3)-127.0.0.1] INFO  c.a.system.server.AttendanceServer - User authenticated successfully: teststudent (Active connections: 3)
2026-05-07 23:20:09.063 [RMI TCP Connection(3)-127.0.0.1] DEBUG c.a.system.server.AttendanceServer - Method authenticateUser completed in 399 ms
2026-05-07 23:20:09.067 [RMI TCP Connection(3)-127.0.0.1] DEBUG c.a.system.server.AttendanceServer - Executing method: validateSession
2026-05-07 23:20:09.068 [RMI TCP Connection(3)-127.0.0.1] DEBUG c.a.system.server.AttendanceServer - Method validateSession completed in 1 ms
2026-05-07 23:20:09.075 [RMI TCP Connection(3)-127.0.0.1] DEBUG c.a.system.server.AttendanceServer - Executing method: getCoursesByTeacher
2026-05-07 23:20:09.083 [RMI TCP Connection(3)-127.0.0.1] DEBUG c.a.system.server.AttendanceServer - Method getCoursesByTeacher completed in 8 ms
2026-05-07 23:20:09.091 [RMI TCP Connection(3)-127.0.0.1] DEBUG c.a.system.server.AttendanceServer - Executing method: getAllActiveCourses
2026-05-07 23:20:09.106 [RMI TCP Connection(3)-127.0.0.1] DEBUG c.a.system.server.AttendanceServer - Method getAllActiveCourses completed in 15 ms
2026-05-07 23:20:09.112 [RMI TCP Connection(3)-127.0.0.1] DEBUG c.a.system.server.AttendanceServer - Executing method: validateSession
2026-05-07 23:20:09.112 [RMI TCP Connection(3)-127.0.0.1] DEBUG c.a.system.server.AttendanceServer - Method validateSession completed in 0 ms
2026-05-07 23:20:09.117 [RMI TCP Connection(3)-127.0.0.1] DEBUG c.a.system.server.AttendanceServer - Executing method: getCoursesByTeacher
2026-05-07 23:20:09.124 [RMI TCP Connection(3)-127.0.0.1] DEBUG c.a.system.server.AttendanceServer - Method getCoursesByTeacher completed in 7 ms
2026-05-07 23:20:09.128 [RMI TCP Connection(3)-127.0.0.1] DEBUG c.a.system.server.AttendanceServer - Executing method: getEnrolledStudents
2026-05-07 23:20:09.138 [RMI TCP Connection(3)-127.0.0.1] DEBUG c.a.system.server.AttendanceServer - Method getEnrolledStudents completed in 10 ms
2026-05-07 23:20:09.146 [RMI TCP Connection(3)-127.0.0.1] DEBUG c.a.system.server.AttendanceServer - Executing method: validateSession
2026-05-07 23:20:09.146 [RMI TCP Connection(3)-127.0.0.1] DEBUG c.a.system.server.AttendanceServer - Method validateSession completed in 0 ms
2026-05-07 23:20:09.149 [RMI TCP Connection(3)-127.0.0.1] DEBUG c.a.system.server.AttendanceServer - Executing method: getCoursesByTeacher
2026-05-07 23:20:09.155 [RMI TCP Connection(3)-127.0.0.1] DEBUG c.a.system.server.AttendanceServer - Method getCoursesByTeacher completed in 6 ms
2026-05-07 23:20:09.159 [RMI TCP Connection(3)-127.0.0.1] DEBUG c.a.system.server.AttendanceServer - Executing method: getEnrolledStudents
2026-05-07 23:20:09.165 [RMI TCP Connection(3)-127.0.0.1] DEBUG c.a.system.server.AttendanceServer - Method getEnrolledStudents completed in 6 ms
2026-05-07 23:20:09.189 [RMI TCP Connection(3)-127.0.0.1] DEBUG c.a.system.server.AttendanceServer - Executing method: validateSession
2026-05-07 23:20:09.190 [RMI TCP Connection(3)-127.0.0.1] DEBUG c.a.system.server.AttendanceServer - Method validateSession completed in 1 ms
2026-05-07 23:20:09.208 [RMI TCP Connection(3)-127.0.0.1] DEBUG c.a.system.server.AttendanceServer - Executing method: markAttendance
2026-05-07 23:20:09.279 [RMI TCP Connection(3)-127.0.0.1] ERROR c.a.system.dao.AttendanceDAO - Failed to insert attendance record
java.sql.SQLIntegrityConstraintViolationException: Duplicate entry '2-3-2026-05-07-10:00:00' for key 'unique_attendance'
	at com.mysql.cj.jdbc.exceptions.SQLError.createSQLException(SQLError.java:118)
	at com.mysql.cj.jdbc.exceptions.SQLExceptionsMapping.translateException(SQLExceptionsMapping.java:122)
	at com.mysql.cj.jdbc.ServerPreparedStatement.serverExecute(ServerPreparedStatement.java:555)
	at com.mysql.cj.jdbc.ServerPreparedStatement.executeInternal(ServerPreparedStatement.java:339)
	at com.mysql.cj.jdbc.ClientPreparedStatement.executeUpdateInternal(ClientPreparedStatement.java:1061)
	at com.mysql.cj.jdbc.ClientPreparedStatement.executeUpdateInternal(ClientPreparedStatement.java:1009)
	at com.mysql.cj.jdbc.ClientPreparedStatement.executeLargeUpdate(ClientPreparedStatement.java:1320)
	at com.mysql.cj.jdbc.ClientPreparedStatement.executeUpdate(ClientPreparedStatement.java:994)
	at com.zaxxer.hikari.pool.ProxyPreparedStatement.executeUpdate(ProxyPreparedStatement.java:61)
	at com.zaxxer.hikari.pool.HikariProxyPreparedStatement.executeUpdate(HikariProxyPreparedStatement.java)
	at com.attendance.system.dao.AttendanceDAO.insertAttendanceRecord(AttendanceDAO.java:59)
	at com.attendance.system.service.AttendanceServiceImpl.markAttendance(AttendanceServiceImpl.java:75)
	at com.attendance.system.server.AttendanceServer.lambda$markAttendance$17(AttendanceServer.java:638)
	at com.attendance.system.server.AttendanceServer.executeWithErrorHandling(AttendanceServer.java:1159)
	at com.attendance.system.server.AttendanceServer.markAttendance(AttendanceServer.java:637)
	at java.base/jdk.internal.reflect.DirectMethodHandleAccessor.invoke(DirectMethodHandleAccessor.java:103)
	at java.base/java.lang.reflect.Method.invoke(Method.java:580)
	at java.rmi/sun.rmi.server.UnicastServerRef.dispatch(UnicastServerRef.java:360)
	at java.rmi/sun.rmi.transport.Transport$1.run(Transport.java:200)
	at java.rmi/sun.rmi.transport.Transport$1.run(Transport.java:197)
	at java.base/java.security.AccessController.doPrivileged(AccessController.java:714)
	at java.rmi/sun.rmi.transport.Transport.serviceCall(Transport.java:196)
	at java.rmi/sun.rmi.transport.tcp.TCPTransport.handleMessages(TCPTransport.java:598)
	at java.rmi/sun.rmi.transport.tcp.TCPTransport$ConnectionHandler.run0(TCPTransport.java:844)
	at java.rmi/sun.rmi.transport.tcp.TCPTransport$ConnectionHandler.lambda$run$0(TCPTransport.java:721)
	at java.base/java.security.AccessController.doPrivileged(AccessController.java:400)
	at java.rmi/sun.rmi.transport.tcp.TCPTransport$ConnectionHandler.run(TCPTransport.java:720)
	at java.base/java.util.concurrent.ThreadPoolExecutor.runWorker(ThreadPoolExecutor.java:1144)
	at java.base/java.util.concurrent.ThreadPoolExecutor$Worker.run(ThreadPoolExecutor.java:642)
	at java.base/java.lang.Thread.run(Thread.java:1583)
2026-05-07 23:20:09.284 [RMI TCP Connection(3)-127.0.0.1] WARN  c.a.system.server.AttendanceServer - Method markAttendance failed: Database operation failed
2026-05-07 23:20:40.001 [pool-1-thread-2] DEBUG c.a.system.server.ServerLauncher - Server stats - Active connections: 3, Total requests: 21
2026-05-07 23:21:30.922 [RMI TCP Connection(5)-127.0.0.1] DEBUG c.a.system.server.AttendanceServer - Executing method: authenticateUser
2026-05-07 23:21:30.922 [RMI TCP Connection(5)-127.0.0.1] DEBUG c.a.system.server.AttendanceServer - Authentication request for user: admin
2026-05-07 23:21:31.324 [RMI TCP Connection(5)-127.0.0.1] INFO  c.a.s.service.AuthenticationService - User authenticated successfully: admin (Role: Administrator)
2026-05-07 23:21:31.324 [RMI TCP Connection(5)-127.0.0.1] INFO  c.a.system.server.AttendanceServer - User authenticated successfully: admin (Active connections: 4)
2026-05-07 23:21:31.325 [RMI TCP Connection(5)-127.0.0.1] DEBUG c.a.system.server.AttendanceServer - Method authenticateUser completed in 403 ms
2026-05-07 23:21:31.359 [RMI TCP Connection(5)-127.0.0.1] DEBUG c.a.system.server.AttendanceServer - Executing method: authenticateUser
2026-05-07 23:21:31.359 [RMI TCP Connection(5)-127.0.0.1] DEBUG c.a.system.server.AttendanceServer - Authentication request for user: testteacher
2026-05-07 23:21:31.746 [RMI TCP Connection(5)-127.0.0.1] INFO  c.a.s.service.AuthenticationService - User authenticated successfully: testteacher (Role: Teacher)
2026-05-07 23:21:31.747 [RMI TCP Connection(5)-127.0.0.1] INFO  c.a.system.server.AttendanceServer - User authenticated successfully: testteacher (Active connections: 5)
2026-05-07 23:21:31.747 [RMI TCP Connection(5)-127.0.0.1] DEBUG c.a.system.server.AttendanceServer - Method authenticateUser completed in 388 ms
2026-05-07 23:21:31.758 [RMI TCP Connection(5)-127.0.0.1] DEBUG c.a.system.server.AttendanceServer - Executing method: authenticateUser
2026-05-07 23:21:31.758 [RMI TCP Connection(5)-127.0.0.1] DEBUG c.a.system.server.AttendanceServer - Authentication request for user: invalid
2026-05-07 23:21:31.760 [RMI TCP Connection(5)-127.0.0.1] WARN  c.a.s.service.AuthenticationService - Authentication failed - user not found: invalid
2026-05-07 23:21:31.760 [RMI TCP Connection(5)-127.0.0.1] WARN  c.a.system.server.AttendanceServer - Method authenticateUser failed: Invalid username or password
2026-05-07 23:21:31.778 [RMI TCP Connection(6)-127.0.0.1] DEBUG c.a.system.server.AttendanceServer - Executing method: validateSession
2026-05-07 23:21:31.778 [RMI TCP Connection(6)-127.0.0.1] DEBUG c.a.system.server.AttendanceServer - Method validateSession completed in 0 ms
2026-05-07 23:21:31.781 [RMI TCP Connection(6)-127.0.0.1] DEBUG c.a.system.server.AttendanceServer - Executing method: registerUser
2026-05-07 23:21:31.782 [RMI TCP Connection(6)-127.0.0.1] DEBUG c.a.system.server.AttendanceServer - Registration request for user: teststudent (Student)
2026-05-07 23:21:31.788 [RMI TCP Connection(6)-127.0.0.1] WARN  c.a.system.server.AttendanceServer - Method registerUser failed: Email address already exists
2026-05-07 23:21:40.001 [pool-1-thread-2] DEBUG c.a.system.server.ServerLauncher - Server stats - Active connections: 5, Total requests: 26
2026-05-07 23:22:11.770 [RMI TCP Connection(8)-127.0.0.1] DEBUG c.a.system.server.AttendanceServer - Executing method: authenticateUser
2026-05-07 23:22:11.770 [RMI TCP Connection(8)-127.0.0.1] DEBUG c.a.system.server.AttendanceServer - Authentication request for user: admin
2026-05-07 23:22:12.186 [RMI TCP Connection(8)-127.0.0.1] INFO  c.a.s.service.AuthenticationService - User authenticated successfully: admin (Role: Administrator)
2026-05-07 23:22:12.187 [RMI TCP Connection(8)-127.0.0.1] INFO  c.a.system.server.AttendanceServer - User authenticated successfully: admin (Active connections: 6)
2026-05-07 23:22:12.187 [RMI TCP Connection(8)-127.0.0.1] DEBUG c.a.system.server.AttendanceServer - Method authenticateUser completed in 417 ms
2026-05-07 23:22:12.217 [RMI TCP Connection(8)-127.0.0.1] DEBUG c.a.system.server.AttendanceServer - Executing method: authenticateUser
2026-05-07 23:22:12.217 [RMI TCP Connection(8)-127.0.0.1] DEBUG c.a.system.server.AttendanceServer - Authentication request for user: testteacher
2026-05-07 23:22:12.620 [RMI TCP Connection(8)-127.0.0.1] INFO  c.a.s.service.AuthenticationService - User authenticated successfully: testteacher (Role: Teacher)
2026-05-07 23:22:12.620 [RMI TCP Connection(8)-127.0.0.1] INFO  c.a.system.server.AttendanceServer - User authenticated successfully: testteacher (Active connections: 7)
2026-05-07 23:22:12.620 [RMI TCP Connection(8)-127.0.0.1] DEBUG c.a.system.server.AttendanceServer - Method authenticateUser completed in 403 ms
2026-05-07 23:22:12.631 [RMI TCP Connection(8)-127.0.0.1] DEBUG c.a.system.server.AttendanceServer - Executing method: getAllUsers
2026-05-07 23:22:12.636 [RMI TCP Connection(8)-127.0.0.1] DEBUG c.a.system.server.AttendanceServer - Method getAllUsers completed in 5 ms
2026-05-07 23:22:12.647 [RMI TCP Connection(8)-127.0.0.1] DEBUG c.a.system.server.AttendanceServer - Executing method: getAllActiveCourses
2026-05-07 23:22:12.650 [RMI TCP Connection(8)-127.0.0.1] DEBUG c.a.system.server.AttendanceServer - Method getAllActiveCourses completed in 3 ms
2026-05-07 23:22:12.655 [RMI TCP Connection(8)-127.0.0.1] DEBUG c.a.system.server.AttendanceServer - Executing method: getCoursesByTeacher
2026-05-07 23:22:12.660 [RMI TCP Connection(8)-127.0.0.1] DEBUG c.a.system.server.AttendanceServer - Method getCoursesByTeacher completed in 5 ms
2026-05-07 23:22:12.666 [RMI TCP Connection(8)-127.0.0.1] DEBUG c.a.system.server.AttendanceServer - Executing method: getEnrolledStudents
2026-05-07 23:22:12.675 [RMI TCP Connection(8)-127.0.0.1] DEBUG c.a.system.server.AttendanceServer - Method getEnrolledStudents completed in 9 ms
2026-05-07 23:22:12.731 [RMI TCP Connection(8)-127.0.0.1] DEBUG c.a.system.server.AttendanceServer - Executing method: markAttendance
2026-05-07 23:22:12.778 [RMI TCP Connection(8)-127.0.0.1] ERROR c.a.system.dao.AttendanceDAO - Failed to insert attendance record
java.sql.SQLIntegrityConstraintViolationException: Duplicate entry '2-3-2026-05-07-09:00:00' for key 'unique_attendance'
	at com.mysql.cj.jdbc.exceptions.SQLError.createSQLException(SQLError.java:118)
	at com.mysql.cj.jdbc.exceptions.SQLExceptionsMapping.translateException(SQLExceptionsMapping.java:122)
	at com.mysql.cj.jdbc.ServerPreparedStatement.serverExecute(ServerPreparedStatement.java:555)
	at com.mysql.cj.jdbc.ServerPreparedStatement.executeInternal(ServerPreparedStatement.java:339)
	at com.mysql.cj.jdbc.ClientPreparedStatement.executeUpdateInternal(ClientPreparedStatement.java:1061)
	at com.mysql.cj.jdbc.ClientPreparedStatement.executeUpdateInternal(ClientPreparedStatement.java:1009)
	at com.mysql.cj.jdbc.ClientPreparedStatement.executeLargeUpdate(ClientPreparedStatement.java:1320)
	at com.mysql.cj.jdbc.ClientPreparedStatement.executeUpdate(ClientPreparedStatement.java:994)
	at com.zaxxer.hikari.pool.ProxyPreparedStatement.executeUpdate(ProxyPreparedStatement.java:61)
	at com.zaxxer.hikari.pool.HikariProxyPreparedStatement.executeUpdate(HikariProxyPreparedStatement.java)
	at com.attendance.system.dao.AttendanceDAO.insertAttendanceRecord(AttendanceDAO.java:59)
	at com.attendance.system.service.AttendanceServiceImpl.markAttendance(AttendanceServiceImpl.java:75)
	at com.attendance.system.server.AttendanceServer.lambda$markAttendance$17(AttendanceServer.java:638)
	at com.attendance.system.server.AttendanceServer.executeWithErrorHandling(AttendanceServer.java:1159)
	at com.attendance.system.server.AttendanceServer.markAttendance(AttendanceServer.java:637)
	at java.base/jdk.internal.reflect.DirectMethodHandleAccessor.invoke(DirectMethodHandleAccessor.java:103)
	at java.base/java.lang.reflect.Method.invoke(Method.java:580)
	at java.rmi/sun.rmi.server.UnicastServerRef.dispatch(UnicastServerRef.java:360)
	at java.rmi/sun.rmi.transport.Transport$1.run(Transport.java:200)
	at java.rmi/sun.rmi.transport.Transport$1.run(Transport.java:197)
	at java.base/java.security.AccessController.doPrivileged(AccessController.java:714)
	at java.rmi/sun.rmi.transport.Transport.serviceCall(Transport.java:196)
	at java.rmi/sun.rmi.transport.tcp.TCPTransport.handleMessages(TCPTransport.java:598)
	at java.rmi/sun.rmi.transport.tcp.TCPTransport$ConnectionHandler.run0(TCPTransport.java:844)
	at java.rmi/sun.rmi.transport.tcp.TCPTransport$ConnectionHandler.lambda$run$0(TCPTransport.java:721)
	at java.base/java.security.AccessController.doPrivileged(AccessController.java:400)
	at java.rmi/sun.rmi.transport.tcp.TCPTransport$ConnectionHandler.run(TCPTransport.java:720)
	at java.base/java.util.concurrent.ThreadPoolExecutor.runWorker(ThreadPoolExecutor.java:1144)
	at java.base/java.util.concurrent.ThreadPoolExecutor$Worker.run(ThreadPoolExecutor.java:642)
	at java.base/java.lang.Thread.run(Thread.java:1583)
2026-05-07 23:22:12.781 [RMI TCP Connection(8)-127.0.0.1] WARN  c.a.system.server.AttendanceServer - Method markAttendance failed: Database operation failed
2026-05-07 23:22:12.818 [RMI TCP Connection(9)-127.0.0.1] DEBUG c.a.system.server.AttendanceServer - Executing method: authenticateUser
2026-05-07 23:22:12.818 [RMI TCP Connection(9)-127.0.0.1] DEBUG c.a.system.server.AttendanceServer - Authentication request for user: invalid
2026-05-07 23:22:12.819 [RMI TCP Connection(9)-127.0.0.1] WARN  c.a.s.service.AuthenticationService - Authentication failed - user not found: invalid
2026-05-07 23:22:12.820 [RMI TCP Connection(9)-127.0.0.1] WARN  c.a.system.server.AttendanceServer - Method authenticateUser failed: Invalid username or password
2026-05-07 23:22:12.835 [RMI TCP Connection(10)-127.0.0.1] DEBUG c.a.system.server.AttendanceServer - Executing method: validateSession
2026-05-07 23:22:12.836 [RMI TCP Connection(10)-127.0.0.1] DEBUG c.a.system.server.AttendanceServer - Method validateSession completed in 1 ms
2026-05-07 23:22:12.842 [RMI TCP Connection(10)-127.0.0.1] DEBUG c.a.system.server.AttendanceServer - Executing method: getAllUsers
2026-05-07 23:22:12.843 [RMI TCP Connection(10)-127.0.0.1] WARN  c.a.system.server.AttendanceServer - Method getAllUsers failed: You do not have permission to perform this action
2026-05-07 23:22:12.856 [RMI TCP Connection(11)-127.0.0.1] DEBUG c.a.system.server.AttendanceServer - Executing method: getSystemStatistics
2026-05-07 23:22:12.867 [RMI TCP Connection(11)-127.0.0.1] DEBUG c.a.system.server.AttendanceServer - Method getSystemStatistics completed in 11 ms
2026-05-07 23:22:40.001 [pool-1-thread-2] DEBUG c.a.system.server.ServerLauncher - Server stats - Active connections: 7, Total requests: 37
2026-05-07 23:23:40.002 [pool-1-thread-2] DEBUG c.a.system.server.ServerLauncher - Server stats - Active connections: 7, Total requests: 37
2026-05-07 23:24:13.458 [com.attendance.system.server.ServerLauncher.main()] INFO  c.a.system.server.ServerLauncher - Starting Student Attendance System Server...
2026-05-07 23:24:13.461 [com.attendance.system.server.ServerLauncher.main()] INFO  c.a.system.server.ServerLauncher - Initializing database connection...
2026-05-07 23:24:13.492 [com.attendance.system.server.ServerLauncher.main()] INFO  com.zaxxer.hikari.HikariDataSource - HikariPool-1 - Starting...
2026-05-07 23:24:13.844 [com.attendance.system.server.ServerLauncher.main()] INFO  com.zaxxer.hikari.pool.HikariPool - HikariPool-1 - Added connection com.mysql.cj.jdbc.ConnectionImpl@239e752e
2026-05-07 23:24:13.848 [com.attendance.system.server.ServerLauncher.main()] INFO  com.zaxxer.hikari.HikariDataSource - HikariPool-1 - Start completed.
2026-05-07 23:24:13.848 [com.attendance.system.server.ServerLauncher.main()] INFO  c.a.system.dao.DatabaseManager - Database connection pool initialized successfully
2026-05-07 23:24:13.860 [com.attendance.system.server.ServerLauncher.main()] DEBUG c.a.system.dao.DatabaseManager - Database connection test successful
2026-05-07 23:24:13.887 [com.attendance.system.server.ServerLauncher.main()] INFO  com.zaxxer.hikari.HikariDataSource - HikariPool-2 - Starting...
2026-05-07 23:24:13.898 [com.attendance.system.server.ServerLauncher.main()] INFO  com.zaxxer.hikari.pool.HikariPool - HikariPool-2 - Added connection com.mysql.cj.jdbc.ConnectionImpl@6eefa10b
2026-05-07 23:24:13.900 [com.attendance.system.server.ServerLauncher.main()] INFO  com.zaxxer.hikari.HikariDataSource - HikariPool-2 - Start completed.
2026-05-07 23:24:13.900 [com.attendance.system.server.ServerLauncher.main()] INFO  c.a.system.dao.DatabaseManager - Database connection pool initialized successfully
2026-05-07 23:24:13.902 [com.attendance.system.server.ServerLauncher.main()] DEBUG c.a.system.dao.DatabaseManager - Database connection test successful
2026-05-07 23:24:13.906 [com.attendance.system.server.ServerLauncher.main()] DEBUG c.a.system.dao.DatabaseManager - Database connection test successful
2026-05-07 23:24:13.907 [com.attendance.system.server.ServerLauncher.main()] INFO  c.a.system.server.ServerLauncher - Database connection established successfully
2026-05-07 23:24:13.908 [com.attendance.system.server.ServerLauncher.main()] DEBUG c.a.system.server.ServerLauncher - Setting up RMI system properties...
2026-05-07 23:24:13.909 [com.attendance.system.server.ServerLauncher.main()] INFO  c.a.system.server.ServerLauncher - RMI server hostname set to: localhost
2026-05-07 23:24:13.910 [com.attendance.system.server.ServerLauncher.main()] INFO  c.a.system.server.ServerLauncher - Setting up RMI registry on port 1100...
2026-05-07 23:24:13.953 [com.attendance.system.server.ServerLauncher.main()] ERROR c.a.system.server.ServerLauncher - Failed to create RMI registry on port 1100
java.rmi.server.ExportException: Port already in use: 1100; nested exception is: 
	java.net.BindException: Address already in use
	at java.rmi/sun.rmi.transport.tcp.TCPTransport.listen(TCPTransport.java:356)
	at java.rmi/sun.rmi.transport.tcp.TCPTransport.exportObject(TCPTransport.java:251)
	at java.rmi/sun.rmi.transport.tcp.TCPEndpoint.exportObject(TCPEndpoint.java:415)
	at java.rmi/sun.rmi.transport.LiveRef.exportObject(LiveRef.java:147)
	at java.rmi/sun.rmi.server.UnicastServerRef.exportObject(UnicastServerRef.java:235)
	at java.rmi/sun.rmi.registry.RegistryImpl.setup(RegistryImpl.java:223)
	at java.rmi/sun.rmi.registry.RegistryImpl.<init>(RegistryImpl.java:208)
	at java.rmi/java.rmi.registry.LocateRegistry.createRegistry(LocateRegistry.java:203)
	at com.attendance.system.server.ServerLauncher.setupRMIRegistry(ServerLauncher.java:208)
	at com.attendance.system.server.ServerLauncher.start(ServerLauncher.java:77)
	at com.attendance.system.server.ServerLauncher.main(ServerLauncher.java:365)
	at org.codehaus.mojo.exec.ExecJavaMojo$1.run(ExecJavaMojo.java:279)
	at java.base/java.lang.Thread.run(Thread.java:1583)
Caused by: java.net.BindException: Address already in use
	at java.base/sun.nio.ch.Net.bind0(Native Method)
	at java.base/sun.nio.ch.Net.bind(Net.java:577)
	at java.base/sun.nio.ch.Net.bind(Net.java:566)
	at java.base/sun.nio.ch.NioSocketImpl.bind(NioSocketImpl.java:636)
	at java.base/java.net.ServerSocket.bind(ServerSocket.java:391)
	at java.base/java.net.ServerSocket.<init>(ServerSocket.java:278)
	at java.base/java.net.ServerSocket.<init>(ServerSocket.java:171)
	at java.rmi/sun.rmi.transport.tcp.TCPDirectSocketFactory.createServerSocket(TCPDirectSocketFactory.java:45)
	at java.rmi/sun.rmi.transport.tcp.TCPEndpoint.newServerSocket(TCPEndpoint.java:672)
	at java.rmi/sun.rmi.transport.tcp.TCPTransport.listen(TCPTransport.java:344)
	... 12 common frames omitted
2026-05-07 23:24:13.964 [com.attendance.system.server.ServerLauncher.main()] ERROR c.a.system.server.ServerLauncher - Failed to start server
java.rmi.server.ExportException: Port already in use: 1100; nested exception is: 
	java.net.BindException: Address already in use
	at java.rmi/sun.rmi.transport.tcp.TCPTransport.listen(TCPTransport.java:356)
	at java.rmi/sun.rmi.transport.tcp.TCPTransport.exportObject(TCPTransport.java:251)
	at java.rmi/sun.rmi.transport.tcp.TCPEndpoint.exportObject(TCPEndpoint.java:415)
	at java.rmi/sun.rmi.transport.LiveRef.exportObject(LiveRef.java:147)
	at java.rmi/sun.rmi.server.UnicastServerRef.exportObject(UnicastServerRef.java:235)
	at java.rmi/sun.rmi.registry.RegistryImpl.setup(RegistryImpl.java:223)
	at java.rmi/sun.rmi.registry.RegistryImpl.<init>(RegistryImpl.java:208)
	at java.rmi/java.rmi.registry.LocateRegistry.createRegistry(LocateRegistry.java:203)
	at com.attendance.system.server.ServerLauncher.setupRMIRegistry(ServerLauncher.java:208)
	at com.attendance.system.server.ServerLauncher.start(ServerLauncher.java:77)
	at com.attendance.system.server.ServerLauncher.main(ServerLauncher.java:365)
	at org.codehaus.mojo.exec.ExecJavaMojo$1.run(ExecJavaMojo.java:279)
	at java.base/java.lang.Thread.run(Thread.java:1583)
Caused by: java.net.BindException: Address already in use
	at java.base/sun.nio.ch.Net.bind0(Native Method)
	at java.base/sun.nio.ch.Net.bind(Net.java:577)
	at java.base/sun.nio.ch.Net.bind(Net.java:566)
	at java.base/sun.nio.ch.NioSocketImpl.bind(NioSocketImpl.java:636)
	at java.base/java.net.ServerSocket.bind(ServerSocket.java:391)
	at java.base/java.net.ServerSocket.<init>(ServerSocket.java:278)
	at java.base/java.net.ServerSocket.<init>(ServerSocket.java:171)
	at java.rmi/sun.rmi.transport.tcp.TCPDirectSocketFactory.createServerSocket(TCPDirectSocketFactory.java:45)
	at java.rmi/sun.rmi.transport.tcp.TCPEndpoint.newServerSocket(TCPEndpoint.java:672)
	at java.rmi/sun.rmi.transport.tcp.TCPTransport.listen(TCPTransport.java:344)
	... 12 common frames omitted
2026-05-07 23:24:13.969 [com.attendance.system.server.ServerLauncher.main()] INFO  com.zaxxer.hikari.HikariDataSource - HikariPool-2 - Shutdown initiated...
2026-05-07 23:24:14.013 [com.attendance.system.server.ServerLauncher.main()] INFO  com.zaxxer.hikari.HikariDataSource - HikariPool-2 - Shutdown completed.
2026-05-07 23:24:14.013 [com.attendance.system.server.ServerLauncher.main()] INFO  c.a.system.dao.DatabaseManager - Database connection pool closed
2026-05-07 23:24:14.014 [com.attendance.system.server.ServerLauncher.main()] INFO  c.a.system.server.ServerLauncher - Database connections closed
2026-05-07 23:24:14.014 [com.attendance.system.server.ServerLauncher.main()] ERROR c.a.system.server.ServerLauncher - Server startup failed
java.rmi.server.ExportException: Port already in use: 1100; nested exception is: 
	java.net.BindException: Address already in use
	at java.rmi/sun.rmi.transport.tcp.TCPTransport.listen(TCPTransport.java:356)
	at java.rmi/sun.rmi.transport.tcp.TCPTransport.exportObject(TCPTransport.java:251)
	at java.rmi/sun.rmi.transport.tcp.TCPEndpoint.exportObject(TCPEndpoint.java:415)
	at java.rmi/sun.rmi.transport.LiveRef.exportObject(LiveRef.java:147)
	at java.rmi/sun.rmi.server.UnicastServerRef.exportObject(UnicastServerRef.java:235)
	at java.rmi/sun.rmi.registry.RegistryImpl.setup(RegistryImpl.java:223)
	at java.rmi/sun.rmi.registry.RegistryImpl.<init>(RegistryImpl.java:208)
	at java.rmi/java.rmi.registry.LocateRegistry.createRegistry(LocateRegistry.java:203)
	at com.attendance.system.server.ServerLauncher.setupRMIRegistry(ServerLauncher.java:208)
	at com.attendance.system.server.ServerLauncher.start(ServerLauncher.java:77)
	at com.attendance.system.server.ServerLauncher.main(ServerLauncher.java:365)
	at org.codehaus.mojo.exec.ExecJavaMojo$1.run(ExecJavaMojo.java:279)
	at java.base/java.lang.Thread.run(Thread.java:1583)
Caused by: java.net.BindException: Address already in use
	at java.base/sun.nio.ch.Net.bind0(Native Method)
	at java.base/sun.nio.ch.Net.bind(Net.java:577)
	at java.base/sun.nio.ch.Net.bind(Net.java:566)
	at java.base/sun.nio.ch.NioSocketImpl.bind(NioSocketImpl.java:636)
	at java.base/java.net.ServerSocket.bind(ServerSocket.java:391)
	at java.base/java.net.ServerSocket.<init>(ServerSocket.java:278)
	at java.base/java.net.ServerSocket.<init>(ServerSocket.java:171)
	at java.rmi/sun.rmi.transport.tcp.TCPDirectSocketFactory.createServerSocket(TCPDirectSocketFactory.java:45)
	at java.rmi/sun.rmi.transport.tcp.TCPEndpoint.newServerSocket(TCPEndpoint.java:672)
	at java.rmi/sun.rmi.transport.tcp.TCPTransport.listen(TCPTransport.java:344)
	... 12 common frames omitted
2026-05-07 23:24:21.251 [Thread-2] INFO  c.a.system.server.ServerLauncher - Shutdown hook triggered
2026-05-07 23:24:21.252 [Thread-2] INFO  c.a.system.server.ServerLauncher - Stopping Student Attendance System Server...
2026-05-07 23:24:21.252 [Thread-2] INFO  c.a.system.server.ServerLauncher - Service unbound from registry
2026-05-07 23:24:21.253 [Thread-2] INFO  c.a.system.server.ServerLauncher - Server unexported
2026-05-07 23:24:21.254 [Thread-2] INFO  com.zaxxer.hikari.HikariDataSource - HikariPool-2 - Shutdown initiated...
2026-05-07 23:24:21.270 [Thread-2] INFO  com.zaxxer.hikari.HikariDataSource - HikariPool-2 - Shutdown completed.
2026-05-07 23:24:21.270 [Thread-2] INFO  c.a.system.dao.DatabaseManager - Database connection pool closed
2026-05-07 23:24:21.270 [Thread-2] INFO  c.a.system.server.ServerLauncher - Database connections closed
2026-05-07 23:24:21.270 [Thread-2] INFO  c.a.system.server.ServerLauncher - Server stopped successfully
2026-05-07 23:24:28.191 [com.attendance.system.server.ServerLauncher.main()] INFO  c.a.system.server.ServerLauncher - Starting Student Attendance System Server...
2026-05-07 23:24:28.193 [com.attendance.system.server.ServerLauncher.main()] INFO  c.a.system.server.ServerLauncher - Initializing database connection...
2026-05-07 23:24:28.219 [com.attendance.system.server.ServerLauncher.main()] INFO  com.zaxxer.hikari.HikariDataSource - HikariPool-1 - Starting...
2026-05-07 23:24:28.537 [com.attendance.system.server.ServerLauncher.main()] INFO  com.zaxxer.hikari.pool.HikariPool - HikariPool-1 - Added connection com.mysql.cj.jdbc.ConnectionImpl@239e752e
2026-05-07 23:24:28.540 [com.attendance.system.server.ServerLauncher.main()] INFO  com.zaxxer.hikari.HikariDataSource - HikariPool-1 - Start completed.
2026-05-07 23:24:28.541 [com.attendance.system.server.ServerLauncher.main()] INFO  c.a.system.dao.DatabaseManager - Database connection pool initialized successfully
2026-05-07 23:24:28.550 [com.attendance.system.server.ServerLauncher.main()] DEBUG c.a.system.dao.DatabaseManager - Database connection test successful
2026-05-07 23:24:28.567 [com.attendance.system.server.ServerLauncher.main()] INFO  com.zaxxer.hikari.HikariDataSource - HikariPool-2 - Starting...
2026-05-07 23:24:28.572 [com.attendance.system.server.ServerLauncher.main()] INFO  com.zaxxer.hikari.pool.HikariPool - HikariPool-2 - Added connection com.mysql.cj.jdbc.ConnectionImpl@6eefa10b
2026-05-07 23:24:28.573 [com.attendance.system.server.ServerLauncher.main()] INFO  com.zaxxer.hikari.HikariDataSource - HikariPool-2 - Start completed.
2026-05-07 23:24:28.573 [com.attendance.system.server.ServerLauncher.main()] INFO  c.a.system.dao.DatabaseManager - Database connection pool initialized successfully
2026-05-07 23:24:28.574 [com.attendance.system.server.ServerLauncher.main()] DEBUG c.a.system.dao.DatabaseManager - Database connection test successful
2026-05-07 23:24:28.575 [com.attendance.system.server.ServerLauncher.main()] DEBUG c.a.system.dao.DatabaseManager - Database connection test successful
2026-05-07 23:24:28.576 [com.attendance.system.server.ServerLauncher.main()] INFO  c.a.system.server.ServerLauncher - Database connection established successfully
2026-05-07 23:24:28.576 [com.attendance.system.server.ServerLauncher.main()] DEBUG c.a.system.server.ServerLauncher - Setting up RMI system properties...
2026-05-07 23:24:28.577 [com.attendance.system.server.ServerLauncher.main()] INFO  c.a.system.server.ServerLauncher - RMI server hostname set to: localhost
2026-05-07 23:24:28.577 [com.attendance.system.server.ServerLauncher.main()] INFO  c.a.system.server.ServerLauncher - Setting up RMI registry on port 1100...
2026-05-07 23:24:28.601 [com.attendance.system.server.ServerLauncher.main()] INFO  c.a.system.server.ServerLauncher - Created new RMI registry on port 1100
2026-05-07 23:24:28.602 [com.attendance.system.server.ServerLauncher.main()] INFO  c.a.system.server.ServerLauncher - Creating and exporting attendance server...
2026-05-07 23:24:28.633 [com.attendance.system.server.ServerLauncher.main()] INFO  c.a.system.server.AttendanceServer - AttendanceServer initialized successfully
2026-05-07 23:24:28.633 [com.attendance.system.server.ServerLauncher.main()] INFO  c.a.system.server.AttendanceServer - Encryption enabled: false
2026-05-07 23:24:28.633 [com.attendance.system.server.ServerLauncher.main()] INFO  c.a.system.server.AttendanceServer - Max concurrent users: 100
2026-05-07 23:24:28.633 [com.attendance.system.server.ServerLauncher.main()] INFO  c.a.system.server.ServerLauncher - Attendance server created and exported successfully
2026-05-07 23:24:28.634 [com.attendance.system.server.ServerLauncher.main()] INFO  c.a.system.server.ServerLauncher - Binding server to registry with name 'AttendanceService'...
2026-05-07 23:24:28.634 [com.attendance.system.server.ServerLauncher.main()] INFO  c.a.system.server.ServerLauncher - Server bound to registry successfully
2026-05-07 23:24:28.634 [com.attendance.system.server.ServerLauncher.main()] INFO  c.a.system.server.ServerLauncher - Starting maintenance tasks...
2026-05-07 23:24:28.635 [com.attendance.system.server.ServerLauncher.main()] INFO  c.a.system.server.ServerLauncher - Maintenance tasks started
2026-05-07 23:24:28.636 [com.attendance.system.server.ServerLauncher.main()] INFO  c.a.system.server.ServerLauncher - Server started successfully!
2026-05-07 23:24:28.636 [com.attendance.system.server.ServerLauncher.main()] INFO  c.a.system.server.ServerLauncher - Service name: AttendanceService
2026-05-07 23:24:28.637 [com.attendance.system.server.ServerLauncher.main()] INFO  c.a.system.server.ServerLauncher - RMI registry port: 1100
2026-05-07 23:24:28.637 [com.attendance.system.server.ServerLauncher.main()] INFO  c.a.system.server.ServerLauncher - Server listening on port: 0
2026-05-07 23:24:28.637 [com.attendance.system.server.ServerLauncher.main()] INFO  c.a.system.server.ServerLauncher - Server is ready to accept client connections.
2026-05-07 23:24:53.215 [AWT-EventQueue-0] INFO  c.a.system.client.AttendanceGUI - GUI initialized successfully
2026-05-07 23:24:53.218 [ForkJoinPool.commonPool-worker-2] INFO  c.a.system.client.AttendanceGUI - Attempting to connect to server: rmi://localhost:1100/AttendanceService
2026-05-07 23:24:53.732 [AWT-EventQueue-0] INFO  c.a.system.client.AttendanceGUI - Successfully connected to server
2026-05-07 23:25:13.396 [RMI TCP Connection(2)-127.0.0.1] DEBUG c.a.system.server.AttendanceServer - Executing method: authenticateUser
2026-05-07 23:25:13.400 [RMI TCP Connection(2)-127.0.0.1] DEBUG c.a.system.server.AttendanceServer - Authentication request for user: yosef
2026-05-07 23:25:13.408 [RMI TCP Connection(2)-127.0.0.1] WARN  c.a.system.util.SecurityUtil - ATTENDANCE_ENCRYPTION_KEY environment variable not set. Using default key for development only.
2026-05-07 23:25:13.910 [RMI TCP Connection(2)-127.0.0.1] INFO  c.a.s.service.AuthenticationService - User authenticated successfully: yosef (Role: Teacher)
2026-05-07 23:25:13.911 [RMI TCP Connection(2)-127.0.0.1] INFO  c.a.system.server.AttendanceServer - User authenticated successfully: yosef (Active connections: 1)
2026-05-07 23:25:13.911 [RMI TCP Connection(2)-127.0.0.1] DEBUG c.a.system.server.AttendanceServer - Method authenticateUser completed in 515 ms
2026-05-07 23:25:13.940 [RMI TCP Connection(2)-127.0.0.1] DEBUG c.a.system.server.AttendanceServer - Executing method: validateSession
2026-05-07 23:25:13.940 [RMI TCP Connection(2)-127.0.0.1] DEBUG c.a.system.server.AttendanceServer - Method validateSession completed in 0 ms
2026-05-07 23:25:13.962 [RMI TCP Connection(2)-127.0.0.1] DEBUG c.a.system.server.AttendanceServer - Executing method: validateSession
2026-05-07 23:25:13.962 [RMI TCP Connection(2)-127.0.0.1] DEBUG c.a.system.server.AttendanceServer - Method validateSession completed in 0 ms
2026-05-07 23:25:14.039 [RMI TCP Connection(2)-127.0.0.1] DEBUG c.a.system.server.AttendanceServer - Executing method: getCoursesByTeacher
2026-05-07 23:25:14.050 [RMI TCP Connection(2)-127.0.0.1] DEBUG c.a.system.server.AttendanceServer - Method getCoursesByTeacher completed in 11 ms
2026-05-07 23:25:14.069 [AWT-EventQueue-0] INFO  c.a.system.client.AttendanceGUI - User authenticated: yosef (Teacher)
2026-05-07 23:25:16.169 [RMI TCP Connection(2)-127.0.0.1] DEBUG c.a.system.server.AttendanceServer - Executing method: getCoursesByTeacher
2026-05-07 23:25:16.175 [RMI TCP Connection(2)-127.0.0.1] DEBUG c.a.system.server.AttendanceServer - Method getCoursesByTeacher completed in 6 ms
2026-05-07 23:25:28.636 [pool-1-thread-2] DEBUG c.a.system.server.ServerLauncher - Server stats - Active connections: 1, Total requests: 5
2026-05-07 23:26:01.949 [RMI TCP Connection(3)-127.0.0.1] DEBUG c.a.system.server.AttendanceServer - Executing method: getCoursesByTeacher
2026-05-07 23:26:01.967 [RMI TCP Connection(3)-127.0.0.1] DEBUG c.a.system.server.AttendanceServer - Method getCoursesByTeacher completed in 18 ms
2026-05-07 23:26:28.636 [pool-1-thread-2] DEBUG c.a.system.server.ServerLauncher - Server stats - Active connections: 1, Total requests: 6
2026-05-07 23:27:28.636 [pool-1-thread-2] DEBUG c.a.system.server.ServerLauncher - Server stats - Active connections: 1, Total requests: 6
2026-05-07 23:28:28.636 [pool-1-thread-2] DEBUG c.a.system.server.ServerLauncher - Server stats - Active connections: 1, Total requests: 6
2026-05-07 23:28:32.685 [RMI TCP Connection(5)-127.0.0.1] DEBUG c.a.system.server.AttendanceServer - Executing method: authenticateUser
2026-05-07 23:28:32.685 [RMI TCP Connection(5)-127.0.0.1] DEBUG c.a.system.server.AttendanceServer - Authentication request for user: testteacher
2026-05-07 23:28:33.117 [RMI TCP Connection(5)-127.0.0.1] INFO  c.a.s.service.AuthenticationService - User authenticated successfully: testteacher (Role: Teacher)
2026-05-07 23:28:33.117 [RMI TCP Connection(5)-127.0.0.1] INFO  c.a.system.server.AttendanceServer - User authenticated successfully: testteacher (Active connections: 2)
2026-05-07 23:28:33.117 [RMI TCP Connection(5)-127.0.0.1] DEBUG c.a.system.server.AttendanceServer - Method authenticateUser completed in 432 ms
2026-05-07 23:28:33.140 [RMI TCP Connection(5)-127.0.0.1] DEBUG c.a.system.server.AttendanceServer - Executing method: getCoursesByTeacher
2026-05-07 23:28:33.144 [RMI TCP Connection(5)-127.0.0.1] DEBUG c.a.system.server.AttendanceServer - Method getCoursesByTeacher completed in 4 ms
2026-05-07 23:28:33.155 [RMI TCP Connection(5)-127.0.0.1] DEBUG c.a.system.server.AttendanceServer - Executing method: getEnrolledStudents
2026-05-07 23:28:33.165 [RMI TCP Connection(5)-127.0.0.1] DEBUG c.a.system.server.AttendanceServer - Method getEnrolledStudents completed in 10 ms
2026-05-07 23:28:33.210 [RMI TCP Connection(5)-127.0.0.1] DEBUG c.a.system.server.AttendanceServer - Executing method: markAttendance
2026-05-07 23:28:33.289 [RMI TCP Connection(5)-127.0.0.1] ERROR c.a.system.dao.AttendanceDAO - Failed to insert attendance record
java.sql.SQLIntegrityConstraintViolationException: Duplicate entry '2-3-2026-05-07-09:00:00' for key 'unique_attendance'
	at com.mysql.cj.jdbc.exceptions.SQLError.createSQLException(SQLError.java:118)
	at com.mysql.cj.jdbc.exceptions.SQLExceptionsMapping.translateException(SQLExceptionsMapping.java:122)
	at com.mysql.cj.jdbc.ServerPreparedStatement.serverExecute(ServerPreparedStatement.java:555)
	at com.mysql.cj.jdbc.ServerPreparedStatement.executeInternal(ServerPreparedStatement.java:339)
	at com.mysql.cj.jdbc.ClientPreparedStatement.executeUpdateInternal(ClientPreparedStatement.java:1061)
	at com.mysql.cj.jdbc.ClientPreparedStatement.executeUpdateInternal(ClientPreparedStatement.java:1009)
	at com.mysql.cj.jdbc.ClientPreparedStatement.executeLargeUpdate(ClientPreparedStatement.java:1320)
	at com.mysql.cj.jdbc.ClientPreparedStatement.executeUpdate(ClientPreparedStatement.java:994)
	at com.zaxxer.hikari.pool.ProxyPreparedStatement.executeUpdate(ProxyPreparedStatement.java:61)
	at com.zaxxer.hikari.pool.HikariProxyPreparedStatement.executeUpdate(HikariProxyPreparedStatement.java)
	at com.attendance.system.dao.AttendanceDAO.insertAttendanceRecord(AttendanceDAO.java:59)
	at com.attendance.system.service.AttendanceServiceImpl.markAttendance(AttendanceServiceImpl.java:75)
	at com.attendance.system.server.AttendanceServer.lambda$markAttendance$17(AttendanceServer.java:638)
	at com.attendance.system.server.AttendanceServer.executeWithErrorHandling(AttendanceServer.java:1159)
	at com.attendance.system.server.AttendanceServer.markAttendance(AttendanceServer.java:637)
	at java.base/jdk.internal.reflect.DirectMethodHandleAccessor.invoke(DirectMethodHandleAccessor.java:103)
	at java.base/java.lang.reflect.Method.invoke(Method.java:580)
	at java.rmi/sun.rmi.server.UnicastServerRef.dispatch(UnicastServerRef.java:360)
	at java.rmi/sun.rmi.transport.Transport$1.run(Transport.java:200)
	at java.rmi/sun.rmi.transport.Transport$1.run(Transport.java:197)
	at java.base/java.security.AccessController.doPrivileged(AccessController.java:714)
	at java.rmi/sun.rmi.transport.Transport.serviceCall(Transport.java:196)
	at java.rmi/sun.rmi.transport.tcp.TCPTransport.handleMessages(TCPTransport.java:598)
	at java.rmi/sun.rmi.transport.tcp.TCPTransport$ConnectionHandler.run0(TCPTransport.java:844)
	at java.rmi/sun.rmi.transport.tcp.TCPTransport$ConnectionHandler.lambda$run$0(TCPTransport.java:721)
	at java.base/java.security.AccessController.doPrivileged(AccessController.java:400)
	at java.rmi/sun.rmi.transport.tcp.TCPTransport$ConnectionHandler.run(TCPTransport.java:720)
	at java.base/java.util.concurrent.ThreadPoolExecutor.runWorker(ThreadPoolExecutor.java:1144)
	at java.base/java.util.concurrent.ThreadPoolExecutor$Worker.run(ThreadPoolExecutor.java:642)
	at java.base/java.lang.Thread.run(Thread.java:1583)
2026-05-07 23:28:33.293 [RMI TCP Connection(5)-127.0.0.1] WARN  c.a.system.server.AttendanceServer - Method markAttendance failed: Database operation failed
2026-05-07 23:28:33.335 [RMI TCP Connection(6)-127.0.0.1] DEBUG c.a.system.server.AttendanceServer - Executing method: markAttendance
2026-05-07 23:28:33.384 [RMI TCP Connection(6)-127.0.0.1] INFO  c.a.system.dao.AttendanceDAO - Attendance record inserted: AttendanceRecord{id=9, studentId=4, courseId=3, date=2026-05-07, time=09:00, status=Present, markedAt=2026-05-07T23:28:33.331863475}
2026-05-07 23:28:33.385 [RMI TCP Connection(6)-127.0.0.1] INFO  c.a.s.service.AttendanceServiceImpl - Attendance marked by user testteacher for student 4 in course 3 on 2026-05-07
2026-05-07 23:28:33.385 [RMI TCP Connection(6)-127.0.0.1] DEBUG c.a.system.server.AttendanceServer - Method markAttendance completed in 50 ms
2026-05-07 23:28:33.394 [RMI TCP Connection(6)-127.0.0.1] DEBUG c.a.system.server.AttendanceServer - Executing method: getAttendanceByClassDate
2026-05-07 23:28:33.410 [RMI TCP Connection(6)-127.0.0.1] DEBUG c.a.system.server.AttendanceServer - Method getAttendanceByClassDate completed in 16 ms
2026-05-07 23:28:33.428 [RMI TCP Connection(6)-127.0.0.1] DEBUG c.a.system.server.AttendanceServer - Executing method: updateAttendance
2026-05-07 23:28:33.456 [RMI TCP Connection(6)-127.0.0.1] INFO  c.a.system.dao.AttendanceDAO - Attendance record updated: 2
2026-05-07 23:28:33.456 [RMI TCP Connection(6)-127.0.0.1] INFO  c.a.s.service.AttendanceServiceImpl - Attendance updated by user testteacher for record 2
2026-05-07 23:28:33.456 [RMI TCP Connection(6)-127.0.0.1] DEBUG c.a.system.server.AttendanceServer - Method updateAttendance completed in 28 ms
2026-05-07 23:28:33.460 [RMI TCP Connection(6)-127.0.0.1] DEBUG c.a.system.server.AttendanceServer - Executing method: updateAttendance
2026-05-07 23:28:33.486 [RMI TCP Connection(6)-127.0.0.1] INFO  c.a.system.dao.AttendanceDAO - Attendance record updated: 4
2026-05-07 23:28:33.487 [RMI TCP Connection(6)-127.0.0.1] INFO  c.a.s.service.AttendanceServiceImpl - Attendance updated by user testteacher for record 4
2026-05-07 23:28:33.487 [RMI TCP Connection(6)-127.0.0.1] DEBUG c.a.system.server.AttendanceServer - Method updateAttendance completed in 27 ms
2026-05-07 23:28:33.490 [RMI TCP Connection(6)-127.0.0.1] DEBUG c.a.system.server.AttendanceServer - Executing method: updateAttendance
2026-05-07 23:28:33.516 [RMI TCP Connection(6)-127.0.0.1] INFO  c.a.system.dao.AttendanceDAO - Attendance record updated: 5
2026-05-07 23:28:33.516 [RMI TCP Connection(6)-127.0.0.1] INFO  c.a.s.service.AttendanceServiceImpl - Attendance updated by user testteacher for record 5
2026-05-07 23:28:33.517 [RMI TCP Connection(6)-127.0.0.1] DEBUG c.a.system.server.AttendanceServer - Method updateAttendance completed in 27 ms
2026-05-07 23:28:33.519 [RMI TCP Connection(6)-127.0.0.1] DEBUG c.a.system.server.AttendanceServer - Executing method: updateAttendance
2026-05-07 23:28:33.546 [RMI TCP Connection(6)-127.0.0.1] INFO  c.a.system.dao.AttendanceDAO - Attendance record updated: 9
2026-05-07 23:28:33.547 [RMI TCP Connection(6)-127.0.0.1] INFO  c.a.s.service.AttendanceServiceImpl - Attendance updated by user testteacher for record 9
2026-05-07 23:28:33.547 [RMI TCP Connection(6)-127.0.0.1] DEBUG c.a.system.server.AttendanceServer - Method updateAttendance completed in 28 ms
2026-05-07 23:28:33.551 [RMI TCP Connection(6)-127.0.0.1] DEBUG c.a.system.server.AttendanceServer - Executing method: getAttendanceByClassDate
2026-05-07 23:28:33.561 [RMI TCP Connection(6)-127.0.0.1] DEBUG c.a.system.server.AttendanceServer - Method getAttendanceByClassDate completed in 10 ms
2026-05-07 23:28:33.566 [RMI TCP Connection(6)-127.0.0.1] DEBUG c.a.system.server.AttendanceServer - Executing method: updateAttendance
2026-05-07 23:28:33.597 [RMI TCP Connection(6)-127.0.0.1] INFO  c.a.system.dao.AttendanceDAO - Attendance record updated: 2
2026-05-07 23:28:33.598 [RMI TCP Connection(6)-127.0.0.1] INFO  c.a.s.service.AttendanceServiceImpl - Attendance updated by user testteacher for record 2
2026-05-07 23:28:33.599 [RMI TCP Connection(6)-127.0.0.1] DEBUG c.a.system.server.AttendanceServer - Method updateAttendance completed in 32 ms
2026-05-07 23:28:33.603 [RMI TCP Connection(6)-127.0.0.1] DEBUG c.a.system.server.AttendanceServer - Executing method: updateAttendance
2026-05-07 23:28:33.630 [RMI TCP Connection(6)-127.0.0.1] INFO  c.a.system.dao.AttendanceDAO - Attendance record updated: 4
2026-05-07 23:28:33.631 [RMI TCP Connection(6)-127.0.0.1] INFO  c.a.s.service.AttendanceServiceImpl - Attendance updated by user testteacher for record 4
2026-05-07 23:28:33.631 [RMI TCP Connection(6)-127.0.0.1] DEBUG c.a.system.server.AttendanceServer - Method updateAttendance completed in 28 ms
2026-05-07 23:28:33.634 [RMI TCP Connection(6)-127.0.0.1] DEBUG c.a.system.server.AttendanceServer - Executing method: updateAttendance
2026-05-07 23:28:33.663 [RMI TCP Connection(6)-127.0.0.1] INFO  c.a.system.dao.AttendanceDAO - Attendance record updated: 5
2026-05-07 23:28:33.664 [RMI TCP Connection(6)-127.0.0.1] INFO  c.a.s.service.AttendanceServiceImpl - Attendance updated by user testteacher for record 5
2026-05-07 23:28:33.664 [RMI TCP Connection(6)-127.0.0.1] DEBUG c.a.system.server.AttendanceServer - Method updateAttendance completed in 30 ms
2026-05-07 23:28:33.667 [RMI TCP Connection(6)-127.0.0.1] DEBUG c.a.system.server.AttendanceServer - Executing method: updateAttendance
2026-05-07 23:28:33.694 [RMI TCP Connection(6)-127.0.0.1] INFO  c.a.system.dao.AttendanceDAO - Attendance record updated: 9
2026-05-07 23:28:33.695 [RMI TCP Connection(6)-127.0.0.1] INFO  c.a.s.service.AttendanceServiceImpl - Attendance updated by user testteacher for record 9
2026-05-07 23:28:33.695 [RMI TCP Connection(6)-127.0.0.1] DEBUG c.a.system.server.AttendanceServer - Method updateAttendance completed in 28 ms
2026-05-07 23:28:33.697 [RMI TCP Connection(6)-127.0.0.1] DEBUG c.a.system.server.AttendanceServer - Executing method: getAttendanceByClassDate
2026-05-07 23:28:33.706 [RMI TCP Connection(6)-127.0.0.1] DEBUG c.a.system.server.AttendanceServer - Method getAttendanceByClassDate completed in 9 ms
2026-05-07 23:28:33.714 [RMI TCP Connection(6)-127.0.0.1] DEBUG c.a.system.server.AttendanceServer - Executing method: updateAttendance
2026-05-07 23:28:33.748 [RMI TCP Connection(6)-127.0.0.1] INFO  c.a.system.dao.AttendanceDAO - Attendance record updated: 2
2026-05-07 23:28:33.749 [RMI TCP Connection(6)-127.0.0.1] INFO  c.a.s.service.AttendanceServiceImpl - Attendance updated by user testteacher for record 2
2026-05-07 23:28:33.749 [RMI TCP Connection(6)-127.0.0.1] DEBUG c.a.system.server.AttendanceServer - Method updateAttendance completed in 35 ms
2026-05-07 23:28:33.752 [RMI TCP Connection(6)-127.0.0.1] DEBUG c.a.system.server.AttendanceServer - Executing method: updateAttendance
2026-05-07 23:28:33.779 [RMI TCP Connection(6)-127.0.0.1] INFO  c.a.system.dao.AttendanceDAO - Attendance record updated: 4
2026-05-07 23:28:33.779 [RMI TCP Connection(6)-127.0.0.1] INFO  c.a.s.service.AttendanceServiceImpl - Attendance updated by user testteacher for record 4
2026-05-07 23:28:33.779 [RMI TCP Connection(6)-127.0.0.1] DEBUG c.a.system.server.AttendanceServer - Method updateAttendance completed in 27 ms
2026-05-07 23:28:33.782 [RMI TCP Connection(6)-127.0.0.1] DEBUG c.a.system.server.AttendanceServer - Executing method: updateAttendance
2026-05-07 23:28:33.810 [RMI TCP Connection(6)-127.0.0.1] INFO  c.a.system.dao.AttendanceDAO - Attendance record updated: 5
2026-05-07 23:28:33.810 [RMI TCP Connection(6)-127.0.0.1] INFO  c.a.s.service.AttendanceServiceImpl - Attendance updated by user testteacher for record 5
2026-05-07 23:28:33.810 [RMI TCP Connection(6)-127.0.0.1] DEBUG c.a.system.server.AttendanceServer - Method updateAttendance completed in 28 ms
2026-05-07 23:28:33.812 [RMI TCP Connection(6)-127.0.0.1] DEBUG c.a.system.server.AttendanceServer - Executing method: updateAttendance
2026-05-07 23:28:33.839 [RMI TCP Connection(6)-127.0.0.1] INFO  c.a.system.dao.AttendanceDAO - Attendance record updated: 9
2026-05-07 23:28:33.839 [RMI TCP Connection(6)-127.0.0.1] INFO  c.a.s.service.AttendanceServiceImpl - Attendance updated by user testteacher for record 9
2026-05-07 23:28:33.840 [RMI TCP Connection(6)-127.0.0.1] DEBUG c.a.system.server.AttendanceServer - Method updateAttendance completed in 28 ms
2026-05-07 23:28:33.841 [RMI TCP Connection(6)-127.0.0.1] DEBUG c.a.system.server.AttendanceServer - Executing method: getAttendanceByClassDate
2026-05-07 23:28:33.846 [RMI TCP Connection(6)-127.0.0.1] DEBUG c.a.system.server.AttendanceServer - Method getAttendanceByClassDate completed in 5 ms
2026-05-07 23:28:33.853 [RMI TCP Connection(6)-127.0.0.1] DEBUG c.a.system.server.AttendanceServer - Executing method: updateAttendance
2026-05-07 23:28:33.882 [RMI TCP Connection(6)-127.0.0.1] INFO  c.a.system.dao.AttendanceDAO - Attendance record updated: 2
2026-05-07 23:28:33.883 [RMI TCP Connection(6)-127.0.0.1] INFO  c.a.s.service.AttendanceServiceImpl - Attendance updated by user testteacher for record 2
2026-05-07 23:28:33.883 [RMI TCP Connection(6)-127.0.0.1] DEBUG c.a.system.server.AttendanceServer - Method updateAttendance completed in 30 ms
2026-05-07 23:28:33.886 [RMI TCP Connection(6)-127.0.0.1] DEBUG c.a.system.server.AttendanceServer - Executing method: updateAttendance
2026-05-07 23:28:33.914 [RMI TCP Connection(6)-127.0.0.1] INFO  c.a.system.dao.AttendanceDAO - Attendance record updated: 4
2026-05-07 23:28:33.915 [RMI TCP Connection(6)-127.0.0.1] INFO  c.a.s.service.AttendanceServiceImpl - Attendance updated by user testteacher for record 4
2026-05-07 23:28:33.915 [RMI TCP Connection(6)-127.0.0.1] DEBUG c.a.system.server.AttendanceServer - Method updateAttendance completed in 29 ms
2026-05-07 23:28:33.917 [RMI TCP Connection(6)-127.0.0.1] DEBUG c.a.system.server.AttendanceServer - Executing method: updateAttendance
2026-05-07 23:28:33.944 [RMI TCP Connection(6)-127.0.0.1] INFO  c.a.system.dao.AttendanceDAO - Attendance record updated: 5
2026-05-07 23:28:33.944 [RMI TCP Connection(6)-127.0.0.1] INFO  c.a.s.service.AttendanceServiceImpl - Attendance updated by user testteacher for record 5
2026-05-07 23:28:33.944 [RMI TCP Connection(6)-127.0.0.1] DEBUG c.a.system.server.AttendanceServer - Method updateAttendance completed in 27 ms
2026-05-07 23:28:33.946 [RMI TCP Connection(6)-127.0.0.1] DEBUG c.a.system.server.AttendanceServer - Executing method: updateAttendance
2026-05-07 23:28:33.974 [RMI TCP Connection(6)-127.0.0.1] INFO  c.a.system.dao.AttendanceDAO - Attendance record updated: 9
2026-05-07 23:28:33.975 [RMI TCP Connection(6)-127.0.0.1] INFO  c.a.s.service.AttendanceServiceImpl - Attendance updated by user testteacher for record 9
2026-05-07 23:28:33.978 [RMI TCP Connection(6)-127.0.0.1] DEBUG c.a.system.server.AttendanceServer - Method updateAttendance completed in 32 ms
2026-05-07 23:28:33.980 [RMI TCP Connection(6)-127.0.0.1] DEBUG c.a.system.server.AttendanceServer - Executing method: getAttendanceByClassDate
2026-05-07 23:28:34.011 [RMI TCP Connection(6)-127.0.0.1] DEBUG c.a.system.server.AttendanceServer - Method getAttendanceByClassDate completed in 31 ms
2026-05-07 23:29:28.636 [pool-1-thread-2] DEBUG c.a.system.server.ServerLauncher - Server stats - Active connections: 2, Total requests: 32
2026-05-07 23:29:53.942 [RMI TCP Connection(7)-127.0.0.1] DEBUG c.a.system.server.AttendanceServer - Executing method: getCoursesByTeacher
2026-05-07 23:29:53.955 [RMI TCP Connection(7)-127.0.0.1] DEBUG c.a.system.server.AttendanceServer - Method getCoursesByTeacher completed in 13 ms
2026-05-07 23:30:11.212 [RMI TCP Connection(7)-127.0.0.1] DEBUG c.a.system.server.AttendanceServer - Executing method: logout
2026-05-07 23:30:11.214 [RMI TCP Connection(7)-127.0.0.1] INFO  c.a.s.service.AuthenticationService - User logged out: yosef
2026-05-07 23:30:11.215 [RMI TCP Connection(7)-127.0.0.1] INFO  c.a.system.server.AttendanceServer - User logged out: yosef (Active connections: 1)
2026-05-07 23:30:11.216 [RMI TCP Connection(7)-127.0.0.1] DEBUG c.a.system.server.AttendanceServer - Method logout completed in 4 ms
2026-05-07 23:30:11.218 [AWT-EventQueue-0] INFO  c.a.system.client.AttendanceGUI - User logged out: yosef
2026-05-07 23:30:20.616 [RMI TCP Connection(7)-127.0.0.1] DEBUG c.a.system.server.AttendanceServer - Executing method: authenticateUser
2026-05-07 23:30:20.617 [RMI TCP Connection(7)-127.0.0.1] DEBUG c.a.system.server.AttendanceServer - Authentication request for user: admin
2026-05-07 23:30:21.036 [RMI TCP Connection(7)-127.0.0.1] INFO  c.a.s.service.AuthenticationService - User authenticated successfully: admin (Role: Administrator)
2026-05-07 23:30:21.037 [RMI TCP Connection(7)-127.0.0.1] INFO  c.a.system.server.AttendanceServer - User authenticated successfully: admin (Active connections: 2)
2026-05-07 23:30:21.037 [RMI TCP Connection(7)-127.0.0.1] DEBUG c.a.system.server.AttendanceServer - Method authenticateUser completed in 421 ms
2026-05-07 23:30:21.068 [RMI TCP Connection(7)-127.0.0.1] DEBUG c.a.system.server.AttendanceServer - Executing method: getAllUsers
2026-05-07 23:30:21.073 [RMI TCP Connection(7)-127.0.0.1] DEBUG c.a.system.server.AttendanceServer - Method getAllUsers completed in 5 ms
2026-05-07 23:30:21.139 [RMI TCP Connection(8)-127.0.0.1] DEBUG c.a.system.server.AttendanceServer - Executing method: getSystemStatistics
2026-05-07 23:30:21.159 [RMI TCP Connection(8)-127.0.0.1] DEBUG c.a.system.server.AttendanceServer - Method getSystemStatistics completed in 20 ms
2026-05-07 23:30:21.183 [AWT-EventQueue-0] INFO  c.a.system.client.AttendanceGUI - User authenticated: admin (Administrator)
2026-05-07 23:30:26.954 [RMI TCP Connection(8)-127.0.0.1] DEBUG c.a.system.server.AttendanceServer - Executing method: getSystemStatistics
2026-05-07 23:30:26.984 [RMI TCP Connection(8)-127.0.0.1] DEBUG c.a.system.server.AttendanceServer - Method getSystemStatistics completed in 30 ms
2026-05-07 23:30:28.568 [RMI TCP Connection(8)-127.0.0.1] DEBUG c.a.system.server.AttendanceServer - Executing method: getSystemStatistics
2026-05-07 23:30:28.579 [RMI TCP Connection(8)-127.0.0.1] DEBUG c.a.system.server.AttendanceServer - Method getSystemStatistics completed in 11 ms
2026-05-07 23:30:28.636 [pool-1-thread-2] DEBUG c.a.system.server.ServerLauncher - Server stats - Active connections: 2, Total requests: 39
2026-05-07 23:30:58.656 [RMI TCP Connection(9)-127.0.0.1] DEBUG c.a.system.server.AttendanceServer - Executing method: getAllUsers
2026-05-07 23:30:58.694 [RMI TCP Connection(9)-127.0.0.1] DEBUG c.a.system.server.AttendanceServer - Method getAllUsers completed in 38 ms
2026-05-07 23:31:07.151 [RMI TCP Connection(9)-127.0.0.1] DEBUG c.a.system.server.AttendanceServer - Executing method: getAllUsers
2026-05-07 23:31:07.172 [RMI TCP Connection(9)-127.0.0.1] DEBUG c.a.system.server.AttendanceServer - Method getAllUsers completed in 21 ms
2026-05-07 23:31:21.346 [RMI TCP Connection(9)-127.0.0.1] DEBUG c.a.system.server.AttendanceServer - Executing method: getAllUsers
2026-05-07 23:31:21.359 [RMI TCP Connection(9)-127.0.0.1] DEBUG c.a.system.server.AttendanceServer - Method getAllUsers completed in 13 ms
2026-05-07 23:31:21.376 [RMI TCP Connection(9)-127.0.0.1] DEBUG c.a.system.server.AttendanceServer - Executing method: updateUser
2026-05-07 23:31:21.461 [RMI TCP Connection(9)-127.0.0.1] DEBUG c.a.system.dao.DatabaseManager - Transaction committed successfully
2026-05-07 23:31:21.462 [RMI TCP Connection(9)-127.0.0.1] INFO  c.a.system.server.AttendanceServer - User updated by admin admin: testteacher2
2026-05-07 23:31:21.463 [RMI TCP Connection(9)-127.0.0.1] DEBUG c.a.system.server.AttendanceServer - Method updateUser completed in 87 ms
2026-05-07 23:31:23.882 [RMI TCP Connection(9)-127.0.0.1] DEBUG c.a.system.server.AttendanceServer - Executing method: getAllUsers
2026-05-07 23:31:23.899 [RMI TCP Connection(9)-127.0.0.1] DEBUG c.a.system.server.AttendanceServer - Method getAllUsers completed in 17 ms
2026-05-07 23:31:28.636 [pool-1-thread-2] DEBUG c.a.system.server.ServerLauncher - Server stats - Active connections: 2, Total requests: 44
2026-05-07 23:31:41.241 [RMI TCP Connection(9)-127.0.0.1] DEBUG c.a.system.server.AttendanceServer - Executing method: getAllUsers
2026-05-07 23:31:41.259 [RMI TCP Connection(9)-127.0.0.1] DEBUG c.a.system.server.AttendanceServer - Method getAllUsers completed in 18 ms
2026-05-07 23:31:41.281 [RMI TCP Connection(9)-127.0.0.1] DEBUG c.a.system.server.AttendanceServer - Executing method: updateUser
2026-05-07 23:31:41.319 [RMI TCP Connection(9)-127.0.0.1] DEBUG c.a.system.dao.DatabaseManager - Transaction committed successfully
2026-05-07 23:31:41.320 [RMI TCP Connection(9)-127.0.0.1] INFO  c.a.system.server.AttendanceServer - User updated by admin admin: testteacher
2026-05-07 23:31:41.320 [RMI TCP Connection(9)-127.0.0.1] INFO  c.a.s.service.AuthenticationService - Force logout user: testteacher
2026-05-07 23:31:41.320 [RMI TCP Connection(9)-127.0.0.1] DEBUG c.a.system.server.AttendanceServer - Method updateUser completed in 39 ms
2026-05-07 23:31:43.018 [RMI TCP Connection(9)-127.0.0.1] DEBUG c.a.system.server.AttendanceServer - Executing method: getAllUsers
2026-05-07 23:31:43.043 [RMI TCP Connection(9)-127.0.0.1] DEBUG c.a.system.server.AttendanceServer - Method getAllUsers completed in 25 ms
2026-05-07 23:32:28.636 [pool-1-thread-2] DEBUG c.a.system.server.ServerLauncher - Server stats - Active connections: 2, Total requests: 47
2026-05-07 23:33:28.636 [pool-1-thread-2] DEBUG c.a.system.server.ServerLauncher - Server stats - Active connections: 2, Total requests: 47
2026-05-07 23:34:28.204 [RMI TCP Connection(10)-127.0.0.1] DEBUG c.a.system.server.AttendanceServer - Executing method: logout
2026-05-07 23:34:28.205 [RMI TCP Connection(10)-127.0.0.1] INFO  c.a.s.service.AuthenticationService - User logged out: admin
2026-05-07 23:34:28.205 [RMI TCP Connection(10)-127.0.0.1] INFO  c.a.system.server.AttendanceServer - User logged out: admin (Active connections: 1)
2026-05-07 23:34:28.205 [RMI TCP Connection(10)-127.0.0.1] DEBUG c.a.system.server.AttendanceServer - Method logout completed in 1 ms
2026-05-07 23:34:28.207 [AWT-EventQueue-0] INFO  c.a.system.client.AttendanceGUI - User logged out: admin
2026-05-07 23:34:28.635 [pool-1-thread-2] DEBUG c.a.system.server.ServerLauncher - Server stats - Active connections: 1, Total requests: 48
2026-05-07 23:34:42.787 [RMI TCP Connection(10)-127.0.0.1] DEBUG c.a.system.server.AttendanceServer - Executing method: authenticateUser
2026-05-07 23:34:42.787 [RMI TCP Connection(10)-127.0.0.1] DEBUG c.a.system.server.AttendanceServer - Authentication request for user: yosef
2026-05-07 23:34:43.375 [RMI TCP Connection(10)-127.0.0.1] INFO  c.a.s.service.AuthenticationService - User authenticated successfully: yosef (Role: Teacher)
2026-05-07 23:34:43.376 [RMI TCP Connection(10)-127.0.0.1] INFO  c.a.system.server.AttendanceServer - User authenticated successfully: yosef (Active connections: 2)
2026-05-07 23:34:43.376 [RMI TCP Connection(10)-127.0.0.1] DEBUG c.a.system.server.AttendanceServer - Method authenticateUser completed in 589 ms
2026-05-07 23:34:43.380 [RMI TCP Connection(10)-127.0.0.1] DEBUG c.a.system.server.AttendanceServer - Executing method: validateSession
2026-05-07 23:34:43.381 [RMI TCP Connection(10)-127.0.0.1] DEBUG c.a.system.server.AttendanceServer - Method validateSession completed in 1 ms
2026-05-07 23:34:43.385 [RMI TCP Connection(10)-127.0.0.1] DEBUG c.a.system.server.AttendanceServer - Executing method: validateSession
2026-05-07 23:34:43.385 [RMI TCP Connection(10)-127.0.0.1] DEBUG c.a.system.server.AttendanceServer - Method validateSession completed in 0 ms
2026-05-07 23:34:43.405 [RMI TCP Connection(10)-127.0.0.1] DEBUG c.a.system.server.AttendanceServer - Executing method: getCoursesByTeacher
2026-05-07 23:34:43.408 [RMI TCP Connection(10)-127.0.0.1] DEBUG c.a.system.server.AttendanceServer - Method getCoursesByTeacher completed in 3 ms
2026-05-07 23:34:43.421 [AWT-EventQueue-0] INFO  c.a.system.client.AttendanceGUI - User authenticated: yosef (Teacher)
2026-05-07 23:34:46.918 [RMI TCP Connection(10)-127.0.0.1] DEBUG c.a.system.server.AttendanceServer - Executing method: getCoursesByTeacher
2026-05-07 23:34:46.923 [RMI TCP Connection(10)-127.0.0.1] DEBUG c.a.system.server.AttendanceServer - Method getCoursesByTeacher completed in 5 ms
2026-05-07 23:35:16.874 [RMI TCP Connection(11)-127.0.0.1] DEBUG c.a.system.server.AttendanceServer - Executing method: getCoursesByTeacher
2026-05-07 23:35:16.878 [RMI TCP Connection(11)-127.0.0.1] DEBUG c.a.system.server.AttendanceServer - Method getCoursesByTeacher completed in 4 ms
2026-05-07 23:35:17.077 [RMI TCP Connection(11)-127.0.0.1] DEBUG c.a.system.server.AttendanceServer - Executing method: getCoursesByTeacher
2026-05-07 23:35:17.080 [RMI TCP Connection(11)-127.0.0.1] DEBUG c.a.system.server.AttendanceServer - Method getCoursesByTeacher completed in 3 ms
2026-05-07 23:35:17.257 [RMI TCP Connection(11)-127.0.0.1] DEBUG c.a.system.server.AttendanceServer - Executing method: getCoursesByTeacher
2026-05-07 23:35:17.260 [RMI TCP Connection(11)-127.0.0.1] DEBUG c.a.system.server.AttendanceServer - Method getCoursesByTeacher completed in 3 ms
2026-05-07 23:35:17.708 [RMI TCP Connection(11)-127.0.0.1] DEBUG c.a.system.server.AttendanceServer - Executing method: getCoursesByTeacher
2026-05-07 23:35:17.711 [RMI TCP Connection(11)-127.0.0.1] DEBUG c.a.system.server.AttendanceServer - Method getCoursesByTeacher completed in 3 ms
2026-05-07 23:35:17.902 [RMI TCP Connection(11)-127.0.0.1] DEBUG c.a.system.server.AttendanceServer - Executing method: getCoursesByTeacher
2026-05-07 23:35:17.908 [RMI TCP Connection(11)-127.0.0.1] DEBUG c.a.system.server.AttendanceServer - Method getCoursesByTeacher completed in 6 ms
2026-05-07 23:35:18.092 [RMI TCP Connection(11)-127.0.0.1] DEBUG c.a.system.server.AttendanceServer - Executing method: getCoursesByTeacher
2026-05-07 23:35:18.095 [RMI TCP Connection(11)-127.0.0.1] DEBUG c.a.system.server.AttendanceServer - Method getCoursesByTeacher completed in 3 ms
2026-05-07 23:35:28.635 [pool-1-thread-2] DEBUG c.a.system.server.ServerLauncher - Server stats - Active connections: 2, Total requests: 59
2026-05-07 23:36:28.636 [pool-1-thread-2] DEBUG c.a.system.server.ServerLauncher - Server stats - Active connections: 2, Total requests: 59
2026-05-07 23:37:28.636 [pool-1-thread-2] DEBUG c.a.system.server.ServerLauncher - Server stats - Active connections: 2, Total requests: 59
2026-05-07 23:38:28.636 [pool-1-thread-2] DEBUG c.a.system.server.ServerLauncher - Server stats - Active connections: 2, Total requests: 59
2026-05-07 23:39:28.636 [pool-1-thread-2] DEBUG c.a.system.server.ServerLauncher - Server stats - Active connections: 2, Total requests: 59
2026-05-07 23:40:28.636 [pool-1-thread-2] DEBUG c.a.system.server.ServerLauncher - Server stats - Active connections: 2, Total requests: 59
2026-05-07 23:41:28.636 [pool-1-thread-2] DEBUG c.a.system.server.ServerLauncher - Server stats - Active connections: 2, Total requests: 59
2026-05-07 23:41:38.763 [Thread-2] INFO  c.a.system.server.ServerLauncher - Shutdown hook triggered
2026-05-07 23:41:38.764 [Thread-2] INFO  c.a.system.server.ServerLauncher - Stopping Student Attendance System Server...
2026-05-07 23:41:38.765 [Thread-2] INFO  c.a.system.server.ServerLauncher - Service unbound from registry
2026-05-07 23:41:38.769 [Thread-2] INFO  c.a.system.server.ServerLauncher - Server unexported
2026-05-07 23:41:38.770 [Thread-2] INFO  com.zaxxer.hikari.HikariDataSource - HikariPool-2 - Shutdown initiated...
2026-05-07 23:41:38.791 [Thread-2] INFO  com.zaxxer.hikari.HikariDataSource - HikariPool-2 - Shutdown completed.
2026-05-07 23:41:38.791 [Thread-2] INFO  c.a.system.dao.DatabaseManager - Database connection pool closed
2026-05-07 23:41:38.792 [Thread-2] INFO  c.a.system.server.ServerLauncher - Database connections closed
2026-05-07 23:41:38.792 [Thread-2] INFO  c.a.system.server.ServerLauncher - Server stopped successfully
2026-05-07 23:41:38.845 [SessionCleanup] INFO  c.a.s.service.AuthenticationService - Session cleanup thread interrupted
