2026-05-09 15:10:53.632 [com.attendance.system.server.ServerLauncher.main()] INFO  c.a.system.server.ServerLauncher - Starting Student Attendance System Server...
2026-05-09 15:10:53.642 [com.attendance.system.server.ServerLauncher.main()] INFO  c.a.system.server.ServerLauncher - Initializing database connection...
2026-05-09 15:10:53.724 [com.attendance.system.server.ServerLauncher.main()] INFO  com.zaxxer.hikari.HikariDataSource - HikariPool-1 - Starting...
2026-05-09 15:10:55.014 [com.attendance.system.server.ServerLauncher.main()] ERROR com.zaxxer.hikari.pool.HikariPool - HikariPool-1 - Exception during pool initialization.
com.mysql.cj.jdbc.exceptions.CommunicationsException: Communications link failure
	at com.mysql.cj.jdbc.exceptions.SQLError.createCommunicationsException(SQLError.java:175)
	at com.mysql.cj.jdbc.exceptions.SQLExceptionsMapping.translateException(SQLExceptionsMapping.java:64)
	at com.mysql.cj.jdbc.ConnectionImpl.createNewIO(ConnectionImpl.java:825)
	at com.mysql.cj.jdbc.ConnectionImpl.<init>(ConnectionImpl.java:446)
	at com.mysql.cj.jdbc.ConnectionImpl.getInstance(ConnectionImpl.java:239)
	at com.mysql.cj.jdbc.NonRegisteringDriver.connect(NonRegisteringDriver.java:188)
	at com.zaxxer.hikari.util.DriverDataSource.getConnection(DriverDataSource.java:138)
	at com.zaxxer.hikari.pool.PoolBase.newConnection(PoolBase.java:359)
	at com.zaxxer.hikari.pool.PoolBase.newPoolEntry(PoolBase.java:201)
	at com.zaxxer.hikari.pool.HikariPool.createPoolEntry(HikariPool.java:470)
	at com.zaxxer.hikari.pool.HikariPool.checkFailFast(HikariPool.java:561)
	at com.zaxxer.hikari.pool.HikariPool.<init>(HikariPool.java:100)
	at com.zaxxer.hikari.HikariDataSource.<init>(HikariDataSource.java:81)
	at com.attendance.system.dao.DatabaseManager.initializeConnectionPool(DatabaseManager.java:91)
	at com.attendance.system.dao.DatabaseManager.<init>(DatabaseManager.java:27)
	at com.attendance.system.dao.DatabaseManager.getInstance(DatabaseManager.java:32)
	at com.attendance.system.server.ServerLauncher.initializeDatabase(ServerLauncher.java:163)
	at com.attendance.system.server.ServerLauncher.start(ServerLauncher.java:71)
	at com.attendance.system.server.ServerLauncher.main(ServerLauncher.java:365)
	at org.codehaus.mojo.exec.ExecJavaMojo$1.run(ExecJavaMojo.java:279)
	at java.base/java.lang.Thread.run(Thread.java:1583)
Caused by: com.mysql.cj.exceptions.CJCommunicationsException: Communications link failure
	at java.base/jdk.internal.reflect.DirectConstructorHandleAccessor.newInstance(DirectConstructorHandleAccessor.java:62)
	at java.base/java.lang.reflect.Constructor.newInstanceWithCaller(Constructor.java:502)
	at java.base/java.lang.reflect.Constructor.newInstance(Constructor.java:486)
	at com.mysql.cj.exceptions.ExceptionFactory.createException(ExceptionFactory.java:62)
	at com.mysql.cj.exceptions.ExceptionFactory.createException(ExceptionFactory.java:105)
	at com.mysql.cj.exceptions.ExceptionFactory.createException(ExceptionFactory.java:150)
	at com.mysql.cj.exceptions.ExceptionFactory.createCommunicationsException(ExceptionFactory.java:166)
	at com.mysql.cj.protocol.a.NativeSocketConnection.connect(NativeSocketConnection.java:89)
	at com.mysql.cj.NativeSession.connect(NativeSession.java:121)
	at com.mysql.cj.jdbc.ConnectionImpl.connectOneTryOnly(ConnectionImpl.java:945)
	at com.mysql.cj.jdbc.ConnectionImpl.createNewIO(ConnectionImpl.java:815)
	... 18 common frames omitted
Caused by: java.net.ConnectException: Connection refused
	at java.base/sun.nio.ch.Net.pollConnect(Native Method)
	at java.base/sun.nio.ch.Net.pollConnectNow(Net.java:694)
	at java.base/sun.nio.ch.NioSocketImpl.timedFinishConnect(NioSocketImpl.java:542)
	at java.base/sun.nio.ch.NioSocketImpl.connect(NioSocketImpl.java:592)
	at java.base/java.net.SocksSocketImpl.connect(SocksSocketImpl.java:327)
	at java.base/java.net.Socket.connect(Socket.java:751)
	at com.mysql.cj.protocol.StandardSocketFactory.connect(StandardSocketFactory.java:153)
	at com.mysql.cj.protocol.a.NativeSocketConnection.connect(NativeSocketConnection.java:63)
	... 21 common frames omitted
2026-05-09 15:10:55.026 [com.attendance.system.server.ServerLauncher.main()] ERROR c.a.system.dao.DatabaseManager - Failed to initialize database connection pool
com.zaxxer.hikari.pool.HikariPool$PoolInitializationException: Failed to initialize pool: Communications link failure
	at com.zaxxer.hikari.pool.HikariPool.throwPoolInitializationException(HikariPool.java:596)
	at com.zaxxer.hikari.pool.HikariPool.checkFailFast(HikariPool.java:582)
	at com.zaxxer.hikari.pool.HikariPool.<init>(HikariPool.java:100)
	at com.zaxxer.hikari.HikariDataSource.<init>(HikariDataSource.java:81)
	at com.attendance.system.dao.DatabaseManager.initializeConnectionPool(DatabaseManager.java:91)
	at com.attendance.system.dao.DatabaseManager.<init>(DatabaseManager.java:27)
	at com.attendance.system.dao.DatabaseManager.getInstance(DatabaseManager.java:32)
	at com.attendance.system.server.ServerLauncher.initializeDatabase(ServerLauncher.java:163)
	at com.attendance.system.server.ServerLauncher.start(ServerLauncher.java:71)
	at com.attendance.system.server.ServerLauncher.main(ServerLauncher.java:365)
	at org.codehaus.mojo.exec.ExecJavaMojo$1.run(ExecJavaMojo.java:279)
	at java.base/java.lang.Thread.run(Thread.java:1583)
Caused by: com.mysql.cj.jdbc.exceptions.CommunicationsException: Communications link failure
	at com.mysql.cj.jdbc.exceptions.SQLError.createCommunicationsException(SQLError.java:175)
	at com.mysql.cj.jdbc.exceptions.SQLExceptionsMapping.translateException(SQLExceptionsMapping.java:64)
	at com.mysql.cj.jdbc.ConnectionImpl.createNewIO(ConnectionImpl.java:825)
	at com.mysql.cj.jdbc.ConnectionImpl.<init>(ConnectionImpl.java:446)
	at com.mysql.cj.jdbc.ConnectionImpl.getInstance(ConnectionImpl.java:239)
	at com.mysql.cj.jdbc.NonRegisteringDriver.connect(NonRegisteringDriver.java:188)
	at com.zaxxer.hikari.util.DriverDataSource.getConnection(DriverDataSource.java:138)
	at com.zaxxer.hikari.pool.PoolBase.newConnection(PoolBase.java:359)
	at com.zaxxer.hikari.pool.PoolBase.newPoolEntry(PoolBase.java:201)
	at com.zaxxer.hikari.pool.HikariPool.createPoolEntry(HikariPool.java:470)
	at com.zaxxer.hikari.pool.HikariPool.checkFailFast(HikariPool.java:561)
	... 10 common frames omitted
Caused by: com.mysql.cj.exceptions.CJCommunicationsException: Communications link failure
	at java.base/jdk.internal.reflect.DirectConstructorHandleAccessor.newInstance(DirectConstructorHandleAccessor.java:62)
	at java.base/java.lang.reflect.Constructor.newInstanceWithCaller(Constructor.java:502)
	at java.base/java.lang.reflect.Constructor.newInstance(Constructor.java:486)
	at com.mysql.cj.exceptions.ExceptionFactory.createException(ExceptionFactory.java:62)
	at com.mysql.cj.exceptions.ExceptionFactory.createException(ExceptionFactory.java:105)
	at com.mysql.cj.exceptions.ExceptionFactory.createException(ExceptionFactory.java:150)
	at com.mysql.cj.exceptions.ExceptionFactory.createCommunicationsException(ExceptionFactory.java:166)
	at com.mysql.cj.protocol.a.NativeSocketConnection.connect(NativeSocketConnection.java:89)
	at com.mysql.cj.NativeSession.connect(NativeSession.java:121)
	at com.mysql.cj.jdbc.ConnectionImpl.connectOneTryOnly(ConnectionImpl.java:945)
	at com.mysql.cj.jdbc.ConnectionImpl.createNewIO(ConnectionImpl.java:815)
	... 18 common frames omitted
Caused by: java.net.ConnectException: Connection refused
	at java.base/sun.nio.ch.Net.pollConnect(Native Method)
	at java.base/sun.nio.ch.Net.pollConnectNow(Net.java:694)
	at java.base/sun.nio.ch.NioSocketImpl.timedFinishConnect(NioSocketImpl.java:542)
	at java.base/sun.nio.ch.NioSocketImpl.connect(NioSocketImpl.java:592)
	at java.base/java.net.SocksSocketImpl.connect(SocksSocketImpl.java:327)
	at java.base/java.net.Socket.connect(Socket.java:751)
	at com.mysql.cj.protocol.StandardSocketFactory.connect(StandardSocketFactory.java:153)
	at com.mysql.cj.protocol.a.NativeSocketConnection.connect(NativeSocketConnection.java:63)
	... 21 common frames omitted
2026-05-09 15:10:55.053 [com.attendance.system.server.ServerLauncher.main()] ERROR c.a.system.server.ServerLauncher - Failed to initialize database
java.lang.RuntimeException: Database initialization failed
	at com.attendance.system.dao.DatabaseManager.initializeConnectionPool(DatabaseManager.java:102)
	at com.attendance.system.dao.DatabaseManager.<init>(DatabaseManager.java:27)
	at com.attendance.system.dao.DatabaseManager.getInstance(DatabaseManager.java:32)
	at com.attendance.system.server.ServerLauncher.initializeDatabase(ServerLauncher.java:163)
	at com.attendance.system.server.ServerLauncher.start(ServerLauncher.java:71)
	at com.attendance.system.server.ServerLauncher.main(ServerLauncher.java:365)
	at org.codehaus.mojo.exec.ExecJavaMojo$1.run(ExecJavaMojo.java:279)
	at java.base/java.lang.Thread.run(Thread.java:1583)
Caused by: com.zaxxer.hikari.pool.HikariPool$PoolInitializationException: Failed to initialize pool: Communications link failure
	at com.zaxxer.hikari.pool.HikariPool.throwPoolInitializationException(HikariPool.java:596)
	at com.zaxxer.hikari.pool.HikariPool.checkFailFast(HikariPool.java:582)
	at com.zaxxer.hikari.pool.HikariPool.<init>(HikariPool.java:100)
	at com.zaxxer.hikari.HikariDataSource.<init>(HikariDataSource.java:81)
	at com.attendance.system.dao.DatabaseManager.initializeConnectionPool(DatabaseManager.java:91)
	... 7 common frames omitted
Caused by: com.mysql.cj.jdbc.exceptions.CommunicationsException: Communications link failure
	at com.mysql.cj.jdbc.exceptions.SQLError.createCommunicationsException(SQLError.java:175)
	at com.mysql.cj.jdbc.exceptions.SQLExceptionsMapping.translateException(SQLExceptionsMapping.java:64)
	at com.mysql.cj.jdbc.ConnectionImpl.createNewIO(ConnectionImpl.java:825)
	at com.mysql.cj.jdbc.ConnectionImpl.<init>(ConnectionImpl.java:446)
	at com.mysql.cj.jdbc.ConnectionImpl.getInstance(ConnectionImpl.java:239)
	at com.mysql.cj.jdbc.NonRegisteringDriver.connect(NonRegisteringDriver.java:188)
	at com.zaxxer.hikari.util.DriverDataSource.getConnection(DriverDataSource.java:138)
	at com.zaxxer.hikari.pool.PoolBase.newConnection(PoolBase.java:359)
	at com.zaxxer.hikari.pool.PoolBase.newPoolEntry(PoolBase.java:201)
	at com.zaxxer.hikari.pool.HikariPool.createPoolEntry(HikariPool.java:470)
	at com.zaxxer.hikari.pool.HikariPool.checkFailFast(HikariPool.java:561)
	... 10 common frames omitted
Caused by: com.mysql.cj.exceptions.CJCommunicationsException: Communications link failure
	at java.base/jdk.internal.reflect.DirectConstructorHandleAccessor.newInstance(DirectConstructorHandleAccessor.java:62)
	at java.base/java.lang.reflect.Constructor.newInstanceWithCaller(Constructor.java:502)
	at java.base/java.lang.reflect.Constructor.newInstance(Constructor.java:486)
	at com.mysql.cj.exceptions.ExceptionFactory.createException(ExceptionFactory.java:62)
	at com.mysql.cj.exceptions.ExceptionFactory.createException(ExceptionFactory.java:105)
	at com.mysql.cj.exceptions.ExceptionFactory.createException(ExceptionFactory.java:150)
	at com.mysql.cj.exceptions.ExceptionFactory.createCommunicationsException(ExceptionFactory.java:166)
	at com.mysql.cj.protocol.a.NativeSocketConnection.connect(NativeSocketConnection.java:89)
	at com.mysql.cj.NativeSession.connect(NativeSession.java:121)
	at com.mysql.cj.jdbc.ConnectionImpl.connectOneTryOnly(ConnectionImpl.java:945)
	at com.mysql.cj.jdbc.ConnectionImpl.createNewIO(ConnectionImpl.java:815)
	... 18 common frames omitted
Caused by: java.net.ConnectException: Connection refused
	at java.base/sun.nio.ch.Net.pollConnect(Native Method)
	at java.base/sun.nio.ch.Net.pollConnectNow(Net.java:694)
	at java.base/sun.nio.ch.NioSocketImpl.timedFinishConnect(NioSocketImpl.java:542)
	at java.base/sun.nio.ch.NioSocketImpl.connect(NioSocketImpl.java:592)
	at java.base/java.net.SocksSocketImpl.connect(SocksSocketImpl.java:327)
	at java.base/java.net.Socket.connect(Socket.java:751)
	at com.mysql.cj.protocol.StandardSocketFactory.connect(StandardSocketFactory.java:153)
	at com.mysql.cj.protocol.a.NativeSocketConnection.connect(NativeSocketConnection.java:63)
	... 21 common frames omitted
2026-05-09 15:10:55.068 [com.attendance.system.server.ServerLauncher.main()] ERROR c.a.system.server.ServerLauncher - Failed to start server
java.lang.Exception: Database initialization failed
	at com.attendance.system.server.ServerLauncher.initializeDatabase(ServerLauncher.java:168)
	at com.attendance.system.server.ServerLauncher.start(ServerLauncher.java:71)
	at com.attendance.system.server.ServerLauncher.main(ServerLauncher.java:365)
	at org.codehaus.mojo.exec.ExecJavaMojo$1.run(ExecJavaMojo.java:279)
	at java.base/java.lang.Thread.run(Thread.java:1583)
Caused by: java.lang.RuntimeException: Database initialization failed
	at com.attendance.system.dao.DatabaseManager.initializeConnectionPool(DatabaseManager.java:102)
	at com.attendance.system.dao.DatabaseManager.<init>(DatabaseManager.java:27)
	at com.attendance.system.dao.DatabaseManager.getInstance(DatabaseManager.java:32)
	at com.attendance.system.server.ServerLauncher.initializeDatabase(ServerLauncher.java:163)
	... 4 common frames omitted
Caused by: com.zaxxer.hikari.pool.HikariPool$PoolInitializationException: Failed to initialize pool: Communications link failure
	at com.zaxxer.hikari.pool.HikariPool.throwPoolInitializationException(HikariPool.java:596)
	at com.zaxxer.hikari.pool.HikariPool.checkFailFast(HikariPool.java:582)
	at com.zaxxer.hikari.pool.HikariPool.<init>(HikariPool.java:100)
	at com.zaxxer.hikari.HikariDataSource.<init>(HikariDataSource.java:81)
	at com.attendance.system.dao.DatabaseManager.initializeConnectionPool(DatabaseManager.java:91)
	... 7 common frames omitted
Caused by: com.mysql.cj.jdbc.exceptions.CommunicationsException: Communications link failure
	at com.mysql.cj.jdbc.exceptions.SQLError.createCommunicationsException(SQLError.java:175)
	at com.mysql.cj.jdbc.exceptions.SQLExceptionsMapping.translateException(SQLExceptionsMapping.java:64)
	at com.mysql.cj.jdbc.ConnectionImpl.createNewIO(ConnectionImpl.java:825)
	at com.mysql.cj.jdbc.ConnectionImpl.<init>(ConnectionImpl.java:446)
	at com.mysql.cj.jdbc.ConnectionImpl.getInstance(ConnectionImpl.java:239)
	at com.mysql.cj.jdbc.NonRegisteringDriver.connect(NonRegisteringDriver.java:188)
	at com.zaxxer.hikari.util.DriverDataSource.getConnection(DriverDataSource.java:138)
	at com.zaxxer.hikari.pool.PoolBase.newConnection(PoolBase.java:359)
	at com.zaxxer.hikari.pool.PoolBase.newPoolEntry(PoolBase.java:201)
	at com.zaxxer.hikari.pool.HikariPool.createPoolEntry(HikariPool.java:470)
	at com.zaxxer.hikari.pool.HikariPool.checkFailFast(HikariPool.java:561)
	... 10 common frames omitted
Caused by: com.mysql.cj.exceptions.CJCommunicationsException: Communications link failure
	at java.base/jdk.internal.reflect.DirectConstructorHandleAccessor.newInstance(DirectConstructorHandleAccessor.java:62)
	at java.base/java.lang.reflect.Constructor.newInstanceWithCaller(Constructor.java:502)
	at java.base/java.lang.reflect.Constructor.newInstance(Constructor.java:486)
	at com.mysql.cj.exceptions.ExceptionFactory.createException(ExceptionFactory.java:62)
	at com.mysql.cj.exceptions.ExceptionFactory.createException(ExceptionFactory.java:105)
	at com.mysql.cj.exceptions.ExceptionFactory.createException(ExceptionFactory.java:150)
	at com.mysql.cj.exceptions.ExceptionFactory.createCommunicationsException(ExceptionFactory.java:166)
	at com.mysql.cj.protocol.a.NativeSocketConnection.connect(NativeSocketConnection.java:89)
	at com.mysql.cj.NativeSession.connect(NativeSession.java:121)
	at com.mysql.cj.jdbc.ConnectionImpl.connectOneTryOnly(ConnectionImpl.java:945)
	at com.mysql.cj.jdbc.ConnectionImpl.createNewIO(ConnectionImpl.java:815)
	... 18 common frames omitted
Caused by: java.net.ConnectException: Connection refused
	at java.base/sun.nio.ch.Net.pollConnect(Native Method)
	at java.base/sun.nio.ch.Net.pollConnectNow(Net.java:694)
	at java.base/sun.nio.ch.NioSocketImpl.timedFinishConnect(NioSocketImpl.java:542)
	at java.base/sun.nio.ch.NioSocketImpl.connect(NioSocketImpl.java:592)
	at java.base/java.net.SocksSocketImpl.connect(SocksSocketImpl.java:327)
	at java.base/java.net.Socket.connect(Socket.java:751)
	at com.mysql.cj.protocol.StandardSocketFactory.connect(StandardSocketFactory.java:153)
	at com.mysql.cj.protocol.a.NativeSocketConnection.connect(NativeSocketConnection.java:63)
	... 21 common frames omitted
2026-05-09 15:10:55.074 [com.attendance.system.server.ServerLauncher.main()] INFO  com.zaxxer.hikari.HikariDataSource - HikariPool-2 - Starting...
2026-05-09 15:10:56.082 [com.attendance.system.server.ServerLauncher.main()] ERROR com.zaxxer.hikari.pool.HikariPool - HikariPool-2 - Exception during pool initialization.
com.mysql.cj.jdbc.exceptions.CommunicationsException: Communications link failure
	at com.mysql.cj.jdbc.exceptions.SQLError.createCommunicationsException(SQLError.java:175)
	at com.mysql.cj.jdbc.exceptions.SQLExceptionsMapping.translateException(SQLExceptionsMapping.java:64)
	at com.mysql.cj.jdbc.ConnectionImpl.createNewIO(ConnectionImpl.java:825)
	at com.mysql.cj.jdbc.ConnectionImpl.<init>(ConnectionImpl.java:446)
	at com.mysql.cj.jdbc.ConnectionImpl.getInstance(ConnectionImpl.java:239)
	at com.mysql.cj.jdbc.NonRegisteringDriver.connect(NonRegisteringDriver.java:188)
	at com.zaxxer.hikari.util.DriverDataSource.getConnection(DriverDataSource.java:138)
	at com.zaxxer.hikari.pool.PoolBase.newConnection(PoolBase.java:359)
	at com.zaxxer.hikari.pool.PoolBase.newPoolEntry(PoolBase.java:201)
	at com.zaxxer.hikari.pool.HikariPool.createPoolEntry(HikariPool.java:470)
	at com.zaxxer.hikari.pool.HikariPool.checkFailFast(HikariPool.java:561)
	at com.zaxxer.hikari.pool.HikariPool.<init>(HikariPool.java:100)
	at com.zaxxer.hikari.HikariDataSource.<init>(HikariDataSource.java:81)
	at com.attendance.system.dao.DatabaseManager.initializeConnectionPool(DatabaseManager.java:91)
	at com.attendance.system.dao.DatabaseManager.<init>(DatabaseManager.java:27)
	at com.attendance.system.dao.DatabaseManager.getInstance(DatabaseManager.java:32)
	at com.attendance.system.server.ServerLauncher.cleanup(ServerLauncher.java:342)
	at com.attendance.system.server.ServerLauncher.start(ServerLauncher.java:99)
	at com.attendance.system.server.ServerLauncher.main(ServerLauncher.java:365)
	at org.codehaus.mojo.exec.ExecJavaMojo$1.run(ExecJavaMojo.java:279)
	at java.base/java.lang.Thread.run(Thread.java:1583)
Caused by: com.mysql.cj.exceptions.CJCommunicationsException: Communications link failure
	at java.base/jdk.internal.reflect.DirectConstructorHandleAccessor.newInstance(DirectConstructorHandleAccessor.java:62)
	at java.base/java.lang.reflect.Constructor.newInstanceWithCaller(Constructor.java:502)
	at java.base/java.lang.reflect.Constructor.newInstance(Constructor.java:486)
	at com.mysql.cj.exceptions.ExceptionFactory.createException(ExceptionFactory.java:62)
	at com.mysql.cj.exceptions.ExceptionFactory.createException(ExceptionFactory.java:105)
	at com.mysql.cj.exceptions.ExceptionFactory.createException(ExceptionFactory.java:150)
	at com.mysql.cj.exceptions.ExceptionFactory.createCommunicationsException(ExceptionFactory.java:166)
	at com.mysql.cj.protocol.a.NativeSocketConnection.connect(NativeSocketConnection.java:89)
	at com.mysql.cj.NativeSession.connect(NativeSession.java:121)
	at com.mysql.cj.jdbc.ConnectionImpl.connectOneTryOnly(ConnectionImpl.java:945)
	at com.mysql.cj.jdbc.ConnectionImpl.createNewIO(ConnectionImpl.java:815)
	... 18 common frames omitted
Caused by: java.net.ConnectException: Connection refused
	at java.base/sun.nio.ch.Net.pollConnect(Native Method)
	at java.base/sun.nio.ch.Net.pollConnectNow(Net.java:694)
	at java.base/sun.nio.ch.NioSocketImpl.timedFinishConnect(NioSocketImpl.java:542)
	at java.base/sun.nio.ch.NioSocketImpl.connect(NioSocketImpl.java:592)
	at java.base/java.net.SocksSocketImpl.connect(SocksSocketImpl.java:327)
	at java.base/java.net.Socket.connect(Socket.java:751)
	at com.mysql.cj.protocol.StandardSocketFactory.connect(StandardSocketFactory.java:153)
	at com.mysql.cj.protocol.a.NativeSocketConnection.connect(NativeSocketConnection.java:63)
	... 21 common frames omitted
2026-05-09 15:10:56.091 [com.attendance.system.server.ServerLauncher.main()] ERROR c.a.system.dao.DatabaseManager - Failed to initialize database connection pool
com.zaxxer.hikari.pool.HikariPool$PoolInitializationException: Failed to initialize pool: Communications link failure
	at com.zaxxer.hikari.pool.HikariPool.throwPoolInitializationException(HikariPool.java:596)
	at com.zaxxer.hikari.pool.HikariPool.checkFailFast(HikariPool.java:582)
	at com.zaxxer.hikari.pool.HikariPool.<init>(HikariPool.java:100)
	at com.zaxxer.hikari.HikariDataSource.<init>(HikariDataSource.java:81)
	at com.attendance.system.dao.DatabaseManager.initializeConnectionPool(DatabaseManager.java:91)
	at com.attendance.system.dao.DatabaseManager.<init>(DatabaseManager.java:27)
	at com.attendance.system.dao.DatabaseManager.getInstance(DatabaseManager.java:32)
	at com.attendance.system.server.ServerLauncher.cleanup(ServerLauncher.java:342)
	at com.attendance.system.server.ServerLauncher.start(ServerLauncher.java:99)
	at com.attendance.system.server.ServerLauncher.main(ServerLauncher.java:365)
	at org.codehaus.mojo.exec.ExecJavaMojo$1.run(ExecJavaMojo.java:279)
	at java.base/java.lang.Thread.run(Thread.java:1583)
Caused by: com.mysql.cj.jdbc.exceptions.CommunicationsException: Communications link failure
	at com.mysql.cj.jdbc.exceptions.SQLError.createCommunicationsException(SQLError.java:175)
	at com.mysql.cj.jdbc.exceptions.SQLExceptionsMapping.translateException(SQLExceptionsMapping.java:64)
	at com.mysql.cj.jdbc.ConnectionImpl.createNewIO(ConnectionImpl.java:825)
	at com.mysql.cj.jdbc.ConnectionImpl.<init>(ConnectionImpl.java:446)
	at com.mysql.cj.jdbc.ConnectionImpl.getInstance(ConnectionImpl.java:239)
	at com.mysql.cj.jdbc.NonRegisteringDriver.connect(NonRegisteringDriver.java:188)
	at com.zaxxer.hikari.util.DriverDataSource.getConnection(DriverDataSource.java:138)
	at com.zaxxer.hikari.pool.PoolBase.newConnection(PoolBase.java:359)
	at com.zaxxer.hikari.pool.PoolBase.newPoolEntry(PoolBase.java:201)
	at com.zaxxer.hikari.pool.HikariPool.createPoolEntry(HikariPool.java:470)
	at com.zaxxer.hikari.pool.HikariPool.checkFailFast(HikariPool.java:561)
	... 10 common frames omitted
Caused by: com.mysql.cj.exceptions.CJCommunicationsException: Communications link failure
	at java.base/jdk.internal.reflect.DirectConstructorHandleAccessor.newInstance(DirectConstructorHandleAccessor.java:62)
	at java.base/java.lang.reflect.Constructor.newInstanceWithCaller(Constructor.java:502)
	at java.base/java.lang.reflect.Constructor.newInstance(Constructor.java:486)
	at com.mysql.cj.exceptions.ExceptionFactory.createException(ExceptionFactory.java:62)
	at com.mysql.cj.exceptions.ExceptionFactory.createException(ExceptionFactory.java:105)
	at com.mysql.cj.exceptions.ExceptionFactory.createException(ExceptionFactory.java:150)
	at com.mysql.cj.exceptions.ExceptionFactory.createCommunicationsException(ExceptionFactory.java:166)
	at com.mysql.cj.protocol.a.NativeSocketConnection.connect(NativeSocketConnection.java:89)
	at com.mysql.cj.NativeSession.connect(NativeSession.java:121)
	at com.mysql.cj.jdbc.ConnectionImpl.connectOneTryOnly(ConnectionImpl.java:945)
	at com.mysql.cj.jdbc.ConnectionImpl.createNewIO(ConnectionImpl.java:815)
	... 18 common frames omitted
Caused by: java.net.ConnectException: Connection refused
	at java.base/sun.nio.ch.Net.pollConnect(Native Method)
	at java.base/sun.nio.ch.Net.pollConnectNow(Net.java:694)
	at java.base/sun.nio.ch.NioSocketImpl.timedFinishConnect(NioSocketImpl.java:542)
	at java.base/sun.nio.ch.NioSocketImpl.connect(NioSocketImpl.java:592)
	at java.base/java.net.SocksSocketImpl.connect(SocksSocketImpl.java:327)
	at java.base/java.net.Socket.connect(Socket.java:751)
	at com.mysql.cj.protocol.StandardSocketFactory.connect(StandardSocketFactory.java:153)
	at com.mysql.cj.protocol.a.NativeSocketConnection.connect(NativeSocketConnection.java:63)
	... 21 common frames omitted
2026-05-09 15:10:56.097 [com.attendance.system.server.ServerLauncher.main()] WARN  c.a.system.server.ServerLauncher - Failed to close database connections
java.lang.RuntimeException: Database initialization failed
	at com.attendance.system.dao.DatabaseManager.initializeConnectionPool(DatabaseManager.java:102)
	at com.attendance.system.dao.DatabaseManager.<init>(DatabaseManager.java:27)
	at com.attendance.system.dao.DatabaseManager.getInstance(DatabaseManager.java:32)
	at com.attendance.system.server.ServerLauncher.cleanup(ServerLauncher.java:342)
	at com.attendance.system.server.ServerLauncher.start(ServerLauncher.java:99)
	at com.attendance.system.server.ServerLauncher.main(ServerLauncher.java:365)
	at org.codehaus.mojo.exec.ExecJavaMojo$1.run(ExecJavaMojo.java:279)
	at java.base/java.lang.Thread.run(Thread.java:1583)
Caused by: com.zaxxer.hikari.pool.HikariPool$PoolInitializationException: Failed to initialize pool: Communications link failure
	at com.zaxxer.hikari.pool.HikariPool.throwPoolInitializationException(HikariPool.java:596)
	at com.zaxxer.hikari.pool.HikariPool.checkFailFast(HikariPool.java:582)
	at com.zaxxer.hikari.pool.HikariPool.<init>(HikariPool.java:100)
	at com.zaxxer.hikari.HikariDataSource.<init>(HikariDataSource.java:81)
	at com.attendance.system.dao.DatabaseManager.initializeConnectionPool(DatabaseManager.java:91)
	... 7 common frames omitted
Caused by: com.mysql.cj.jdbc.exceptions.CommunicationsException: Communications link failure
	at com.mysql.cj.jdbc.exceptions.SQLError.createCommunicationsException(SQLError.java:175)
	at com.mysql.cj.jdbc.exceptions.SQLExceptionsMapping.translateException(SQLExceptionsMapping.java:64)
	at com.mysql.cj.jdbc.ConnectionImpl.createNewIO(ConnectionImpl.java:825)
	at com.mysql.cj.jdbc.ConnectionImpl.<init>(ConnectionImpl.java:446)
	at com.mysql.cj.jdbc.ConnectionImpl.getInstance(ConnectionImpl.java:239)
	at com.mysql.cj.jdbc.NonRegisteringDriver.connect(NonRegisteringDriver.java:188)
	at com.zaxxer.hikari.util.DriverDataSource.getConnection(DriverDataSource.java:138)
	at com.zaxxer.hikari.pool.PoolBase.newConnection(PoolBase.java:359)
	at com.zaxxer.hikari.pool.PoolBase.newPoolEntry(PoolBase.java:201)
	at com.zaxxer.hikari.pool.HikariPool.createPoolEntry(HikariPool.java:470)
	at com.zaxxer.hikari.pool.HikariPool.checkFailFast(HikariPool.java:561)
	... 10 common frames omitted
Caused by: com.mysql.cj.exceptions.CJCommunicationsException: Communications link failure
	at java.base/jdk.internal.reflect.DirectConstructorHandleAccessor.newInstance(DirectConstructorHandleAccessor.java:62)
	at java.base/java.lang.reflect.Constructor.newInstanceWithCaller(Constructor.java:502)
	at java.base/java.lang.reflect.Constructor.newInstance(Constructor.java:486)
	at com.mysql.cj.exceptions.ExceptionFactory.createException(ExceptionFactory.java:62)
	at com.mysql.cj.exceptions.ExceptionFactory.createException(ExceptionFactory.java:105)
	at com.mysql.cj.exceptions.ExceptionFactory.createException(ExceptionFactory.java:150)
	at com.mysql.cj.exceptions.ExceptionFactory.createCommunicationsException(ExceptionFactory.java:166)
	at com.mysql.cj.protocol.a.NativeSocketConnection.connect(NativeSocketConnection.java:89)
	at com.mysql.cj.NativeSession.connect(NativeSession.java:121)
	at com.mysql.cj.jdbc.ConnectionImpl.connectOneTryOnly(ConnectionImpl.java:945)
	at com.mysql.cj.jdbc.ConnectionImpl.createNewIO(ConnectionImpl.java:815)
	... 18 common frames omitted
Caused by: java.net.ConnectException: Connection refused
	at java.base/sun.nio.ch.Net.pollConnect(Native Method)
	at java.base/sun.nio.ch.Net.pollConnectNow(Net.java:694)
	at java.base/sun.nio.ch.NioSocketImpl.timedFinishConnect(NioSocketImpl.java:542)
	at java.base/sun.nio.ch.NioSocketImpl.connect(NioSocketImpl.java:592)
	at java.base/java.net.SocksSocketImpl.connect(SocksSocketImpl.java:327)
	at java.base/java.net.Socket.connect(Socket.java:751)
	at com.mysql.cj.protocol.StandardSocketFactory.connect(StandardSocketFactory.java:153)
	at com.mysql.cj.protocol.a.NativeSocketConnection.connect(NativeSocketConnection.java:63)
	... 21 common frames omitted
2026-05-09 15:10:56.109 [com.attendance.system.server.ServerLauncher.main()] ERROR c.a.system.server.ServerLauncher - Server startup failed
java.lang.Exception: Database initialization failed
	at com.attendance.system.server.ServerLauncher.initializeDatabase(ServerLauncher.java:168)
	at com.attendance.system.server.ServerLauncher.start(ServerLauncher.java:71)
	at com.attendance.system.server.ServerLauncher.main(ServerLauncher.java:365)
	at org.codehaus.mojo.exec.ExecJavaMojo$1.run(ExecJavaMojo.java:279)
	at java.base/java.lang.Thread.run(Thread.java:1583)
Caused by: java.lang.RuntimeException: Database initialization failed
	at com.attendance.system.dao.DatabaseManager.initializeConnectionPool(DatabaseManager.java:102)
	at com.attendance.system.dao.DatabaseManager.<init>(DatabaseManager.java:27)
	at com.attendance.system.dao.DatabaseManager.getInstance(DatabaseManager.java:32)
	at com.attendance.system.server.ServerLauncher.initializeDatabase(ServerLauncher.java:163)
	... 4 common frames omitted
Caused by: com.zaxxer.hikari.pool.HikariPool$PoolInitializationException: Failed to initialize pool: Communications link failure
	at com.zaxxer.hikari.pool.HikariPool.throwPoolInitializationException(HikariPool.java:596)
	at com.zaxxer.hikari.pool.HikariPool.checkFailFast(HikariPool.java:582)
	at com.zaxxer.hikari.pool.HikariPool.<init>(HikariPool.java:100)
	at com.zaxxer.hikari.HikariDataSource.<init>(HikariDataSource.java:81)
	at com.attendance.system.dao.DatabaseManager.initializeConnectionPool(DatabaseManager.java:91)
	... 7 common frames omitted
Caused by: com.mysql.cj.jdbc.exceptions.CommunicationsException: Communications link failure
	at com.mysql.cj.jdbc.exceptions.SQLError.createCommunicationsException(SQLError.java:175)
	at com.mysql.cj.jdbc.exceptions.SQLExceptionsMapping.translateException(SQLExceptionsMapping.java:64)
	at com.mysql.cj.jdbc.ConnectionImpl.createNewIO(ConnectionImpl.java:825)
	at com.mysql.cj.jdbc.ConnectionImpl.<init>(ConnectionImpl.java:446)
	at com.mysql.cj.jdbc.ConnectionImpl.getInstance(ConnectionImpl.java:239)
	at com.mysql.cj.jdbc.NonRegisteringDriver.connect(NonRegisteringDriver.java:188)
	at com.zaxxer.hikari.util.DriverDataSource.getConnection(DriverDataSource.java:138)
	at com.zaxxer.hikari.pool.PoolBase.newConnection(PoolBase.java:359)
	at com.zaxxer.hikari.pool.PoolBase.newPoolEntry(PoolBase.java:201)
	at com.zaxxer.hikari.pool.HikariPool.createPoolEntry(HikariPool.java:470)
	at com.zaxxer.hikari.pool.HikariPool.checkFailFast(HikariPool.java:561)
	... 10 common frames omitted
Caused by: com.mysql.cj.exceptions.CJCommunicationsException: Communications link failure
	at java.base/jdk.internal.reflect.DirectConstructorHandleAccessor.newInstance(DirectConstructorHandleAccessor.java:62)
	at java.base/java.lang.reflect.Constructor.newInstanceWithCaller(Constructor.java:502)
	at java.base/java.lang.reflect.Constructor.newInstance(Constructor.java:486)
	at com.mysql.cj.exceptions.ExceptionFactory.createException(ExceptionFactory.java:62)
	at com.mysql.cj.exceptions.ExceptionFactory.createException(ExceptionFactory.java:105)
	at com.mysql.cj.exceptions.ExceptionFactory.createException(ExceptionFactory.java:150)
	at com.mysql.cj.exceptions.ExceptionFactory.createCommunicationsException(ExceptionFactory.java:166)
	at com.mysql.cj.protocol.a.NativeSocketConnection.connect(NativeSocketConnection.java:89)
	at com.mysql.cj.NativeSession.connect(NativeSession.java:121)
	at com.mysql.cj.jdbc.ConnectionImpl.connectOneTryOnly(ConnectionImpl.java:945)
	at com.mysql.cj.jdbc.ConnectionImpl.createNewIO(ConnectionImpl.java:815)
	... 18 common frames omitted
Caused by: java.net.ConnectException: Connection refused
	at java.base/sun.nio.ch.Net.pollConnect(Native Method)
	at java.base/sun.nio.ch.Net.pollConnectNow(Net.java:694)
	at java.base/sun.nio.ch.NioSocketImpl.timedFinishConnect(NioSocketImpl.java:542)
	at java.base/sun.nio.ch.NioSocketImpl.connect(NioSocketImpl.java:592)
	at java.base/java.net.SocksSocketImpl.connect(SocksSocketImpl.java:327)
	at java.base/java.net.Socket.connect(Socket.java:751)
	at com.mysql.cj.protocol.StandardSocketFactory.connect(StandardSocketFactory.java:153)
	at com.mysql.cj.protocol.a.NativeSocketConnection.connect(NativeSocketConnection.java:63)
	... 21 common frames omitted
2026-05-09 15:12:05.721 [com.attendance.system.server.ServerLauncher.main()] INFO  c.a.system.server.ServerLauncher - Starting Student Attendance System Server...
2026-05-09 15:12:05.723 [com.attendance.system.server.ServerLauncher.main()] INFO  c.a.system.server.ServerLauncher - Initializing database connection...
2026-05-09 15:12:05.765 [com.attendance.system.server.ServerLauncher.main()] INFO  com.zaxxer.hikari.HikariDataSource - HikariPool-1 - Starting...
2026-05-09 15:12:06.144 [com.attendance.system.server.ServerLauncher.main()] INFO  com.zaxxer.hikari.pool.HikariPool - HikariPool-1 - Added connection com.mysql.cj.jdbc.ConnectionImpl@4a1c854e
2026-05-09 15:12:06.148 [com.attendance.system.server.ServerLauncher.main()] INFO  com.zaxxer.hikari.HikariDataSource - HikariPool-1 - Start completed.
2026-05-09 15:12:06.149 [com.attendance.system.server.ServerLauncher.main()] INFO  c.a.system.dao.DatabaseManager - Database connection pool initialized successfully
2026-05-09 15:12:06.161 [com.attendance.system.server.ServerLauncher.main()] DEBUG c.a.system.dao.DatabaseManager - Database connection test successful
2026-05-09 15:12:06.176 [com.attendance.system.server.ServerLauncher.main()] INFO  com.zaxxer.hikari.HikariDataSource - HikariPool-2 - Starting...
2026-05-09 15:12:06.182 [com.attendance.system.server.ServerLauncher.main()] INFO  com.zaxxer.hikari.pool.HikariPool - HikariPool-2 - Added connection com.mysql.cj.jdbc.ConnectionImpl@3b13d790
2026-05-09 15:12:06.184 [com.attendance.system.server.ServerLauncher.main()] INFO  com.zaxxer.hikari.HikariDataSource - HikariPool-2 - Start completed.
2026-05-09 15:12:06.184 [com.attendance.system.server.ServerLauncher.main()] INFO  c.a.system.dao.DatabaseManager - Database connection pool initialized successfully
2026-05-09 15:12:06.185 [com.attendance.system.server.ServerLauncher.main()] DEBUG c.a.system.dao.DatabaseManager - Database connection test successful
2026-05-09 15:12:06.187 [com.attendance.system.server.ServerLauncher.main()] DEBUG c.a.system.dao.DatabaseManager - Database connection test successful
2026-05-09 15:12:06.188 [com.attendance.system.server.ServerLauncher.main()] INFO  c.a.system.server.ServerLauncher - Database connection established successfully
2026-05-09 15:12:06.189 [com.attendance.system.server.ServerLauncher.main()] DEBUG c.a.system.server.ServerLauncher - Setting up RMI system properties...
2026-05-09 15:12:06.189 [com.attendance.system.server.ServerLauncher.main()] INFO  c.a.system.server.ServerLauncher - RMI server hostname set to: localhost
2026-05-09 15:12:06.190 [com.attendance.system.server.ServerLauncher.main()] INFO  c.a.system.server.ServerLauncher - Setting up RMI registry on port 1100...
2026-05-09 15:12:06.250 [com.attendance.system.server.ServerLauncher.main()] INFO  c.a.system.server.ServerLauncher - Created new RMI registry on port 1100
2026-05-09 15:12:06.251 [com.attendance.system.server.ServerLauncher.main()] INFO  c.a.system.server.ServerLauncher - Creating and exporting attendance server...
2026-05-09 15:12:06.301 [com.attendance.system.server.ServerLauncher.main()] INFO  c.a.system.server.AttendanceServer - AttendanceServer initialized successfully
2026-05-09 15:12:06.302 [com.attendance.system.server.ServerLauncher.main()] INFO  c.a.system.server.AttendanceServer - Encryption enabled: false
2026-05-09 15:12:06.303 [com.attendance.system.server.ServerLauncher.main()] INFO  c.a.system.server.AttendanceServer - Max concurrent users: 100
2026-05-09 15:12:06.304 [com.attendance.system.server.ServerLauncher.main()] INFO  c.a.system.server.ServerLauncher - Attendance server created and exported successfully
2026-05-09 15:12:06.304 [com.attendance.system.server.ServerLauncher.main()] INFO  c.a.system.server.ServerLauncher - Binding server to registry with name 'AttendanceService'...
2026-05-09 15:12:06.304 [com.attendance.system.server.ServerLauncher.main()] INFO  c.a.system.server.ServerLauncher - Server bound to registry successfully
2026-05-09 15:12:06.305 [com.attendance.system.server.ServerLauncher.main()] INFO  c.a.system.server.ServerLauncher - Starting maintenance tasks...
2026-05-09 15:12:06.308 [com.attendance.system.server.ServerLauncher.main()] INFO  c.a.system.server.ServerLauncher - Maintenance tasks started
2026-05-09 15:12:06.310 [com.attendance.system.server.ServerLauncher.main()] INFO  c.a.system.server.ServerLauncher - Server started successfully!
2026-05-09 15:12:06.310 [com.attendance.system.server.ServerLauncher.main()] INFO  c.a.system.server.ServerLauncher - Service name: AttendanceService
2026-05-09 15:12:06.311 [com.attendance.system.server.ServerLauncher.main()] INFO  c.a.system.server.ServerLauncher - RMI registry port: 1100
2026-05-09 15:12:06.312 [com.attendance.system.server.ServerLauncher.main()] INFO  c.a.system.server.ServerLauncher - Server listening on port: 0
2026-05-09 15:12:06.313 [com.attendance.system.server.ServerLauncher.main()] INFO  c.a.system.server.ServerLauncher - Server is ready to accept client connections.
2026-05-09 15:12:34.675 [AWT-EventQueue-0] INFO  c.a.system.client.AttendanceGUI - GUI initialized successfully
2026-05-09 15:12:34.677 [ForkJoinPool.commonPool-worker-2] INFO  c.a.system.client.AttendanceGUI - Attempting to connect to server: rmi://localhost:1100/AttendanceService
2026-05-09 15:12:35.126 [AWT-EventQueue-0] INFO  c.a.system.client.AttendanceGUI - Successfully connected to server
2026-05-09 15:12:54.348 [RMI TCP Connection(2)-127.0.0.1] DEBUG c.a.system.server.AttendanceServer - Executing method: authenticateUser
2026-05-09 15:12:54.349 [RMI TCP Connection(2)-127.0.0.1] DEBUG c.a.system.server.AttendanceServer - Authentication request for user: admin
2026-05-09 15:12:54.351 [RMI TCP Connection(2)-127.0.0.1] WARN  c.a.system.util.SecurityUtil - ATTENDANCE_ENCRYPTION_KEY environment variable not set. Using default key for development only.
2026-05-09 15:12:54.914 [RMI TCP Connection(2)-127.0.0.1] WARN  c.a.s.service.AuthenticationService - Authentication failed - invalid password for user: admin
2026-05-09 15:12:54.915 [RMI TCP Connection(2)-127.0.0.1] WARN  c.a.system.server.AttendanceServer - Authentication failed in authenticateUser: Invalid username or password
2026-05-09 15:12:54.961 [AWT-EventQueue-0] WARN  c.a.system.client.LoginFrame - Login failed for user: admin
java.util.concurrent.CompletionException: java.lang.RuntimeException: java.rmi.ServerException: RemoteException occurred in server thread; nested exception is: 
	java.rmi.RemoteException: Invalid username or password; nested exception is: 
	AttendanceSystemException{errorCode='INVALID_CREDENTIALS', userMessage='Invalid username or password', technicalDetails='Invalid username or password'}
	at java.base/java.util.concurrent.CompletableFuture.encodeThrowable(CompletableFuture.java:315)
	at java.base/java.util.concurrent.CompletableFuture.completeThrowable(CompletableFuture.java:320)
	at java.base/java.util.concurrent.CompletableFuture$AsyncSupply.run(CompletableFuture.java:1770)
	at java.base/java.util.concurrent.CompletableFuture$AsyncSupply.exec(CompletableFuture.java:1760)
	at java.base/java.util.concurrent.ForkJoinTask.doExec(ForkJoinTask.java:387)
	at java.base/java.util.concurrent.ForkJoinPool$WorkQueue.topLevelExec(ForkJoinPool.java:1312)
	at java.base/java.util.concurrent.ForkJoinPool.scan(ForkJoinPool.java:1843)
	at java.base/java.util.concurrent.ForkJoinPool.runWorker(ForkJoinPool.java:1808)
	at java.base/java.util.concurrent.ForkJoinWorkerThread.run(ForkJoinWorkerThread.java:188)
Caused by: java.lang.RuntimeException: java.rmi.ServerException: RemoteException occurred in server thread; nested exception is: 
	java.rmi.RemoteException: Invalid username or password; nested exception is: 
	AttendanceSystemException{errorCode='INVALID_CREDENTIALS', userMessage='Invalid username or password', technicalDetails='Invalid username or password'}
	at com.attendance.system.client.LoginFrame.lambda$performLogin$3(LoginFrame.java:445)
	at java.base/java.util.concurrent.CompletableFuture$AsyncSupply.run(CompletableFuture.java:1768)
	... 6 common frames omitted
Caused by: java.rmi.ServerException: RemoteException occurred in server thread; nested exception is: 
	java.rmi.RemoteException: Invalid username or password; nested exception is: 
	AttendanceSystemException{errorCode='INVALID_CREDENTIALS', userMessage='Invalid username or password', technicalDetails='Invalid username or password'}
	at java.rmi/sun.rmi.server.UnicastServerRef.dispatch(UnicastServerRef.java:392)
	at java.rmi/sun.rmi.transport.Transport$1.run(Transport.java:200)
	at java.rmi/sun.rmi.transport.Transport$1.run(Transport.java:197)
	at java.base/java.security.AccessController.doPrivileged(AccessController.java:714)
	at java.rmi/sun.rmi.transport.Transport.serviceCall(Transport.java:196)
	at java.rmi/sun.rmi.transport.tcp.TCPTransport.handleMessages(TCPTransport.java:598)
	at java.rmi/sun.rmi.transport.tcp.TCPTransport$ConnectionHandler.run0(TCPTransport.java:844)
	at java.rmi/sun.rmi.transport.tcp.TCPTransport$ConnectionHandler.lambda$run$0(TCPTransport.java:721)
	at java.base/java.security.AccessController.doPrivileged(AccessController.java:400)
	at java.rmi/sun.rmi.transport.tcp.TCPTransport$ConnectionHandler.run(TCPTransport.java:720)
	at java.base/java.util.concurrent.ThreadPoolExecutor.runWorker(ThreadPoolExecutor.java:1144)
	at java.base/java.util.concurrent.ThreadPoolExecutor$Worker.run(ThreadPoolExecutor.java:642)
	at java.base/java.lang.Thread.run(Thread.java:1583)
	at java.rmi/sun.rmi.transport.StreamRemoteCall.exceptionReceivedFromServer(StreamRemoteCall.java:304)
	at java.rmi/sun.rmi.transport.StreamRemoteCall.executeCall(StreamRemoteCall.java:280)
	at java.rmi/sun.rmi.server.UnicastRef.invoke(UnicastRef.java:166)
	at java.rmi/java.rmi.server.RemoteObjectInvocationHandler.invokeRemoteMethod(RemoteObjectInvocationHandler.java:215)
	at java.rmi/java.rmi.server.RemoteObjectInvocationHandler.invoke(RemoteObjectInvocationHandler.java:160)
	at jdk.proxy3/jdk.proxy3.$Proxy25.authenticateUser(Unknown Source)
	at com.attendance.system.client.LoginFrame.lambda$performLogin$3(LoginFrame.java:443)
	... 7 common frames omitted
Caused by: java.rmi.RemoteException: Invalid username or password; nested exception is: 
	AttendanceSystemException{errorCode='INVALID_CREDENTIALS', userMessage='Invalid username or password', technicalDetails='Invalid username or password'}
	at com.attendance.system.server.AttendanceServer.executeWithErrorHandling(AttendanceServer.java:1285)
	at com.attendance.system.server.AttendanceServer.authenticateUser(AttendanceServer.java:113)
	at java.base/jdk.internal.reflect.DirectMethodHandleAccessor.invoke(DirectMethodHandleAccessor.java:103)
	at java.base/java.lang.reflect.Method.invoke(Method.java:580)
	at java.rmi/sun.rmi.server.UnicastServerRef.dispatch(UnicastServerRef.java:360)
	at java.rmi/sun.rmi.transport.Transport$1.run(Transport.java:200)
	at java.rmi/sun.rmi.transport.Transport$1.run(Transport.java:197)
	at java.base/java.security.AccessController.doPrivileged(AccessController.java:714)
	at java.rmi/sun.rmi.transport.Transport.serviceCall(Transport.java:196)
	at java.rmi/sun.rmi.transport.tcp.TCPTransport.handleMessages(TCPTransport.java:598)
	at java.rmi/sun.rmi.transport.tcp.TCPTransport$ConnectionHandler.run0(TCPTransport.java:844)
	at java.rmi/sun.rmi.transport.tcp.TCPTransport$ConnectionHandler.lambda$run$0(TCPTransport.java:721)
	at java.base/java.security.AccessController.doPrivileged(AccessController.java:400)
	at java.rmi/sun.rmi.transport.tcp.TCPTransport$ConnectionHandler.run(TCPTransport.java:720)
	at java.base/java.util.concurrent.ThreadPoolExecutor.runWorker(ThreadPoolExecutor.java:1144)
	at java.base/java.util.concurrent.ThreadPoolExecutor$Worker.run(ThreadPoolExecutor.java:642)
	at java.base/java.lang.Thread.run(Thread.java:1583)
Caused by: com.attendance.system.exception.AuthenticationException: Invalid username or password
	at com.attendance.system.exception.AuthenticationException.invalidCredentials(AuthenticationException.java:23)
	at com.attendance.system.service.AuthenticationService.authenticateUser(AuthenticationService.java:87)
	at com.attendance.system.server.AttendanceServer.lambda$authenticateUser$0(AttendanceServer.java:125)
	at com.attendance.system.server.AttendanceServer.executeWithErrorHandling(AttendanceServer.java:1275)
	... 16 common frames omitted
2026-05-09 15:13:06.308 [pool-1-thread-2] DEBUG c.a.system.server.ServerLauncher - Server stats - Active connections: 0, Total requests: 1
2026-05-09 15:13:41.461 [RMI TCP Connection(3)-127.0.0.1] DEBUG c.a.system.server.AttendanceServer - Executing method: authenticateUser
2026-05-09 15:13:41.463 [RMI TCP Connection(3)-127.0.0.1] DEBUG c.a.system.server.AttendanceServer - Authentication request for user: teacher1
2026-05-09 15:13:41.475 [RMI TCP Connection(3)-127.0.0.1] WARN  c.a.s.service.AuthenticationService - Authentication failed - user not found: teacher1
2026-05-09 15:13:41.476 [RMI TCP Connection(3)-127.0.0.1] WARN  c.a.system.server.AttendanceServer - Authentication failed in authenticateUser: Invalid username or password
2026-05-09 15:13:41.489 [AWT-EventQueue-0] WARN  c.a.system.client.LoginFrame - Login failed for user: teacher1
java.util.concurrent.CompletionException: java.lang.RuntimeException: java.rmi.ServerException: RemoteException occurred in server thread; nested exception is: 
	java.rmi.RemoteException: Invalid username or password; nested exception is: 
	AttendanceSystemException{errorCode='INVALID_CREDENTIALS', userMessage='Invalid username or password', technicalDetails='Invalid username or password'}
	at java.base/java.util.concurrent.CompletableFuture.encodeThrowable(CompletableFuture.java:315)
	at java.base/java.util.concurrent.CompletableFuture.completeThrowable(CompletableFuture.java:320)
	at java.base/java.util.concurrent.CompletableFuture$AsyncSupply.run(CompletableFuture.java:1770)
	at java.base/java.util.concurrent.CompletableFuture$AsyncSupply.exec(CompletableFuture.java:1760)
	at java.base/java.util.concurrent.ForkJoinTask.doExec(ForkJoinTask.java:387)
	at java.base/java.util.concurrent.ForkJoinPool$WorkQueue.topLevelExec(ForkJoinPool.java:1312)
	at java.base/java.util.concurrent.ForkJoinPool.scan(ForkJoinPool.java:1843)
	at java.base/java.util.concurrent.ForkJoinPool.runWorker(ForkJoinPool.java:1808)
	at java.base/java.util.concurrent.ForkJoinWorkerThread.run(ForkJoinWorkerThread.java:188)
Caused by: java.lang.RuntimeException: java.rmi.ServerException: RemoteException occurred in server thread; nested exception is: 
	java.rmi.RemoteException: Invalid username or password; nested exception is: 
	AttendanceSystemException{errorCode='INVALID_CREDENTIALS', userMessage='Invalid username or password', technicalDetails='Invalid username or password'}
	at com.attendance.system.client.LoginFrame.lambda$performLogin$3(LoginFrame.java:445)
	at java.base/java.util.concurrent.CompletableFuture$AsyncSupply.run(CompletableFuture.java:1768)
	... 6 common frames omitted
Caused by: java.rmi.ServerException: RemoteException occurred in server thread; nested exception is: 
	java.rmi.RemoteException: Invalid username or password; nested exception is: 
	AttendanceSystemException{errorCode='INVALID_CREDENTIALS', userMessage='Invalid username or password', technicalDetails='Invalid username or password'}
	at java.rmi/sun.rmi.server.UnicastServerRef.dispatch(UnicastServerRef.java:392)
	at java.rmi/sun.rmi.transport.Transport$1.run(Transport.java:200)
	at java.rmi/sun.rmi.transport.Transport$1.run(Transport.java:197)
	at java.base/java.security.AccessController.doPrivileged(AccessController.java:714)
	at java.rmi/sun.rmi.transport.Transport.serviceCall(Transport.java:196)
	at java.rmi/sun.rmi.transport.tcp.TCPTransport.handleMessages(TCPTransport.java:598)
	at java.rmi/sun.rmi.transport.tcp.TCPTransport$ConnectionHandler.run0(TCPTransport.java:844)
	at java.rmi/sun.rmi.transport.tcp.TCPTransport$ConnectionHandler.lambda$run$0(TCPTransport.java:721)
	at java.base/java.security.AccessController.doPrivileged(AccessController.java:400)
	at java.rmi/sun.rmi.transport.tcp.TCPTransport$ConnectionHandler.run(TCPTransport.java:720)
	at java.base/java.util.concurrent.ThreadPoolExecutor.runWorker(ThreadPoolExecutor.java:1144)
	at java.base/java.util.concurrent.ThreadPoolExecutor$Worker.run(ThreadPoolExecutor.java:642)
	at java.base/java.lang.Thread.run(Thread.java:1583)
	at java.rmi/sun.rmi.transport.StreamRemoteCall.exceptionReceivedFromServer(StreamRemoteCall.java:304)
	at java.rmi/sun.rmi.transport.StreamRemoteCall.executeCall(StreamRemoteCall.java:280)
	at java.rmi/sun.rmi.server.UnicastRef.invoke(UnicastRef.java:166)
	at java.rmi/java.rmi.server.RemoteObjectInvocationHandler.invokeRemoteMethod(RemoteObjectInvocationHandler.java:215)
	at java.rmi/java.rmi.server.RemoteObjectInvocationHandler.invoke(RemoteObjectInvocationHandler.java:160)
	at jdk.proxy3/jdk.proxy3.$Proxy25.authenticateUser(Unknown Source)
	at com.attendance.system.client.LoginFrame.lambda$performLogin$3(LoginFrame.java:443)
	... 7 common frames omitted
Caused by: java.rmi.RemoteException: Invalid username or password; nested exception is: 
	AttendanceSystemException{errorCode='INVALID_CREDENTIALS', userMessage='Invalid username or password', technicalDetails='Invalid username or password'}
	at com.attendance.system.server.AttendanceServer.executeWithErrorHandling(AttendanceServer.java:1285)
	at com.attendance.system.server.AttendanceServer.authenticateUser(AttendanceServer.java:113)
	at java.base/jdk.internal.reflect.DirectMethodHandleAccessor.invoke(DirectMethodHandleAccessor.java:103)
	at java.base/java.lang.reflect.Method.invoke(Method.java:580)
	at java.rmi/sun.rmi.server.UnicastServerRef.dispatch(UnicastServerRef.java:360)
	at java.rmi/sun.rmi.transport.Transport$1.run(Transport.java:200)
	at java.rmi/sun.rmi.transport.Transport$1.run(Transport.java:197)
	at java.base/java.security.AccessController.doPrivileged(AccessController.java:714)
	at java.rmi/sun.rmi.transport.Transport.serviceCall(Transport.java:196)
	at java.rmi/sun.rmi.transport.tcp.TCPTransport.handleMessages(TCPTransport.java:598)
	at java.rmi/sun.rmi.transport.tcp.TCPTransport$ConnectionHandler.run0(TCPTransport.java:844)
	at java.rmi/sun.rmi.transport.tcp.TCPTransport$ConnectionHandler.lambda$run$0(TCPTransport.java:721)
	at java.base/java.security.AccessController.doPrivileged(AccessController.java:400)
	at java.rmi/sun.rmi.transport.tcp.TCPTransport$ConnectionHandler.run(TCPTransport.java:720)
	at java.base/java.util.concurrent.ThreadPoolExecutor.runWorker(ThreadPoolExecutor.java:1144)
	at java.base/java.util.concurrent.ThreadPoolExecutor$Worker.run(ThreadPoolExecutor.java:642)
	at java.base/java.lang.Thread.run(Thread.java:1583)
Caused by: com.attendance.system.exception.AuthenticationException: Invalid username or password
	at com.attendance.system.exception.AuthenticationException.invalidCredentials(AuthenticationException.java:23)
	at com.attendance.system.service.AuthenticationService.authenticateUser(AuthenticationService.java:74)
	at com.attendance.system.server.AttendanceServer.lambda$authenticateUser$0(AttendanceServer.java:125)
	at com.attendance.system.server.AttendanceServer.executeWithErrorHandling(AttendanceServer.java:1275)
	... 16 common frames omitted
2026-05-09 15:13:43.597 [RMI TCP Connection(4)-127.0.0.1] DEBUG c.a.system.server.AttendanceServer - Executing method: authenticateUser
2026-05-09 15:13:43.599 [RMI TCP Connection(4)-127.0.0.1] DEBUG c.a.system.server.AttendanceServer - Authentication request for user: teacher1
2026-05-09 15:13:43.604 [RMI TCP Connection(4)-127.0.0.1] WARN  c.a.s.service.AuthenticationService - Authentication failed - user not found: teacher1
2026-05-09 15:13:43.605 [RMI TCP Connection(4)-127.0.0.1] WARN  c.a.system.server.AttendanceServer - Authentication failed in authenticateUser: Invalid username or password
2026-05-09 15:13:43.616 [AWT-EventQueue-0] WARN  c.a.system.client.LoginFrame - Login failed for user: teacher1
java.util.concurrent.CompletionException: java.lang.RuntimeException: java.rmi.ServerException: RemoteException occurred in server thread; nested exception is: 
	java.rmi.RemoteException: Invalid username or password; nested exception is: 
	AttendanceSystemException{errorCode='INVALID_CREDENTIALS', userMessage='Invalid username or password', technicalDetails='Invalid username or password'}
	at java.base/java.util.concurrent.CompletableFuture.encodeThrowable(CompletableFuture.java:315)
	at java.base/java.util.concurrent.CompletableFuture.completeThrowable(CompletableFuture.java:320)
	at java.base/java.util.concurrent.CompletableFuture$AsyncSupply.run(CompletableFuture.java:1770)
	at java.base/java.util.concurrent.CompletableFuture$AsyncSupply.exec(CompletableFuture.java:1760)
	at java.base/java.util.concurrent.ForkJoinTask.doExec(ForkJoinTask.java:387)
	at java.base/java.util.concurrent.ForkJoinPool$WorkQueue.topLevelExec(ForkJoinPool.java:1312)
	at java.base/java.util.concurrent.ForkJoinPool.scan(ForkJoinPool.java:1843)
	at java.base/java.util.concurrent.ForkJoinPool.runWorker(ForkJoinPool.java:1808)
	at java.base/java.util.concurrent.ForkJoinWorkerThread.run(ForkJoinWorkerThread.java:188)
Caused by: java.lang.RuntimeException: java.rmi.ServerException: RemoteException occurred in server thread; nested exception is: 
	java.rmi.RemoteException: Invalid username or password; nested exception is: 
	AttendanceSystemException{errorCode='INVALID_CREDENTIALS', userMessage='Invalid username or password', technicalDetails='Invalid username or password'}
	at com.attendance.system.client.LoginFrame.lambda$performLogin$3(LoginFrame.java:445)
	at java.base/java.util.concurrent.CompletableFuture$AsyncSupply.run(CompletableFuture.java:1768)
	... 6 common frames omitted
Caused by: java.rmi.ServerException: RemoteException occurred in server thread; nested exception is: 
	java.rmi.RemoteException: Invalid username or password; nested exception is: 
	AttendanceSystemException{errorCode='INVALID_CREDENTIALS', userMessage='Invalid username or password', technicalDetails='Invalid username or password'}
	at java.rmi/sun.rmi.server.UnicastServerRef.dispatch(UnicastServerRef.java:392)
	at java.rmi/sun.rmi.transport.Transport$1.run(Transport.java:200)
	at java.rmi/sun.rmi.transport.Transport$1.run(Transport.java:197)
	at java.base/java.security.AccessController.doPrivileged(AccessController.java:714)
	at java.rmi/sun.rmi.transport.Transport.serviceCall(Transport.java:196)
	at java.rmi/sun.rmi.transport.tcp.TCPTransport.handleMessages(TCPTransport.java:598)
	at java.rmi/sun.rmi.transport.tcp.TCPTransport$ConnectionHandler.run0(TCPTransport.java:844)
	at java.rmi/sun.rmi.transport.tcp.TCPTransport$ConnectionHandler.lambda$run$0(TCPTransport.java:721)
	at java.base/java.security.AccessController.doPrivileged(AccessController.java:400)
	at java.rmi/sun.rmi.transport.tcp.TCPTransport$ConnectionHandler.run(TCPTransport.java:720)
	at java.base/java.util.concurrent.ThreadPoolExecutor.runWorker(ThreadPoolExecutor.java:1144)
	at java.base/java.util.concurrent.ThreadPoolExecutor$Worker.run(ThreadPoolExecutor.java:642)
	at java.base/java.lang.Thread.run(Thread.java:1583)
	at java.rmi/sun.rmi.transport.StreamRemoteCall.exceptionReceivedFromServer(StreamRemoteCall.java:304)
	at java.rmi/sun.rmi.transport.StreamRemoteCall.executeCall(StreamRemoteCall.java:280)
	at java.rmi/sun.rmi.server.UnicastRef.invoke(UnicastRef.java:166)
	at java.rmi/java.rmi.server.RemoteObjectInvocationHandler.invokeRemoteMethod(RemoteObjectInvocationHandler.java:215)
	at java.rmi/java.rmi.server.RemoteObjectInvocationHandler.invoke(RemoteObjectInvocationHandler.java:160)
	at jdk.proxy3/jdk.proxy3.$Proxy25.authenticateUser(Unknown Source)
	at com.attendance.system.client.LoginFrame.lambda$performLogin$3(LoginFrame.java:443)
	... 7 common frames omitted
Caused by: java.rmi.RemoteException: Invalid username or password; nested exception is: 
	AttendanceSystemException{errorCode='INVALID_CREDENTIALS', userMessage='Invalid username or password', technicalDetails='Invalid username or password'}
	at com.attendance.system.server.AttendanceServer.executeWithErrorHandling(AttendanceServer.java:1285)
	at com.attendance.system.server.AttendanceServer.authenticateUser(AttendanceServer.java:113)
	at java.base/jdk.internal.reflect.DirectMethodHandleAccessor.invoke(DirectMethodHandleAccessor.java:103)
	at java.base/java.lang.reflect.Method.invoke(Method.java:580)
	at java.rmi/sun.rmi.server.UnicastServerRef.dispatch(UnicastServerRef.java:360)
	at java.rmi/sun.rmi.transport.Transport$1.run(Transport.java:200)
	at java.rmi/sun.rmi.transport.Transport$1.run(Transport.java:197)
	at java.base/java.security.AccessController.doPrivileged(AccessController.java:714)
	at java.rmi/sun.rmi.transport.Transport.serviceCall(Transport.java:196)
	at java.rmi/sun.rmi.transport.tcp.TCPTransport.handleMessages(TCPTransport.java:598)
	at java.rmi/sun.rmi.transport.tcp.TCPTransport$ConnectionHandler.run0(TCPTransport.java:844)
	at java.rmi/sun.rmi.transport.tcp.TCPTransport$ConnectionHandler.lambda$run$0(TCPTransport.java:721)
	at java.base/java.security.AccessController.doPrivileged(AccessController.java:400)
	at java.rmi/sun.rmi.transport.tcp.TCPTransport$ConnectionHandler.run(TCPTransport.java:720)
	at java.base/java.util.concurrent.ThreadPoolExecutor.runWorker(ThreadPoolExecutor.java:1144)
	at java.base/java.util.concurrent.ThreadPoolExecutor$Worker.run(ThreadPoolExecutor.java:642)
	at java.base/java.lang.Thread.run(Thread.java:1583)
Caused by: com.attendance.system.exception.AuthenticationException: Invalid username or password
	at com.attendance.system.exception.AuthenticationException.invalidCredentials(AuthenticationException.java:23)
	at com.attendance.system.service.AuthenticationService.authenticateUser(AuthenticationService.java:74)
	at com.attendance.system.server.AttendanceServer.lambda$authenticateUser$0(AttendanceServer.java:125)
	at com.attendance.system.server.AttendanceServer.executeWithErrorHandling(AttendanceServer.java:1275)
	... 16 common frames omitted
2026-05-09 15:14:06.308 [pool-1-thread-2] DEBUG c.a.system.server.ServerLauncher - Server stats - Active connections: 0, Total requests: 3
2026-05-09 15:15:03.143 [RMI TCP Connection(5)-127.0.0.1] DEBUG c.a.system.server.AttendanceServer - Executing method: registerUser
2026-05-09 15:15:03.143 [RMI TCP Connection(5)-127.0.0.1] DEBUG c.a.system.server.AttendanceServer - Registration request for user: Wolde (Teacher)
2026-05-09 15:15:03.152 [RMI TCP Connection(5)-127.0.0.1] WARN  c.a.system.server.AttendanceServer - Method registerUser failed: Email address already exists
2026-05-09 15:15:03.167 [ForkJoinPool.commonPool-worker-1] ERROR c.a.system.client.RegistrationFrame - Remote service error during registration
java.rmi.ServerException: RemoteException occurred in server thread; nested exception is: 
	java.rmi.RemoteException: Service error in registerUser: Email address already exists
	at java.rmi/sun.rmi.server.UnicastServerRef.dispatch(UnicastServerRef.java:392)
	at java.rmi/sun.rmi.transport.Transport$1.run(Transport.java:200)
	at java.rmi/sun.rmi.transport.Transport$1.run(Transport.java:197)
	at java.base/java.security.AccessController.doPrivileged(AccessController.java:714)
	at java.rmi/sun.rmi.transport.Transport.serviceCall(Transport.java:196)
	at java.rmi/sun.rmi.transport.tcp.TCPTransport.handleMessages(TCPTransport.java:598)
	at java.rmi/sun.rmi.transport.tcp.TCPTransport$ConnectionHandler.run0(TCPTransport.java:844)
	at java.rmi/sun.rmi.transport.tcp.TCPTransport$ConnectionHandler.lambda$run$0(TCPTransport.java:721)
	at java.base/java.security.AccessController.doPrivileged(AccessController.java:400)
	at java.rmi/sun.rmi.transport.tcp.TCPTransport$ConnectionHandler.run(TCPTransport.java:720)
	at java.base/java.util.concurrent.ThreadPoolExecutor.runWorker(ThreadPoolExecutor.java:1144)
	at java.base/java.util.concurrent.ThreadPoolExecutor$Worker.run(ThreadPoolExecutor.java:642)
	at java.base/java.lang.Thread.run(Thread.java:1583)
	at java.rmi/sun.rmi.transport.StreamRemoteCall.exceptionReceivedFromServer(StreamRemoteCall.java:304)
	at java.rmi/sun.rmi.transport.StreamRemoteCall.executeCall(StreamRemoteCall.java:280)
	at java.rmi/sun.rmi.server.UnicastRef.invoke(UnicastRef.java:166)
	at java.rmi/java.rmi.server.RemoteObjectInvocationHandler.invokeRemoteMethod(RemoteObjectInvocationHandler.java:215)
	at java.rmi/java.rmi.server.RemoteObjectInvocationHandler.invoke(RemoteObjectInvocationHandler.java:160)
	at jdk.proxy3/jdk.proxy3.$Proxy25.registerUser(Unknown Source)
	at com.attendance.system.client.RegistrationFrame.lambda$performRegistration$8(RegistrationFrame.java:695)
	at java.base/java.util.concurrent.CompletableFuture$AsyncRun.run(CompletableFuture.java:1804)
	at java.base/java.util.concurrent.CompletableFuture$AsyncRun.exec(CompletableFuture.java:1796)
	at java.base/java.util.concurrent.ForkJoinTask.doExec(ForkJoinTask.java:387)
	at java.base/java.util.concurrent.ForkJoinPool$WorkQueue.topLevelExec(ForkJoinPool.java:1312)
	at java.base/java.util.concurrent.ForkJoinPool.scan(ForkJoinPool.java:1843)
	at java.base/java.util.concurrent.ForkJoinPool.runWorker(ForkJoinPool.java:1808)
	at java.base/java.util.concurrent.ForkJoinWorkerThread.run(ForkJoinWorkerThread.java:188)
Caused by: java.rmi.RemoteException: Service error in registerUser: Email address already exists
	at com.attendance.system.server.AttendanceServer.executeWithErrorHandling(AttendanceServer.java:1288)
	at com.attendance.system.server.AttendanceServer.registerUser(AttendanceServer.java:191)
	at java.base/jdk.internal.reflect.DirectMethodHandleAccessor.invoke(DirectMethodHandleAccessor.java:103)
	at java.base/java.lang.reflect.Method.invoke(Method.java:580)
	at java.rmi/sun.rmi.server.UnicastServerRef.dispatch(UnicastServerRef.java:360)
	at java.rmi/sun.rmi.transport.Transport$1.run(Transport.java:200)
	at java.rmi/sun.rmi.transport.Transport$1.run(Transport.java:197)
	at java.base/java.security.AccessController.doPrivileged(AccessController.java:714)
	at java.rmi/sun.rmi.transport.Transport.serviceCall(Transport.java:196)
	at java.rmi/sun.rmi.transport.tcp.TCPTransport.handleMessages(TCPTransport.java:598)
	at java.rmi/sun.rmi.transport.tcp.TCPTransport$ConnectionHandler.run0(TCPTransport.java:844)
	at java.rmi/sun.rmi.transport.tcp.TCPTransport$ConnectionHandler.lambda$run$0(TCPTransport.java:721)
	at java.base/java.security.AccessController.doPrivileged(AccessController.java:400)
	at java.rmi/sun.rmi.transport.tcp.TCPTransport$ConnectionHandler.run(TCPTransport.java:720)
	at java.base/java.util.concurrent.ThreadPoolExecutor.runWorker(ThreadPoolExecutor.java:1144)
	at java.base/java.util.concurrent.ThreadPoolExecutor$Worker.run(ThreadPoolExecutor.java:642)
	at java.base/java.lang.Thread.run(Thread.java:1583)
2026-05-09 15:15:06.308 [pool-1-thread-2] DEBUG c.a.system.server.ServerLauncher - Server stats - Active connections: 0, Total requests: 4
2026-05-09 15:16:06.308 [pool-1-thread-2] DEBUG c.a.system.server.ServerLauncher - Server stats - Active connections: 0, Total requests: 4
2026-05-09 15:17:06.308 [pool-1-thread-2] DEBUG c.a.system.server.ServerLauncher - Server stats - Active connections: 0, Total requests: 4
2026-05-09 15:18:06.310 [pool-1-thread-2] DEBUG c.a.system.server.ServerLauncher - Server stats - Active connections: 0, Total requests: 4
2026-05-09 15:18:30.759 [AWT-EventQueue-0] INFO  c.a.system.client.AttendanceGUI - Application exiting
2026-05-09 15:18:40.347 [Thread-2] INFO  c.a.system.server.ServerLauncher - Shutdown hook triggered
2026-05-09 15:18:40.352 [Thread-2] INFO  c.a.system.server.ServerLauncher - Stopping Student Attendance System Server...
2026-05-09 15:18:40.354 [Thread-2] INFO  c.a.system.server.ServerLauncher - Service unbound from registry
2026-05-09 15:18:40.359 [Thread-2] INFO  c.a.system.server.ServerLauncher - Server unexported
2026-05-09 15:18:40.361 [Thread-2] INFO  com.zaxxer.hikari.HikariDataSource - HikariPool-2 - Shutdown initiated...
2026-05-09 15:18:40.393 [Thread-2] INFO  com.zaxxer.hikari.HikariDataSource - HikariPool-2 - Shutdown completed.
2026-05-09 15:18:40.393 [Thread-2] INFO  c.a.system.dao.DatabaseManager - Database connection pool closed
2026-05-09 15:18:40.393 [Thread-2] INFO  c.a.system.server.ServerLauncher - Database connections closed
2026-05-09 15:18:40.394 [Thread-2] INFO  c.a.system.server.ServerLauncher - Server stopped successfully
2026-05-09 15:19:25.315 [main] WARN  c.a.system.util.SecurityUtil - ATTENDANCE_ENCRYPTION_KEY environment variable not set. Using default key for development only.
2026-05-09 15:20:12.695 [main] WARN  c.a.system.util.SecurityUtil - ATTENDANCE_ENCRYPTION_KEY environment variable not set. Using default key for development only.
2026-05-09 15:21:14.492 [main] WARN  c.a.system.util.SecurityUtil - ATTENDANCE_ENCRYPTION_KEY environment variable not set. Using default key for development only.
2026-05-09 15:23:05.709 [main] WARN  c.a.system.util.SecurityUtil - ATTENDANCE_ENCRYPTION_KEY environment variable not set. Using default key for development only.
2026-05-09 15:29:54.975 [com.attendance.system.server.ServerLauncher.main()] INFO  c.a.system.server.ServerLauncher - Starting Student Attendance System Server...
2026-05-09 15:29:54.978 [com.attendance.system.server.ServerLauncher.main()] INFO  c.a.system.server.ServerLauncher - Initializing database connection...
2026-05-09 15:29:55.047 [com.attendance.system.server.ServerLauncher.main()] INFO  com.zaxxer.hikari.HikariDataSource - HikariPool-1 - Starting...
2026-05-09 15:29:55.818 [com.attendance.system.server.ServerLauncher.main()] INFO  com.zaxxer.hikari.pool.HikariPool - HikariPool-1 - Added connection com.mysql.cj.jdbc.ConnectionImpl@50b65f05
2026-05-09 15:29:55.825 [com.attendance.system.server.ServerLauncher.main()] INFO  com.zaxxer.hikari.HikariDataSource - HikariPool-1 - Start completed.
2026-05-09 15:29:55.826 [com.attendance.system.server.ServerLauncher.main()] INFO  c.a.system.dao.DatabaseManager - Database connection pool initialized successfully
2026-05-09 15:29:55.842 [com.attendance.system.server.ServerLauncher.main()] DEBUG c.a.system.dao.DatabaseManager - Database connection test successful
2026-05-09 15:29:55.875 [com.attendance.system.server.ServerLauncher.main()] INFO  com.zaxxer.hikari.HikariDataSource - HikariPool-2 - Starting...
2026-05-09 15:29:55.891 [com.attendance.system.server.ServerLauncher.main()] INFO  com.zaxxer.hikari.pool.HikariPool - HikariPool-2 - Added connection com.mysql.cj.jdbc.ConnectionImpl@6922c570
2026-05-09 15:29:55.892 [com.attendance.system.server.ServerLauncher.main()] INFO  com.zaxxer.hikari.HikariDataSource - HikariPool-2 - Start completed.
2026-05-09 15:29:55.892 [com.attendance.system.server.ServerLauncher.main()] INFO  c.a.system.dao.DatabaseManager - Database connection pool initialized successfully
2026-05-09 15:29:55.897 [com.attendance.system.server.ServerLauncher.main()] DEBUG c.a.system.dao.DatabaseManager - Database connection test successful
2026-05-09 15:29:55.906 [com.attendance.system.server.ServerLauncher.main()] DEBUG c.a.system.dao.DatabaseManager - Database connection test successful
2026-05-09 15:29:55.912 [com.attendance.system.server.ServerLauncher.main()] INFO  c.a.system.server.ServerLauncher - Database connection established successfully
2026-05-09 15:29:55.913 [com.attendance.system.server.ServerLauncher.main()] DEBUG c.a.system.server.ServerLauncher - Setting up RMI system properties...
2026-05-09 15:29:55.914 [com.attendance.system.server.ServerLauncher.main()] INFO  c.a.system.server.ServerLauncher - RMI server hostname set to: localhost
2026-05-09 15:29:55.915 [com.attendance.system.server.ServerLauncher.main()] INFO  c.a.system.server.ServerLauncher - Setting up RMI registry on port 1100...
2026-05-09 15:29:56.006 [com.attendance.system.server.ServerLauncher.main()] INFO  c.a.system.server.ServerLauncher - Created new RMI registry on port 1100
2026-05-09 15:29:56.008 [com.attendance.system.server.ServerLauncher.main()] INFO  c.a.system.server.ServerLauncher - Creating and exporting attendance server...
2026-05-09 15:29:56.115 [com.attendance.system.server.ServerLauncher.main()] INFO  c.a.system.server.AttendanceServer - AttendanceServer initialized successfully
2026-05-09 15:29:56.115 [com.attendance.system.server.ServerLauncher.main()] INFO  c.a.system.server.AttendanceServer - Encryption enabled: false
2026-05-09 15:29:56.115 [com.attendance.system.server.ServerLauncher.main()] INFO  c.a.system.server.AttendanceServer - Max concurrent users: 100
2026-05-09 15:29:56.115 [com.attendance.system.server.ServerLauncher.main()] INFO  c.a.system.server.ServerLauncher - Attendance server created and exported successfully
2026-05-09 15:29:56.116 [com.attendance.system.server.ServerLauncher.main()] INFO  c.a.system.server.ServerLauncher - Binding server to registry with name 'AttendanceService'...
2026-05-09 15:29:56.116 [com.attendance.system.server.ServerLauncher.main()] INFO  c.a.system.server.ServerLauncher - Server bound to registry successfully
2026-05-09 15:29:56.116 [com.attendance.system.server.ServerLauncher.main()] INFO  c.a.system.server.ServerLauncher - Starting maintenance tasks...
2026-05-09 15:29:56.122 [com.attendance.system.server.ServerLauncher.main()] INFO  c.a.system.server.ServerLauncher - Maintenance tasks started
2026-05-09 15:29:56.123 [com.attendance.system.server.ServerLauncher.main()] INFO  c.a.system.server.ServerLauncher - Server started successfully!
2026-05-09 15:29:56.124 [com.attendance.system.server.ServerLauncher.main()] INFO  c.a.system.server.ServerLauncher - Service name: AttendanceService
2026-05-09 15:29:56.124 [com.attendance.system.server.ServerLauncher.main()] INFO  c.a.system.server.ServerLauncher - RMI registry port: 1100
2026-05-09 15:29:56.124 [com.attendance.system.server.ServerLauncher.main()] INFO  c.a.system.server.ServerLauncher - Server listening on port: 0
2026-05-09 15:29:56.124 [com.attendance.system.server.ServerLauncher.main()] INFO  c.a.system.server.ServerLauncher - Server is ready to accept client connections.
2026-05-09 15:30:35.355 [AWT-EventQueue-0] INFO  c.a.system.client.AttendanceGUI - GUI initialized successfully
2026-05-09 15:30:35.358 [ForkJoinPool.commonPool-worker-2] INFO  c.a.system.client.AttendanceGUI - Attempting to connect to server: rmi://localhost:1100/AttendanceService
2026-05-09 15:30:35.871 [AWT-EventQueue-0] INFO  c.a.system.client.AttendanceGUI - Successfully connected to server
2026-05-09 15:30:51.091 [RMI TCP Connection(2)-127.0.0.1] DEBUG c.a.system.server.AttendanceServer - Executing method: authenticateUser
2026-05-09 15:30:51.091 [RMI TCP Connection(2)-127.0.0.1] DEBUG c.a.system.server.AttendanceServer - Authentication request for user: admin
2026-05-09 15:30:51.093 [RMI TCP Connection(2)-127.0.0.1] WARN  c.a.system.util.SecurityUtil - ATTENDANCE_ENCRYPTION_KEY environment variable not set. Using default key for development only.
2026-05-09 15:30:51.700 [RMI TCP Connection(2)-127.0.0.1] INFO  c.a.s.service.AuthenticationService - User authenticated successfully: admin (Role: Administrator)
2026-05-09 15:30:51.701 [RMI TCP Connection(2)-127.0.0.1] INFO  c.a.system.server.AttendanceServer - User authenticated successfully: admin (Active connections: 1)
2026-05-09 15:30:51.701 [RMI TCP Connection(2)-127.0.0.1] DEBUG c.a.system.server.AttendanceServer - Method authenticateUser completed in 610 ms
2026-05-09 15:30:51.842 [RMI TCP Connection(2)-127.0.0.1] DEBUG c.a.system.server.AttendanceServer - Executing method: getAllUsers
2026-05-09 15:30:51.860 [RMI TCP Connection(2)-127.0.0.1] DEBUG c.a.system.server.AttendanceServer - Method getAllUsers completed in 18 ms
2026-05-09 15:30:51.875 [RMI TCP Connection(3)-127.0.0.1] DEBUG c.a.system.server.AttendanceServer - Executing method: getAllActiveCourses
2026-05-09 15:30:51.896 [RMI TCP Connection(3)-127.0.0.1] DEBUG c.a.system.server.AttendanceServer - Method getAllActiveCourses completed in 21 ms
2026-05-09 15:30:51.917 [RMI TCP Connection(3)-127.0.0.1] DEBUG c.a.system.server.AttendanceServer - Executing method: getAllActiveCourses
2026-05-09 15:30:51.920 [RMI TCP Connection(2)-127.0.0.1] DEBUG c.a.system.server.AttendanceServer - Executing method: getAllEnrollments
2026-05-09 15:30:51.922 [RMI TCP Connection(2)-127.0.0.1] DEBUG c.a.system.server.AttendanceServer - Method getAllEnrollments completed in 2 ms
2026-05-09 15:30:51.921 [RMI TCP Connection(3)-127.0.0.1] DEBUG c.a.system.server.AttendanceServer - Method getAllActiveCourses completed in 4 ms
2026-05-09 15:30:51.955 [RMI TCP Connection(2)-127.0.0.1] DEBUG c.a.system.server.AttendanceServer - Executing method: getNotifications
2026-05-09 15:30:51.957 [RMI TCP Connection(3)-127.0.0.1] DEBUG c.a.system.server.AttendanceServer - Executing method: getUnreadNotificationCount
2026-05-09 15:30:51.961 [RMI TCP Connection(2)-127.0.0.1] DEBUG c.a.system.server.AttendanceServer - Method getNotifications completed in 6 ms
2026-05-09 15:30:51.964 [RMI TCP Connection(3)-127.0.0.1] DEBUG c.a.system.server.AttendanceServer - Method getUnreadNotificationCount completed in 7 ms
2026-05-09 15:30:52.239 [RMI TCP Connection(2)-127.0.0.1] DEBUG c.a.system.server.AttendanceServer - Executing method: getSystemStatistics
2026-05-09 15:30:52.271 [RMI TCP Connection(2)-127.0.0.1] DEBUG c.a.system.server.AttendanceServer - Method getSystemStatistics completed in 32 ms
2026-05-09 15:30:52.350 [AWT-EventQueue-0] INFO  c.a.system.client.AttendanceGUI - User authenticated: admin (Administrator)
2026-05-09 15:30:52.404 [RMI TCP Connection(2)-127.0.0.1] DEBUG c.a.system.server.AttendanceServer - Executing method: getUserById
2026-05-09 15:30:52.416 [RMI TCP Connection(2)-127.0.0.1] DEBUG c.a.system.server.AttendanceServer - Method getUserById completed in 12 ms
2026-05-09 15:30:56.123 [pool-1-thread-2] DEBUG c.a.system.server.ServerLauncher - Server stats - Active connections: 1, Total requests: 9
2026-05-09 15:31:21.626 [AWT-EventQueue-0] INFO  c.a.s.c.SystemConfigurationPanel - System configuration saved: {emailNotifications=true, backupSchedule=0 2 * * *, notificationBatchSize=160, maxConcurrentUsers=90, inAppNotifications=true, sessionTimeout=1800000}
2026-05-09 15:31:56.123 [pool-1-thread-2] DEBUG c.a.system.server.ServerLauncher - Server stats - Active connections: 1, Total requests: 9
2026-05-09 15:32:00.052 [RMI TCP Connection(5)-127.0.0.1] DEBUG c.a.system.server.AttendanceServer - Executing method: enableMaintenanceMode
2026-05-09 15:32:00.067 [RMI TCP Connection(5)-127.0.0.1] INFO  c.a.system.util.MaintenanceManager - Maintenance mode enabled: i am wolde mariamthat must have maintain (estimated duration: 30 minutes)
2026-05-09 15:32:00.069 [RMI TCP Connection(5)-127.0.0.1] DEBUG c.a.system.util.MaintenanceManager - Maintenance event recorded: MAINTENANCE_STARTED - i am wolde mariamthat must have maintain
2026-05-09 15:32:00.070 [RMI TCP Connection(5)-127.0.0.1] INFO  c.a.system.server.AttendanceServer - Maintenance mode enabled by admin: admin
2026-05-09 15:32:00.070 [RMI TCP Connection(5)-127.0.0.1] DEBUG c.a.system.server.AttendanceServer - Method enableMaintenanceMode completed in 18 ms
2026-05-09 15:32:01.710 [AWT-EventQueue-0] INFO  c.a.s.c.SystemConfigurationPanel - Maintenance mode enabled: i am wolde mariamthat must have maintain
2026-05-09 15:32:01.710 [RMI TCP Connection(5)-127.0.0.1] DEBUG c.a.system.server.AttendanceServer - Executing method: getMaintenanceModeInfo
2026-05-09 15:32:01.717 [RMI TCP Connection(5)-127.0.0.1] DEBUG c.a.system.server.AttendanceServer - Method getMaintenanceModeInfo completed in 7 ms
2026-05-09 15:32:38.350 [RMI TCP Connection(6)-127.0.0.1] DEBUG c.a.system.server.AttendanceServer - Executing method: scheduleMaintenanceMode
2026-05-09 15:32:38.363 [RMI TCP Connection(6)-127.0.0.1] WARN  c.a.system.server.AttendanceServer - Method scheduleMaintenanceMode failed: Invalid start time format: 1-1-1
2026-05-09 15:32:38.441 [AWT-EventQueue-0] ERROR c.a.s.c.SystemConfigurationPanel - Failed to schedule maintenance
java.rmi.ServerException: RemoteException occurred in server thread; nested exception is: 
	java.rmi.RemoteException: Service error in scheduleMaintenanceMode: Invalid start time format: 1-1-1
	at java.rmi/sun.rmi.server.UnicastServerRef.dispatch(UnicastServerRef.java:392)
	at java.rmi/sun.rmi.transport.Transport$1.run(Transport.java:200)
	at java.rmi/sun.rmi.transport.Transport$1.run(Transport.java:197)
	at java.base/java.security.AccessController.doPrivileged(AccessController.java:714)
	at java.rmi/sun.rmi.transport.Transport.serviceCall(Transport.java:196)
	at java.rmi/sun.rmi.transport.tcp.TCPTransport.handleMessages(TCPTransport.java:598)
	at java.rmi/sun.rmi.transport.tcp.TCPTransport$ConnectionHandler.run0(TCPTransport.java:844)
	at java.rmi/sun.rmi.transport.tcp.TCPTransport$ConnectionHandler.lambda$run$0(TCPTransport.java:721)
	at java.base/java.security.AccessController.doPrivileged(AccessController.java:400)
	at java.rmi/sun.rmi.transport.tcp.TCPTransport$ConnectionHandler.run(TCPTransport.java:720)
	at java.base/java.util.concurrent.ThreadPoolExecutor.runWorker(ThreadPoolExecutor.java:1144)
	at java.base/java.util.concurrent.ThreadPoolExecutor$Worker.run(ThreadPoolExecutor.java:642)
	at java.base/java.lang.Thread.run(Thread.java:1583)
	at java.rmi/sun.rmi.transport.StreamRemoteCall.exceptionReceivedFromServer(StreamRemoteCall.java:304)
	at java.rmi/sun.rmi.transport.StreamRemoteCall.executeCall(StreamRemoteCall.java:280)
	at java.rmi/sun.rmi.server.UnicastRef.invoke(UnicastRef.java:166)
	at java.rmi/java.rmi.server.RemoteObjectInvocationHandler.invokeRemoteMethod(RemoteObjectInvocationHandler.java:215)
	at java.rmi/java.rmi.server.RemoteObjectInvocationHandler.invoke(RemoteObjectInvocationHandler.java:160)
	at jdk.proxy3/jdk.proxy3.$Proxy25.scheduleMaintenanceMode(Unknown Source)
	at com.attendance.system.client.SystemConfigurationPanel.lambda$31(SystemConfigurationPanel.java:861)
	at java.desktop/javax.swing.AbstractButton.fireActionPerformed(AbstractButton.java:1972)
	at java.desktop/javax.swing.AbstractButton$Handler.actionPerformed(AbstractButton.java:2314)
	at java.desktop/javax.swing.DefaultButtonModel.fireActionPerformed(DefaultButtonModel.java:407)
	at java.desktop/javax.swing.DefaultButtonModel.setPressed(DefaultButtonModel.java:262)
	at java.desktop/javax.swing.plaf.basic.BasicButtonListener.mouseReleased(BasicButtonListener.java:279)
	at java.desktop/java.awt.Component.processMouseEvent(Component.java:6621)
	at java.desktop/javax.swing.JComponent.processMouseEvent(JComponent.java:3398)
	at java.desktop/java.awt.Component.processEvent(Component.java:6386)
	at java.desktop/java.awt.Container.processEvent(Container.java:2266)
	at java.desktop/java.awt.Component.dispatchEventImpl(Component.java:4996)
	at java.desktop/java.awt.Container.dispatchEventImpl(Container.java:2324)
	at java.desktop/java.awt.Component.dispatchEvent(Component.java:4828)
	at java.desktop/java.awt.LightweightDispatcher.retargetMouseEvent(Container.java:4948)
	at java.desktop/java.awt.LightweightDispatcher.processMouseEvent(Container.java:4575)
	at java.desktop/java.awt.LightweightDispatcher.dispatchEvent(Container.java:4516)
	at java.desktop/java.awt.Container.dispatchEventImpl(Container.java:2310)
	at java.desktop/java.awt.Window.dispatchEventImpl(Window.java:2780)
	at java.desktop/java.awt.Component.dispatchEvent(Component.java:4828)
	at java.desktop/java.awt.EventQueue.dispatchEventImpl(EventQueue.java:775)
	at java.desktop/java.awt.EventQueue$4.run(EventQueue.java:720)
	at java.desktop/java.awt.EventQueue$4.run(EventQueue.java:714)
	at java.base/java.security.AccessController.doPrivileged(AccessController.java:400)
	at java.base/java.security.ProtectionDomain$JavaSecurityAccessImpl.doIntersectionPrivilege(ProtectionDomain.java:87)
	at java.base/java.security.ProtectionDomain$JavaSecurityAccessImpl.doIntersectionPrivilege(ProtectionDomain.java:98)
	at java.desktop/java.awt.EventQueue$5.run(EventQueue.java:747)
	at java.desktop/java.awt.EventQueue$5.run(EventQueue.java:745)
	at java.base/java.security.AccessController.doPrivileged(AccessController.java:400)
	at java.base/java.security.ProtectionDomain$JavaSecurityAccessImpl.doIntersectionPrivilege(ProtectionDomain.java:87)
	at java.desktop/java.awt.EventQueue.dispatchEvent(EventQueue.java:744)
	at java.desktop/java.awt.EventDispatchThread.pumpOneEventForFilters(EventDispatchThread.java:203)
	at java.desktop/java.awt.EventDispatchThread.pumpEventsForFilter(EventDispatchThread.java:124)
	at java.desktop/java.awt.EventDispatchThread.pumpEventsForFilter(EventDispatchThread.java:117)
	at java.desktop/java.awt.WaitDispatchSupport$2.run(WaitDispatchSupport.java:191)
	at java.desktop/java.awt.WaitDispatchSupport$4.run(WaitDispatchSupport.java:236)
	at java.desktop/java.awt.WaitDispatchSupport$4.run(WaitDispatchSupport.java:234)
	at java.base/java.security.AccessController.doPrivileged(AccessController.java:319)
	at java.desktop/java.awt.WaitDispatchSupport.enter(WaitDispatchSupport.java:234)
	at java.desktop/java.awt.Dialog.show(Dialog.java:1079)
	at java.desktop/java.awt.Component.show(Component.java:1728)
	at java.desktop/java.awt.Component.setVisible(Component.java:1675)
	at java.desktop/java.awt.Window.setVisible(Window.java:1036)
	at java.desktop/java.awt.Dialog.setVisible(Dialog.java:1015)
	at com.attendance.system.client.SystemConfigurationPanel.scheduleMaintenanceMode(SystemConfigurationPanel.java:879)
	at com.attendance.system.client.SystemConfigurationPanel.lambda$9(SystemConfigurationPanel.java:534)
	at java.desktop/javax.swing.AbstractButton.fireActionPerformed(AbstractButton.java:1972)
	at java.desktop/javax.swing.AbstractButton$Handler.actionPerformed(AbstractButton.java:2314)
	at java.desktop/javax.swing.DefaultButtonModel.fireActionPerformed(DefaultButtonModel.java:407)
	at java.desktop/javax.swing.DefaultButtonModel.setPressed(DefaultButtonModel.java:262)
	at java.desktop/javax.swing.plaf.basic.BasicButtonListener.mouseReleased(BasicButtonListener.java:279)
	at java.desktop/java.awt.Component.processMouseEvent(Component.java:6621)
	at java.desktop/javax.swing.JComponent.processMouseEvent(JComponent.java:3398)
	at java.desktop/java.awt.Component.processEvent(Component.java:6386)
	at java.desktop/java.awt.Container.processEvent(Container.java:2266)
	at java.desktop/java.awt.Component.dispatchEventImpl(Component.java:4996)
	at java.desktop/java.awt.Container.dispatchEventImpl(Container.java:2324)
	at java.desktop/java.awt.Component.dispatchEvent(Component.java:4828)
	at java.desktop/java.awt.LightweightDispatcher.retargetMouseEvent(Container.java:4948)
	at java.desktop/java.awt.LightweightDispatcher.processMouseEvent(Container.java:4575)
	at java.desktop/java.awt.LightweightDispatcher.dispatchEvent(Container.java:4516)
	at java.desktop/java.awt.Container.dispatchEventImpl(Container.java:2310)
	at java.desktop/java.awt.Window.dispatchEventImpl(Window.java:2780)
	at java.desktop/java.awt.Component.dispatchEvent(Component.java:4828)
	at java.desktop/java.awt.EventQueue.dispatchEventImpl(EventQueue.java:775)
	at java.desktop/java.awt.EventQueue$4.run(EventQueue.java:720)
	at java.desktop/java.awt.EventQueue$4.run(EventQueue.java:714)
	at java.base/java.security.AccessController.doPrivileged(AccessController.java:400)
	at java.base/java.security.ProtectionDomain$JavaSecurityAccessImpl.doIntersectionPrivilege(ProtectionDomain.java:87)
	at java.base/java.security.ProtectionDomain$JavaSecurityAccessImpl.doIntersectionPrivilege(ProtectionDomain.java:98)
	at java.desktop/java.awt.EventQueue$5.run(EventQueue.java:747)
	at java.desktop/java.awt.EventQueue$5.run(EventQueue.java:745)
	at java.base/java.security.AccessController.doPrivileged(AccessController.java:400)
	at java.base/java.security.ProtectionDomain$JavaSecurityAccessImpl.doIntersectionPrivilege(ProtectionDomain.java:87)
	at java.desktop/java.awt.EventQueue.dispatchEvent(EventQueue.java:744)
	at java.desktop/java.awt.EventDispatchThread.pumpOneEventForFilters(EventDispatchThread.java:203)
	at java.desktop/java.awt.EventDispatchThread.pumpEventsForFilter(EventDispatchThread.java:124)
	at java.desktop/java.awt.EventDispatchThread.pumpEventsForHierarchy(EventDispatchThread.java:113)
	at java.desktop/java.awt.EventDispatchThread.pumpEvents(EventDispatchThread.java:109)
	at java.desktop/java.awt.EventDispatchThread.pumpEvents(EventDispatchThread.java:101)
	at java.desktop/java.awt.EventDispatchThread.run(EventDispatchThread.java:90)
Caused by: java.rmi.RemoteException: Service error in scheduleMaintenanceMode: Invalid start time format: 1-1-1
	at com.attendance.system.server.AttendanceServer.executeWithErrorHandling(AttendanceServer.java:1288)
	at com.attendance.system.server.AttendanceServer.scheduleMaintenanceMode(AttendanceServer.java:1035)
	at java.base/jdk.internal.reflect.DirectMethodHandleAccessor.invoke(DirectMethodHandleAccessor.java:103)
	at java.base/java.lang.reflect.Method.invoke(Method.java:580)
	at java.rmi/sun.rmi.server.UnicastServerRef.dispatch(UnicastServerRef.java:360)
	at java.rmi/sun.rmi.transport.Transport$1.run(Transport.java:200)
	at java.rmi/sun.rmi.transport.Transport$1.run(Transport.java:197)
	at java.base/java.security.AccessController.doPrivileged(AccessController.java:714)
	at java.rmi/sun.rmi.transport.Transport.serviceCall(Transport.java:196)
	at java.rmi/sun.rmi.transport.tcp.TCPTransport.handleMessages(TCPTransport.java:598)
	at java.rmi/sun.rmi.transport.tcp.TCPTransport$ConnectionHandler.run0(TCPTransport.java:844)
	at java.rmi/sun.rmi.transport.tcp.TCPTransport$ConnectionHandler.lambda$run$0(TCPTransport.java:721)
	at java.base/java.security.AccessController.doPrivileged(AccessController.java:400)
	at java.rmi/sun.rmi.transport.tcp.TCPTransport$ConnectionHandler.run(TCPTransport.java:720)
	at java.base/java.util.concurrent.ThreadPoolExecutor.runWorker(ThreadPoolExecutor.java:1144)
	at java.base/java.util.concurrent.ThreadPoolExecutor$Worker.run(ThreadPoolExecutor.java:642)
	at java.base/java.lang.Thread.run(Thread.java:1583)
2026-05-09 15:32:56.123 [pool-1-thread-2] DEBUG c.a.system.server.ServerLauncher - Server stats - Active connections: 1, Total requests: 12
2026-05-09 15:33:01.766 [RMI TCP Connection(7)-127.0.0.1] DEBUG c.a.system.server.AttendanceServer - Executing method: scheduleMaintenanceMode
2026-05-09 15:33:01.811 [RMI TCP Connection(7)-127.0.0.1] WARN  c.a.system.server.AttendanceServer - Method scheduleMaintenanceMode failed: Invalid start time format: 1-1-12:12
2026-05-09 15:33:01.832 [AWT-EventQueue-0] ERROR c.a.s.c.SystemConfigurationPanel - Failed to schedule maintenance
java.rmi.ServerException: RemoteException occurred in server thread; nested exception is: 
	java.rmi.RemoteException: Service error in scheduleMaintenanceMode: Invalid start time format: 1-1-12:12
	at java.rmi/sun.rmi.server.UnicastServerRef.dispatch(UnicastServerRef.java:392)
	at java.rmi/sun.rmi.transport.Transport$1.run(Transport.java:200)
	at java.rmi/sun.rmi.transport.Transport$1.run(Transport.java:197)
	at java.base/java.security.AccessController.doPrivileged(AccessController.java:714)
	at java.rmi/sun.rmi.transport.Transport.serviceCall(Transport.java:196)
	at java.rmi/sun.rmi.transport.tcp.TCPTransport.handleMessages(TCPTransport.java:598)
	at java.rmi/sun.rmi.transport.tcp.TCPTransport$ConnectionHandler.run0(TCPTransport.java:844)
	at java.rmi/sun.rmi.transport.tcp.TCPTransport$ConnectionHandler.lambda$run$0(TCPTransport.java:721)
	at java.base/java.security.AccessController.doPrivileged(AccessController.java:400)
	at java.rmi/sun.rmi.transport.tcp.TCPTransport$ConnectionHandler.run(TCPTransport.java:720)
	at java.base/java.util.concurrent.ThreadPoolExecutor.runWorker(ThreadPoolExecutor.java:1144)
	at java.base/java.util.concurrent.ThreadPoolExecutor$Worker.run(ThreadPoolExecutor.java:642)
	at java.base/java.lang.Thread.run(Thread.java:1583)
	at java.rmi/sun.rmi.transport.StreamRemoteCall.exceptionReceivedFromServer(StreamRemoteCall.java:304)
	at java.rmi/sun.rmi.transport.StreamRemoteCall.executeCall(StreamRemoteCall.java:280)
	at java.rmi/sun.rmi.server.UnicastRef.invoke(UnicastRef.java:166)
	at java.rmi/java.rmi.server.RemoteObjectInvocationHandler.invokeRemoteMethod(RemoteObjectInvocationHandler.java:215)
	at java.rmi/java.rmi.server.RemoteObjectInvocationHandler.invoke(RemoteObjectInvocationHandler.java:160)
	at jdk.proxy3/jdk.proxy3.$Proxy25.scheduleMaintenanceMode(Unknown Source)
	at com.attendance.system.client.SystemConfigurationPanel.lambda$31(SystemConfigurationPanel.java:861)
	at java.desktop/javax.swing.AbstractButton.fireActionPerformed(AbstractButton.java:1972)
	at java.desktop/javax.swing.AbstractButton$Handler.actionPerformed(AbstractButton.java:2314)
	at java.desktop/javax.swing.DefaultButtonModel.fireActionPerformed(DefaultButtonModel.java:407)
	at java.desktop/javax.swing.DefaultButtonModel.setPressed(DefaultButtonModel.java:262)
	at java.desktop/javax.swing.plaf.basic.BasicButtonListener.mouseReleased(BasicButtonListener.java:279)
	at java.desktop/java.awt.Component.processMouseEvent(Component.java:6621)
	at java.desktop/javax.swing.JComponent.processMouseEvent(JComponent.java:3398)
	at java.desktop/java.awt.Component.processEvent(Component.java:6386)
	at java.desktop/java.awt.Container.processEvent(Container.java:2266)
	at java.desktop/java.awt.Component.dispatchEventImpl(Component.java:4996)
	at java.desktop/java.awt.Container.dispatchEventImpl(Container.java:2324)
	at java.desktop/java.awt.Component.dispatchEvent(Component.java:4828)
	at java.desktop/java.awt.LightweightDispatcher.retargetMouseEvent(Container.java:4948)
	at java.desktop/java.awt.LightweightDispatcher.processMouseEvent(Container.java:4575)
	at java.desktop/java.awt.LightweightDispatcher.dispatchEvent(Container.java:4516)
	at java.desktop/java.awt.Container.dispatchEventImpl(Container.java:2310)
	at java.desktop/java.awt.Window.dispatchEventImpl(Window.java:2780)
	at java.desktop/java.awt.Component.dispatchEvent(Component.java:4828)
	at java.desktop/java.awt.EventQueue.dispatchEventImpl(EventQueue.java:775)
	at java.desktop/java.awt.EventQueue$4.run(EventQueue.java:720)
	at java.desktop/java.awt.EventQueue$4.run(EventQueue.java:714)
	at java.base/java.security.AccessController.doPrivileged(AccessController.java:400)
	at java.base/java.security.ProtectionDomain$JavaSecurityAccessImpl.doIntersectionPrivilege(ProtectionDomain.java:87)
	at java.base/java.security.ProtectionDomain$JavaSecurityAccessImpl.doIntersectionPrivilege(ProtectionDomain.java:98)
	at java.desktop/java.awt.EventQueue$5.run(EventQueue.java:747)
	at java.desktop/java.awt.EventQueue$5.run(EventQueue.java:745)
	at java.base/java.security.AccessController.doPrivileged(AccessController.java:400)
	at java.base/java.security.ProtectionDomain$JavaSecurityAccessImpl.doIntersectionPrivilege(ProtectionDomain.java:87)
	at java.desktop/java.awt.EventQueue.dispatchEvent(EventQueue.java:744)
	at java.desktop/java.awt.EventDispatchThread.pumpOneEventForFilters(EventDispatchThread.java:203)
	at java.desktop/java.awt.EventDispatchThread.pumpEventsForFilter(EventDispatchThread.java:124)
	at java.desktop/java.awt.EventDispatchThread.pumpEventsForFilter(EventDispatchThread.java:117)
	at java.desktop/java.awt.WaitDispatchSupport$2.run(WaitDispatchSupport.java:191)
	at java.desktop/java.awt.WaitDispatchSupport$4.run(WaitDispatchSupport.java:236)
	at java.desktop/java.awt.WaitDispatchSupport$4.run(WaitDispatchSupport.java:234)
	at java.base/java.security.AccessController.doPrivileged(AccessController.java:319)
	at java.desktop/java.awt.WaitDispatchSupport.enter(WaitDispatchSupport.java:234)
	at java.desktop/java.awt.Dialog.show(Dialog.java:1079)
	at java.desktop/java.awt.Component.show(Component.java:1728)
	at java.desktop/java.awt.Component.setVisible(Component.java:1675)
	at java.desktop/java.awt.Window.setVisible(Window.java:1036)
	at java.desktop/java.awt.Dialog.setVisible(Dialog.java:1015)
	at com.attendance.system.client.SystemConfigurationPanel.scheduleMaintenanceMode(SystemConfigurationPanel.java:879)
	at com.attendance.system.client.SystemConfigurationPanel.lambda$9(SystemConfigurationPanel.java:534)
	at java.desktop/javax.swing.AbstractButton.fireActionPerformed(AbstractButton.java:1972)
	at java.desktop/javax.swing.AbstractButton$Handler.actionPerformed(AbstractButton.java:2314)
	at java.desktop/javax.swing.DefaultButtonModel.fireActionPerformed(DefaultButtonModel.java:407)
	at java.desktop/javax.swing.DefaultButtonModel.setPressed(DefaultButtonModel.java:262)
	at java.desktop/javax.swing.plaf.basic.BasicButtonListener.mouseReleased(BasicButtonListener.java:279)
	at java.desktop/java.awt.Component.processMouseEvent(Component.java:6621)
	at java.desktop/javax.swing.JComponent.processMouseEvent(JComponent.java:3398)
	at java.desktop/java.awt.Component.processEvent(Component.java:6386)
	at java.desktop/java.awt.Container.processEvent(Container.java:2266)
	at java.desktop/java.awt.Component.dispatchEventImpl(Component.java:4996)
	at java.desktop/java.awt.Container.dispatchEventImpl(Container.java:2324)
	at java.desktop/java.awt.Component.dispatchEvent(Component.java:4828)
	at java.desktop/java.awt.LightweightDispatcher.retargetMouseEvent(Container.java:4948)
	at java.desktop/java.awt.LightweightDispatcher.processMouseEvent(Container.java:4575)
	at java.desktop/java.awt.LightweightDispatcher.dispatchEvent(Container.java:4516)
	at java.desktop/java.awt.Container.dispatchEventImpl(Container.java:2310)
	at java.desktop/java.awt.Window.dispatchEventImpl(Window.java:2780)
	at java.desktop/java.awt.Component.dispatchEvent(Component.java:4828)
	at java.desktop/java.awt.EventQueue.dispatchEventImpl(EventQueue.java:775)
	at java.desktop/java.awt.EventQueue$4.run(EventQueue.java:720)
	at java.desktop/java.awt.EventQueue$4.run(EventQueue.java:714)
	at java.base/java.security.AccessController.doPrivileged(AccessController.java:400)
	at java.base/java.security.ProtectionDomain$JavaSecurityAccessImpl.doIntersectionPrivilege(ProtectionDomain.java:87)
	at java.base/java.security.ProtectionDomain$JavaSecurityAccessImpl.doIntersectionPrivilege(ProtectionDomain.java:98)
	at java.desktop/java.awt.EventQueue$5.run(EventQueue.java:747)
	at java.desktop/java.awt.EventQueue$5.run(EventQueue.java:745)
	at java.base/java.security.AccessController.doPrivileged(AccessController.java:400)
	at java.base/java.security.ProtectionDomain$JavaSecurityAccessImpl.doIntersectionPrivilege(ProtectionDomain.java:87)
	at java.desktop/java.awt.EventQueue.dispatchEvent(EventQueue.java:744)
	at java.desktop/java.awt.EventDispatchThread.pumpOneEventForFilters(EventDispatchThread.java:203)
	at java.desktop/java.awt.EventDispatchThread.pumpEventsForFilter(EventDispatchThread.java:124)
	at java.desktop/java.awt.EventDispatchThread.pumpEventsForHierarchy(EventDispatchThread.java:113)
	at java.desktop/java.awt.EventDispatchThread.pumpEvents(EventDispatchThread.java:109)
	at java.desktop/java.awt.EventDispatchThread.pumpEvents(EventDispatchThread.java:101)
	at java.desktop/java.awt.EventDispatchThread.run(EventDispatchThread.java:90)
Caused by: java.rmi.RemoteException: Service error in scheduleMaintenanceMode: Invalid start time format: 1-1-12:12
	at com.attendance.system.server.AttendanceServer.executeWithErrorHandling(AttendanceServer.java:1288)
	at com.attendance.system.server.AttendanceServer.scheduleMaintenanceMode(AttendanceServer.java:1035)
	at java.base/jdk.internal.reflect.DirectMethodHandleAccessor.invoke(DirectMethodHandleAccessor.java:103)
	at java.base/java.lang.reflect.Method.invoke(Method.java:580)
	at java.rmi/sun.rmi.server.UnicastServerRef.dispatch(UnicastServerRef.java:360)
	at java.rmi/sun.rmi.transport.Transport$1.run(Transport.java:200)
	at java.rmi/sun.rmi.transport.Transport$1.run(Transport.java:197)
	at java.base/java.security.AccessController.doPrivileged(AccessController.java:714)
	at java.rmi/sun.rmi.transport.Transport.serviceCall(Transport.java:196)
	at java.rmi/sun.rmi.transport.tcp.TCPTransport.handleMessages(TCPTransport.java:598)
	at java.rmi/sun.rmi.transport.tcp.TCPTransport$ConnectionHandler.run0(TCPTransport.java:844)
	at java.rmi/sun.rmi.transport.tcp.TCPTransport$ConnectionHandler.lambda$run$0(TCPTransport.java:721)
	at java.base/java.security.AccessController.doPrivileged(AccessController.java:400)
	at java.rmi/sun.rmi.transport.tcp.TCPTransport$ConnectionHandler.run(TCPTransport.java:720)
	at java.base/java.util.concurrent.ThreadPoolExecutor.runWorker(ThreadPoolExecutor.java:1144)
	at java.base/java.util.concurrent.ThreadPoolExecutor$Worker.run(ThreadPoolExecutor.java:642)
	at java.base/java.lang.Thread.run(Thread.java:1583)
2026-05-09 15:33:51.044 [RMI TCP Connection(8)-127.0.0.1] DEBUG c.a.system.server.AttendanceServer - Executing method: scheduleMaintenanceMode
2026-05-09 15:33:51.047 [RMI TCP Connection(8)-127.0.0.1] WARN  c.a.system.server.AttendanceServer - Method scheduleMaintenanceMode failed: Invalid start time format: 2018-1-1 2:12
2026-05-09 15:33:51.060 [AWT-EventQueue-0] ERROR c.a.s.c.SystemConfigurationPanel - Failed to schedule maintenance
java.rmi.ServerException: RemoteException occurred in server thread; nested exception is: 
	java.rmi.RemoteException: Service error in scheduleMaintenanceMode: Invalid start time format: 2018-1-1 2:12
	at java.rmi/sun.rmi.server.UnicastServerRef.dispatch(UnicastServerRef.java:392)
	at java.rmi/sun.rmi.transport.Transport$1.run(Transport.java:200)
	at java.rmi/sun.rmi.transport.Transport$1.run(Transport.java:197)
	at java.base/java.security.AccessController.doPrivileged(AccessController.java:714)
	at java.rmi/sun.rmi.transport.Transport.serviceCall(Transport.java:196)
	at java.rmi/sun.rmi.transport.tcp.TCPTransport.handleMessages(TCPTransport.java:598)
	at java.rmi/sun.rmi.transport.tcp.TCPTransport$ConnectionHandler.run0(TCPTransport.java:844)
	at java.rmi/sun.rmi.transport.tcp.TCPTransport$ConnectionHandler.lambda$run$0(TCPTransport.java:721)
	at java.base/java.security.AccessController.doPrivileged(AccessController.java:400)
	at java.rmi/sun.rmi.transport.tcp.TCPTransport$ConnectionHandler.run(TCPTransport.java:720)
	at java.base/java.util.concurrent.ThreadPoolExecutor.runWorker(ThreadPoolExecutor.java:1144)
	at java.base/java.util.concurrent.ThreadPoolExecutor$Worker.run(ThreadPoolExecutor.java:642)
	at java.base/java.lang.Thread.run(Thread.java:1583)
	at java.rmi/sun.rmi.transport.StreamRemoteCall.exceptionReceivedFromServer(StreamRemoteCall.java:304)
	at java.rmi/sun.rmi.transport.StreamRemoteCall.executeCall(StreamRemoteCall.java:280)
	at java.rmi/sun.rmi.server.UnicastRef.invoke(UnicastRef.java:166)
	at java.rmi/java.rmi.server.RemoteObjectInvocationHandler.invokeRemoteMethod(RemoteObjectInvocationHandler.java:215)
	at java.rmi/java.rmi.server.RemoteObjectInvocationHandler.invoke(RemoteObjectInvocationHandler.java:160)
	at jdk.proxy3/jdk.proxy3.$Proxy25.scheduleMaintenanceMode(Unknown Source)
	at com.attendance.system.client.SystemConfigurationPanel.lambda$31(SystemConfigurationPanel.java:861)
	at java.desktop/javax.swing.AbstractButton.fireActionPerformed(AbstractButton.java:1972)
	at java.desktop/javax.swing.AbstractButton$Handler.actionPerformed(AbstractButton.java:2314)
	at java.desktop/javax.swing.DefaultButtonModel.fireActionPerformed(DefaultButtonModel.java:407)
	at java.desktop/javax.swing.DefaultButtonModel.setPressed(DefaultButtonModel.java:262)
	at java.desktop/javax.swing.plaf.basic.BasicButtonListener.mouseReleased(BasicButtonListener.java:279)
	at java.desktop/java.awt.Component.processMouseEvent(Component.java:6621)
	at java.desktop/javax.swing.JComponent.processMouseEvent(JComponent.java:3398)
	at java.desktop/java.awt.Component.processEvent(Component.java:6386)
	at java.desktop/java.awt.Container.processEvent(Container.java:2266)
	at java.desktop/java.awt.Component.dispatchEventImpl(Component.java:4996)
	at java.desktop/java.awt.Container.dispatchEventImpl(Container.java:2324)
	at java.desktop/java.awt.Component.dispatchEvent(Component.java:4828)
	at java.desktop/java.awt.LightweightDispatcher.retargetMouseEvent(Container.java:4948)
	at java.desktop/java.awt.LightweightDispatcher.processMouseEvent(Container.java:4575)
	at java.desktop/java.awt.LightweightDispatcher.dispatchEvent(Container.java:4516)
	at java.desktop/java.awt.Container.dispatchEventImpl(Container.java:2310)
	at java.desktop/java.awt.Window.dispatchEventImpl(Window.java:2780)
	at java.desktop/java.awt.Component.dispatchEvent(Component.java:4828)
	at java.desktop/java.awt.EventQueue.dispatchEventImpl(EventQueue.java:775)
	at java.desktop/java.awt.EventQueue$4.run(EventQueue.java:720)
	at java.desktop/java.awt.EventQueue$4.run(EventQueue.java:714)
	at java.base/java.security.AccessController.doPrivileged(AccessController.java:400)
	at java.base/java.security.ProtectionDomain$JavaSecurityAccessImpl.doIntersectionPrivilege(ProtectionDomain.java:87)
	at java.base/java.security.ProtectionDomain$JavaSecurityAccessImpl.doIntersectionPrivilege(ProtectionDomain.java:98)
	at java.desktop/java.awt.EventQueue$5.run(EventQueue.java:747)
	at java.desktop/java.awt.EventQueue$5.run(EventQueue.java:745)
	at java.base/java.security.AccessController.doPrivileged(AccessController.java:400)
	at java.base/java.security.ProtectionDomain$JavaSecurityAccessImpl.doIntersectionPrivilege(ProtectionDomain.java:87)
	at java.desktop/java.awt.EventQueue.dispatchEvent(EventQueue.java:744)
	at java.desktop/java.awt.EventDispatchThread.pumpOneEventForFilters(EventDispatchThread.java:203)
	at java.desktop/java.awt.EventDispatchThread.pumpEventsForFilter(EventDispatchThread.java:124)
	at java.desktop/java.awt.EventDispatchThread.pumpEventsForFilter(EventDispatchThread.java:117)
	at java.desktop/java.awt.WaitDispatchSupport$2.run(WaitDispatchSupport.java:191)
	at java.desktop/java.awt.WaitDispatchSupport$4.run(WaitDispatchSupport.java:236)
	at java.desktop/java.awt.WaitDispatchSupport$4.run(WaitDispatchSupport.java:234)
	at java.base/java.security.AccessController.doPrivileged(AccessController.java:319)
	at java.desktop/java.awt.WaitDispatchSupport.enter(WaitDispatchSupport.java:234)
	at java.desktop/java.awt.Dialog.show(Dialog.java:1079)
	at java.desktop/java.awt.Component.show(Component.java:1728)
	at java.desktop/java.awt.Component.setVisible(Component.java:1675)
	at java.desktop/java.awt.Window.setVisible(Window.java:1036)
	at java.desktop/java.awt.Dialog.setVisible(Dialog.java:1015)
	at com.attendance.system.client.SystemConfigurationPanel.scheduleMaintenanceMode(SystemConfigurationPanel.java:879)
	at com.attendance.system.client.SystemConfigurationPanel.lambda$9(SystemConfigurationPanel.java:534)
	at java.desktop/javax.swing.AbstractButton.fireActionPerformed(AbstractButton.java:1972)
	at java.desktop/javax.swing.AbstractButton$Handler.actionPerformed(AbstractButton.java:2314)
	at java.desktop/javax.swing.DefaultButtonModel.fireActionPerformed(DefaultButtonModel.java:407)
	at java.desktop/javax.swing.DefaultButtonModel.setPressed(DefaultButtonModel.java:262)
	at java.desktop/javax.swing.plaf.basic.BasicButtonListener.mouseReleased(BasicButtonListener.java:279)
	at java.desktop/java.awt.Component.processMouseEvent(Component.java:6621)
	at java.desktop/javax.swing.JComponent.processMouseEvent(JComponent.java:3398)
	at java.desktop/java.awt.Component.processEvent(Component.java:6386)
	at java.desktop/java.awt.Container.processEvent(Container.java:2266)
	at java.desktop/java.awt.Component.dispatchEventImpl(Component.java:4996)
	at java.desktop/java.awt.Container.dispatchEventImpl(Container.java:2324)
	at java.desktop/java.awt.Component.dispatchEvent(Component.java:4828)
	at java.desktop/java.awt.LightweightDispatcher.retargetMouseEvent(Container.java:4948)
	at java.desktop/java.awt.LightweightDispatcher.processMouseEvent(Container.java:4575)
	at java.desktop/java.awt.LightweightDispatcher.dispatchEvent(Container.java:4516)
	at java.desktop/java.awt.Container.dispatchEventImpl(Container.java:2310)
	at java.desktop/java.awt.Window.dispatchEventImpl(Window.java:2780)
	at java.desktop/java.awt.Component.dispatchEvent(Component.java:4828)
	at java.desktop/java.awt.EventQueue.dispatchEventImpl(EventQueue.java:775)
	at java.desktop/java.awt.EventQueue$4.run(EventQueue.java:720)
	at java.desktop/java.awt.EventQueue$4.run(EventQueue.java:714)
	at java.base/java.security.AccessController.doPrivileged(AccessController.java:400)
	at java.base/java.security.ProtectionDomain$JavaSecurityAccessImpl.doIntersectionPrivilege(ProtectionDomain.java:87)
	at java.base/java.security.ProtectionDomain$JavaSecurityAccessImpl.doIntersectionPrivilege(ProtectionDomain.java:98)
	at java.desktop/java.awt.EventQueue$5.run(EventQueue.java:747)
	at java.desktop/java.awt.EventQueue$5.run(EventQueue.java:745)
	at java.base/java.security.AccessController.doPrivileged(AccessController.java:400)
	at java.base/java.security.ProtectionDomain$JavaSecurityAccessImpl.doIntersectionPrivilege(ProtectionDomain.java:87)
	at java.desktop/java.awt.EventQueue.dispatchEvent(EventQueue.java:744)
	at java.desktop/java.awt.EventDispatchThread.pumpOneEventForFilters(EventDispatchThread.java:203)
	at java.desktop/java.awt.EventDispatchThread.pumpEventsForFilter(EventDispatchThread.java:124)
	at java.desktop/java.awt.EventDispatchThread.pumpEventsForHierarchy(EventDispatchThread.java:113)
	at java.desktop/java.awt.EventDispatchThread.pumpEvents(EventDispatchThread.java:109)
	at java.desktop/java.awt.EventDispatchThread.pumpEvents(EventDispatchThread.java:101)
	at java.desktop/java.awt.EventDispatchThread.run(EventDispatchThread.java:90)
Caused by: java.rmi.RemoteException: Service error in scheduleMaintenanceMode: Invalid start time format: 2018-1-1 2:12
	at com.attendance.system.server.AttendanceServer.executeWithErrorHandling(AttendanceServer.java:1288)
	at com.attendance.system.server.AttendanceServer.scheduleMaintenanceMode(AttendanceServer.java:1035)
	at java.base/jdk.internal.reflect.DirectMethodHandleAccessor.invoke(DirectMethodHandleAccessor.java:103)
	at java.base/java.lang.reflect.Method.invoke(Method.java:580)
	at java.rmi/sun.rmi.server.UnicastServerRef.dispatch(UnicastServerRef.java:360)
	at java.rmi/sun.rmi.transport.Transport$1.run(Transport.java:200)
	at java.rmi/sun.rmi.transport.Transport$1.run(Transport.java:197)
	at java.base/java.security.AccessController.doPrivileged(AccessController.java:714)
	at java.rmi/sun.rmi.transport.Transport.serviceCall(Transport.java:196)
	at java.rmi/sun.rmi.transport.tcp.TCPTransport.handleMessages(TCPTransport.java:598)
	at java.rmi/sun.rmi.transport.tcp.TCPTransport$ConnectionHandler.run0(TCPTransport.java:844)
	at java.rmi/sun.rmi.transport.tcp.TCPTransport$ConnectionHandler.lambda$run$0(TCPTransport.java:721)
	at java.base/java.security.AccessController.doPrivileged(AccessController.java:400)
	at java.rmi/sun.rmi.transport.tcp.TCPTransport$ConnectionHandler.run(TCPTransport.java:720)
	at java.base/java.util.concurrent.ThreadPoolExecutor.runWorker(ThreadPoolExecutor.java:1144)
	at java.base/java.util.concurrent.ThreadPoolExecutor$Worker.run(ThreadPoolExecutor.java:642)
	at java.base/java.lang.Thread.run(Thread.java:1583)
2026-05-09 15:33:56.123 [pool-1-thread-1] DEBUG c.a.system.server.ServerLauncher - Server stats - Active connections: 1, Total requests: 14
2026-05-09 15:33:58.916 [RMI TCP Connection(9)-127.0.0.1] DEBUG c.a.system.server.AttendanceServer - Executing method: scheduleMaintenanceMode
2026-05-09 15:33:58.919 [RMI TCP Connection(9)-127.0.0.1] WARN  c.a.system.server.AttendanceServer - Method scheduleMaintenanceMode failed: Invalid start time format: 2018-1-1 2:12
2026-05-09 15:33:58.955 [AWT-EventQueue-0] ERROR c.a.s.c.SystemConfigurationPanel - Failed to schedule maintenance
java.rmi.ServerException: RemoteException occurred in server thread; nested exception is: 
	java.rmi.RemoteException: Service error in scheduleMaintenanceMode: Invalid start time format: 2018-1-1 2:12
	at java.rmi/sun.rmi.server.UnicastServerRef.dispatch(UnicastServerRef.java:392)
	at java.rmi/sun.rmi.transport.Transport$1.run(Transport.java:200)
	at java.rmi/sun.rmi.transport.Transport$1.run(Transport.java:197)
	at java.base/java.security.AccessController.doPrivileged(AccessController.java:714)
	at java.rmi/sun.rmi.transport.Transport.serviceCall(Transport.java:196)
	at java.rmi/sun.rmi.transport.tcp.TCPTransport.handleMessages(TCPTransport.java:598)
	at java.rmi/sun.rmi.transport.tcp.TCPTransport$ConnectionHandler.run0(TCPTransport.java:844)
	at java.rmi/sun.rmi.transport.tcp.TCPTransport$ConnectionHandler.lambda$run$0(TCPTransport.java:721)
	at java.base/java.security.AccessController.doPrivileged(AccessController.java:400)
	at java.rmi/sun.rmi.transport.tcp.TCPTransport$ConnectionHandler.run(TCPTransport.java:720)
	at java.base/java.util.concurrent.ThreadPoolExecutor.runWorker(ThreadPoolExecutor.java:1144)
	at java.base/java.util.concurrent.ThreadPoolExecutor$Worker.run(ThreadPoolExecutor.java:642)
	at java.base/java.lang.Thread.run(Thread.java:1583)
	at java.rmi/sun.rmi.transport.StreamRemoteCall.exceptionReceivedFromServer(StreamRemoteCall.java:304)
	at java.rmi/sun.rmi.transport.StreamRemoteCall.executeCall(StreamRemoteCall.java:280)
	at java.rmi/sun.rmi.server.UnicastRef.invoke(UnicastRef.java:166)
	at java.rmi/java.rmi.server.RemoteObjectInvocationHandler.invokeRemoteMethod(RemoteObjectInvocationHandler.java:215)
	at java.rmi/java.rmi.server.RemoteObjectInvocationHandler.invoke(RemoteObjectInvocationHandler.java:160)
	at jdk.proxy3/jdk.proxy3.$Proxy25.scheduleMaintenanceMode(Unknown Source)
	at com.attendance.system.client.SystemConfigurationPanel.lambda$31(SystemConfigurationPanel.java:861)
	at java.desktop/javax.swing.AbstractButton.fireActionPerformed(AbstractButton.java:1972)
	at java.desktop/javax.swing.AbstractButton$Handler.actionPerformed(AbstractButton.java:2314)
	at java.desktop/javax.swing.DefaultButtonModel.fireActionPerformed(DefaultButtonModel.java:407)
	at java.desktop/javax.swing.DefaultButtonModel.setPressed(DefaultButtonModel.java:262)
	at java.desktop/javax.swing.plaf.basic.BasicButtonListener.mouseReleased(BasicButtonListener.java:279)
	at java.desktop/java.awt.Component.processMouseEvent(Component.java:6621)
	at java.desktop/javax.swing.JComponent.processMouseEvent(JComponent.java:3398)
	at java.desktop/java.awt.Component.processEvent(Component.java:6386)
	at java.desktop/java.awt.Container.processEvent(Container.java:2266)
	at java.desktop/java.awt.Component.dispatchEventImpl(Component.java:4996)
	at java.desktop/java.awt.Container.dispatchEventImpl(Container.java:2324)
	at java.desktop/java.awt.Component.dispatchEvent(Component.java:4828)
	at java.desktop/java.awt.LightweightDispatcher.retargetMouseEvent(Container.java:4948)
	at java.desktop/java.awt.LightweightDispatcher.processMouseEvent(Container.java:4575)
	at java.desktop/java.awt.LightweightDispatcher.dispatchEvent(Container.java:4516)
	at java.desktop/java.awt.Container.dispatchEventImpl(Container.java:2310)
	at java.desktop/java.awt.Window.dispatchEventImpl(Window.java:2780)
	at java.desktop/java.awt.Component.dispatchEvent(Component.java:4828)
	at java.desktop/java.awt.EventQueue.dispatchEventImpl(EventQueue.java:775)
	at java.desktop/java.awt.EventQueue$4.run(EventQueue.java:720)
	at java.desktop/java.awt.EventQueue$4.run(EventQueue.java:714)
	at java.base/java.security.AccessController.doPrivileged(AccessController.java:400)
	at java.base/java.security.ProtectionDomain$JavaSecurityAccessImpl.doIntersectionPrivilege(ProtectionDomain.java:87)
	at java.base/java.security.ProtectionDomain$JavaSecurityAccessImpl.doIntersectionPrivilege(ProtectionDomain.java:98)
	at java.desktop/java.awt.EventQueue$5.run(EventQueue.java:747)
	at java.desktop/java.awt.EventQueue$5.run(EventQueue.java:745)
	at java.base/java.security.AccessController.doPrivileged(AccessController.java:400)
	at java.base/java.security.ProtectionDomain$JavaSecurityAccessImpl.doIntersectionPrivilege(ProtectionDomain.java:87)
	at java.desktop/java.awt.EventQueue.dispatchEvent(EventQueue.java:744)
	at java.desktop/java.awt.EventDispatchThread.pumpOneEventForFilters(EventDispatchThread.java:203)
	at java.desktop/java.awt.EventDispatchThread.pumpEventsForFilter(EventDispatchThread.java:124)
	at java.desktop/java.awt.EventDispatchThread.pumpEventsForFilter(EventDispatchThread.java:117)
	at java.desktop/java.awt.WaitDispatchSupport$2.run(WaitDispatchSupport.java:191)
	at java.desktop/java.awt.WaitDispatchSupport$4.run(WaitDispatchSupport.java:236)
	at java.desktop/java.awt.WaitDispatchSupport$4.run(WaitDispatchSupport.java:234)
	at java.base/java.security.AccessController.doPrivileged(AccessController.java:319)
	at java.desktop/java.awt.WaitDispatchSupport.enter(WaitDispatchSupport.java:234)
	at java.desktop/java.awt.Dialog.show(Dialog.java:1079)
	at java.desktop/java.awt.Component.show(Component.java:1728)
	at java.desktop/java.awt.Component.setVisible(Component.java:1675)
	at java.desktop/java.awt.Window.setVisible(Window.java:1036)
	at java.desktop/java.awt.Dialog.setVisible(Dialog.java:1015)
	at com.attendance.system.client.SystemConfigurationPanel.scheduleMaintenanceMode(SystemConfigurationPanel.java:879)
	at com.attendance.system.client.SystemConfigurationPanel.lambda$9(SystemConfigurationPanel.java:534)
	at java.desktop/javax.swing.AbstractButton.fireActionPerformed(AbstractButton.java:1972)
	at java.desktop/javax.swing.AbstractButton$Handler.actionPerformed(AbstractButton.java:2314)
	at java.desktop/javax.swing.DefaultButtonModel.fireActionPerformed(DefaultButtonModel.java:407)
	at java.desktop/javax.swing.DefaultButtonModel.setPressed(DefaultButtonModel.java:262)
	at java.desktop/javax.swing.plaf.basic.BasicButtonListener.mouseReleased(BasicButtonListener.java:279)
	at java.desktop/java.awt.Component.processMouseEvent(Component.java:6621)
	at java.desktop/javax.swing.JComponent.processMouseEvent(JComponent.java:3398)
	at java.desktop/java.awt.Component.processEvent(Component.java:6386)
	at java.desktop/java.awt.Container.processEvent(Container.java:2266)
	at java.desktop/java.awt.Component.dispatchEventImpl(Component.java:4996)
	at java.desktop/java.awt.Container.dispatchEventImpl(Container.java:2324)
	at java.desktop/java.awt.Component.dispatchEvent(Component.java:4828)
	at java.desktop/java.awt.LightweightDispatcher.retargetMouseEvent(Container.java:4948)
	at java.desktop/java.awt.LightweightDispatcher.processMouseEvent(Container.java:4575)
	at java.desktop/java.awt.LightweightDispatcher.dispatchEvent(Container.java:4516)
	at java.desktop/java.awt.Container.dispatchEventImpl(Container.java:2310)
	at java.desktop/java.awt.Window.dispatchEventImpl(Window.java:2780)
	at java.desktop/java.awt.Component.dispatchEvent(Component.java:4828)
	at java.desktop/java.awt.EventQueue.dispatchEventImpl(EventQueue.java:775)
	at java.desktop/java.awt.EventQueue$4.run(EventQueue.java:720)
	at java.desktop/java.awt.EventQueue$4.run(EventQueue.java:714)
	at java.base/java.security.AccessController.doPrivileged(AccessController.java:400)
	at java.base/java.security.ProtectionDomain$JavaSecurityAccessImpl.doIntersectionPrivilege(ProtectionDomain.java:87)
	at java.base/java.security.ProtectionDomain$JavaSecurityAccessImpl.doIntersectionPrivilege(ProtectionDomain.java:98)
	at java.desktop/java.awt.EventQueue$5.run(EventQueue.java:747)
	at java.desktop/java.awt.EventQueue$5.run(EventQueue.java:745)
	at java.base/java.security.AccessController.doPrivileged(AccessController.java:400)
	at java.base/java.security.ProtectionDomain$JavaSecurityAccessImpl.doIntersectionPrivilege(ProtectionDomain.java:87)
	at java.desktop/java.awt.EventQueue.dispatchEvent(EventQueue.java:744)
	at java.desktop/java.awt.EventDispatchThread.pumpOneEventForFilters(EventDispatchThread.java:203)
	at java.desktop/java.awt.EventDispatchThread.pumpEventsForFilter(EventDispatchThread.java:124)
	at java.desktop/java.awt.EventDispatchThread.pumpEventsForHierarchy(EventDispatchThread.java:113)
	at java.desktop/java.awt.EventDispatchThread.pumpEvents(EventDispatchThread.java:109)
	at java.desktop/java.awt.EventDispatchThread.pumpEvents(EventDispatchThread.java:101)
	at java.desktop/java.awt.EventDispatchThread.run(EventDispatchThread.java:90)
Caused by: java.rmi.RemoteException: Service error in scheduleMaintenanceMode: Invalid start time format: 2018-1-1 2:12
	at com.attendance.system.server.AttendanceServer.executeWithErrorHandling(AttendanceServer.java:1288)
	at com.attendance.system.server.AttendanceServer.scheduleMaintenanceMode(AttendanceServer.java:1035)
	at java.base/jdk.internal.reflect.DirectMethodHandleAccessor.invoke(DirectMethodHandleAccessor.java:103)
	at java.base/java.lang.reflect.Method.invoke(Method.java:580)
	at java.rmi/sun.rmi.server.UnicastServerRef.dispatch(UnicastServerRef.java:360)
	at java.rmi/sun.rmi.transport.Transport$1.run(Transport.java:200)
	at java.rmi/sun.rmi.transport.Transport$1.run(Transport.java:197)
	at java.base/java.security.AccessController.doPrivileged(AccessController.java:714)
	at java.rmi/sun.rmi.transport.Transport.serviceCall(Transport.java:196)
	at java.rmi/sun.rmi.transport.tcp.TCPTransport.handleMessages(TCPTransport.java:598)
	at java.rmi/sun.rmi.transport.tcp.TCPTransport$ConnectionHandler.run0(TCPTransport.java:844)
	at java.rmi/sun.rmi.transport.tcp.TCPTransport$ConnectionHandler.lambda$run$0(TCPTransport.java:721)
	at java.base/java.security.AccessController.doPrivileged(AccessController.java:400)
	at java.rmi/sun.rmi.transport.tcp.TCPTransport$ConnectionHandler.run(TCPTransport.java:720)
	at java.base/java.util.concurrent.ThreadPoolExecutor.runWorker(ThreadPoolExecutor.java:1144)
	at java.base/java.util.concurrent.ThreadPoolExecutor$Worker.run(ThreadPoolExecutor.java:642)
	at java.base/java.lang.Thread.run(Thread.java:1583)
2026-05-09 15:34:14.151 [RMI TCP Connection(10)-127.0.0.1] DEBUG c.a.system.server.AttendanceServer - Executing method: disableMaintenanceMode
2026-05-09 15:34:14.154 [RMI TCP Connection(10)-127.0.0.1] INFO  c.a.system.util.MaintenanceManager - Maintenance mode disabled. Duration: 2 minutes
2026-05-09 15:34:14.155 [RMI TCP Connection(10)-127.0.0.1] DEBUG c.a.system.util.MaintenanceManager - Maintenance event recorded: MAINTENANCE_ENDED - Maintenance completed
2026-05-09 15:34:14.156 [RMI TCP Connection(10)-127.0.0.1] INFO  c.a.system.server.AttendanceServer - Maintenance mode disabled by admin: admin
2026-05-09 15:34:14.162 [RMI TCP Connection(10)-127.0.0.1] DEBUG c.a.system.server.AttendanceServer - Method disableMaintenanceMode completed in 11 ms
2026-05-09 15:34:15.663 [AWT-EventQueue-0] INFO  c.a.s.c.SystemConfigurationPanel - Maintenance mode disabled
2026-05-09 15:34:15.672 [RMI TCP Connection(10)-127.0.0.1] DEBUG c.a.system.server.AttendanceServer - Executing method: getMaintenanceModeInfo
2026-05-09 15:34:15.714 [RMI TCP Connection(10)-127.0.0.1] DEBUG c.a.system.server.AttendanceServer - Method getMaintenanceModeInfo completed in 42 ms
2026-05-09 15:34:35.453 [RMI TCP Connection(10)-127.0.0.1] DEBUG c.a.system.server.AttendanceServer - Executing method: scheduleMaintenanceMode
2026-05-09 15:34:35.454 [RMI TCP Connection(10)-127.0.0.1] WARN  c.a.system.server.AttendanceServer - Method scheduleMaintenanceMode failed: Invalid start time format: 2016-1-2 2:5
2026-05-09 15:34:35.504 [AWT-EventQueue-0] ERROR c.a.s.c.SystemConfigurationPanel - Failed to schedule maintenance
java.rmi.ServerException: RemoteException occurred in server thread; nested exception is: 
	java.rmi.RemoteException: Service error in scheduleMaintenanceMode: Invalid start time format: 2016-1-2 2:5
	at java.rmi/sun.rmi.server.UnicastServerRef.dispatch(UnicastServerRef.java:392)
	at java.rmi/sun.rmi.transport.Transport$1.run(Transport.java:200)
	at java.rmi/sun.rmi.transport.Transport$1.run(Transport.java:197)
	at java.base/java.security.AccessController.doPrivileged(AccessController.java:714)
	at java.rmi/sun.rmi.transport.Transport.serviceCall(Transport.java:196)
	at java.rmi/sun.rmi.transport.tcp.TCPTransport.handleMessages(TCPTransport.java:598)
	at java.rmi/sun.rmi.transport.tcp.TCPTransport$ConnectionHandler.run0(TCPTransport.java:844)
	at java.rmi/sun.rmi.transport.tcp.TCPTransport$ConnectionHandler.lambda$run$0(TCPTransport.java:721)
	at java.base/java.security.AccessController.doPrivileged(AccessController.java:400)
	at java.rmi/sun.rmi.transport.tcp.TCPTransport$ConnectionHandler.run(TCPTransport.java:720)
	at java.base/java.util.concurrent.ThreadPoolExecutor.runWorker(ThreadPoolExecutor.java:1144)
	at java.base/java.util.concurrent.ThreadPoolExecutor$Worker.run(ThreadPoolExecutor.java:642)
	at java.base/java.lang.Thread.run(Thread.java:1583)
	at java.rmi/sun.rmi.transport.StreamRemoteCall.exceptionReceivedFromServer(StreamRemoteCall.java:304)
	at java.rmi/sun.rmi.transport.StreamRemoteCall.executeCall(StreamRemoteCall.java:280)
	at java.rmi/sun.rmi.server.UnicastRef.invoke(UnicastRef.java:166)
	at java.rmi/java.rmi.server.RemoteObjectInvocationHandler.invokeRemoteMethod(RemoteObjectInvocationHandler.java:215)
	at java.rmi/java.rmi.server.RemoteObjectInvocationHandler.invoke(RemoteObjectInvocationHandler.java:160)
	at jdk.proxy3/jdk.proxy3.$Proxy25.scheduleMaintenanceMode(Unknown Source)
	at com.attendance.system.client.SystemConfigurationPanel.lambda$31(SystemConfigurationPanel.java:861)
	at java.desktop/javax.swing.AbstractButton.fireActionPerformed(AbstractButton.java:1972)
	at java.desktop/javax.swing.AbstractButton$Handler.actionPerformed(AbstractButton.java:2314)
	at java.desktop/javax.swing.DefaultButtonModel.fireActionPerformed(DefaultButtonModel.java:407)
	at java.desktop/javax.swing.DefaultButtonModel.setPressed(DefaultButtonModel.java:262)
	at java.desktop/javax.swing.plaf.basic.BasicButtonListener.mouseReleased(BasicButtonListener.java:279)
	at java.desktop/java.awt.Component.processMouseEvent(Component.java:6621)
	at java.desktop/javax.swing.JComponent.processMouseEvent(JComponent.java:3398)
	at java.desktop/java.awt.Component.processEvent(Component.java:6386)
	at java.desktop/java.awt.Container.processEvent(Container.java:2266)
	at java.desktop/java.awt.Component.dispatchEventImpl(Component.java:4996)
	at java.desktop/java.awt.Container.dispatchEventImpl(Container.java:2324)
	at java.desktop/java.awt.Component.dispatchEvent(Component.java:4828)
	at java.desktop/java.awt.LightweightDispatcher.retargetMouseEvent(Container.java:4948)
	at java.desktop/java.awt.LightweightDispatcher.processMouseEvent(Container.java:4575)
	at java.desktop/java.awt.LightweightDispatcher.dispatchEvent(Container.java:4516)
	at java.desktop/java.awt.Container.dispatchEventImpl(Container.java:2310)
	at java.desktop/java.awt.Window.dispatchEventImpl(Window.java:2780)
	at java.desktop/java.awt.Component.dispatchEvent(Component.java:4828)
	at java.desktop/java.awt.EventQueue.dispatchEventImpl(EventQueue.java:775)
	at java.desktop/java.awt.EventQueue$4.run(EventQueue.java:720)
	at java.desktop/java.awt.EventQueue$4.run(EventQueue.java:714)
	at java.base/java.security.AccessController.doPrivileged(AccessController.java:400)
	at java.base/java.security.ProtectionDomain$JavaSecurityAccessImpl.doIntersectionPrivilege(ProtectionDomain.java:87)
	at java.base/java.security.ProtectionDomain$JavaSecurityAccessImpl.doIntersectionPrivilege(ProtectionDomain.java:98)
	at java.desktop/java.awt.EventQueue$5.run(EventQueue.java:747)
	at java.desktop/java.awt.EventQueue$5.run(EventQueue.java:745)
	at java.base/java.security.AccessController.doPrivileged(AccessController.java:400)
	at java.base/java.security.ProtectionDomain$JavaSecurityAccessImpl.doIntersectionPrivilege(ProtectionDomain.java:87)
	at java.desktop/java.awt.EventQueue.dispatchEvent(EventQueue.java:744)
	at java.desktop/java.awt.EventDispatchThread.pumpOneEventForFilters(EventDispatchThread.java:203)
	at java.desktop/java.awt.EventDispatchThread.pumpEventsForFilter(EventDispatchThread.java:124)
	at java.desktop/java.awt.EventDispatchThread.pumpEventsForFilter(EventDispatchThread.java:117)
	at java.desktop/java.awt.WaitDispatchSupport$2.run(WaitDispatchSupport.java:191)
	at java.desktop/java.awt.WaitDispatchSupport$4.run(WaitDispatchSupport.java:236)
	at java.desktop/java.awt.WaitDispatchSupport$4.run(WaitDispatchSupport.java:234)
	at java.base/java.security.AccessController.doPrivileged(AccessController.java:319)
	at java.desktop/java.awt.WaitDispatchSupport.enter(WaitDispatchSupport.java:234)
	at java.desktop/java.awt.Dialog.show(Dialog.java:1079)
	at java.desktop/java.awt.Component.show(Component.java:1728)
	at java.desktop/java.awt.Component.setVisible(Component.java:1675)
	at java.desktop/java.awt.Window.setVisible(Window.java:1036)
	at java.desktop/java.awt.Dialog.setVisible(Dialog.java:1015)
	at com.attendance.system.client.SystemConfigurationPanel.scheduleMaintenanceMode(SystemConfigurationPanel.java:879)
	at com.attendance.system.client.SystemConfigurationPanel.lambda$9(SystemConfigurationPanel.java:534)
	at java.desktop/javax.swing.AbstractButton.fireActionPerformed(AbstractButton.java:1972)
	at java.desktop/javax.swing.AbstractButton$Handler.actionPerformed(AbstractButton.java:2314)
	at java.desktop/javax.swing.DefaultButtonModel.fireActionPerformed(DefaultButtonModel.java:407)
	at java.desktop/javax.swing.DefaultButtonModel.setPressed(DefaultButtonModel.java:262)
	at java.desktop/javax.swing.plaf.basic.BasicButtonListener.mouseReleased(BasicButtonListener.java:279)
	at java.desktop/java.awt.Component.processMouseEvent(Component.java:6621)
	at java.desktop/javax.swing.JComponent.processMouseEvent(JComponent.java:3398)
	at java.desktop/java.awt.Component.processEvent(Component.java:6386)
	at java.desktop/java.awt.Container.processEvent(Container.java:2266)
	at java.desktop/java.awt.Component.dispatchEventImpl(Component.java:4996)
	at java.desktop/java.awt.Container.dispatchEventImpl(Container.java:2324)
	at java.desktop/java.awt.Component.dispatchEvent(Component.java:4828)
	at java.desktop/java.awt.LightweightDispatcher.retargetMouseEvent(Container.java:4948)
	at java.desktop/java.awt.LightweightDispatcher.processMouseEvent(Container.java:4575)
	at java.desktop/java.awt.LightweightDispatcher.dispatchEvent(Container.java:4516)
	at java.desktop/java.awt.Container.dispatchEventImpl(Container.java:2310)
	at java.desktop/java.awt.Window.dispatchEventImpl(Window.java:2780)
	at java.desktop/java.awt.Component.dispatchEvent(Component.java:4828)
	at java.desktop/java.awt.EventQueue.dispatchEventImpl(EventQueue.java:775)
	at java.desktop/java.awt.EventQueue$4.run(EventQueue.java:720)
	at java.desktop/java.awt.EventQueue$4.run(EventQueue.java:714)
	at java.base/java.security.AccessController.doPrivileged(AccessController.java:400)
	at java.base/java.security.ProtectionDomain$JavaSecurityAccessImpl.doIntersectionPrivilege(ProtectionDomain.java:87)
	at java.base/java.security.ProtectionDomain$JavaSecurityAccessImpl.doIntersectionPrivilege(ProtectionDomain.java:98)
	at java.desktop/java.awt.EventQueue$5.run(EventQueue.java:747)
	at java.desktop/java.awt.EventQueue$5.run(EventQueue.java:745)
	at java.base/java.security.AccessController.doPrivileged(AccessController.java:400)
	at java.base/java.security.ProtectionDomain$JavaSecurityAccessImpl.doIntersectionPrivilege(ProtectionDomain.java:87)
	at java.desktop/java.awt.EventQueue.dispatchEvent(EventQueue.java:744)
	at java.desktop/java.awt.EventDispatchThread.pumpOneEventForFilters(EventDispatchThread.java:203)
	at java.desktop/java.awt.EventDispatchThread.pumpEventsForFilter(EventDispatchThread.java:124)
	at java.desktop/java.awt.EventDispatchThread.pumpEventsForHierarchy(EventDispatchThread.java:113)
	at java.desktop/java.awt.EventDispatchThread.pumpEvents(EventDispatchThread.java:109)
	at java.desktop/java.awt.EventDispatchThread.pumpEvents(EventDispatchThread.java:101)
	at java.desktop/java.awt.EventDispatchThread.run(EventDispatchThread.java:90)
Caused by: java.rmi.RemoteException: Service error in scheduleMaintenanceMode: Invalid start time format: 2016-1-2 2:5
	at com.attendance.system.server.AttendanceServer.executeWithErrorHandling(AttendanceServer.java:1288)
	at com.attendance.system.server.AttendanceServer.scheduleMaintenanceMode(AttendanceServer.java:1035)
	at java.base/jdk.internal.reflect.DirectMethodHandleAccessor.invoke(DirectMethodHandleAccessor.java:103)
	at java.base/java.lang.reflect.Method.invoke(Method.java:580)
	at java.rmi/sun.rmi.server.UnicastServerRef.dispatch(UnicastServerRef.java:360)
	at java.rmi/sun.rmi.transport.Transport$1.run(Transport.java:200)
	at java.rmi/sun.rmi.transport.Transport$1.run(Transport.java:197)
	at java.base/java.security.AccessController.doPrivileged(AccessController.java:714)
	at java.rmi/sun.rmi.transport.Transport.serviceCall(Transport.java:196)
	at java.rmi/sun.rmi.transport.tcp.TCPTransport.handleMessages(TCPTransport.java:598)
	at java.rmi/sun.rmi.transport.tcp.TCPTransport$ConnectionHandler.run0(TCPTransport.java:844)
	at java.rmi/sun.rmi.transport.tcp.TCPTransport$ConnectionHandler.lambda$run$0(TCPTransport.java:721)
	at java.base/java.security.AccessController.doPrivileged(AccessController.java:400)
	at java.rmi/sun.rmi.transport.tcp.TCPTransport$ConnectionHandler.run(TCPTransport.java:720)
	at java.base/java.util.concurrent.ThreadPoolExecutor.runWorker(ThreadPoolExecutor.java:1144)
	at java.base/java.util.concurrent.ThreadPoolExecutor$Worker.run(ThreadPoolExecutor.java:642)
	at java.base/java.lang.Thread.run(Thread.java:1583)
2026-05-09 15:34:56.122 [pool-1-thread-1] DEBUG c.a.system.server.ServerLauncher - Server stats - Active connections: 1, Total requests: 18
2026-05-09 15:35:03.298 [RMI TCP Connection(11)-127.0.0.1] DEBUG c.a.system.server.AttendanceServer - Executing method: cancelScheduledMaintenance
2026-05-09 15:35:03.302 [RMI TCP Connection(11)-127.0.0.1] INFO  c.a.system.server.AttendanceServer - Scheduled maintenance cancelled by admin: admin
2026-05-09 15:35:03.303 [RMI TCP Connection(11)-127.0.0.1] DEBUG c.a.system.server.AttendanceServer - Method cancelScheduledMaintenance completed in 5 ms
2026-05-09 15:35:04.736 [AWT-EventQueue-0] INFO  c.a.s.c.SystemConfigurationPanel - Scheduled maintenance cancelled
2026-05-09 15:35:04.745 [RMI TCP Connection(11)-127.0.0.1] DEBUG c.a.system.server.AttendanceServer - Executing method: getMaintenanceModeInfo
2026-05-09 15:35:04.750 [RMI TCP Connection(11)-127.0.0.1] DEBUG c.a.system.server.AttendanceServer - Method getMaintenanceModeInfo completed in 5 ms
2026-05-09 15:35:08.857 [RMI TCP Connection(11)-127.0.0.1] DEBUG c.a.system.server.AttendanceServer - Executing method: cancelScheduledMaintenance
2026-05-09 15:35:08.860 [RMI TCP Connection(11)-127.0.0.1] INFO  c.a.system.server.AttendanceServer - Scheduled maintenance cancelled by admin: admin
2026-05-09 15:35:08.861 [RMI TCP Connection(11)-127.0.0.1] DEBUG c.a.system.server.AttendanceServer - Method cancelScheduledMaintenance completed in 4 ms
2026-05-09 15:35:10.808 [AWT-EventQueue-0] INFO  c.a.s.c.SystemConfigurationPanel - Scheduled maintenance cancelled
2026-05-09 15:35:10.817 [RMI TCP Connection(11)-127.0.0.1] DEBUG c.a.system.server.AttendanceServer - Executing method: getMaintenanceModeInfo
2026-05-09 15:35:10.822 [RMI TCP Connection(11)-127.0.0.1] DEBUG c.a.system.server.AttendanceServer - Method getMaintenanceModeInfo completed in 5 ms
2026-05-09 15:35:22.810 [AWT-EventQueue-0] INFO  c.a.s.c.SystemConfigurationPanel - Database backup performed
2026-05-09 15:35:56.123 [pool-1-thread-1] DEBUG c.a.system.server.ServerLauncher - Server stats - Active connections: 1, Total requests: 22
2026-05-09 15:36:08.660 [AWT-EventQueue-0] INFO  c.a.s.c.SystemConfigurationPanel - Database optimization performed
2026-05-09 15:36:36.240 [RMI TCP Connection(13)-127.0.0.1] DEBUG c.a.system.server.AttendanceServer - Executing method: getAllActiveCourses
2026-05-09 15:36:36.272 [RMI TCP Connection(13)-127.0.0.1] DEBUG c.a.system.server.AttendanceServer - Method getAllActiveCourses completed in 32 ms
2026-05-09 15:36:40.289 [RMI TCP Connection(13)-127.0.0.1] DEBUG c.a.system.server.AttendanceServer - Executing method: getAllActiveCourses
2026-05-09 15:36:40.300 [RMI TCP Connection(13)-127.0.0.1] DEBUG c.a.system.server.AttendanceServer - Method getAllActiveCourses completed in 11 ms
2026-05-09 15:36:40.390 [RMI TCP Connection(13)-127.0.0.1] DEBUG c.a.system.server.AttendanceServer - Executing method: getUserById
2026-05-09 15:36:40.397 [RMI TCP Connection(13)-127.0.0.1] DEBUG c.a.system.server.AttendanceServer - Method getUserById completed in 7 ms
2026-05-09 15:36:48.708 [RMI TCP Connection(13)-127.0.0.1] DEBUG c.a.system.server.AttendanceServer - Executing method: getAllActiveCourses
2026-05-09 15:36:48.731 [RMI TCP Connection(13)-127.0.0.1] DEBUG c.a.system.server.AttendanceServer - Method getAllActiveCourses completed in 23 ms
2026-05-09 15:36:54.609 [RMI TCP Connection(13)-127.0.0.1] DEBUG c.a.system.server.AttendanceServer - Executing method: getAllActiveCourses
2026-05-09 15:36:54.640 [RMI TCP Connection(13)-127.0.0.1] DEBUG c.a.system.server.AttendanceServer - Method getAllActiveCourses completed in 31 ms
2026-05-09 15:36:56.123 [pool-1-thread-1] DEBUG c.a.system.server.ServerLauncher - Server stats - Active connections: 1, Total requests: 27
2026-05-09 15:36:57.361 [RMI TCP Connection(13)-127.0.0.1] DEBUG c.a.system.server.AttendanceServer - Executing method: getAllActiveCourses
2026-05-09 15:36:57.387 [RMI TCP Connection(13)-127.0.0.1] DEBUG c.a.system.server.AttendanceServer - Method getAllActiveCourses completed in 26 ms
2026-05-09 15:37:01.468 [RMI TCP Connection(13)-127.0.0.1] DEBUG c.a.system.server.AttendanceServer - Executing method: getAllActiveCourses
2026-05-09 15:37:01.487 [RMI TCP Connection(13)-127.0.0.1] DEBUG c.a.system.server.AttendanceServer - Method getAllActiveCourses completed in 19 ms
2026-05-09 15:37:01.522 [RMI TCP Connection(13)-127.0.0.1] DEBUG c.a.system.server.AttendanceServer - Executing method: getUserById
2026-05-09 15:37:01.526 [RMI TCP Connection(13)-127.0.0.1] DEBUG c.a.system.server.AttendanceServer - Method getUserById completed in 4 ms
2026-05-09 15:37:04.369 [RMI TCP Connection(13)-127.0.0.1] DEBUG c.a.system.server.AttendanceServer - Executing method: getAllActiveCourses
2026-05-09 15:37:04.396 [RMI TCP Connection(13)-127.0.0.1] DEBUG c.a.system.server.AttendanceServer - Method getAllActiveCourses completed in 27 ms
2026-05-09 15:37:04.414 [RMI TCP Connection(13)-127.0.0.1] DEBUG c.a.system.server.AttendanceServer - Executing method: getUserById
2026-05-09 15:37:04.427 [RMI TCP Connection(13)-127.0.0.1] DEBUG c.a.system.server.AttendanceServer - Method getUserById completed in 13 ms
2026-05-09 15:37:05.847 [RMI TCP Connection(13)-127.0.0.1] DEBUG c.a.system.server.AttendanceServer - Executing method: getAllActiveCourses
2026-05-09 15:37:05.890 [RMI TCP Connection(13)-127.0.0.1] DEBUG c.a.system.server.AttendanceServer - Method getAllActiveCourses completed in 43 ms
2026-05-09 15:37:05.897 [RMI TCP Connection(13)-127.0.0.1] DEBUG c.a.system.server.AttendanceServer - Executing method: getUserById
2026-05-09 15:37:05.902 [RMI TCP Connection(13)-127.0.0.1] DEBUG c.a.system.server.AttendanceServer - Method getUserById completed in 5 ms
2026-05-09 15:37:09.266 [RMI TCP Connection(13)-127.0.0.1] DEBUG c.a.system.server.AttendanceServer - Executing method: getAllActiveCourses
2026-05-09 15:37:09.299 [RMI TCP Connection(13)-127.0.0.1] DEBUG c.a.system.server.AttendanceServer - Method getAllActiveCourses completed in 33 ms
2026-05-09 15:37:15.493 [RMI TCP Connection(13)-127.0.0.1] DEBUG c.a.system.server.AttendanceServer - Executing method: getAllEnrollments
2026-05-09 15:37:15.503 [RMI TCP Connection(13)-127.0.0.1] DEBUG c.a.system.server.AttendanceServer - Method getAllEnrollments completed in 10 ms
2026-05-09 15:37:19.554 [RMI TCP Connection(13)-127.0.0.1] DEBUG c.a.system.server.AttendanceServer - Executing method: getUsersByRole
2026-05-09 15:37:19.575 [RMI TCP Connection(13)-127.0.0.1] DEBUG c.a.system.server.AttendanceServer - Method getUsersByRole completed in 21 ms
2026-05-09 15:37:19.592 [RMI TCP Connection(13)-127.0.0.1] DEBUG c.a.system.server.AttendanceServer - Executing method: getAllActiveCourses
2026-05-09 15:37:19.605 [RMI TCP Connection(13)-127.0.0.1] DEBUG c.a.system.server.AttendanceServer - Method getAllActiveCourses completed in 13 ms
2026-05-09 15:37:24.769 [RMI TCP Connection(13)-127.0.0.1] DEBUG c.a.system.server.AttendanceServer - Executing method: enrollStudent
2026-05-09 15:37:24.813 [RMI TCP Connection(13)-127.0.0.1] WARN  c.a.system.server.AttendanceServer - Method enrollStudent failed: Student is already enrolled in this course
2026-05-09 15:37:56.122 [pool-1-thread-1] DEBUG c.a.system.server.ServerLauncher - Server stats - Active connections: 1, Total requests: 39
2026-05-09 15:38:15.389 [RMI TCP Connection(14)-127.0.0.1] DEBUG c.a.system.server.AttendanceServer - Executing method: enrollStudent
2026-05-09 15:38:15.409 [RMI TCP Connection(14)-127.0.0.1] WARN  c.a.system.server.AttendanceServer - Method enrollStudent failed: Student is already enrolled in this course
2026-05-09 15:38:56.122 [pool-1-thread-1] DEBUG c.a.system.server.ServerLauncher - Server stats - Active connections: 1, Total requests: 40
2026-05-09 15:39:02.003 [RMI TCP Connection(15)-127.0.0.1] DEBUG c.a.system.server.AttendanceServer - Executing method: getSystemStatistics
2026-05-09 15:39:02.017 [RMI TCP Connection(15)-127.0.0.1] DEBUG c.a.system.server.AttendanceServer - Method getSystemStatistics completed in 14 ms
2026-05-09 15:39:10.505 [RMI TCP Connection(15)-127.0.0.1] DEBUG c.a.system.server.AttendanceServer - Executing method: getSystemStatistics
2026-05-09 15:39:10.516 [RMI TCP Connection(15)-127.0.0.1] DEBUG c.a.system.server.AttendanceServer - Method getSystemStatistics completed in 11 ms
2026-05-09 15:39:27.146 [RMI TCP Connection(15)-127.0.0.1] DEBUG c.a.system.server.AttendanceServer - Executing method: getSystemStatistics
2026-05-09 15:39:27.155 [RMI TCP Connection(15)-127.0.0.1] DEBUG c.a.system.server.AttendanceServer - Method getSystemStatistics completed in 9 ms
2026-05-09 15:39:37.638 [RMI TCP Connection(15)-127.0.0.1] DEBUG c.a.system.server.AttendanceServer - Executing method: getSystemStatistics
2026-05-09 15:39:37.652 [RMI TCP Connection(15)-127.0.0.1] DEBUG c.a.system.server.AttendanceServer - Method getSystemStatistics completed in 14 ms
2026-05-09 15:39:43.166 [RMI TCP Connection(15)-127.0.0.1] DEBUG c.a.system.server.AttendanceServer - Executing method: getSystemStatistics
2026-05-09 15:39:43.175 [RMI TCP Connection(15)-127.0.0.1] DEBUG c.a.system.server.AttendanceServer - Method getSystemStatistics completed in 9 ms
2026-05-09 15:39:56.122 [pool-1-thread-1] DEBUG c.a.system.server.ServerLauncher - Server stats - Active connections: 1, Total requests: 45
2026-05-09 15:40:56.122 [pool-1-thread-1] DEBUG c.a.system.server.ServerLauncher - Server stats - Active connections: 1, Total requests: 45
2026-05-09 15:41:14.416 [RMI TCP Connection(17)-127.0.0.1] DEBUG c.a.system.server.AttendanceServer - Executing method: createUser
2026-05-09 15:41:14.440 [RMI TCP Connection(17)-127.0.0.1] DEBUG c.a.system.dao.DatabaseManager - Transaction rolled back due to error
2026-05-09 15:41:14.440 [RMI TCP Connection(17)-127.0.0.1] ERROR c.a.system.dao.DatabaseManager - Transaction failed
java.sql.SQLIntegrityConstraintViolationException: Column 'password_hash' cannot be null
	at com.mysql.cj.jdbc.exceptions.SQLError.createSQLException(SQLError.java:118)
	at com.mysql.cj.jdbc.exceptions.SQLExceptionsMapping.translateException(SQLExceptionsMapping.java:122)
	at com.mysql.cj.jdbc.ServerPreparedStatement.serverExecute(ServerPreparedStatement.java:555)
	at com.mysql.cj.jdbc.ServerPreparedStatement.executeInternal(ServerPreparedStatement.java:339)
	at com.mysql.cj.jdbc.ClientPreparedStatement.executeUpdateInternal(ClientPreparedStatement.java:1061)
	at com.mysql.cj.jdbc.ClientPreparedStatement.executeUpdateInternal(ClientPreparedStatement.java:1009)
	at com.mysql.cj.jdbc.ClientPreparedStatement.executeLargeUpdate(ClientPreparedStatement.java:1320)
	at com.mysql.cj.jdbc.ClientPreparedStatement.executeUpdate(ClientPreparedStatement.java:994)
	at com.zaxxer.hikari.pool.ProxyPreparedStatement.executeUpdate(ProxyPreparedStatement.java:61)
	at com.zaxxer.hikari.pool.HikariProxyPreparedStatement.executeUpdate(HikariProxyPreparedStatement.java)
	at com.attendance.system.dao.UserDAO.lambda$0(UserDAO.java:195)
	at com.attendance.system.dao.DatabaseManager.executeTransaction(DatabaseManager.java:236)
	at com.attendance.system.dao.UserDAO.createUser(UserDAO.java:178)
	at com.attendance.system.server.AttendanceServer.lambda$5(AttendanceServer.java:352)
	at com.attendance.system.server.AttendanceServer.executeWithErrorHandling(AttendanceServer.java:1275)
	at com.attendance.system.server.AttendanceServer.createUser(AttendanceServer.java:325)
	at java.base/jdk.internal.reflect.DirectMethodHandleAccessor.invoke(DirectMethodHandleAccessor.java:103)
	at java.base/java.lang.reflect.Method.invoke(Method.java:580)
	at java.rmi/sun.rmi.server.UnicastServerRef.dispatch(UnicastServerRef.java:360)
	at java.rmi/sun.rmi.transport.Transport$1.run(Transport.java:200)
	at java.rmi/sun.rmi.transport.Transport$1.run(Transport.java:197)
	at java.base/java.security.AccessController.doPrivileged(AccessController.java:714)
	at java.rmi/sun.rmi.transport.Transport.serviceCall(Transport.java:196)
	at java.rmi/sun.rmi.transport.tcp.TCPTransport.handleMessages(TCPTransport.java:598)
	at java.rmi/sun.rmi.transport.tcp.TCPTransport$ConnectionHandler.run0(TCPTransport.java:844)
	at java.rmi/sun.rmi.transport.tcp.TCPTransport$ConnectionHandler.lambda$run$0(TCPTransport.java:721)
	at java.base/java.security.AccessController.doPrivileged(AccessController.java:400)
	at java.rmi/sun.rmi.transport.tcp.TCPTransport$ConnectionHandler.run(TCPTransport.java:720)
	at java.base/java.util.concurrent.ThreadPoolExecutor.runWorker(ThreadPoolExecutor.java:1144)
	at java.base/java.util.concurrent.ThreadPoolExecutor$Worker.run(ThreadPoolExecutor.java:642)
	at java.base/java.lang.Thread.run(Thread.java:1583)
2026-05-09 15:41:14.443 [RMI TCP Connection(17)-127.0.0.1] WARN  c.a.system.server.AttendanceServer - Method createUser failed: Transaction could not be completed
2026-05-09 15:41:14.447 [AWT-EventQueue-0] ERROR c.a.system.client.UserEditDialog - Failed to save user
java.util.concurrent.CompletionException: java.lang.RuntimeException: java.rmi.ServerException: RemoteException occurred in server thread; nested exception is: 
	java.rmi.RemoteException: Service error in createUser: Transaction could not be completed
	at java.base/java.util.concurrent.CompletableFuture.encodeThrowable(CompletableFuture.java:315)
	at java.base/java.util.concurrent.CompletableFuture.completeThrowable(CompletableFuture.java:320)
	at java.base/java.util.concurrent.CompletableFuture$AsyncSupply.run(CompletableFuture.java:1770)
	at java.base/java.util.concurrent.CompletableFuture$AsyncSupply.exec(CompletableFuture.java:1760)
	at java.base/java.util.concurrent.ForkJoinTask.doExec(ForkJoinTask.java:387)
	at java.base/java.util.concurrent.ForkJoinPool$WorkQueue.topLevelExec(ForkJoinPool.java:1312)
	at java.base/java.util.concurrent.ForkJoinPool.scan(ForkJoinPool.java:1843)
	at java.base/java.util.concurrent.ForkJoinPool.runWorker(ForkJoinPool.java:1808)
	at java.base/java.util.concurrent.ForkJoinWorkerThread.run(ForkJoinWorkerThread.java:188)
Caused by: java.lang.RuntimeException: java.rmi.ServerException: RemoteException occurred in server thread; nested exception is: 
	java.rmi.RemoteException: Service error in createUser: Transaction could not be completed
	at com.attendance.system.client.UserEditDialog.lambda$2(UserEditDialog.java:475)
	at java.base/java.util.concurrent.CompletableFuture$AsyncSupply.run(CompletableFuture.java:1768)
	... 6 common frames omitted
Caused by: java.rmi.ServerException: RemoteException occurred in server thread; nested exception is: 
	java.rmi.RemoteException: Service error in createUser: Transaction could not be completed
	at java.rmi/sun.rmi.server.UnicastServerRef.dispatch(UnicastServerRef.java:392)
	at java.rmi/sun.rmi.transport.Transport$1.run(Transport.java:200)
	at java.rmi/sun.rmi.transport.Transport$1.run(Transport.java:197)
	at java.base/java.security.AccessController.doPrivileged(AccessController.java:714)
	at java.rmi/sun.rmi.transport.Transport.serviceCall(Transport.java:196)
	at java.rmi/sun.rmi.transport.tcp.TCPTransport.handleMessages(TCPTransport.java:598)
	at java.rmi/sun.rmi.transport.tcp.TCPTransport$ConnectionHandler.run0(TCPTransport.java:844)
	at java.rmi/sun.rmi.transport.tcp.TCPTransport$ConnectionHandler.lambda$run$0(TCPTransport.java:721)
	at java.base/java.security.AccessController.doPrivileged(AccessController.java:400)
	at java.rmi/sun.rmi.transport.tcp.TCPTransport$ConnectionHandler.run(TCPTransport.java:720)
	at java.base/java.util.concurrent.ThreadPoolExecutor.runWorker(ThreadPoolExecutor.java:1144)
	at java.base/java.util.concurrent.ThreadPoolExecutor$Worker.run(ThreadPoolExecutor.java:642)
	at java.base/java.lang.Thread.run(Thread.java:1583)
	at java.rmi/sun.rmi.transport.StreamRemoteCall.exceptionReceivedFromServer(StreamRemoteCall.java:304)
	at java.rmi/sun.rmi.transport.StreamRemoteCall.executeCall(StreamRemoteCall.java:280)
	at java.rmi/sun.rmi.server.UnicastRef.invoke(UnicastRef.java:166)
	at java.rmi/java.rmi.server.RemoteObjectInvocationHandler.invokeRemoteMethod(RemoteObjectInvocationHandler.java:215)
	at java.rmi/java.rmi.server.RemoteObjectInvocationHandler.invoke(RemoteObjectInvocationHandler.java:160)
	at jdk.proxy3/jdk.proxy3.$Proxy25.createUser(Unknown Source)
	at com.attendance.system.client.UserEditDialog.lambda$2(UserEditDialog.java:461)
	... 7 common frames omitted
Caused by: java.rmi.RemoteException: Service error in createUser: Transaction could not be completed
	at com.attendance.system.server.AttendanceServer.executeWithErrorHandling(AttendanceServer.java:1288)
	at com.attendance.system.server.AttendanceServer.createUser(AttendanceServer.java:325)
	at java.base/jdk.internal.reflect.DirectMethodHandleAccessor.invoke(DirectMethodHandleAccessor.java:103)
	at java.base/java.lang.reflect.Method.invoke(Method.java:580)
	at java.rmi/sun.rmi.server.UnicastServerRef.dispatch(UnicastServerRef.java:360)
	at java.rmi/sun.rmi.transport.Transport$1.run(Transport.java:200)
	at java.rmi/sun.rmi.transport.Transport$1.run(Transport.java:197)
	at java.base/java.security.AccessController.doPrivileged(AccessController.java:714)
	at java.rmi/sun.rmi.transport.Transport.serviceCall(Transport.java:196)
	at java.rmi/sun.rmi.transport.tcp.TCPTransport.handleMessages(TCPTransport.java:598)
	at java.rmi/sun.rmi.transport.tcp.TCPTransport$ConnectionHandler.run0(TCPTransport.java:844)
	at java.rmi/sun.rmi.transport.tcp.TCPTransport$ConnectionHandler.lambda$run$0(TCPTransport.java:721)
	at java.base/java.security.AccessController.doPrivileged(AccessController.java:400)
	at java.rmi/sun.rmi.transport.tcp.TCPTransport$ConnectionHandler.run(TCPTransport.java:720)
	at java.base/java.util.concurrent.ThreadPoolExecutor.runWorker(ThreadPoolExecutor.java:1144)
	at java.base/java.util.concurrent.ThreadPoolExecutor$Worker.run(ThreadPoolExecutor.java:642)
	at java.base/java.lang.Thread.run(Thread.java:1583)
2026-05-09 15:41:24.563 [RMI TCP Connection(18)-127.0.0.1] DEBUG c.a.system.server.AttendanceServer - Executing method: createUser
2026-05-09 15:41:24.592 [RMI TCP Connection(18)-127.0.0.1] DEBUG c.a.system.dao.DatabaseManager - Transaction rolled back due to error
2026-05-09 15:41:24.596 [RMI TCP Connection(18)-127.0.0.1] ERROR c.a.system.dao.DatabaseManager - Transaction failed
java.sql.SQLIntegrityConstraintViolationException: Column 'password_hash' cannot be null
	at com.mysql.cj.jdbc.exceptions.SQLError.createSQLException(SQLError.java:118)
	at com.mysql.cj.jdbc.exceptions.SQLExceptionsMapping.translateException(SQLExceptionsMapping.java:122)
	at com.mysql.cj.jdbc.ServerPreparedStatement.serverExecute(ServerPreparedStatement.java:555)
	at com.mysql.cj.jdbc.ServerPreparedStatement.executeInternal(ServerPreparedStatement.java:339)
	at com.mysql.cj.jdbc.ClientPreparedStatement.executeUpdateInternal(ClientPreparedStatement.java:1061)
	at com.mysql.cj.jdbc.ClientPreparedStatement.executeUpdateInternal(ClientPreparedStatement.java:1009)
	at com.mysql.cj.jdbc.ClientPreparedStatement.executeLargeUpdate(ClientPreparedStatement.java:1320)
	at com.mysql.cj.jdbc.ClientPreparedStatement.executeUpdate(ClientPreparedStatement.java:994)
	at com.zaxxer.hikari.pool.ProxyPreparedStatement.executeUpdate(ProxyPreparedStatement.java:61)
	at com.zaxxer.hikari.pool.HikariProxyPreparedStatement.executeUpdate(HikariProxyPreparedStatement.java)
	at com.attendance.system.dao.UserDAO.lambda$0(UserDAO.java:195)
	at com.attendance.system.dao.DatabaseManager.executeTransaction(DatabaseManager.java:236)
	at com.attendance.system.dao.UserDAO.createUser(UserDAO.java:178)
	at com.attendance.system.server.AttendanceServer.lambda$5(AttendanceServer.java:352)
	at com.attendance.system.server.AttendanceServer.executeWithErrorHandling(AttendanceServer.java:1275)
	at com.attendance.system.server.AttendanceServer.createUser(AttendanceServer.java:325)
	at java.base/jdk.internal.reflect.DirectMethodHandleAccessor.invoke(DirectMethodHandleAccessor.java:103)
	at java.base/java.lang.reflect.Method.invoke(Method.java:580)
	at java.rmi/sun.rmi.server.UnicastServerRef.dispatch(UnicastServerRef.java:360)
	at java.rmi/sun.rmi.transport.Transport$1.run(Transport.java:200)
	at java.rmi/sun.rmi.transport.Transport$1.run(Transport.java:197)
	at java.base/java.security.AccessController.doPrivileged(AccessController.java:714)
	at java.rmi/sun.rmi.transport.Transport.serviceCall(Transport.java:196)
	at java.rmi/sun.rmi.transport.tcp.TCPTransport.handleMessages(TCPTransport.java:598)
	at java.rmi/sun.rmi.transport.tcp.TCPTransport$ConnectionHandler.run0(TCPTransport.java:844)
	at java.rmi/sun.rmi.transport.tcp.TCPTransport$ConnectionHandler.lambda$run$0(TCPTransport.java:721)
	at java.base/java.security.AccessController.doPrivileged(AccessController.java:400)
	at java.rmi/sun.rmi.transport.tcp.TCPTransport$ConnectionHandler.run(TCPTransport.java:720)
	at java.base/java.util.concurrent.ThreadPoolExecutor.runWorker(ThreadPoolExecutor.java:1144)
	at java.base/java.util.concurrent.ThreadPoolExecutor$Worker.run(ThreadPoolExecutor.java:642)
	at java.base/java.lang.Thread.run(Thread.java:1583)
2026-05-09 15:41:24.613 [RMI TCP Connection(18)-127.0.0.1] WARN  c.a.system.server.AttendanceServer - Method createUser failed: Transaction could not be completed
2026-05-09 15:41:24.644 [AWT-EventQueue-0] ERROR c.a.system.client.UserEditDialog - Failed to save user
java.util.concurrent.CompletionException: java.lang.RuntimeException: java.rmi.ServerException: RemoteException occurred in server thread; nested exception is: 
	java.rmi.RemoteException: Service error in createUser: Transaction could not be completed
	at java.base/java.util.concurrent.CompletableFuture.encodeThrowable(CompletableFuture.java:315)
	at java.base/java.util.concurrent.CompletableFuture.completeThrowable(CompletableFuture.java:320)
	at java.base/java.util.concurrent.CompletableFuture$AsyncSupply.run(CompletableFuture.java:1770)
	at java.base/java.util.concurrent.CompletableFuture$AsyncSupply.exec(CompletableFuture.java:1760)
	at java.base/java.util.concurrent.ForkJoinTask.doExec(ForkJoinTask.java:387)
	at java.base/java.util.concurrent.ForkJoinPool$WorkQueue.topLevelExec(ForkJoinPool.java:1312)
	at java.base/java.util.concurrent.ForkJoinPool.scan(ForkJoinPool.java:1843)
	at java.base/java.util.concurrent.ForkJoinPool.runWorker(ForkJoinPool.java:1808)
	at java.base/java.util.concurrent.ForkJoinWorkerThread.run(ForkJoinWorkerThread.java:188)
Caused by: java.lang.RuntimeException: java.rmi.ServerException: RemoteException occurred in server thread; nested exception is: 
	java.rmi.RemoteException: Service error in createUser: Transaction could not be completed
	at com.attendance.system.client.UserEditDialog.lambda$2(UserEditDialog.java:475)
	at java.base/java.util.concurrent.CompletableFuture$AsyncSupply.run(CompletableFuture.java:1768)
	... 6 common frames omitted
Caused by: java.rmi.ServerException: RemoteException occurred in server thread; nested exception is: 
	java.rmi.RemoteException: Service error in createUser: Transaction could not be completed
	at java.rmi/sun.rmi.server.UnicastServerRef.dispatch(UnicastServerRef.java:392)
	at java.rmi/sun.rmi.transport.Transport$1.run(Transport.java:200)
	at java.rmi/sun.rmi.transport.Transport$1.run(Transport.java:197)
	at java.base/java.security.AccessController.doPrivileged(AccessController.java:714)
	at java.rmi/sun.rmi.transport.Transport.serviceCall(Transport.java:196)
	at java.rmi/sun.rmi.transport.tcp.TCPTransport.handleMessages(TCPTransport.java:598)
	at java.rmi/sun.rmi.transport.tcp.TCPTransport$ConnectionHandler.run0(TCPTransport.java:844)
	at java.rmi/sun.rmi.transport.tcp.TCPTransport$ConnectionHandler.lambda$run$0(TCPTransport.java:721)
	at java.base/java.security.AccessController.doPrivileged(AccessController.java:400)
	at java.rmi/sun.rmi.transport.tcp.TCPTransport$ConnectionHandler.run(TCPTransport.java:720)
	at java.base/java.util.concurrent.ThreadPoolExecutor.runWorker(ThreadPoolExecutor.java:1144)
	at java.base/java.util.concurrent.ThreadPoolExecutor$Worker.run(ThreadPoolExecutor.java:642)
	at java.base/java.lang.Thread.run(Thread.java:1583)
	at java.rmi/sun.rmi.transport.StreamRemoteCall.exceptionReceivedFromServer(StreamRemoteCall.java:304)
	at java.rmi/sun.rmi.transport.StreamRemoteCall.executeCall(StreamRemoteCall.java:280)
	at java.rmi/sun.rmi.server.UnicastRef.invoke(UnicastRef.java:166)
	at java.rmi/java.rmi.server.RemoteObjectInvocationHandler.invokeRemoteMethod(RemoteObjectInvocationHandler.java:215)
	at java.rmi/java.rmi.server.RemoteObjectInvocationHandler.invoke(RemoteObjectInvocationHandler.java:160)
	at jdk.proxy3/jdk.proxy3.$Proxy25.createUser(Unknown Source)
	at com.attendance.system.client.UserEditDialog.lambda$2(UserEditDialog.java:461)
	... 7 common frames omitted
Caused by: java.rmi.RemoteException: Service error in createUser: Transaction could not be completed
	at com.attendance.system.server.AttendanceServer.executeWithErrorHandling(AttendanceServer.java:1288)
	at com.attendance.system.server.AttendanceServer.createUser(AttendanceServer.java:325)
	at java.base/jdk.internal.reflect.DirectMethodHandleAccessor.invoke(DirectMethodHandleAccessor.java:103)
	at java.base/java.lang.reflect.Method.invoke(Method.java:580)
	at java.rmi/sun.rmi.server.UnicastServerRef.dispatch(UnicastServerRef.java:360)
	at java.rmi/sun.rmi.transport.Transport$1.run(Transport.java:200)
	at java.rmi/sun.rmi.transport.Transport$1.run(Transport.java:197)
	at java.base/java.security.AccessController.doPrivileged(AccessController.java:714)
	at java.rmi/sun.rmi.transport.Transport.serviceCall(Transport.java:196)
	at java.rmi/sun.rmi.transport.tcp.TCPTransport.handleMessages(TCPTransport.java:598)
	at java.rmi/sun.rmi.transport.tcp.TCPTransport$ConnectionHandler.run0(TCPTransport.java:844)
	at java.rmi/sun.rmi.transport.tcp.TCPTransport$ConnectionHandler.lambda$run$0(TCPTransport.java:721)
	at java.base/java.security.AccessController.doPrivileged(AccessController.java:400)
	at java.rmi/sun.rmi.transport.tcp.TCPTransport$ConnectionHandler.run(TCPTransport.java:720)
	at java.base/java.util.concurrent.ThreadPoolExecutor.runWorker(ThreadPoolExecutor.java:1144)
	at java.base/java.util.concurrent.ThreadPoolExecutor$Worker.run(ThreadPoolExecutor.java:642)
	at java.base/java.lang.Thread.run(Thread.java:1583)
2026-05-09 15:41:56.122 [pool-1-thread-1] DEBUG c.a.system.server.ServerLauncher - Server stats - Active connections: 1, Total requests: 47
2026-05-09 15:42:19.959 [RMI TCP Connection(19)-127.0.0.1] DEBUG c.a.system.server.AttendanceServer - Executing method: createUser
2026-05-09 15:42:19.985 [RMI TCP Connection(19)-127.0.0.1] DEBUG c.a.system.dao.DatabaseManager - Transaction rolled back due to error
2026-05-09 15:42:19.985 [RMI TCP Connection(19)-127.0.0.1] ERROR c.a.system.dao.DatabaseManager - Transaction failed
java.sql.SQLIntegrityConstraintViolationException: Column 'password_hash' cannot be null
	at com.mysql.cj.jdbc.exceptions.SQLError.createSQLException(SQLError.java:118)
	at com.mysql.cj.jdbc.exceptions.SQLExceptionsMapping.translateException(SQLExceptionsMapping.java:122)
	at com.mysql.cj.jdbc.ServerPreparedStatement.serverExecute(ServerPreparedStatement.java:555)
	at com.mysql.cj.jdbc.ServerPreparedStatement.executeInternal(ServerPreparedStatement.java:339)
	at com.mysql.cj.jdbc.ClientPreparedStatement.executeUpdateInternal(ClientPreparedStatement.java:1061)
	at com.mysql.cj.jdbc.ClientPreparedStatement.executeUpdateInternal(ClientPreparedStatement.java:1009)
	at com.mysql.cj.jdbc.ClientPreparedStatement.executeLargeUpdate(ClientPreparedStatement.java:1320)
	at com.mysql.cj.jdbc.ClientPreparedStatement.executeUpdate(ClientPreparedStatement.java:994)
	at com.zaxxer.hikari.pool.ProxyPreparedStatement.executeUpdate(ProxyPreparedStatement.java:61)
	at com.zaxxer.hikari.pool.HikariProxyPreparedStatement.executeUpdate(HikariProxyPreparedStatement.java)
	at com.attendance.system.dao.UserDAO.lambda$0(UserDAO.java:195)
	at com.attendance.system.dao.DatabaseManager.executeTransaction(DatabaseManager.java:236)
	at com.attendance.system.dao.UserDAO.createUser(UserDAO.java:178)
	at com.attendance.system.server.AttendanceServer.lambda$5(AttendanceServer.java:352)
	at com.attendance.system.server.AttendanceServer.executeWithErrorHandling(AttendanceServer.java:1275)
	at com.attendance.system.server.AttendanceServer.createUser(AttendanceServer.java:325)
	at java.base/jdk.internal.reflect.DirectMethodHandleAccessor.invoke(DirectMethodHandleAccessor.java:103)
	at java.base/java.lang.reflect.Method.invoke(Method.java:580)
	at java.rmi/sun.rmi.server.UnicastServerRef.dispatch(UnicastServerRef.java:360)
	at java.rmi/sun.rmi.transport.Transport$1.run(Transport.java:200)
	at java.rmi/sun.rmi.transport.Transport$1.run(Transport.java:197)
	at java.base/java.security.AccessController.doPrivileged(AccessController.java:714)
	at java.rmi/sun.rmi.transport.Transport.serviceCall(Transport.java:196)
	at java.rmi/sun.rmi.transport.tcp.TCPTransport.handleMessages(TCPTransport.java:598)
	at java.rmi/sun.rmi.transport.tcp.TCPTransport$ConnectionHandler.run0(TCPTransport.java:844)
	at java.rmi/sun.rmi.transport.tcp.TCPTransport$ConnectionHandler.lambda$run$0(TCPTransport.java:721)
	at java.base/java.security.AccessController.doPrivileged(AccessController.java:400)
	at java.rmi/sun.rmi.transport.tcp.TCPTransport$ConnectionHandler.run(TCPTransport.java:720)
	at java.base/java.util.concurrent.ThreadPoolExecutor.runWorker(ThreadPoolExecutor.java:1144)
	at java.base/java.util.concurrent.ThreadPoolExecutor$Worker.run(ThreadPoolExecutor.java:642)
	at java.base/java.lang.Thread.run(Thread.java:1583)
2026-05-09 15:42:19.990 [RMI TCP Connection(19)-127.0.0.1] WARN  c.a.system.server.AttendanceServer - Method createUser failed: Transaction could not be completed
2026-05-09 15:42:19.999 [AWT-EventQueue-0] ERROR c.a.system.client.UserEditDialog - Failed to save user
java.util.concurrent.CompletionException: java.lang.RuntimeException: java.rmi.ServerException: RemoteException occurred in server thread; nested exception is: 
	java.rmi.RemoteException: Service error in createUser: Transaction could not be completed
	at java.base/java.util.concurrent.CompletableFuture.encodeThrowable(CompletableFuture.java:315)
	at java.base/java.util.concurrent.CompletableFuture.completeThrowable(CompletableFuture.java:320)
	at java.base/java.util.concurrent.CompletableFuture$AsyncSupply.run(CompletableFuture.java:1770)
	at java.base/java.util.concurrent.CompletableFuture$AsyncSupply.exec(CompletableFuture.java:1760)
	at java.base/java.util.concurrent.ForkJoinTask.doExec(ForkJoinTask.java:387)
	at java.base/java.util.concurrent.ForkJoinPool$WorkQueue.topLevelExec(ForkJoinPool.java:1312)
	at java.base/java.util.concurrent.ForkJoinPool.scan(ForkJoinPool.java:1843)
	at java.base/java.util.concurrent.ForkJoinPool.runWorker(ForkJoinPool.java:1808)
	at java.base/java.util.concurrent.ForkJoinWorkerThread.run(ForkJoinWorkerThread.java:188)
Caused by: java.lang.RuntimeException: java.rmi.ServerException: RemoteException occurred in server thread; nested exception is: 
	java.rmi.RemoteException: Service error in createUser: Transaction could not be completed
	at com.attendance.system.client.UserEditDialog.lambda$2(UserEditDialog.java:475)
	at java.base/java.util.concurrent.CompletableFuture$AsyncSupply.run(CompletableFuture.java:1768)
	... 6 common frames omitted
Caused by: java.rmi.ServerException: RemoteException occurred in server thread; nested exception is: 
	java.rmi.RemoteException: Service error in createUser: Transaction could not be completed
	at java.rmi/sun.rmi.server.UnicastServerRef.dispatch(UnicastServerRef.java:392)
	at java.rmi/sun.rmi.transport.Transport$1.run(Transport.java:200)
	at java.rmi/sun.rmi.transport.Transport$1.run(Transport.java:197)
	at java.base/java.security.AccessController.doPrivileged(AccessController.java:714)
	at java.rmi/sun.rmi.transport.Transport.serviceCall(Transport.java:196)
	at java.rmi/sun.rmi.transport.tcp.TCPTransport.handleMessages(TCPTransport.java:598)
	at java.rmi/sun.rmi.transport.tcp.TCPTransport$ConnectionHandler.run0(TCPTransport.java:844)
	at java.rmi/sun.rmi.transport.tcp.TCPTransport$ConnectionHandler.lambda$run$0(TCPTransport.java:721)
	at java.base/java.security.AccessController.doPrivileged(AccessController.java:400)
	at java.rmi/sun.rmi.transport.tcp.TCPTransport$ConnectionHandler.run(TCPTransport.java:720)
	at java.base/java.util.concurrent.ThreadPoolExecutor.runWorker(ThreadPoolExecutor.java:1144)
	at java.base/java.util.concurrent.ThreadPoolExecutor$Worker.run(ThreadPoolExecutor.java:642)
	at java.base/java.lang.Thread.run(Thread.java:1583)
	at java.rmi/sun.rmi.transport.StreamRemoteCall.exceptionReceivedFromServer(StreamRemoteCall.java:304)
	at java.rmi/sun.rmi.transport.StreamRemoteCall.executeCall(StreamRemoteCall.java:280)
	at java.rmi/sun.rmi.server.UnicastRef.invoke(UnicastRef.java:166)
	at java.rmi/java.rmi.server.RemoteObjectInvocationHandler.invokeRemoteMethod(RemoteObjectInvocationHandler.java:215)
	at java.rmi/java.rmi.server.RemoteObjectInvocationHandler.invoke(RemoteObjectInvocationHandler.java:160)
	at jdk.proxy3/jdk.proxy3.$Proxy25.createUser(Unknown Source)
	at com.attendance.system.client.UserEditDialog.lambda$2(UserEditDialog.java:461)
	... 7 common frames omitted
Caused by: java.rmi.RemoteException: Service error in createUser: Transaction could not be completed
	at com.attendance.system.server.AttendanceServer.executeWithErrorHandling(AttendanceServer.java:1288)
	at com.attendance.system.server.AttendanceServer.createUser(AttendanceServer.java:325)
	at java.base/jdk.internal.reflect.DirectMethodHandleAccessor.invoke(DirectMethodHandleAccessor.java:103)
	at java.base/java.lang.reflect.Method.invoke(Method.java:580)
	at java.rmi/sun.rmi.server.UnicastServerRef.dispatch(UnicastServerRef.java:360)
	at java.rmi/sun.rmi.transport.Transport$1.run(Transport.java:200)
	at java.rmi/sun.rmi.transport.Transport$1.run(Transport.java:197)
	at java.base/java.security.AccessController.doPrivileged(AccessController.java:714)
	at java.rmi/sun.rmi.transport.Transport.serviceCall(Transport.java:196)
	at java.rmi/sun.rmi.transport.tcp.TCPTransport.handleMessages(TCPTransport.java:598)
	at java.rmi/sun.rmi.transport.tcp.TCPTransport$ConnectionHandler.run0(TCPTransport.java:844)
	at java.rmi/sun.rmi.transport.tcp.TCPTransport$ConnectionHandler.lambda$run$0(TCPTransport.java:721)
	at java.base/java.security.AccessController.doPrivileged(AccessController.java:400)
	at java.rmi/sun.rmi.transport.tcp.TCPTransport$ConnectionHandler.run(TCPTransport.java:720)
	at java.base/java.util.concurrent.ThreadPoolExecutor.runWorker(ThreadPoolExecutor.java:1144)
	at java.base/java.util.concurrent.ThreadPoolExecutor$Worker.run(ThreadPoolExecutor.java:642)
	at java.base/java.lang.Thread.run(Thread.java:1583)
2026-05-09 15:42:41.480 [RMI TCP Connection(20)-127.0.0.1] DEBUG c.a.system.server.AttendanceServer - Executing method: deleteUser
2026-05-09 15:42:41.560 [RMI TCP Connection(20)-127.0.0.1] INFO  com.attendance.system.dao.UserDAO - User deleted successfully: ID = 13, Role = Teacher
2026-05-09 15:42:41.560 [RMI TCP Connection(20)-127.0.0.1] INFO  c.a.system.server.AttendanceServer - User deleted by admin admin: userId=13
2026-05-09 15:42:41.560 [RMI TCP Connection(20)-127.0.0.1] DEBUG c.a.system.server.AttendanceServer - Method deleteUser completed in 80 ms
2026-05-09 15:42:43.102 [RMI TCP Connection(20)-127.0.0.1] DEBUG c.a.system.server.AttendanceServer - Executing method: getAllUsers
2026-05-09 15:42:43.146 [RMI TCP Connection(20)-127.0.0.1] DEBUG c.a.system.server.AttendanceServer - Method getAllUsers completed in 44 ms
2026-05-09 15:42:50.177 [RMI TCP Connection(20)-127.0.0.1] DEBUG c.a.system.server.AttendanceServer - Executing method: getAllEnrollments
2026-05-09 15:42:50.177 [RMI TCP Connection(20)-127.0.0.1] DEBUG c.a.system.server.AttendanceServer - Method getAllEnrollments completed in 0 ms
2026-05-09 15:42:54.231 [RMI TCP Connection(20)-127.0.0.1] DEBUG c.a.system.server.AttendanceServer - Executing method: getAllEnrollments
2026-05-09 15:42:54.232 [RMI TCP Connection(20)-127.0.0.1] DEBUG c.a.system.server.AttendanceServer - Method getAllEnrollments completed in 1 ms
2026-05-09 15:42:56.122 [pool-1-thread-1] DEBUG c.a.system.server.ServerLauncher - Server stats - Active connections: 1, Total requests: 52
2026-05-09 15:43:02.748 [RMI TCP Connection(20)-127.0.0.1] DEBUG c.a.system.server.AttendanceServer - Executing method: getUsersByRole
2026-05-09 15:43:02.753 [RMI TCP Connection(20)-127.0.0.1] DEBUG c.a.system.server.AttendanceServer - Method getUsersByRole completed in 5 ms
2026-05-09 15:43:02.759 [RMI TCP Connection(20)-127.0.0.1] DEBUG c.a.system.server.AttendanceServer - Executing method: getAllActiveCourses
2026-05-09 15:43:02.762 [RMI TCP Connection(20)-127.0.0.1] DEBUG c.a.system.server.AttendanceServer - Method getAllActiveCourses completed in 3 ms
2026-05-09 15:43:24.206 [RMI TCP Connection(20)-127.0.0.1] DEBUG c.a.system.server.AttendanceServer - Executing method: enrollStudent
2026-05-09 15:43:24.296 [RMI TCP Connection(20)-127.0.0.1] ERROR com.attendance.system.dao.CourseDAO - Failed to enroll student: studentId=25, courseId=3
java.sql.SQLIntegrityConstraintViolationException: Cannot add or update a child row: a foreign key constraint fails (`Wolde`.`ENROLLMENTS`, CONSTRAINT `ENROLLMENTS_ibfk_1` FOREIGN KEY (`student_id`) REFERENCES `STUDENTS` (`student_id`) ON DELETE CASCADE)
	at com.mysql.cj.jdbc.exceptions.SQLError.createSQLException(SQLError.java:118)
	at com.mysql.cj.jdbc.exceptions.SQLExceptionsMapping.translateException(SQLExceptionsMapping.java:122)
	at com.mysql.cj.jdbc.ServerPreparedStatement.serverExecute(ServerPreparedStatement.java:555)
	at com.mysql.cj.jdbc.ServerPreparedStatement.executeInternal(ServerPreparedStatement.java:339)
	at com.mysql.cj.jdbc.ClientPreparedStatement.executeUpdateInternal(ClientPreparedStatement.java:1061)
	at com.mysql.cj.jdbc.ClientPreparedStatement.executeUpdateInternal(ClientPreparedStatement.java:1009)
	at com.mysql.cj.jdbc.ClientPreparedStatement.executeLargeUpdate(ClientPreparedStatement.java:1320)
	at com.mysql.cj.jdbc.ClientPreparedStatement.executeUpdate(ClientPreparedStatement.java:994)
	at com.zaxxer.hikari.pool.ProxyPreparedStatement.executeUpdate(ProxyPreparedStatement.java:61)
	at com.zaxxer.hikari.pool.HikariProxyPreparedStatement.executeUpdate(HikariProxyPreparedStatement.java)
	at com.attendance.system.dao.CourseDAO.enrollStudent(CourseDAO.java:344)
	at com.attendance.system.server.AttendanceServer.lambda$15(AttendanceServer.java:608)
	at com.attendance.system.server.AttendanceServer.executeWithErrorHandling(AttendanceServer.java:1275)
	at com.attendance.system.server.AttendanceServer.enrollStudent(AttendanceServer.java:583)
	at java.base/jdk.internal.reflect.DirectMethodHandleAccessor.invoke(DirectMethodHandleAccessor.java:103)
	at java.base/java.lang.reflect.Method.invoke(Method.java:580)
	at java.rmi/sun.rmi.server.UnicastServerRef.dispatch(UnicastServerRef.java:360)
	at java.rmi/sun.rmi.transport.Transport$1.run(Transport.java:200)
	at java.rmi/sun.rmi.transport.Transport$1.run(Transport.java:197)
	at java.base/java.security.AccessController.doPrivileged(AccessController.java:714)
	at java.rmi/sun.rmi.transport.Transport.serviceCall(Transport.java:196)
	at java.rmi/sun.rmi.transport.tcp.TCPTransport.handleMessages(TCPTransport.java:598)
	at java.rmi/sun.rmi.transport.tcp.TCPTransport$ConnectionHandler.run0(TCPTransport.java:844)
	at java.rmi/sun.rmi.transport.tcp.TCPTransport$ConnectionHandler.lambda$run$0(TCPTransport.java:721)
	at java.base/java.security.AccessController.doPrivileged(AccessController.java:400)
	at java.rmi/sun.rmi.transport.tcp.TCPTransport$ConnectionHandler.run(TCPTransport.java:720)
	at java.base/java.util.concurrent.ThreadPoolExecutor.runWorker(ThreadPoolExecutor.java:1144)
	at java.base/java.util.concurrent.ThreadPoolExecutor$Worker.run(ThreadPoolExecutor.java:642)
	at java.base/java.lang.Thread.run(Thread.java:1583)
2026-05-09 15:43:24.300 [RMI TCP Connection(20)-127.0.0.1] WARN  c.a.system.server.AttendanceServer - Method enrollStudent failed: Database operation failed
2026-05-09 15:43:37.131 [RMI TCP Connection(21)-127.0.0.1] DEBUG c.a.system.server.AttendanceServer - Executing method: logout
2026-05-09 15:43:37.131 [RMI TCP Connection(21)-127.0.0.1] INFO  c.a.s.service.AuthenticationService - User logged out: admin
2026-05-09 15:43:37.131 [RMI TCP Connection(21)-127.0.0.1] INFO  c.a.system.server.AttendanceServer - User logged out: admin (Active connections: 0)
2026-05-09 15:43:37.131 [RMI TCP Connection(21)-127.0.0.1] DEBUG c.a.system.server.AttendanceServer - Method logout completed in 0 ms
2026-05-09 15:43:37.132 [AWT-EventQueue-0] INFO  c.a.system.client.AttendanceGUI - User logged out: admin
2026-05-09 15:43:46.490 [AWT-EventQueue-0] INFO  c.a.system.client.AttendanceGUI - Application exiting
2026-05-09 15:43:55.677 [Thread-2] INFO  c.a.system.server.ServerLauncher - Shutdown hook triggered
2026-05-09 15:43:55.679 [Thread-2] INFO  c.a.system.server.ServerLauncher - Stopping Student Attendance System Server...
2026-05-09 15:43:55.681 [Thread-2] INFO  c.a.system.server.ServerLauncher - Service unbound from registry
2026-05-09 15:43:55.687 [Thread-2] INFO  c.a.system.server.ServerLauncher - Server unexported
2026-05-09 15:43:55.690 [Thread-2] INFO  com.zaxxer.hikari.HikariDataSource - HikariPool-2 - Shutdown initiated...
2026-05-09 15:43:55.747 [Thread-2] INFO  com.zaxxer.hikari.HikariDataSource - HikariPool-2 - Shutdown completed.
2026-05-09 15:43:55.749 [Thread-2] INFO  c.a.system.dao.DatabaseManager - Database connection pool closed
2026-05-09 15:43:55.750 [Thread-2] INFO  c.a.system.server.ServerLauncher - Database connections closed
2026-05-09 15:43:55.751 [Thread-2] INFO  c.a.system.server.ServerLauncher - Server stopped successfully
2026-05-09 16:03:37.742 [com.attendance.system.server.ServerLauncher.main()] INFO  c.a.system.server.ServerLauncher - Starting Student Attendance System Server...
2026-05-09 16:03:37.743 [com.attendance.system.server.ServerLauncher.main()] INFO  c.a.system.server.ServerLauncher - Initializing database connection...
2026-05-09 16:03:37.772 [com.attendance.system.server.ServerLauncher.main()] INFO  com.zaxxer.hikari.HikariDataSource - HikariPool-1 - Starting...
2026-05-09 16:03:38.139 [com.attendance.system.server.ServerLauncher.main()] INFO  com.zaxxer.hikari.pool.HikariPool - HikariPool-1 - Added connection com.mysql.cj.jdbc.ConnectionImpl@5f58aaa2
2026-05-09 16:03:38.144 [com.attendance.system.server.ServerLauncher.main()] INFO  com.zaxxer.hikari.HikariDataSource - HikariPool-1 - Start completed.
2026-05-09 16:03:38.145 [com.attendance.system.server.ServerLauncher.main()] INFO  c.a.system.dao.DatabaseManager - Database connection pool initialized successfully
2026-05-09 16:03:38.158 [com.attendance.system.server.ServerLauncher.main()] DEBUG c.a.system.dao.DatabaseManager - Database connection test successful
2026-05-09 16:03:38.178 [com.attendance.system.server.ServerLauncher.main()] INFO  com.zaxxer.hikari.HikariDataSource - HikariPool-2 - Starting...
2026-05-09 16:03:38.188 [com.attendance.system.server.ServerLauncher.main()] INFO  com.zaxxer.hikari.pool.HikariPool - HikariPool-2 - Added connection com.mysql.cj.jdbc.ConnectionImpl@354f082a
2026-05-09 16:03:38.189 [com.attendance.system.server.ServerLauncher.main()] INFO  com.zaxxer.hikari.HikariDataSource - HikariPool-2 - Start completed.
2026-05-09 16:03:38.189 [com.attendance.system.server.ServerLauncher.main()] INFO  c.a.system.dao.DatabaseManager - Database connection pool initialized successfully
2026-05-09 16:03:38.194 [com.attendance.system.server.ServerLauncher.main()] DEBUG c.a.system.dao.DatabaseManager - Database connection test successful
2026-05-09 16:03:38.195 [com.attendance.system.server.ServerLauncher.main()] DEBUG c.a.system.dao.DatabaseManager - Database connection test successful
2026-05-09 16:03:38.197 [com.attendance.system.server.ServerLauncher.main()] INFO  c.a.system.server.ServerLauncher - Database connection established successfully
2026-05-09 16:03:38.198 [com.attendance.system.server.ServerLauncher.main()] DEBUG c.a.system.server.ServerLauncher - Setting up RMI system properties...
2026-05-09 16:03:38.199 [com.attendance.system.server.ServerLauncher.main()] INFO  c.a.system.server.ServerLauncher - RMI server hostname set to: localhost
2026-05-09 16:03:38.199 [com.attendance.system.server.ServerLauncher.main()] INFO  c.a.system.server.ServerLauncher - Setting up RMI registry on port 1100...
2026-05-09 16:03:38.245 [com.attendance.system.server.ServerLauncher.main()] INFO  c.a.system.server.ServerLauncher - Created new RMI registry on port 1100
2026-05-09 16:03:38.246 [com.attendance.system.server.ServerLauncher.main()] INFO  c.a.system.server.ServerLauncher - Creating and exporting attendance server...
2026-05-09 16:03:38.323 [com.attendance.system.server.ServerLauncher.main()] INFO  c.a.system.server.AttendanceServer - AttendanceServer initialized successfully
2026-05-09 16:03:38.328 [com.attendance.system.server.ServerLauncher.main()] INFO  c.a.system.server.AttendanceServer - Encryption enabled: false
2026-05-09 16:03:38.329 [com.attendance.system.server.ServerLauncher.main()] INFO  c.a.system.server.AttendanceServer - Max concurrent users: 100
2026-05-09 16:03:38.329 [com.attendance.system.server.ServerLauncher.main()] INFO  c.a.system.server.ServerLauncher - Attendance server created and exported successfully
2026-05-09 16:03:38.330 [com.attendance.system.server.ServerLauncher.main()] INFO  c.a.system.server.ServerLauncher - Binding server to registry with name 'AttendanceService'...
2026-05-09 16:03:38.331 [com.attendance.system.server.ServerLauncher.main()] INFO  c.a.system.server.ServerLauncher - Server bound to registry successfully
2026-05-09 16:03:38.332 [com.attendance.system.server.ServerLauncher.main()] INFO  c.a.system.server.ServerLauncher - Starting maintenance tasks...
2026-05-09 16:03:38.339 [com.attendance.system.server.ServerLauncher.main()] INFO  c.a.system.server.ServerLauncher - Maintenance tasks started
2026-05-09 16:03:38.342 [com.attendance.system.server.ServerLauncher.main()] INFO  c.a.system.server.ServerLauncher - Server started successfully!
2026-05-09 16:03:38.343 [com.attendance.system.server.ServerLauncher.main()] INFO  c.a.system.server.ServerLauncher - Service name: AttendanceService
2026-05-09 16:03:38.344 [com.attendance.system.server.ServerLauncher.main()] INFO  c.a.system.server.ServerLauncher - RMI registry port: 1100
2026-05-09 16:03:38.346 [com.attendance.system.server.ServerLauncher.main()] INFO  c.a.system.server.ServerLauncher - Server listening on port: 0
2026-05-09 16:03:38.347 [com.attendance.system.server.ServerLauncher.main()] INFO  c.a.system.server.ServerLauncher - Server is ready to accept client connections.
2026-05-09 16:03:59.978 [AWT-EventQueue-0] INFO  c.a.system.client.AttendanceGUI - GUI initialized successfully
2026-05-09 16:03:59.982 [ForkJoinPool.commonPool-worker-1] INFO  c.a.system.client.AttendanceGUI - Attempting to connect to server: rmi://localhost:1100/AttendanceService
2026-05-09 16:04:00.772 [AWT-EventQueue-0] INFO  c.a.system.client.AttendanceGUI - Successfully connected to server
2026-05-09 16:04:38.340 [pool-1-thread-2] DEBUG c.a.system.server.ServerLauncher - Server stats - Active connections: 0, Total requests: 0
2026-05-09 16:05:38.339 [pool-1-thread-2] DEBUG c.a.system.server.ServerLauncher - Server stats - Active connections: 0, Total requests: 0
2026-05-09 16:06:38.339 [pool-1-thread-2] DEBUG c.a.system.server.ServerLauncher - Server stats - Active connections: 0, Total requests: 0
2026-05-09 16:07:38.339 [pool-1-thread-1] DEBUG c.a.system.server.ServerLauncher - Server stats - Active connections: 0, Total requests: 0
2026-05-09 16:08:38.339 [pool-1-thread-1] DEBUG c.a.system.server.ServerLauncher - Server stats - Active connections: 0, Total requests: 0
2026-05-09 16:09:38.339 [pool-1-thread-1] DEBUG c.a.system.server.ServerLauncher - Server stats - Active connections: 0, Total requests: 0
2026-05-09 16:10:38.339 [pool-1-thread-1] DEBUG c.a.system.server.ServerLauncher - Server stats - Active connections: 0, Total requests: 0
2026-05-09 16:10:39.599 [RMI TCP Connection(4)-127.0.0.1] DEBUG c.a.system.server.AttendanceServer - Executing method: authenticateUser
2026-05-09 16:10:39.600 [RMI TCP Connection(4)-127.0.0.1] DEBUG c.a.system.server.AttendanceServer - Authentication request for user: admin
2026-05-09 16:10:39.602 [RMI TCP Connection(4)-127.0.0.1] WARN  c.a.system.util.SecurityUtil - ATTENDANCE_ENCRYPTION_KEY environment variable not set. Using default key for development only.
2026-05-09 16:10:40.176 [RMI TCP Connection(4)-127.0.0.1] INFO  c.a.s.service.AuthenticationService - User authenticated successfully: admin (Role: Administrator)
2026-05-09 16:10:40.178 [RMI TCP Connection(4)-127.0.0.1] INFO  c.a.system.server.AttendanceServer - User authenticated successfully: admin (Active connections: 1)
2026-05-09 16:10:40.178 [RMI TCP Connection(4)-127.0.0.1] DEBUG c.a.system.server.AttendanceServer - Method authenticateUser completed in 579 ms
2026-05-09 16:10:40.271 [RMI TCP Connection(4)-127.0.0.1] DEBUG c.a.system.server.AttendanceServer - Executing method: getAllUsers
2026-05-09 16:10:40.291 [RMI TCP Connection(4)-127.0.0.1] DEBUG c.a.system.server.AttendanceServer - Method getAllUsers completed in 20 ms
2026-05-09 16:10:40.293 [RMI TCP Connection(5)-127.0.0.1] DEBUG c.a.system.server.AttendanceServer - Executing method: getAllActiveCourses
2026-05-09 16:10:40.320 [RMI TCP Connection(5)-127.0.0.1] DEBUG c.a.system.server.AttendanceServer - Method getAllActiveCourses completed in 27 ms
2026-05-09 16:10:40.343 [RMI TCP Connection(5)-127.0.0.1] DEBUG c.a.system.server.AttendanceServer - Executing method: getAllActiveCourses
2026-05-09 16:10:40.351 [RMI TCP Connection(4)-127.0.0.1] DEBUG c.a.system.server.AttendanceServer - Executing method: getAllEnrollments
2026-05-09 16:10:40.352 [RMI TCP Connection(4)-127.0.0.1] DEBUG c.a.system.server.AttendanceServer - Method getAllEnrollments completed in 1 ms
2026-05-09 16:10:40.357 [RMI TCP Connection(5)-127.0.0.1] DEBUG c.a.system.server.AttendanceServer - Method getAllActiveCourses completed in 14 ms
2026-05-09 16:10:40.404 [RMI TCP Connection(4)-127.0.0.1] DEBUG c.a.system.server.AttendanceServer - Executing method: getUnreadNotificationCount
2026-05-09 16:10:40.407 [RMI TCP Connection(5)-127.0.0.1] DEBUG c.a.system.server.AttendanceServer - Executing method: getNotifications
2026-05-09 16:10:40.418 [RMI TCP Connection(4)-127.0.0.1] DEBUG c.a.system.server.AttendanceServer - Method getUnreadNotificationCount completed in 14 ms
2026-05-09 16:10:40.426 [RMI TCP Connection(5)-127.0.0.1] DEBUG c.a.system.server.AttendanceServer - Method getNotifications completed in 19 ms
2026-05-09 16:10:40.727 [RMI TCP Connection(4)-127.0.0.1] DEBUG c.a.system.server.AttendanceServer - Executing method: getSystemStatistics
2026-05-09 16:10:40.774 [RMI TCP Connection(4)-127.0.0.1] DEBUG c.a.system.server.AttendanceServer - Method getSystemStatistics completed in 47 ms
2026-05-09 16:10:40.847 [AWT-EventQueue-0] INFO  c.a.system.client.AttendanceGUI - User authenticated: admin (Administrator)
2026-05-09 16:10:40.900 [RMI TCP Connection(4)-127.0.0.1] DEBUG c.a.system.server.AttendanceServer - Executing method: getUserById
2026-05-09 16:10:40.916 [RMI TCP Connection(4)-127.0.0.1] DEBUG c.a.system.server.AttendanceServer - Method getUserById completed in 16 ms
2026-05-09 16:10:48.581 [RMI TCP Connection(4)-127.0.0.1] DEBUG c.a.system.server.AttendanceServer - Executing method: getAllActiveCourses
2026-05-09 16:10:48.591 [RMI TCP Connection(4)-127.0.0.1] DEBUG c.a.system.server.AttendanceServer - Method getAllActiveCourses completed in 10 ms
2026-05-09 16:10:48.612 [RMI TCP Connection(4)-127.0.0.1] DEBUG c.a.system.server.AttendanceServer - Executing method: getUserById
2026-05-09 16:10:48.620 [RMI TCP Connection(4)-127.0.0.1] DEBUG c.a.system.server.AttendanceServer - Method getUserById completed in 8 ms
2026-05-09 16:10:52.448 [RMI TCP Connection(4)-127.0.0.1] DEBUG c.a.system.server.AttendanceServer - Executing method: getAllActiveCourses
2026-05-09 16:10:52.470 [RMI TCP Connection(4)-127.0.0.1] DEBUG c.a.system.server.AttendanceServer - Method getAllActiveCourses completed in 22 ms
2026-05-09 16:10:57.972 [RMI TCP Connection(4)-127.0.0.1] DEBUG c.a.system.server.AttendanceServer - Executing method: getUsersByRole
2026-05-09 16:10:57.982 [RMI TCP Connection(4)-127.0.0.1] DEBUG c.a.system.server.AttendanceServer - Method getUsersByRole completed in 10 ms
2026-05-09 16:11:38.339 [pool-1-thread-1] DEBUG c.a.system.server.ServerLauncher - Server stats - Active connections: 1, Total requests: 13
2026-05-09 16:12:15.815 [RMI TCP Connection(6)-127.0.0.1] DEBUG c.a.system.server.AttendanceServer - Executing method: createCourse
2026-05-09 16:12:15.817 [RMI TCP Connection(6)-127.0.0.1] WARN  c.a.system.server.AttendanceServer - Method createCourse failed: course_code must be in format: DEPT###
2026-05-09 16:12:32.050 [RMI TCP Connection(7)-127.0.0.1] DEBUG c.a.system.server.AttendanceServer - Executing method: createCourse
2026-05-09 16:12:32.051 [RMI TCP Connection(7)-127.0.0.1] WARN  c.a.system.server.AttendanceServer - Method createCourse failed: course_code must be in format: DEPT###
2026-05-09 16:12:38.339 [pool-1-thread-1] DEBUG c.a.system.server.ServerLauncher - Server stats - Active connections: 1, Total requests: 15
2026-05-09 16:13:38.339 [pool-1-thread-1] DEBUG c.a.system.server.ServerLauncher - Server stats - Active connections: 1, Total requests: 15
2026-05-09 16:14:38.339 [pool-1-thread-1] DEBUG c.a.system.server.ServerLauncher - Server stats - Active connections: 1, Total requests: 15
2026-05-09 16:15:38.339 [pool-1-thread-1] DEBUG c.a.system.server.ServerLauncher - Server stats - Active connections: 1, Total requests: 15
2026-05-09 16:16:02.333 [RMI TCP Connection(9)-127.0.0.1] DEBUG c.a.system.server.AttendanceServer - Executing method: getAllEnrollments
2026-05-09 16:16:02.336 [RMI TCP Connection(9)-127.0.0.1] DEBUG c.a.system.server.AttendanceServer - Method getAllEnrollments completed in 3 ms
2026-05-09 16:16:03.789 [RMI TCP Connection(9)-127.0.0.1] DEBUG c.a.system.server.AttendanceServer - Executing method: getEnrolledStudents
2026-05-09 16:16:03.801 [RMI TCP Connection(9)-127.0.0.1] DEBUG c.a.system.server.AttendanceServer - Method getEnrolledStudents completed in 12 ms
2026-05-09 16:16:38.339 [pool-1-thread-1] DEBUG c.a.system.server.ServerLauncher - Server stats - Active connections: 1, Total requests: 17
2026-05-09 16:16:42.293 [RMI TCP Connection(10)-127.0.0.1] DEBUG c.a.system.server.AttendanceServer - Executing method: markAllNotificationsAsRead
2026-05-09 16:16:42.374 [RMI TCP Connection(10)-127.0.0.1] INFO  c.a.system.dao.NotificationDAO - Marked 2 notifications as read for user: 23
2026-05-09 16:16:42.375 [RMI TCP Connection(10)-127.0.0.1] DEBUG c.a.system.server.AttendanceServer - Method markAllNotificationsAsRead completed in 82 ms
2026-05-09 16:16:46.029 [RMI TCP Connection(10)-127.0.0.1] DEBUG c.a.system.server.AttendanceServer - Executing method: getNotifications
2026-05-09 16:16:46.048 [RMI TCP Connection(11)-127.0.0.1] DEBUG c.a.system.server.AttendanceServer - Executing method: getUnreadNotificationCount
2026-05-09 16:16:46.061 [RMI TCP Connection(11)-127.0.0.1] DEBUG c.a.system.server.AttendanceServer - Method getUnreadNotificationCount completed in 13 ms
2026-05-09 16:16:46.073 [RMI TCP Connection(10)-127.0.0.1] DEBUG c.a.system.server.AttendanceServer - Method getNotifications completed in 44 ms
2026-05-09 16:16:48.378 [RMI TCP Connection(10)-127.0.0.1] DEBUG c.a.system.server.AttendanceServer - Executing method: getAllUsers
2026-05-09 16:16:48.391 [RMI TCP Connection(10)-127.0.0.1] DEBUG c.a.system.server.AttendanceServer - Method getAllUsers completed in 13 ms
2026-05-09 16:17:11.528 [RMI TCP Connection(10)-127.0.0.1] DEBUG c.a.system.server.AttendanceServer - Executing method: sendNotification
2026-05-09 16:17:11.567 [RMI TCP Connection(10)-127.0.0.1] INFO  c.a.system.dao.NotificationDAO - Notification inserted: Notification{id=25, userId=23, title='wiwwii', type=Reminder, read=false, createdAt=2026-05-09T16:17:11.517499286}
2026-05-09 16:17:11.567 [RMI TCP Connection(10)-127.0.0.1] DEBUG c.a.system.server.AttendanceServer - Method sendNotification completed in 39 ms
2026-05-09 16:17:11.581 [RMI TCP Connection(10)-127.0.0.1] DEBUG c.a.system.server.AttendanceServer - Executing method: getNotifications
2026-05-09 16:17:11.588 [RMI TCP Connection(10)-127.0.0.1] DEBUG c.a.system.server.AttendanceServer - Method getNotifications completed in 7 ms
2026-05-09 16:17:38.339 [pool-1-thread-1] DEBUG c.a.system.server.ServerLauncher - Server stats - Active connections: 1, Total requests: 23
2026-05-09 16:17:49.825 [RMI TCP Connection(13)-127.0.0.1] DEBUG c.a.system.server.AttendanceServer - Executing method: getNotifications
2026-05-09 16:17:49.828 [RMI TCP Connection(12)-127.0.0.1] DEBUG c.a.system.server.AttendanceServer - Executing method: getUnreadNotificationCount
2026-05-09 16:17:49.841 [RMI TCP Connection(12)-127.0.0.1] DEBUG c.a.system.server.AttendanceServer - Method getUnreadNotificationCount completed in 13 ms
2026-05-09 16:17:49.847 [RMI TCP Connection(13)-127.0.0.1] DEBUG c.a.system.server.AttendanceServer - Method getNotifications completed in 22 ms
2026-05-09 16:17:50.892 [RMI TCP Connection(13)-127.0.0.1] DEBUG c.a.system.server.AttendanceServer - Executing method: getNotifications
2026-05-09 16:17:50.902 [RMI TCP Connection(12)-127.0.0.1] DEBUG c.a.system.server.AttendanceServer - Executing method: getUnreadNotificationCount
2026-05-09 16:17:50.929 [RMI TCP Connection(13)-127.0.0.1] DEBUG c.a.system.server.AttendanceServer - Method getNotifications completed in 37 ms
2026-05-09 16:17:50.936 [RMI TCP Connection(12)-127.0.0.1] DEBUG c.a.system.server.AttendanceServer - Method getUnreadNotificationCount completed in 34 ms
2026-05-09 16:17:51.066 [RMI TCP Connection(12)-127.0.0.1] DEBUG c.a.system.server.AttendanceServer - Executing method: getNotifications
2026-05-09 16:17:51.066 [RMI TCP Connection(13)-127.0.0.1] DEBUG c.a.system.server.AttendanceServer - Executing method: getUnreadNotificationCount
2026-05-09 16:17:51.069 [RMI TCP Connection(12)-127.0.0.1] DEBUG c.a.system.server.AttendanceServer - Method getNotifications completed in 3 ms
2026-05-09 16:17:51.069 [RMI TCP Connection(13)-127.0.0.1] DEBUG c.a.system.server.AttendanceServer - Method getUnreadNotificationCount completed in 3 ms
2026-05-09 16:17:54.087 [RMI TCP Connection(13)-127.0.0.1] DEBUG c.a.system.server.AttendanceServer - Executing method: getUnreadNotificationCount
2026-05-09 16:17:54.087 [RMI TCP Connection(12)-127.0.0.1] DEBUG c.a.system.server.AttendanceServer - Executing method: getNotifications
2026-05-09 16:17:54.101 [RMI TCP Connection(12)-127.0.0.1] DEBUG c.a.system.server.AttendanceServer - Method getNotifications completed in 14 ms
2026-05-09 16:17:54.102 [RMI TCP Connection(13)-127.0.0.1] DEBUG c.a.system.server.AttendanceServer - Method getUnreadNotificationCount completed in 15 ms
2026-05-09 16:18:01.424 [RMI TCP Connection(12)-127.0.0.1] DEBUG c.a.system.server.AttendanceServer - Executing method: markAllNotificationsAsRead
2026-05-09 16:18:01.465 [RMI TCP Connection(12)-127.0.0.1] INFO  c.a.system.dao.NotificationDAO - Marked 1 notifications as read for user: 23
2026-05-09 16:18:01.469 [RMI TCP Connection(12)-127.0.0.1] DEBUG c.a.system.server.AttendanceServer - Method markAllNotificationsAsRead completed in 45 ms
2026-05-09 16:18:02.997 [RMI TCP Connection(12)-127.0.0.1] DEBUG c.a.system.server.AttendanceServer - Executing method: getNotifications
2026-05-09 16:18:02.998 [RMI TCP Connection(13)-127.0.0.1] DEBUG c.a.system.server.AttendanceServer - Executing method: getUnreadNotificationCount
2026-05-09 16:18:03.011 [RMI TCP Connection(13)-127.0.0.1] DEBUG c.a.system.server.AttendanceServer - Method getUnreadNotificationCount completed in 13 ms
2026-05-09 16:18:03.014 [RMI TCP Connection(12)-127.0.0.1] DEBUG c.a.system.server.AttendanceServer - Method getNotifications completed in 17 ms
2026-05-09 16:18:11.136 [RMI TCP Connection(12)-127.0.0.1] DEBUG c.a.system.server.AttendanceServer - Executing method: getNotifications
2026-05-09 16:18:11.151 [RMI TCP Connection(12)-127.0.0.1] DEBUG c.a.system.server.AttendanceServer - Method getNotifications completed in 15 ms
2026-05-09 16:18:12.353 [RMI TCP Connection(12)-127.0.0.1] DEBUG c.a.system.server.AttendanceServer - Executing method: getNotifications
2026-05-09 16:18:12.367 [RMI TCP Connection(12)-127.0.0.1] DEBUG c.a.system.server.AttendanceServer - Method getNotifications completed in 14 ms
2026-05-09 16:18:15.281 [RMI TCP Connection(12)-127.0.0.1] DEBUG c.a.system.server.AttendanceServer - Executing method: getNotifications
2026-05-09 16:18:15.309 [RMI TCP Connection(12)-127.0.0.1] DEBUG c.a.system.server.AttendanceServer - Method getNotifications completed in 28 ms
2026-05-09 16:18:22.566 [RMI TCP Connection(12)-127.0.0.1] DEBUG c.a.system.server.AttendanceServer - Executing method: markAllNotificationsAsRead
2026-05-09 16:18:22.575 [RMI TCP Connection(12)-127.0.0.1] INFO  c.a.system.dao.NotificationDAO - Marked 0 notifications as read for user: 23
2026-05-09 16:18:22.577 [RMI TCP Connection(12)-127.0.0.1] DEBUG c.a.system.server.AttendanceServer - Method markAllNotificationsAsRead completed in 11 ms
2026-05-09 16:18:23.936 [RMI TCP Connection(12)-127.0.0.1] DEBUG c.a.system.server.AttendanceServer - Executing method: getNotifications
2026-05-09 16:18:23.951 [RMI TCP Connection(14)-127.0.0.1] DEBUG c.a.system.server.AttendanceServer - Executing method: getUnreadNotificationCount
2026-05-09 16:18:23.961 [RMI TCP Connection(14)-127.0.0.1] DEBUG c.a.system.server.AttendanceServer - Method getUnreadNotificationCount completed in 10 ms
2026-05-09 16:18:23.970 [RMI TCP Connection(12)-127.0.0.1] DEBUG c.a.system.server.AttendanceServer - Method getNotifications completed in 34 ms
2026-05-09 16:18:33.076 [RMI TCP Connection(12)-127.0.0.1] DEBUG c.a.system.server.AttendanceServer - Executing method: getAllEnrollments
2026-05-09 16:18:33.078 [RMI TCP Connection(12)-127.0.0.1] DEBUG c.a.system.server.AttendanceServer - Method getAllEnrollments completed in 2 ms
2026-05-09 16:18:34.199 [RMI TCP Connection(12)-127.0.0.1] DEBUG c.a.system.server.AttendanceServer - Executing method: getUsersByRole
2026-05-09 16:18:34.205 [RMI TCP Connection(12)-127.0.0.1] DEBUG c.a.system.server.AttendanceServer - Method getUsersByRole completed in 6 ms
2026-05-09 16:18:34.214 [RMI TCP Connection(12)-127.0.0.1] DEBUG c.a.system.server.AttendanceServer - Executing method: getAllActiveCourses
2026-05-09 16:18:34.218 [RMI TCP Connection(12)-127.0.0.1] DEBUG c.a.system.server.AttendanceServer - Method getAllActiveCourses completed in 4 ms
2026-05-09 16:18:38.339 [pool-1-thread-1] DEBUG c.a.system.server.ServerLauncher - Server stats - Active connections: 1, Total requests: 43
2026-05-09 16:18:40.439 [RMI TCP Connection(12)-127.0.0.1] DEBUG c.a.system.server.AttendanceServer - Executing method: enrollStudent
2026-05-09 16:18:40.453 [RMI TCP Connection(12)-127.0.0.1] WARN  c.a.system.server.AttendanceServer - Method enrollStudent failed: Student is already enrolled in this course
2026-05-09 16:18:49.899 [RMI TCP Connection(15)-127.0.0.1] DEBUG c.a.system.server.AttendanceServer - Executing method: enrollStudent
2026-05-09 16:18:49.930 [RMI TCP Connection(15)-127.0.0.1] WARN  c.a.system.server.AttendanceServer - Method enrollStudent failed: Student is already enrolled in this course
2026-05-09 16:19:10.579 [RMI TCP Connection(16)-127.0.0.1] DEBUG c.a.system.server.AttendanceServer - Executing method: logout
2026-05-09 16:19:10.580 [RMI TCP Connection(16)-127.0.0.1] INFO  c.a.s.service.AuthenticationService - User logged out: admin
2026-05-09 16:19:10.581 [RMI TCP Connection(16)-127.0.0.1] INFO  c.a.system.server.AttendanceServer - User logged out: admin (Active connections: 0)
2026-05-09 16:19:10.582 [RMI TCP Connection(16)-127.0.0.1] DEBUG c.a.system.server.AttendanceServer - Method logout completed in 3 ms
2026-05-09 16:19:10.584 [AWT-EventQueue-0] INFO  c.a.system.client.AttendanceGUI - User logged out: admin
2026-05-09 16:19:30.543 [AWT-EventQueue-0] INFO  c.a.system.client.AttendanceGUI - Application exiting
2026-05-09 16:19:38.339 [pool-1-thread-1] DEBUG c.a.system.server.ServerLauncher - Server stats - Active connections: 0, Total requests: 46
2026-05-09 16:19:40.724 [Thread-2] INFO  c.a.system.server.ServerLauncher - Shutdown hook triggered
2026-05-09 16:19:40.728 [Thread-2] INFO  c.a.system.server.ServerLauncher - Stopping Student Attendance System Server...
2026-05-09 16:19:40.728 [Thread-2] INFO  c.a.system.server.ServerLauncher - Service unbound from registry
2026-05-09 16:19:40.735 [Thread-2] INFO  c.a.system.server.ServerLauncher - Server unexported
2026-05-09 16:19:40.736 [Thread-2] INFO  com.zaxxer.hikari.HikariDataSource - HikariPool-2 - Shutdown initiated...
2026-05-09 16:19:40.779 [Thread-2] INFO  com.zaxxer.hikari.HikariDataSource - HikariPool-2 - Shutdown completed.
2026-05-09 16:19:40.783 [Thread-2] INFO  c.a.system.dao.DatabaseManager - Database connection pool closed
2026-05-09 16:19:40.784 [Thread-2] INFO  c.a.system.server.ServerLauncher - Database connections closed
2026-05-09 16:19:40.784 [Thread-2] INFO  c.a.system.server.ServerLauncher - Server stopped successfully
2026-05-09 16:19:40.787 [SessionCleanup] INFO  c.a.s.service.AuthenticationService - Session cleanup thread interrupted
2026-05-09 16:20:02.646 [AWT-EventQueue-0] INFO  c.a.system.client.AttendanceGUI - GUI initialized successfully
2026-05-09 16:20:02.648 [ForkJoinPool.commonPool-worker-2] INFO  c.a.system.client.AttendanceGUI - Attempting to connect to server: rmi://localhost:1100/AttendanceService
2026-05-09 16:20:02.712 [ForkJoinPool.commonPool-worker-2] ERROR c.a.system.client.AttendanceGUI - Failed to connect to server
java.rmi.ConnectException: Connection refused to host: localhost; nested exception is: 
	java.net.ConnectException: Connection refused
	at java.rmi/sun.rmi.transport.tcp.TCPEndpoint.newSocket(TCPEndpoint.java:625)
	at java.rmi/sun.rmi.transport.tcp.TCPChannel.createConnection(TCPChannel.java:217)
	at java.rmi/sun.rmi.transport.tcp.TCPChannel.newConnection(TCPChannel.java:204)
	at java.rmi/sun.rmi.server.UnicastRef.newCall(UnicastRef.java:345)
	at java.rmi/sun.rmi.registry.RegistryImpl_Stub.lookup(RegistryImpl_Stub.java:116)
	at java.rmi/java.rmi.Naming.lookup(Naming.java:101)
	at com.attendance.system.client.AttendanceGUI.lambda$initializeConnection$0(AttendanceGUI.java:183)
	at java.base/java.util.concurrent.CompletableFuture$AsyncSupply.run(CompletableFuture.java:1768)
	at java.base/java.util.concurrent.CompletableFuture$AsyncSupply.exec(CompletableFuture.java:1760)
	at java.base/java.util.concurrent.ForkJoinTask.doExec(ForkJoinTask.java:387)
	at java.base/java.util.concurrent.ForkJoinPool$WorkQueue.topLevelExec(ForkJoinPool.java:1312)
	at java.base/java.util.concurrent.ForkJoinPool.scan(ForkJoinPool.java:1843)
	at java.base/java.util.concurrent.ForkJoinPool.runWorker(ForkJoinPool.java:1808)
	at java.base/java.util.concurrent.ForkJoinWorkerThread.run(ForkJoinWorkerThread.java:188)
Caused by: java.net.ConnectException: Connection refused
	at java.base/sun.nio.ch.Net.connect0(Native Method)
	at java.base/sun.nio.ch.Net.connect(Net.java:601)
	at java.base/sun.nio.ch.Net.connect(Net.java:590)
	at java.base/sun.nio.ch.NioSocketImpl.connect(NioSocketImpl.java:583)
	at java.base/java.net.SocksSocketImpl.connect(SocksSocketImpl.java:327)
	at java.base/java.net.Socket.connect(Socket.java:751)
	at java.base/java.net.Socket.connect(Socket.java:686)
	at java.base/java.net.Socket.<init>(Socket.java:555)
	at java.base/java.net.Socket.<init>(Socket.java:324)
	at java.rmi/sun.rmi.transport.tcp.TCPDirectSocketFactory.createSocket(TCPDirectSocketFactory.java:40)
	at java.rmi/sun.rmi.transport.tcp.TCPEndpoint.newSocket(TCPEndpoint.java:619)
	... 13 common frames omitted
2026-05-09 16:20:07.737 [ForkJoinPool.commonPool-worker-2] INFO  c.a.system.client.AttendanceGUI - Attempting to connect to server: rmi://localhost:1100/AttendanceService
2026-05-09 16:20:07.739 [ForkJoinPool.commonPool-worker-2] ERROR c.a.system.client.AttendanceGUI - Failed to connect to server
java.rmi.ConnectException: Connection refused to host: localhost; nested exception is: 
	java.net.ConnectException: Connection refused
	at java.rmi/sun.rmi.transport.tcp.TCPEndpoint.newSocket(TCPEndpoint.java:625)
	at java.rmi/sun.rmi.transport.tcp.TCPChannel.createConnection(TCPChannel.java:217)
	at java.rmi/sun.rmi.transport.tcp.TCPChannel.newConnection(TCPChannel.java:204)
	at java.rmi/sun.rmi.server.UnicastRef.newCall(UnicastRef.java:345)
	at java.rmi/sun.rmi.registry.RegistryImpl_Stub.lookup(RegistryImpl_Stub.java:116)
	at java.rmi/java.rmi.Naming.lookup(Naming.java:101)
	at com.attendance.system.client.AttendanceGUI.lambda$initializeConnection$0(AttendanceGUI.java:183)
	at java.base/java.util.concurrent.CompletableFuture$AsyncSupply.run(CompletableFuture.java:1768)
	at java.base/java.util.concurrent.CompletableFuture$AsyncSupply.exec(CompletableFuture.java:1760)
	at java.base/java.util.concurrent.ForkJoinTask.doExec(ForkJoinTask.java:387)
	at java.base/java.util.concurrent.ForkJoinPool$WorkQueue.topLevelExec(ForkJoinPool.java:1312)
	at java.base/java.util.concurrent.ForkJoinPool.scan(ForkJoinPool.java:1843)
	at java.base/java.util.concurrent.ForkJoinPool.runWorker(ForkJoinPool.java:1808)
	at java.base/java.util.concurrent.ForkJoinWorkerThread.run(ForkJoinWorkerThread.java:188)
Caused by: java.net.ConnectException: Connection refused
	at java.base/sun.nio.ch.Net.connect0(Native Method)
	at java.base/sun.nio.ch.Net.connect(Net.java:601)
	at java.base/sun.nio.ch.Net.connect(Net.java:590)
	at java.base/sun.nio.ch.NioSocketImpl.connect(NioSocketImpl.java:583)
	at java.base/java.net.SocksSocketImpl.connect(SocksSocketImpl.java:327)
	at java.base/java.net.Socket.connect(Socket.java:751)
	at java.base/java.net.Socket.connect(Socket.java:686)
	at java.base/java.net.Socket.<init>(Socket.java:555)
	at java.base/java.net.Socket.<init>(Socket.java:324)
	at java.rmi/sun.rmi.transport.tcp.TCPDirectSocketFactory.createSocket(TCPDirectSocketFactory.java:40)
	at java.rmi/sun.rmi.transport.tcp.TCPEndpoint.newSocket(TCPEndpoint.java:619)
	... 13 common frames omitted
2026-05-09 16:20:12.768 [ForkJoinPool.commonPool-worker-2] INFO  c.a.system.client.AttendanceGUI - Attempting to connect to server: rmi://localhost:1100/AttendanceService
2026-05-09 16:20:12.771 [ForkJoinPool.commonPool-worker-2] ERROR c.a.system.client.AttendanceGUI - Failed to connect to server
java.rmi.ConnectException: Connection refused to host: localhost; nested exception is: 
	java.net.ConnectException: Connection refused
	at java.rmi/sun.rmi.transport.tcp.TCPEndpoint.newSocket(TCPEndpoint.java:625)
	at java.rmi/sun.rmi.transport.tcp.TCPChannel.createConnection(TCPChannel.java:217)
	at java.rmi/sun.rmi.transport.tcp.TCPChannel.newConnection(TCPChannel.java:204)
	at java.rmi/sun.rmi.server.UnicastRef.newCall(UnicastRef.java:345)
	at java.rmi/sun.rmi.registry.RegistryImpl_Stub.lookup(RegistryImpl_Stub.java:116)
	at java.rmi/java.rmi.Naming.lookup(Naming.java:101)
	at com.attendance.system.client.AttendanceGUI.lambda$initializeConnection$0(AttendanceGUI.java:183)
	at java.base/java.util.concurrent.CompletableFuture$AsyncSupply.run(CompletableFuture.java:1768)
	at java.base/java.util.concurrent.CompletableFuture$AsyncSupply.exec(CompletableFuture.java:1760)
	at java.base/java.util.concurrent.ForkJoinTask.doExec(ForkJoinTask.java:387)
	at java.base/java.util.concurrent.ForkJoinPool$WorkQueue.topLevelExec(ForkJoinPool.java:1312)
	at java.base/java.util.concurrent.ForkJoinPool.scan(ForkJoinPool.java:1843)
	at java.base/java.util.concurrent.ForkJoinPool.runWorker(ForkJoinPool.java:1808)
	at java.base/java.util.concurrent.ForkJoinWorkerThread.run(ForkJoinWorkerThread.java:188)
Caused by: java.net.ConnectException: Connection refused
	at java.base/sun.nio.ch.Net.connect0(Native Method)
	at java.base/sun.nio.ch.Net.connect(Net.java:601)
	at java.base/sun.nio.ch.Net.connect(Net.java:590)
	at java.base/sun.nio.ch.NioSocketImpl.connect(NioSocketImpl.java:583)
	at java.base/java.net.SocksSocketImpl.connect(SocksSocketImpl.java:327)
	at java.base/java.net.Socket.connect(Socket.java:751)
	at java.base/java.net.Socket.connect(Socket.java:686)
	at java.base/java.net.Socket.<init>(Socket.java:555)
	at java.base/java.net.Socket.<init>(Socket.java:324)
	at java.rmi/sun.rmi.transport.tcp.TCPDirectSocketFactory.createSocket(TCPDirectSocketFactory.java:40)
	at java.rmi/sun.rmi.transport.tcp.TCPEndpoint.newSocket(TCPEndpoint.java:619)
	... 13 common frames omitted
2026-05-09 16:20:17.792 [ForkJoinPool.commonPool-worker-2] INFO  c.a.system.client.AttendanceGUI - Attempting to connect to server: rmi://localhost:1100/AttendanceService
2026-05-09 16:20:17.793 [ForkJoinPool.commonPool-worker-2] ERROR c.a.system.client.AttendanceGUI - Failed to connect to server
java.rmi.ConnectException: Connection refused to host: localhost; nested exception is: 
	java.net.ConnectException: Connection refused
	at java.rmi/sun.rmi.transport.tcp.TCPEndpoint.newSocket(TCPEndpoint.java:625)
	at java.rmi/sun.rmi.transport.tcp.TCPChannel.createConnection(TCPChannel.java:217)
	at java.rmi/sun.rmi.transport.tcp.TCPChannel.newConnection(TCPChannel.java:204)
	at java.rmi/sun.rmi.server.UnicastRef.newCall(UnicastRef.java:345)
	at java.rmi/sun.rmi.registry.RegistryImpl_Stub.lookup(RegistryImpl_Stub.java:116)
	at java.rmi/java.rmi.Naming.lookup(Naming.java:101)
	at com.attendance.system.client.AttendanceGUI.lambda$initializeConnection$0(AttendanceGUI.java:183)
	at java.base/java.util.concurrent.CompletableFuture$AsyncSupply.run(CompletableFuture.java:1768)
	at java.base/java.util.concurrent.CompletableFuture$AsyncSupply.exec(CompletableFuture.java:1760)
	at java.base/java.util.concurrent.ForkJoinTask.doExec(ForkJoinTask.java:387)
	at java.base/java.util.concurrent.ForkJoinPool$WorkQueue.topLevelExec(ForkJoinPool.java:1312)
	at java.base/java.util.concurrent.ForkJoinPool.scan(ForkJoinPool.java:1843)
	at java.base/java.util.concurrent.ForkJoinPool.runWorker(ForkJoinPool.java:1808)
	at java.base/java.util.concurrent.ForkJoinWorkerThread.run(ForkJoinWorkerThread.java:188)
Caused by: java.net.ConnectException: Connection refused
	at java.base/sun.nio.ch.Net.connect0(Native Method)
	at java.base/sun.nio.ch.Net.connect(Net.java:601)
	at java.base/sun.nio.ch.Net.connect(Net.java:590)
	at java.base/sun.nio.ch.NioSocketImpl.connect(NioSocketImpl.java:583)
	at java.base/java.net.SocksSocketImpl.connect(SocksSocketImpl.java:327)
	at java.base/java.net.Socket.connect(Socket.java:751)
	at java.base/java.net.Socket.connect(Socket.java:686)
	at java.base/java.net.Socket.<init>(Socket.java:555)
	at java.base/java.net.Socket.<init>(Socket.java:324)
	at java.rmi/sun.rmi.transport.tcp.TCPDirectSocketFactory.createSocket(TCPDirectSocketFactory.java:40)
	at java.rmi/sun.rmi.transport.tcp.TCPEndpoint.newSocket(TCPEndpoint.java:619)
	... 13 common frames omitted
2026-05-09 16:20:22.806 [ForkJoinPool.commonPool-worker-2] INFO  c.a.system.client.AttendanceGUI - Attempting to connect to server: rmi://localhost:1100/AttendanceService
2026-05-09 16:20:22.807 [ForkJoinPool.commonPool-worker-2] ERROR c.a.system.client.AttendanceGUI - Failed to connect to server
java.rmi.ConnectException: Connection refused to host: localhost; nested exception is: 
	java.net.ConnectException: Connection refused
	at java.rmi/sun.rmi.transport.tcp.TCPEndpoint.newSocket(TCPEndpoint.java:625)
	at java.rmi/sun.rmi.transport.tcp.TCPChannel.createConnection(TCPChannel.java:217)
	at java.rmi/sun.rmi.transport.tcp.TCPChannel.newConnection(TCPChannel.java:204)
	at java.rmi/sun.rmi.server.UnicastRef.newCall(UnicastRef.java:345)
	at java.rmi/sun.rmi.registry.RegistryImpl_Stub.lookup(RegistryImpl_Stub.java:116)
	at java.rmi/java.rmi.Naming.lookup(Naming.java:101)
	at com.attendance.system.client.AttendanceGUI.lambda$initializeConnection$0(AttendanceGUI.java:183)
	at java.base/java.util.concurrent.CompletableFuture$AsyncSupply.run(CompletableFuture.java:1768)
	at java.base/java.util.concurrent.CompletableFuture$AsyncSupply.exec(CompletableFuture.java:1760)
	at java.base/java.util.concurrent.ForkJoinTask.doExec(ForkJoinTask.java:387)
	at java.base/java.util.concurrent.ForkJoinPool$WorkQueue.topLevelExec(ForkJoinPool.java:1312)
	at java.base/java.util.concurrent.ForkJoinPool.scan(ForkJoinPool.java:1843)
	at java.base/java.util.concurrent.ForkJoinPool.runWorker(ForkJoinPool.java:1808)
	at java.base/java.util.concurrent.ForkJoinWorkerThread.run(ForkJoinWorkerThread.java:188)
Caused by: java.net.ConnectException: Connection refused
	at java.base/sun.nio.ch.Net.connect0(Native Method)
	at java.base/sun.nio.ch.Net.connect(Net.java:601)
	at java.base/sun.nio.ch.Net.connect(Net.java:590)
	at java.base/sun.nio.ch.NioSocketImpl.connect(NioSocketImpl.java:583)
	at java.base/java.net.SocksSocketImpl.connect(SocksSocketImpl.java:327)
	at java.base/java.net.Socket.connect(Socket.java:751)
	at java.base/java.net.Socket.connect(Socket.java:686)
	at java.base/java.net.Socket.<init>(Socket.java:555)
	at java.base/java.net.Socket.<init>(Socket.java:324)
	at java.rmi/sun.rmi.transport.tcp.TCPDirectSocketFactory.createSocket(TCPDirectSocketFactory.java:40)
	at java.rmi/sun.rmi.transport.tcp.TCPEndpoint.newSocket(TCPEndpoint.java:619)
	... 13 common frames omitted
2026-05-09 16:20:27.882 [ForkJoinPool.commonPool-worker-2] INFO  c.a.system.client.AttendanceGUI - Attempting to connect to server: rmi://localhost:1100/AttendanceService
2026-05-09 16:20:27.884 [ForkJoinPool.commonPool-worker-2] ERROR c.a.system.client.AttendanceGUI - Failed to connect to server
java.rmi.ConnectException: Connection refused to host: localhost; nested exception is: 
	java.net.ConnectException: Connection refused
	at java.rmi/sun.rmi.transport.tcp.TCPEndpoint.newSocket(TCPEndpoint.java:625)
	at java.rmi/sun.rmi.transport.tcp.TCPChannel.createConnection(TCPChannel.java:217)
	at java.rmi/sun.rmi.transport.tcp.TCPChannel.newConnection(TCPChannel.java:204)
	at java.rmi/sun.rmi.server.UnicastRef.newCall(UnicastRef.java:345)
	at java.rmi/sun.rmi.registry.RegistryImpl_Stub.lookup(RegistryImpl_Stub.java:116)
	at java.rmi/java.rmi.Naming.lookup(Naming.java:101)
	at com.attendance.system.client.AttendanceGUI.lambda$initializeConnection$0(AttendanceGUI.java:183)
	at java.base/java.util.concurrent.CompletableFuture$AsyncSupply.run(CompletableFuture.java:1768)
	at java.base/java.util.concurrent.CompletableFuture$AsyncSupply.exec(CompletableFuture.java:1760)
	at java.base/java.util.concurrent.ForkJoinTask.doExec(ForkJoinTask.java:387)
	at java.base/java.util.concurrent.ForkJoinPool$WorkQueue.topLevelExec(ForkJoinPool.java:1312)
	at java.base/java.util.concurrent.ForkJoinPool.scan(ForkJoinPool.java:1843)
	at java.base/java.util.concurrent.ForkJoinPool.runWorker(ForkJoinPool.java:1808)
	at java.base/java.util.concurrent.ForkJoinWorkerThread.run(ForkJoinWorkerThread.java:188)
Caused by: java.net.ConnectException: Connection refused
	at java.base/sun.nio.ch.Net.connect0(Native Method)
	at java.base/sun.nio.ch.Net.connect(Net.java:601)
	at java.base/sun.nio.ch.Net.connect(Net.java:590)
	at java.base/sun.nio.ch.NioSocketImpl.connect(NioSocketImpl.java:583)
	at java.base/java.net.SocksSocketImpl.connect(SocksSocketImpl.java:327)
	at java.base/java.net.Socket.connect(Socket.java:751)
	at java.base/java.net.Socket.connect(Socket.java:686)
	at java.base/java.net.Socket.<init>(Socket.java:555)
	at java.base/java.net.Socket.<init>(Socket.java:324)
	at java.rmi/sun.rmi.transport.tcp.TCPDirectSocketFactory.createSocket(TCPDirectSocketFactory.java:40)
	at java.rmi/sun.rmi.transport.tcp.TCPEndpoint.newSocket(TCPEndpoint.java:619)
	... 13 common frames omitted
2026-05-09 16:20:29.838 [AWT-EventQueue-0] INFO  c.a.system.client.AttendanceGUI - Application exiting
2026-05-09 16:20:47.133 [AWT-EventQueue-0] INFO  c.a.system.client.AttendanceGUI - GUI initialized successfully
2026-05-09 16:20:47.136 [ForkJoinPool.commonPool-worker-2] INFO  c.a.system.client.AttendanceGUI - Attempting to connect to server: rmi://localhost:1100/AttendanceService
2026-05-09 16:20:47.178 [ForkJoinPool.commonPool-worker-2] ERROR c.a.system.client.AttendanceGUI - Failed to connect to server
java.rmi.ConnectException: Connection refused to host: localhost; nested exception is: 
	java.net.ConnectException: Connection refused
	at java.rmi/sun.rmi.transport.tcp.TCPEndpoint.newSocket(TCPEndpoint.java:625)
	at java.rmi/sun.rmi.transport.tcp.TCPChannel.createConnection(TCPChannel.java:217)
	at java.rmi/sun.rmi.transport.tcp.TCPChannel.newConnection(TCPChannel.java:204)
	at java.rmi/sun.rmi.server.UnicastRef.newCall(UnicastRef.java:345)
	at java.rmi/sun.rmi.registry.RegistryImpl_Stub.lookup(RegistryImpl_Stub.java:116)
	at java.rmi/java.rmi.Naming.lookup(Naming.java:101)
	at com.attendance.system.client.AttendanceGUI.lambda$initializeConnection$0(AttendanceGUI.java:183)
	at java.base/java.util.concurrent.CompletableFuture$AsyncSupply.run(CompletableFuture.java:1768)
	at java.base/java.util.concurrent.CompletableFuture$AsyncSupply.exec(CompletableFuture.java:1760)
	at java.base/java.util.concurrent.ForkJoinTask.doExec(ForkJoinTask.java:387)
	at java.base/java.util.concurrent.ForkJoinPool$WorkQueue.topLevelExec(ForkJoinPool.java:1312)
	at java.base/java.util.concurrent.ForkJoinPool.scan(ForkJoinPool.java:1843)
	at java.base/java.util.concurrent.ForkJoinPool.runWorker(ForkJoinPool.java:1808)
	at java.base/java.util.concurrent.ForkJoinWorkerThread.run(ForkJoinWorkerThread.java:188)
Caused by: java.net.ConnectException: Connection refused
	at java.base/sun.nio.ch.Net.connect0(Native Method)
	at java.base/sun.nio.ch.Net.connect(Net.java:601)
	at java.base/sun.nio.ch.Net.connect(Net.java:590)
	at java.base/sun.nio.ch.NioSocketImpl.connect(NioSocketImpl.java:583)
	at java.base/java.net.SocksSocketImpl.connect(SocksSocketImpl.java:327)
	at java.base/java.net.Socket.connect(Socket.java:751)
	at java.base/java.net.Socket.connect(Socket.java:686)
	at java.base/java.net.Socket.<init>(Socket.java:555)
	at java.base/java.net.Socket.<init>(Socket.java:324)
	at java.rmi/sun.rmi.transport.tcp.TCPDirectSocketFactory.createSocket(TCPDirectSocketFactory.java:40)
	at java.rmi/sun.rmi.transport.tcp.TCPEndpoint.newSocket(TCPEndpoint.java:619)
	... 13 common frames omitted
2026-05-09 16:20:52.214 [ForkJoinPool.commonPool-worker-2] INFO  c.a.system.client.AttendanceGUI - Attempting to connect to server: rmi://localhost:1100/AttendanceService
2026-05-09 16:20:52.219 [ForkJoinPool.commonPool-worker-2] ERROR c.a.system.client.AttendanceGUI - Failed to connect to server
java.rmi.ConnectException: Connection refused to host: localhost; nested exception is: 
	java.net.ConnectException: Connection refused
	at java.rmi/sun.rmi.transport.tcp.TCPEndpoint.newSocket(TCPEndpoint.java:625)
	at java.rmi/sun.rmi.transport.tcp.TCPChannel.createConnection(TCPChannel.java:217)
	at java.rmi/sun.rmi.transport.tcp.TCPChannel.newConnection(TCPChannel.java:204)
	at java.rmi/sun.rmi.server.UnicastRef.newCall(UnicastRef.java:345)
	at java.rmi/sun.rmi.registry.RegistryImpl_Stub.lookup(RegistryImpl_Stub.java:116)
	at java.rmi/java.rmi.Naming.lookup(Naming.java:101)
	at com.attendance.system.client.AttendanceGUI.lambda$initializeConnection$0(AttendanceGUI.java:183)
	at java.base/java.util.concurrent.CompletableFuture$AsyncSupply.run(CompletableFuture.java:1768)
	at java.base/java.util.concurrent.CompletableFuture$AsyncSupply.exec(CompletableFuture.java:1760)
	at java.base/java.util.concurrent.ForkJoinTask.doExec(ForkJoinTask.java:387)
	at java.base/java.util.concurrent.ForkJoinPool$WorkQueue.topLevelExec(ForkJoinPool.java:1312)
	at java.base/java.util.concurrent.ForkJoinPool.scan(ForkJoinPool.java:1843)
	at java.base/java.util.concurrent.ForkJoinPool.runWorker(ForkJoinPool.java:1808)
	at java.base/java.util.concurrent.ForkJoinWorkerThread.run(ForkJoinWorkerThread.java:188)
Caused by: java.net.ConnectException: Connection refused
	at java.base/sun.nio.ch.Net.connect0(Native Method)
	at java.base/sun.nio.ch.Net.connect(Net.java:601)
	at java.base/sun.nio.ch.Net.connect(Net.java:590)
	at java.base/sun.nio.ch.NioSocketImpl.connect(NioSocketImpl.java:583)
	at java.base/java.net.SocksSocketImpl.connect(SocksSocketImpl.java:327)
	at java.base/java.net.Socket.connect(Socket.java:751)
	at java.base/java.net.Socket.connect(Socket.java:686)
	at java.base/java.net.Socket.<init>(Socket.java:555)
	at java.base/java.net.Socket.<init>(Socket.java:324)
	at java.rmi/sun.rmi.transport.tcp.TCPDirectSocketFactory.createSocket(TCPDirectSocketFactory.java:40)
	at java.rmi/sun.rmi.transport.tcp.TCPEndpoint.newSocket(TCPEndpoint.java:619)
	... 13 common frames omitted
2026-05-09 16:21:07.553 [com.attendance.system.server.ServerLauncher.main()] INFO  c.a.system.server.ServerLauncher - Starting Student Attendance System Server...
2026-05-09 16:21:07.555 [com.attendance.system.server.ServerLauncher.main()] INFO  c.a.system.server.ServerLauncher - Initializing database connection...
2026-05-09 16:21:07.585 [com.attendance.system.server.ServerLauncher.main()] INFO  com.zaxxer.hikari.HikariDataSource - HikariPool-1 - Starting...
2026-05-09 16:21:07.909 [com.attendance.system.server.ServerLauncher.main()] INFO  com.zaxxer.hikari.pool.HikariPool - HikariPool-1 - Added connection com.mysql.cj.jdbc.ConnectionImpl@4a1c854e
2026-05-09 16:21:07.912 [com.attendance.system.server.ServerLauncher.main()] INFO  com.zaxxer.hikari.HikariDataSource - HikariPool-1 - Start completed.
2026-05-09 16:21:07.912 [com.attendance.system.server.ServerLauncher.main()] INFO  c.a.system.dao.DatabaseManager - Database connection pool initialized successfully
2026-05-09 16:21:07.919 [com.attendance.system.server.ServerLauncher.main()] DEBUG c.a.system.dao.DatabaseManager - Database connection test successful
2026-05-09 16:21:07.933 [com.attendance.system.server.ServerLauncher.main()] INFO  com.zaxxer.hikari.HikariDataSource - HikariPool-2 - Starting...
2026-05-09 16:21:07.947 [com.attendance.system.server.ServerLauncher.main()] INFO  com.zaxxer.hikari.pool.HikariPool - HikariPool-2 - Added connection com.mysql.cj.jdbc.ConnectionImpl@3b13d790
2026-05-09 16:21:07.948 [com.attendance.system.server.ServerLauncher.main()] INFO  com.zaxxer.hikari.HikariDataSource - HikariPool-2 - Start completed.
2026-05-09 16:21:07.949 [com.attendance.system.server.ServerLauncher.main()] INFO  c.a.system.dao.DatabaseManager - Database connection pool initialized successfully
2026-05-09 16:21:07.950 [com.attendance.system.server.ServerLauncher.main()] DEBUG c.a.system.dao.DatabaseManager - Database connection test successful
2026-05-09 16:21:07.956 [com.attendance.system.server.ServerLauncher.main()] DEBUG c.a.system.dao.DatabaseManager - Database connection test successful
2026-05-09 16:21:07.960 [com.attendance.system.server.ServerLauncher.main()] INFO  c.a.system.server.ServerLauncher - Database connection established successfully
2026-05-09 16:21:07.960 [com.attendance.system.server.ServerLauncher.main()] DEBUG c.a.system.server.ServerLauncher - Setting up RMI system properties...
2026-05-09 16:21:07.960 [com.attendance.system.server.ServerLauncher.main()] INFO  c.a.system.server.ServerLauncher - RMI server hostname set to: localhost
2026-05-09 16:21:07.960 [com.attendance.system.server.ServerLauncher.main()] INFO  c.a.system.server.ServerLauncher - Setting up RMI registry on port 1100...
2026-05-09 16:21:08.004 [com.attendance.system.server.ServerLauncher.main()] INFO  c.a.system.server.ServerLauncher - Created new RMI registry on port 1100
2026-05-09 16:21:08.007 [com.attendance.system.server.ServerLauncher.main()] INFO  c.a.system.server.ServerLauncher - Creating and exporting attendance server...
2026-05-09 16:21:08.067 [com.attendance.system.server.ServerLauncher.main()] INFO  c.a.system.server.AttendanceServer - AttendanceServer initialized successfully
2026-05-09 16:21:08.068 [com.attendance.system.server.ServerLauncher.main()] INFO  c.a.system.server.AttendanceServer - Encryption enabled: false
2026-05-09 16:21:08.071 [com.attendance.system.server.ServerLauncher.main()] INFO  c.a.system.server.AttendanceServer - Max concurrent users: 100
2026-05-09 16:21:08.072 [com.attendance.system.server.ServerLauncher.main()] INFO  c.a.system.server.ServerLauncher - Attendance server created and exported successfully
2026-05-09 16:21:08.073 [com.attendance.system.server.ServerLauncher.main()] INFO  c.a.system.server.ServerLauncher - Binding server to registry with name 'AttendanceService'...
2026-05-09 16:21:08.073 [com.attendance.system.server.ServerLauncher.main()] INFO  c.a.system.server.ServerLauncher - Server bound to registry successfully
2026-05-09 16:21:08.074 [com.attendance.system.server.ServerLauncher.main()] INFO  c.a.system.server.ServerLauncher - Starting maintenance tasks...
2026-05-09 16:21:08.085 [com.attendance.system.server.ServerLauncher.main()] INFO  c.a.system.server.ServerLauncher - Maintenance tasks started
2026-05-09 16:21:08.089 [com.attendance.system.server.ServerLauncher.main()] INFO  c.a.system.server.ServerLauncher - Server started successfully!
2026-05-09 16:21:08.091 [com.attendance.system.server.ServerLauncher.main()] INFO  c.a.system.server.ServerLauncher - Service name: AttendanceService
2026-05-09 16:21:08.092 [com.attendance.system.server.ServerLauncher.main()] INFO  c.a.system.server.ServerLauncher - RMI registry port: 1100
2026-05-09 16:21:08.093 [com.attendance.system.server.ServerLauncher.main()] INFO  c.a.system.server.ServerLauncher - Server listening on port: 0
2026-05-09 16:21:08.095 [com.attendance.system.server.ServerLauncher.main()] INFO  c.a.system.server.ServerLauncher - Server is ready to accept client connections.
2026-05-09 16:21:16.690 [AWT-EventQueue-0] INFO  c.a.system.client.AttendanceGUI - GUI initialized successfully
2026-05-09 16:21:16.693 [ForkJoinPool.commonPool-worker-2] INFO  c.a.system.client.AttendanceGUI - Attempting to connect to server: rmi://localhost:1100/AttendanceService
2026-05-09 16:21:17.245 [AWT-EventQueue-0] INFO  c.a.system.client.AttendanceGUI - Successfully connected to server
2026-05-09 16:21:38.176 [RMI TCP Connection(2)-127.0.0.1] DEBUG c.a.system.server.AttendanceServer - Executing method: authenticateUser
2026-05-09 16:21:38.179 [RMI TCP Connection(2)-127.0.0.1] DEBUG c.a.system.server.AttendanceServer - Authentication request for user: student1
2026-05-09 16:21:38.191 [RMI TCP Connection(2)-127.0.0.1] WARN  c.a.system.util.SecurityUtil - ATTENDANCE_ENCRYPTION_KEY environment variable not set. Using default key for development only.
2026-05-09 16:21:38.781 [RMI TCP Connection(2)-127.0.0.1] INFO  c.a.s.service.AuthenticationService - User authenticated successfully: student1 (Role: Student)
2026-05-09 16:21:38.782 [RMI TCP Connection(2)-127.0.0.1] INFO  c.a.system.server.AttendanceServer - User authenticated successfully: student1 (Active connections: 1)
2026-05-09 16:21:38.782 [RMI TCP Connection(2)-127.0.0.1] DEBUG c.a.system.server.AttendanceServer - Method authenticateUser completed in 606 ms
2026-05-09 16:21:38.811 [RMI TCP Connection(2)-127.0.0.1] DEBUG c.a.system.server.AttendanceServer - Executing method: validateSession
2026-05-09 16:21:38.812 [RMI TCP Connection(2)-127.0.0.1] DEBUG c.a.system.server.AttendanceServer - Method validateSession completed in 1 ms
2026-05-09 16:21:38.907 [RMI TCP Connection(3)-127.0.0.1] DEBUG c.a.system.server.AttendanceServer - Executing method: getCoursesByStudent
2026-05-09 16:21:38.908 [RMI TCP Connection(2)-127.0.0.1] DEBUG c.a.system.server.AttendanceServer - Executing method: getCoursesByStudent
2026-05-09 16:21:38.924 [RMI TCP Connection(4)-127.0.0.1] DEBUG c.a.system.server.AttendanceServer - Executing method: getNotifications
2026-05-09 16:21:38.934 [RMI TCP Connection(2)-127.0.0.1] DEBUG c.a.system.server.AttendanceServer - Method getCoursesByStudent completed in 26 ms
2026-05-09 16:21:38.937 [RMI TCP Connection(3)-127.0.0.1] DEBUG c.a.system.server.AttendanceServer - Method getCoursesByStudent completed in 29 ms
2026-05-09 16:21:38.952 [RMI TCP Connection(4)-127.0.0.1] DEBUG c.a.system.server.AttendanceServer - Method getNotifications completed in 28 ms
2026-05-09 16:21:38.970 [AWT-EventQueue-0] INFO  c.a.system.client.AttendanceGUI - User authenticated: student1 (Student)
2026-05-09 16:21:39.030 [RMI TCP Connection(4)-127.0.0.1] DEBUG c.a.system.server.AttendanceServer - Executing method: getAttendanceRecords
2026-05-09 16:21:39.045 [RMI TCP Connection(4)-127.0.0.1] DEBUG c.a.system.server.AttendanceServer - Method getAttendanceRecords completed in 15 ms
2026-05-09 16:21:41.247 [RMI TCP Connection(4)-127.0.0.1] DEBUG c.a.system.server.AttendanceServer - Executing method: getNotifications
2026-05-09 16:21:41.285 [RMI TCP Connection(4)-127.0.0.1] DEBUG c.a.system.server.AttendanceServer - Method getNotifications completed in 38 ms
2026-05-09 16:22:08.085 [pool-1-thread-2] DEBUG c.a.system.server.ServerLauncher - Server stats - Active connections: 1, Total requests: 7
2026-05-09 16:22:08.219 [RMI TCP Connection(5)-127.0.0.1] DEBUG c.a.system.server.AttendanceServer - Executing method: markNotificationAsRead
2026-05-09 16:22:08.261 [RMI TCP Connection(5)-127.0.0.1] INFO  c.a.system.dao.NotificationDAO - Notification marked as read: 22
2026-05-09 16:22:08.263 [RMI TCP Connection(5)-127.0.0.1] DEBUG c.a.system.server.AttendanceServer - Method markNotificationAsRead completed in 43 ms
2026-05-09 16:22:08.269 [RMI TCP Connection(5)-127.0.0.1] DEBUG c.a.system.server.AttendanceServer - Executing method: getNotifications
2026-05-09 16:22:08.295 [RMI TCP Connection(5)-127.0.0.1] DEBUG c.a.system.server.AttendanceServer - Method getNotifications completed in 26 ms
2026-05-09 16:22:32.645 [RMI TCP Connection(5)-127.0.0.1] DEBUG c.a.system.server.AttendanceServer - Executing method: markNotificationAsRead
2026-05-09 16:22:32.716 [RMI TCP Connection(5)-127.0.0.1] INFO  c.a.system.dao.NotificationDAO - Notification marked as read: 20
2026-05-09 16:22:32.717 [RMI TCP Connection(5)-127.0.0.1] DEBUG c.a.system.server.AttendanceServer - Method markNotificationAsRead completed in 72 ms
2026-05-09 16:22:32.721 [RMI TCP Connection(5)-127.0.0.1] DEBUG c.a.system.server.AttendanceServer - Executing method: getNotifications
2026-05-09 16:22:32.742 [RMI TCP Connection(5)-127.0.0.1] DEBUG c.a.system.server.AttendanceServer - Method getNotifications completed in 21 ms
2026-05-09 16:22:37.015 [RMI TCP Connection(5)-127.0.0.1] DEBUG c.a.system.server.AttendanceServer - Executing method: markNotificationAsRead
2026-05-09 16:22:37.050 [RMI TCP Connection(5)-127.0.0.1] INFO  c.a.system.dao.NotificationDAO - Notification marked as read: 21
2026-05-09 16:22:37.051 [RMI TCP Connection(5)-127.0.0.1] DEBUG c.a.system.server.AttendanceServer - Method markNotificationAsRead completed in 36 ms
2026-05-09 16:22:37.056 [RMI TCP Connection(5)-127.0.0.1] DEBUG c.a.system.server.AttendanceServer - Executing method: getNotifications
2026-05-09 16:22:37.068 [RMI TCP Connection(5)-127.0.0.1] DEBUG c.a.system.server.AttendanceServer - Method getNotifications completed in 12 ms
2026-05-09 16:22:42.590 [RMI TCP Connection(5)-127.0.0.1] DEBUG c.a.system.server.AttendanceServer - Executing method: getNotifications
2026-05-09 16:22:42.609 [RMI TCP Connection(5)-127.0.0.1] DEBUG c.a.system.server.AttendanceServer - Method getNotifications completed in 20 ms
2026-05-09 16:23:08.085 [pool-1-thread-1] DEBUG c.a.system.server.ServerLauncher - Server stats - Active connections: 1, Total requests: 14
2026-05-09 16:23:37.770 [RMI TCP Connection(6)-127.0.0.1] DEBUG c.a.system.server.AttendanceServer - Executing method: getCoursesByStudent
2026-05-09 16:23:37.781 [RMI TCP Connection(6)-127.0.0.1] DEBUG c.a.system.server.AttendanceServer - Method getCoursesByStudent completed in 11 ms
2026-05-09 16:23:37.818 [RMI TCP Connection(6)-127.0.0.1] DEBUG c.a.system.server.AttendanceServer - Executing method: getAttendanceRecords
2026-05-09 16:23:37.827 [RMI TCP Connection(7)-127.0.0.1] DEBUG c.a.system.server.AttendanceServer - Executing method: getAttendanceRecords
2026-05-09 16:23:37.834 [RMI TCP Connection(6)-127.0.0.1] DEBUG c.a.system.server.AttendanceServer - Method getAttendanceRecords completed in 16 ms
2026-05-09 16:23:37.839 [RMI TCP Connection(7)-127.0.0.1] DEBUG c.a.system.server.AttendanceServer - Method getAttendanceRecords completed in 13 ms
2026-05-09 16:23:40.403 [RMI TCP Connection(7)-127.0.0.1] DEBUG c.a.system.server.AttendanceServer - Executing method: getAttendanceRecords
2026-05-09 16:23:40.423 [RMI TCP Connection(7)-127.0.0.1] DEBUG c.a.system.server.AttendanceServer - Method getAttendanceRecords completed in 20 ms
2026-05-09 16:23:43.929 [RMI TCP Connection(7)-127.0.0.1] DEBUG c.a.system.server.AttendanceServer - Executing method: getAttendanceRecords
2026-05-09 16:23:43.946 [RMI TCP Connection(7)-127.0.0.1] DEBUG c.a.system.server.AttendanceServer - Method getAttendanceRecords completed in 17 ms
2026-05-09 16:23:45.664 [RMI TCP Connection(7)-127.0.0.1] DEBUG c.a.system.server.AttendanceServer - Executing method: getAttendanceRecords
2026-05-09 16:23:45.669 [RMI TCP Connection(7)-127.0.0.1] DEBUG c.a.system.server.AttendanceServer - Method getAttendanceRecords completed in 5 ms
2026-05-09 16:23:49.441 [RMI TCP Connection(7)-127.0.0.1] DEBUG c.a.system.server.AttendanceServer - Executing method: getCoursesByStudent
2026-05-09 16:23:49.458 [RMI TCP Connection(7)-127.0.0.1] DEBUG c.a.system.server.AttendanceServer - Method getCoursesByStudent completed in 17 ms
2026-05-09 16:23:49.526 [RMI TCP Connection(7)-127.0.0.1] DEBUG c.a.system.server.AttendanceServer - Executing method: getAttendanceRecords
2026-05-09 16:23:49.527 [RMI TCP Connection(6)-127.0.0.1] DEBUG c.a.system.server.AttendanceServer - Executing method: getAttendanceRecords
2026-05-09 16:23:49.529 [RMI TCP Connection(7)-127.0.0.1] DEBUG c.a.system.server.AttendanceServer - Method getAttendanceRecords completed in 3 ms
2026-05-09 16:23:49.531 [RMI TCP Connection(6)-127.0.0.1] DEBUG c.a.system.server.AttendanceServer - Method getAttendanceRecords completed in 4 ms
2026-05-09 16:23:56.730 [RMI TCP Connection(6)-127.0.0.1] DEBUG c.a.system.server.AttendanceServer - Executing method: getCoursesByStudent
2026-05-09 16:23:56.733 [RMI TCP Connection(6)-127.0.0.1] DEBUG c.a.system.server.AttendanceServer - Method getCoursesByStudent completed in 3 ms
2026-05-09 16:23:56.767 [RMI TCP Connection(6)-127.0.0.1] DEBUG c.a.system.server.AttendanceServer - Executing method: getAttendanceRecords
2026-05-09 16:23:56.773 [RMI TCP Connection(7)-127.0.0.1] DEBUG c.a.system.server.AttendanceServer - Executing method: getAttendanceRecords
2026-05-09 16:23:56.775 [RMI TCP Connection(6)-127.0.0.1] DEBUG c.a.system.server.AttendanceServer - Method getAttendanceRecords completed in 8 ms
2026-05-09 16:23:56.783 [RMI TCP Connection(7)-127.0.0.1] DEBUG c.a.system.server.AttendanceServer - Method getAttendanceRecords completed in 10 ms
2026-05-09 16:24:07.323 [RMI TCP Connection(7)-127.0.0.1] DEBUG c.a.system.server.AttendanceServer - Executing method: getNotifications
2026-05-09 16:24:07.332 [RMI TCP Connection(7)-127.0.0.1] DEBUG c.a.system.server.AttendanceServer - Method getNotifications completed in 9 ms
2026-05-09 16:24:08.084 [pool-1-thread-1] DEBUG c.a.system.server.ServerLauncher - Server stats - Active connections: 1, Total requests: 27
2026-05-09 16:24:25.021 [RMI TCP Connection(8)-127.0.0.1] DEBUG c.a.system.server.AttendanceServer - Executing method: getNotifications
2026-05-09 16:24:25.080 [RMI TCP Connection(8)-127.0.0.1] DEBUG c.a.system.server.AttendanceServer - Method getNotifications completed in 59 ms
2026-05-09 16:24:27.886 [RMI TCP Connection(8)-127.0.0.1] DEBUG c.a.system.server.AttendanceServer - Executing method: getNotifications
2026-05-09 16:24:27.906 [RMI TCP Connection(8)-127.0.0.1] DEBUG c.a.system.server.AttendanceServer - Method getNotifications completed in 20 ms
2026-05-09 16:24:28.972 [RMI TCP Connection(8)-127.0.0.1] DEBUG c.a.system.server.AttendanceServer - Executing method: getNotifications
2026-05-09 16:24:29.004 [RMI TCP Connection(8)-127.0.0.1] DEBUG c.a.system.server.AttendanceServer - Method getNotifications completed in 32 ms
2026-05-09 16:24:29.116 [RMI TCP Connection(8)-127.0.0.1] DEBUG c.a.system.server.AttendanceServer - Executing method: getNotifications
2026-05-09 16:24:29.122 [RMI TCP Connection(8)-127.0.0.1] DEBUG c.a.system.server.AttendanceServer - Method getNotifications completed in 6 ms
2026-05-09 16:24:29.296 [RMI TCP Connection(8)-127.0.0.1] DEBUG c.a.system.server.AttendanceServer - Executing method: getNotifications
2026-05-09 16:24:29.300 [RMI TCP Connection(8)-127.0.0.1] DEBUG c.a.system.server.AttendanceServer - Method getNotifications completed in 4 ms
2026-05-09 16:24:33.729 [RMI TCP Connection(8)-127.0.0.1] DEBUG c.a.system.server.AttendanceServer - Executing method: getCoursesByStudent
2026-05-09 16:24:33.766 [RMI TCP Connection(8)-127.0.0.1] DEBUG c.a.system.server.AttendanceServer - Method getCoursesByStudent completed in 37 ms
2026-05-09 16:24:33.805 [RMI TCP Connection(8)-127.0.0.1] DEBUG c.a.system.server.AttendanceServer - Executing method: getAttendanceRecords
2026-05-09 16:24:33.807 [RMI TCP Connection(9)-127.0.0.1] DEBUG c.a.system.server.AttendanceServer - Executing method: getAttendanceRecords
2026-05-09 16:24:33.808 [RMI TCP Connection(8)-127.0.0.1] DEBUG c.a.system.server.AttendanceServer - Method getAttendanceRecords completed in 3 ms
2026-05-09 16:24:33.812 [RMI TCP Connection(9)-127.0.0.1] DEBUG c.a.system.server.AttendanceServer - Method getAttendanceRecords completed in 5 ms
2026-05-09 16:24:36.338 [RMI TCP Connection(9)-127.0.0.1] DEBUG c.a.system.server.AttendanceServer - Executing method: getCoursesByStudent
2026-05-09 16:24:36.355 [RMI TCP Connection(9)-127.0.0.1] DEBUG c.a.system.server.AttendanceServer - Method getCoursesByStudent completed in 17 ms
2026-05-09 16:24:36.400 [RMI TCP Connection(9)-127.0.0.1] DEBUG c.a.system.server.AttendanceServer - Executing method: getAttendanceRecords
2026-05-09 16:24:36.402 [RMI TCP Connection(8)-127.0.0.1] DEBUG c.a.system.server.AttendanceServer - Executing method: getAttendanceRecords
2026-05-09 16:24:36.403 [RMI TCP Connection(9)-127.0.0.1] DEBUG c.a.system.server.AttendanceServer - Method getAttendanceRecords completed in 3 ms
2026-05-09 16:24:36.410 [RMI TCP Connection(8)-127.0.0.1] DEBUG c.a.system.server.AttendanceServer - Method getAttendanceRecords completed in 8 ms
2026-05-09 16:24:46.482 [RMI TCP Connection(8)-127.0.0.1] DEBUG c.a.system.server.AttendanceServer - Executing method: logout
2026-05-09 16:24:46.487 [RMI TCP Connection(8)-127.0.0.1] INFO  c.a.s.service.AuthenticationService - User logged out: student1
2026-05-09 16:24:46.488 [RMI TCP Connection(8)-127.0.0.1] INFO  c.a.system.server.AttendanceServer - User logged out: student1 (Active connections: 0)
2026-05-09 16:24:46.489 [RMI TCP Connection(8)-127.0.0.1] DEBUG c.a.system.server.AttendanceServer - Method logout completed in 7 ms
2026-05-09 16:24:46.492 [AWT-EventQueue-0] INFO  c.a.system.client.AttendanceGUI - User logged out: student1
2026-05-09 16:25:06.974 [RMI TCP Connection(8)-127.0.0.1] DEBUG c.a.system.server.AttendanceServer - Executing method: authenticateUser
2026-05-09 16:25:06.976 [RMI TCP Connection(8)-127.0.0.1] DEBUG c.a.system.server.AttendanceServer - Authentication request for user: teacher1
2026-05-09 16:25:07.401 [RMI TCP Connection(8)-127.0.0.1] INFO  c.a.s.service.AuthenticationService - User authenticated successfully: teacher1 (Role: Teacher)
2026-05-09 16:25:07.401 [RMI TCP Connection(8)-127.0.0.1] INFO  c.a.system.server.AttendanceServer - User authenticated successfully: teacher1 (Active connections: 1)
2026-05-09 16:25:07.401 [RMI TCP Connection(8)-127.0.0.1] DEBUG c.a.system.server.AttendanceServer - Method authenticateUser completed in 427 ms
2026-05-09 16:25:07.412 [RMI TCP Connection(8)-127.0.0.1] DEBUG c.a.system.server.AttendanceServer - Executing method: validateSession
2026-05-09 16:25:07.413 [RMI TCP Connection(8)-127.0.0.1] DEBUG c.a.system.server.AttendanceServer - Method validateSession completed in 1 ms
2026-05-09 16:25:07.422 [RMI TCP Connection(8)-127.0.0.1] DEBUG c.a.system.server.AttendanceServer - Executing method: validateSession
2026-05-09 16:25:07.423 [RMI TCP Connection(8)-127.0.0.1] DEBUG c.a.system.server.AttendanceServer - Method validateSession completed in 1 ms
2026-05-09 16:25:07.493 [RMI TCP Connection(8)-127.0.0.1] DEBUG c.a.system.server.AttendanceServer - Executing method: getCoursesByTeacher
2026-05-09 16:25:07.505 [RMI TCP Connection(8)-127.0.0.1] DEBUG c.a.system.server.AttendanceServer - Method getCoursesByTeacher completed in 11 ms
2026-05-09 16:25:07.525 [RMI TCP Connection(8)-127.0.0.1] DEBUG c.a.system.server.AttendanceServer - Executing method: getNotifications
2026-05-09 16:25:07.530 [RMI TCP Connection(10)-127.0.0.1] DEBUG c.a.system.server.AttendanceServer - Executing method: getUnreadNotificationCount
2026-05-09 16:25:07.532 [RMI TCP Connection(11)-127.0.0.1] DEBUG c.a.system.server.AttendanceServer - Executing method: getCoursesByTeacher
2026-05-09 16:25:07.536 [RMI TCP Connection(8)-127.0.0.1] DEBUG c.a.system.server.AttendanceServer - Method getNotifications completed in 11 ms
2026-05-09 16:25:07.542 [RMI TCP Connection(11)-127.0.0.1] DEBUG c.a.system.server.AttendanceServer - Method getCoursesByTeacher completed in 10 ms
2026-05-09 16:25:07.542 [RMI TCP Connection(10)-127.0.0.1] DEBUG c.a.system.server.AttendanceServer - Method getUnreadNotificationCount completed in 12 ms
2026-05-09 16:25:07.602 [AWT-EventQueue-0] INFO  c.a.system.client.AttendanceGUI - User authenticated: teacher1 (Teacher)
2026-05-09 16:25:08.084 [pool-1-thread-1] DEBUG c.a.system.server.ServerLauncher - Server stats - Active connections: 1, Total requests: 46
2026-05-09 16:25:10.427 [RMI TCP Connection(8)-127.0.0.1] DEBUG c.a.system.server.AttendanceServer - Executing method: getCoursesByTeacher
2026-05-09 16:25:10.431 [RMI TCP Connection(8)-127.0.0.1] DEBUG c.a.system.server.AttendanceServer - Method getCoursesByTeacher completed in 4 ms
2026-05-09 16:25:28.952 [RMI TCP Connection(8)-127.0.0.1] DEBUG c.a.system.server.AttendanceServer - Executing method: markAllNotificationsAsRead
2026-05-09 16:25:29.017 [RMI TCP Connection(8)-127.0.0.1] INFO  c.a.system.dao.NotificationDAO - Marked 2 notifications as read for user: 24
2026-05-09 16:25:29.017 [RMI TCP Connection(8)-127.0.0.1] DEBUG c.a.system.server.AttendanceServer - Method markAllNotificationsAsRead completed in 65 ms
2026-05-09 16:25:30.368 [RMI TCP Connection(8)-127.0.0.1] DEBUG c.a.system.server.AttendanceServer - Executing method: getNotifications
2026-05-09 16:25:30.377 [RMI TCP Connection(8)-127.0.0.1] DEBUG c.a.system.server.AttendanceServer - Method getNotifications completed in 9 ms
2026-05-09 16:25:30.385 [RMI TCP Connection(12)-127.0.0.1] DEBUG c.a.system.server.AttendanceServer - Executing method: getUnreadNotificationCount
2026-05-09 16:25:30.391 [RMI TCP Connection(12)-127.0.0.1] DEBUG c.a.system.server.AttendanceServer - Method getUnreadNotificationCount completed in 6 ms
2026-05-09 16:25:38.075 [RMI TCP Connection(12)-127.0.0.1] DEBUG c.a.system.server.AttendanceServer - Executing method: getNotifications
2026-05-09 16:25:38.094 [RMI TCP Connection(12)-127.0.0.1] DEBUG c.a.system.server.AttendanceServer - Method getNotifications completed in 19 ms
2026-05-09 16:25:41.934 [RMI TCP Connection(12)-127.0.0.1] DEBUG c.a.system.server.AttendanceServer - Executing method: getCoursesByTeacher
2026-05-09 16:25:41.938 [RMI TCP Connection(12)-127.0.0.1] DEBUG c.a.system.server.AttendanceServer - Method getCoursesByTeacher completed in 4 ms
2026-05-09 16:25:53.816 [RMI TCP Connection(12)-127.0.0.1] DEBUG c.a.system.server.AttendanceServer - Executing method: getCoursesByTeacher
2026-05-09 16:25:53.826 [RMI TCP Connection(12)-127.0.0.1] DEBUG c.a.system.server.AttendanceServer - Method getCoursesByTeacher completed in 10 ms
2026-05-09 16:26:08.084 [pool-1-thread-1] DEBUG c.a.system.server.ServerLauncher - Server stats - Active connections: 1, Total requests: 53
2026-05-09 16:26:12.288 [RMI TCP Connection(13)-127.0.0.1] DEBUG c.a.system.server.AttendanceServer - Executing method: markAllNotificationsAsRead
2026-05-09 16:26:12.300 [RMI TCP Connection(13)-127.0.0.1] INFO  c.a.system.dao.NotificationDAO - Marked 0 notifications as read for user: 24
2026-05-09 16:26:12.301 [RMI TCP Connection(13)-127.0.0.1] DEBUG c.a.system.server.AttendanceServer - Method markAllNotificationsAsRead completed in 13 ms
2026-05-09 16:26:13.588 [RMI TCP Connection(14)-127.0.0.1] DEBUG c.a.system.server.AttendanceServer - Executing method: getUnreadNotificationCount
2026-05-09 16:26:13.591 [RMI TCP Connection(13)-127.0.0.1] DEBUG c.a.system.server.AttendanceServer - Executing method: getNotifications
2026-05-09 16:26:13.606 [RMI TCP Connection(14)-127.0.0.1] DEBUG c.a.system.server.AttendanceServer - Method getUnreadNotificationCount completed in 18 ms
2026-05-09 16:26:13.616 [RMI TCP Connection(13)-127.0.0.1] DEBUG c.a.system.server.AttendanceServer - Method getNotifications completed in 25 ms
2026-05-09 16:26:17.661 [RMI TCP Connection(13)-127.0.0.1] DEBUG c.a.system.server.AttendanceServer - Executing method: getNotifications
2026-05-09 16:26:17.680 [RMI TCP Connection(13)-127.0.0.1] DEBUG c.a.system.server.AttendanceServer - Method getNotifications completed in 19 ms
2026-05-09 16:26:22.645 [RMI TCP Connection(13)-127.0.0.1] DEBUG c.a.system.server.AttendanceServer - Executing method: getNotifications
2026-05-09 16:26:22.645 [RMI TCP Connection(14)-127.0.0.1] DEBUG c.a.system.server.AttendanceServer - Executing method: getUnreadNotificationCount
2026-05-09 16:26:22.659 [RMI TCP Connection(13)-127.0.0.1] DEBUG c.a.system.server.AttendanceServer - Method getNotifications completed in 14 ms
2026-05-09 16:26:22.662 [RMI TCP Connection(14)-127.0.0.1] DEBUG c.a.system.server.AttendanceServer - Method getUnreadNotificationCount completed in 17 ms
2026-05-09 16:26:24.905 [RMI TCP Connection(13)-127.0.0.1] DEBUG c.a.system.server.AttendanceServer - Executing method: getNotifications
2026-05-09 16:26:24.919 [RMI TCP Connection(13)-127.0.0.1] DEBUG c.a.system.server.AttendanceServer - Method getNotifications completed in 14 ms
2026-05-09 16:26:26.107 [RMI TCP Connection(13)-127.0.0.1] DEBUG c.a.system.server.AttendanceServer - Executing method: getNotifications
2026-05-09 16:26:26.121 [RMI TCP Connection(13)-127.0.0.1] DEBUG c.a.system.server.AttendanceServer - Method getNotifications completed in 14 ms
2026-05-09 16:26:29.997 [RMI TCP Connection(13)-127.0.0.1] DEBUG c.a.system.server.AttendanceServer - Executing method: getCoursesByTeacher
2026-05-09 16:26:30.001 [RMI TCP Connection(13)-127.0.0.1] DEBUG c.a.system.server.AttendanceServer - Method getCoursesByTeacher completed in 4 ms
2026-05-09 16:26:35.248 [RMI TCP Connection(13)-127.0.0.1] DEBUG c.a.system.server.AttendanceServer - Executing method: getCoursesByTeacher
2026-05-09 16:26:35.252 [RMI TCP Connection(13)-127.0.0.1] DEBUG c.a.system.server.AttendanceServer - Method getCoursesByTeacher completed in 4 ms
2026-05-09 16:27:02.681 [RMI TCP Connection(15)-127.0.0.1] DEBUG c.a.system.server.AttendanceServer - Executing method: markAllNotificationsAsRead
2026-05-09 16:27:02.687 [RMI TCP Connection(15)-127.0.0.1] INFO  c.a.system.dao.NotificationDAO - Marked 0 notifications as read for user: 24
2026-05-09 16:27:02.687 [RMI TCP Connection(15)-127.0.0.1] DEBUG c.a.system.server.AttendanceServer - Method markAllNotificationsAsRead completed in 6 ms
2026-05-09 16:27:04.252 [RMI TCP Connection(15)-127.0.0.1] DEBUG c.a.system.server.AttendanceServer - Executing method: getNotifications
2026-05-09 16:27:04.265 [RMI TCP Connection(16)-127.0.0.1] DEBUG c.a.system.server.AttendanceServer - Executing method: getUnreadNotificationCount
2026-05-09 16:27:04.270 [RMI TCP Connection(15)-127.0.0.1] DEBUG c.a.system.server.AttendanceServer - Method getNotifications completed in 18 ms
2026-05-09 16:27:04.285 [RMI TCP Connection(16)-127.0.0.1] DEBUG c.a.system.server.AttendanceServer - Method getUnreadNotificationCount completed in 20 ms
2026-05-09 16:27:08.085 [pool-1-thread-1] DEBUG c.a.system.server.ServerLauncher - Server stats - Active connections: 1, Total requests: 66
2026-05-09 16:27:14.984 [RMI TCP Connection(16)-127.0.0.1] DEBUG c.a.system.server.AttendanceServer - Executing method: getCoursesByTeacher
2026-05-09 16:27:14.993 [RMI TCP Connection(16)-127.0.0.1] DEBUG c.a.system.server.AttendanceServer - Method getCoursesByTeacher completed in 9 ms
2026-05-09 16:27:20.118 [RMI TCP Connection(16)-127.0.0.1] DEBUG c.a.system.server.AttendanceServer - Executing method: getCoursesByTeacher
2026-05-09 16:27:20.127 [RMI TCP Connection(16)-127.0.0.1] DEBUG c.a.system.server.AttendanceServer - Method getCoursesByTeacher completed in 9 ms
2026-05-09 16:27:27.572 [RMI TCP Connection(16)-127.0.0.1] DEBUG c.a.system.server.AttendanceServer - Executing method: getCoursesByTeacher
2026-05-09 16:27:27.582 [RMI TCP Connection(16)-127.0.0.1] DEBUG c.a.system.server.AttendanceServer - Method getCoursesByTeacher completed in 10 ms
2026-05-09 16:27:31.844 [RMI TCP Connection(16)-127.0.0.1] DEBUG c.a.system.server.AttendanceServer - Executing method: getCoursesByTeacher
2026-05-09 16:27:31.854 [RMI TCP Connection(16)-127.0.0.1] DEBUG c.a.system.server.AttendanceServer - Method getCoursesByTeacher completed in 10 ms
2026-05-09 16:27:37.338 [RMI TCP Connection(16)-127.0.0.1] DEBUG c.a.system.server.AttendanceServer - Executing method: getCoursesByTeacher
2026-05-09 16:27:37.343 [RMI TCP Connection(16)-127.0.0.1] DEBUG c.a.system.server.AttendanceServer - Method getCoursesByTeacher completed in 5 ms
2026-05-09 16:28:08.085 [pool-1-thread-1] DEBUG c.a.system.server.ServerLauncher - Server stats - Active connections: 1, Total requests: 71
2026-05-09 16:29:08.084 [pool-1-thread-1] DEBUG c.a.system.server.ServerLauncher - Server stats - Active connections: 1, Total requests: 71
2026-05-09 16:29:09.456 [RMI TCP Connection(17)-127.0.0.1] DEBUG c.a.system.server.AttendanceServer - Executing method: logout
2026-05-09 16:29:09.456 [RMI TCP Connection(17)-127.0.0.1] INFO  c.a.s.service.AuthenticationService - User logged out: teacher1
2026-05-09 16:29:09.456 [RMI TCP Connection(17)-127.0.0.1] INFO  c.a.system.server.AttendanceServer - User logged out: teacher1 (Active connections: 0)
2026-05-09 16:29:09.456 [RMI TCP Connection(17)-127.0.0.1] DEBUG c.a.system.server.AttendanceServer - Method logout completed in 0 ms
2026-05-09 16:29:09.457 [AWT-EventQueue-0] INFO  c.a.system.client.AttendanceGUI - User logged out: teacher1
2026-05-09 16:29:39.978 [AWT-EventQueue-0] INFO  c.a.system.client.AttendanceGUI - Application exiting
2026-05-09 16:29:45.846 [Thread-2] INFO  c.a.system.server.ServerLauncher - Shutdown hook triggered
2026-05-09 16:29:45.846 [Thread-2] INFO  c.a.system.server.ServerLauncher - Stopping Student Attendance System Server...
2026-05-09 16:29:45.846 [Thread-2] INFO  c.a.system.server.ServerLauncher - Service unbound from registry
2026-05-09 16:29:45.848 [Thread-2] INFO  c.a.system.server.ServerLauncher - Server unexported
2026-05-09 16:29:45.849 [Thread-2] INFO  com.zaxxer.hikari.HikariDataSource - HikariPool-2 - Shutdown initiated...
2026-05-09 16:29:45.877 [Thread-2] INFO  com.zaxxer.hikari.HikariDataSource - HikariPool-2 - Shutdown completed.
2026-05-09 16:29:45.877 [Thread-2] INFO  c.a.system.dao.DatabaseManager - Database connection pool closed
2026-05-09 16:29:45.878 [Thread-2] INFO  c.a.system.server.ServerLauncher - Database connections closed
2026-05-09 16:29:45.878 [Thread-2] INFO  c.a.system.server.ServerLauncher - Server stopped successfully
2026-05-09 16:29:45.880 [SessionCleanup] INFO  c.a.s.service.AuthenticationService - Session cleanup thread interrupted
2026-05-09 16:32:30.896 [com.attendance.system.server.ServerLauncher.main()] INFO  c.a.system.server.ServerLauncher - Starting Student Attendance System Server...
2026-05-09 16:32:30.898 [com.attendance.system.server.ServerLauncher.main()] INFO  c.a.system.server.ServerLauncher - Initializing database connection...
2026-05-09 16:32:30.926 [com.attendance.system.server.ServerLauncher.main()] INFO  com.zaxxer.hikari.HikariDataSource - HikariPool-1 - Starting...
2026-05-09 16:32:31.401 [com.attendance.system.server.ServerLauncher.main()] INFO  com.zaxxer.hikari.pool.HikariPool - HikariPool-1 - Added connection com.mysql.cj.jdbc.ConnectionImpl@57cd02ee
2026-05-09 16:32:31.405 [com.attendance.system.server.ServerLauncher.main()] INFO  com.zaxxer.hikari.HikariDataSource - HikariPool-1 - Start completed.
2026-05-09 16:32:31.405 [com.attendance.system.server.ServerLauncher.main()] INFO  c.a.system.dao.DatabaseManager - Database connection pool initialized successfully
2026-05-09 16:32:31.416 [com.attendance.system.server.ServerLauncher.main()] DEBUG c.a.system.dao.DatabaseManager - Database connection test successful
2026-05-09 16:32:31.437 [com.attendance.system.server.ServerLauncher.main()] INFO  com.zaxxer.hikari.HikariDataSource - HikariPool-2 - Starting...
2026-05-09 16:32:31.446 [com.attendance.system.server.ServerLauncher.main()] INFO  com.zaxxer.hikari.pool.HikariPool - HikariPool-2 - Added connection com.mysql.cj.jdbc.ConnectionImpl@d5f0f0c
2026-05-09 16:32:31.447 [com.attendance.system.server.ServerLauncher.main()] INFO  com.zaxxer.hikari.HikariDataSource - HikariPool-2 - Start completed.
2026-05-09 16:32:31.448 [com.attendance.system.server.ServerLauncher.main()] INFO  c.a.system.dao.DatabaseManager - Database connection pool initialized successfully
2026-05-09 16:32:31.450 [com.attendance.system.server.ServerLauncher.main()] DEBUG c.a.system.dao.DatabaseManager - Database connection test successful
2026-05-09 16:32:31.452 [com.attendance.system.server.ServerLauncher.main()] DEBUG c.a.system.dao.DatabaseManager - Database connection test successful
2026-05-09 16:32:31.452 [com.attendance.system.server.ServerLauncher.main()] INFO  c.a.system.server.ServerLauncher - Database connection established successfully
2026-05-09 16:32:31.453 [com.attendance.system.server.ServerLauncher.main()] DEBUG c.a.system.server.ServerLauncher - Setting up RMI system properties...
2026-05-09 16:32:31.453 [com.attendance.system.server.ServerLauncher.main()] INFO  c.a.system.server.ServerLauncher - RMI server hostname set to: localhost
2026-05-09 16:32:31.453 [com.attendance.system.server.ServerLauncher.main()] INFO  c.a.system.server.ServerLauncher - Setting up RMI registry on port 1100...
2026-05-09 16:32:31.499 [com.attendance.system.server.ServerLauncher.main()] INFO  c.a.system.server.ServerLauncher - Created new RMI registry on port 1100
2026-05-09 16:32:31.500 [com.attendance.system.server.ServerLauncher.main()] INFO  c.a.system.server.ServerLauncher - Creating and exporting attendance server...
2026-05-09 16:32:31.564 [com.attendance.system.server.ServerLauncher.main()] INFO  c.a.system.server.AttendanceServer - AttendanceServer initialized successfully
2026-05-09 16:32:31.565 [com.attendance.system.server.ServerLauncher.main()] INFO  c.a.system.server.AttendanceServer - Encryption enabled: false
2026-05-09 16:32:31.565 [com.attendance.system.server.ServerLauncher.main()] INFO  c.a.system.server.AttendanceServer - Max concurrent users: 100
2026-05-09 16:32:31.565 [com.attendance.system.server.ServerLauncher.main()] INFO  c.a.system.server.ServerLauncher - Attendance server created and exported successfully
2026-05-09 16:32:31.565 [com.attendance.system.server.ServerLauncher.main()] INFO  c.a.system.server.ServerLauncher - Binding server to registry with name 'AttendanceService'...
2026-05-09 16:32:31.566 [com.attendance.system.server.ServerLauncher.main()] INFO  c.a.system.server.ServerLauncher - Server bound to registry successfully
2026-05-09 16:32:31.566 [com.attendance.system.server.ServerLauncher.main()] INFO  c.a.system.server.ServerLauncher - Starting maintenance tasks...
2026-05-09 16:32:31.573 [com.attendance.system.server.ServerLauncher.main()] INFO  c.a.system.server.ServerLauncher - Maintenance tasks started
2026-05-09 16:32:31.576 [com.attendance.system.server.ServerLauncher.main()] INFO  c.a.system.server.ServerLauncher - Server started successfully!
2026-05-09 16:32:31.576 [com.attendance.system.server.ServerLauncher.main()] INFO  c.a.system.server.ServerLauncher - Service name: AttendanceService
2026-05-09 16:32:31.576 [com.attendance.system.server.ServerLauncher.main()] INFO  c.a.system.server.ServerLauncher - RMI registry port: 1100
2026-05-09 16:32:31.576 [com.attendance.system.server.ServerLauncher.main()] INFO  c.a.system.server.ServerLauncher - Server listening on port: 0
2026-05-09 16:32:31.576 [com.attendance.system.server.ServerLauncher.main()] INFO  c.a.system.server.ServerLauncher - Server is ready to accept client connections.
2026-05-09 16:32:39.158 [AWT-EventQueue-0] INFO  c.a.system.client.AttendanceGUI - GUI initialized successfully
2026-05-09 16:32:39.160 [ForkJoinPool.commonPool-worker-2] INFO  c.a.system.client.AttendanceGUI - Attempting to connect to server: rmi://localhost:1100/AttendanceService
2026-05-09 16:32:39.592 [AWT-EventQueue-0] INFO  c.a.system.client.AttendanceGUI - Successfully connected to server
2026-05-09 16:33:31.573 [pool-1-thread-2] DEBUG c.a.system.server.ServerLauncher - Server stats - Active connections: 0, Total requests: 0
2026-05-09 16:34:31.573 [pool-1-thread-2] DEBUG c.a.system.server.ServerLauncher - Server stats - Active connections: 0, Total requests: 0
2026-05-09 16:35:31.573 [pool-1-thread-2] DEBUG c.a.system.server.ServerLauncher - Server stats - Active connections: 0, Total requests: 0
2026-05-09 16:36:31.573 [pool-1-thread-2] DEBUG c.a.system.server.ServerLauncher - Server stats - Active connections: 0, Total requests: 0
2026-05-09 16:37:31.573 [pool-1-thread-2] DEBUG c.a.system.server.ServerLauncher - Server stats - Active connections: 0, Total requests: 0
2026-05-09 16:38:00.202 [Thread-2] INFO  c.a.system.server.ServerLauncher - Shutdown hook triggered
2026-05-09 16:38:00.203 [Thread-2] INFO  c.a.system.server.ServerLauncher - Stopping Student Attendance System Server...
2026-05-09 16:38:00.206 [Thread-2] INFO  c.a.system.server.ServerLauncher - Service unbound from registry
2026-05-09 16:38:00.215 [Thread-2] INFO  c.a.system.server.ServerLauncher - Server unexported
2026-05-09 16:38:00.215 [Thread-2] INFO  com.zaxxer.hikari.HikariDataSource - HikariPool-2 - Shutdown initiated...
2026-05-09 16:38:00.254 [Thread-2] INFO  com.zaxxer.hikari.HikariDataSource - HikariPool-2 - Shutdown completed.
2026-05-09 16:38:00.255 [Thread-2] INFO  c.a.system.dao.DatabaseManager - Database connection pool closed
2026-05-09 16:38:00.258 [Thread-2] INFO  c.a.system.server.ServerLauncher - Database connections closed
2026-05-09 16:38:00.258 [Thread-2] INFO  c.a.system.server.ServerLauncher - Server stopped successfully
2026-05-09 16:42:03.458 [com.attendance.system.server.ServerLauncher.main()] INFO  c.a.system.server.ServerLauncher - Starting Student Attendance System Server...
2026-05-09 16:42:03.460 [com.attendance.system.server.ServerLauncher.main()] INFO  c.a.system.server.ServerLauncher - Initializing database connection...
2026-05-09 16:42:03.492 [com.attendance.system.server.ServerLauncher.main()] INFO  com.zaxxer.hikari.HikariDataSource - HikariPool-1 - Starting...
2026-05-09 16:42:03.947 [com.attendance.system.server.ServerLauncher.main()] INFO  com.zaxxer.hikari.pool.HikariPool - HikariPool-1 - Added connection com.mysql.cj.jdbc.ConnectionImpl@66438c88
2026-05-09 16:42:03.951 [com.attendance.system.server.ServerLauncher.main()] INFO  com.zaxxer.hikari.HikariDataSource - HikariPool-1 - Start completed.
2026-05-09 16:42:03.951 [com.attendance.system.server.ServerLauncher.main()] INFO  c.a.system.dao.DatabaseManager - Database connection pool initialized successfully
2026-05-09 16:42:03.961 [com.attendance.system.server.ServerLauncher.main()] DEBUG c.a.system.dao.DatabaseManager - Database connection test successful
2026-05-09 16:42:03.974 [com.attendance.system.server.ServerLauncher.main()] INFO  com.zaxxer.hikari.HikariDataSource - HikariPool-2 - Starting...
2026-05-09 16:42:03.984 [com.attendance.system.server.ServerLauncher.main()] INFO  com.zaxxer.hikari.pool.HikariPool - HikariPool-2 - Added connection com.mysql.cj.jdbc.ConnectionImpl@466df41b
2026-05-09 16:42:03.985 [com.attendance.system.server.ServerLauncher.main()] INFO  com.zaxxer.hikari.HikariDataSource - HikariPool-2 - Start completed.
2026-05-09 16:42:03.985 [com.attendance.system.server.ServerLauncher.main()] INFO  c.a.system.dao.DatabaseManager - Database connection pool initialized successfully
2026-05-09 16:42:03.987 [com.attendance.system.server.ServerLauncher.main()] DEBUG c.a.system.dao.DatabaseManager - Database connection test successful
2026-05-09 16:42:03.990 [com.attendance.system.server.ServerLauncher.main()] DEBUG c.a.system.dao.DatabaseManager - Database connection test successful
2026-05-09 16:42:03.992 [com.attendance.system.server.ServerLauncher.main()] INFO  c.a.system.server.ServerLauncher - Database connection established successfully
2026-05-09 16:42:03.993 [com.attendance.system.server.ServerLauncher.main()] DEBUG c.a.system.server.ServerLauncher - Setting up RMI system properties...
2026-05-09 16:42:03.994 [com.attendance.system.server.ServerLauncher.main()] INFO  c.a.system.server.ServerLauncher - RMI server hostname set to: localhost
2026-05-09 16:42:03.994 [com.attendance.system.server.ServerLauncher.main()] INFO  c.a.system.server.ServerLauncher - Setting up RMI registry on port 1100...
2026-05-09 16:42:04.026 [com.attendance.system.server.ServerLauncher.main()] INFO  c.a.system.server.ServerLauncher - Created new RMI registry on port 1100
2026-05-09 16:42:04.027 [com.attendance.system.server.ServerLauncher.main()] INFO  c.a.system.server.ServerLauncher - Creating and exporting attendance server...
2026-05-09 16:42:04.068 [com.attendance.system.server.ServerLauncher.main()] INFO  c.a.system.server.AttendanceServer - AttendanceServer initialized successfully
2026-05-09 16:42:04.070 [com.attendance.system.server.ServerLauncher.main()] INFO  c.a.system.server.AttendanceServer - Encryption enabled: false
2026-05-09 16:42:04.070 [com.attendance.system.server.ServerLauncher.main()] INFO  c.a.system.server.AttendanceServer - Max concurrent users: 100
2026-05-09 16:42:04.071 [com.attendance.system.server.ServerLauncher.main()] INFO  c.a.system.server.ServerLauncher - Attendance server created and exported successfully
2026-05-09 16:42:04.071 [com.attendance.system.server.ServerLauncher.main()] INFO  c.a.system.server.ServerLauncher - Binding server to registry with name 'AttendanceService'...
2026-05-09 16:42:04.071 [com.attendance.system.server.ServerLauncher.main()] INFO  c.a.system.server.ServerLauncher - Server bound to registry successfully
2026-05-09 16:42:04.071 [com.attendance.system.server.ServerLauncher.main()] INFO  c.a.system.server.ServerLauncher - Starting maintenance tasks...
2026-05-09 16:42:04.074 [com.attendance.system.server.ServerLauncher.main()] INFO  c.a.system.server.ServerLauncher - Maintenance tasks started
2026-05-09 16:42:04.075 [com.attendance.system.server.ServerLauncher.main()] INFO  c.a.system.server.ServerLauncher - Server started successfully!
2026-05-09 16:42:04.075 [com.attendance.system.server.ServerLauncher.main()] INFO  c.a.system.server.ServerLauncher - Service name: AttendanceService
2026-05-09 16:42:04.075 [com.attendance.system.server.ServerLauncher.main()] INFO  c.a.system.server.ServerLauncher - RMI registry port: 1100
2026-05-09 16:42:04.076 [com.attendance.system.server.ServerLauncher.main()] INFO  c.a.system.server.ServerLauncher - Server listening on port: 0
2026-05-09 16:42:04.076 [com.attendance.system.server.ServerLauncher.main()] INFO  c.a.system.server.ServerLauncher - Server is ready to accept client connections.
2026-05-09 16:42:13.930 [AWT-EventQueue-0] INFO  c.a.system.client.AttendanceGUI - GUI initialized successfully
2026-05-09 16:42:13.932 [ForkJoinPool.commonPool-worker-2] INFO  c.a.system.client.AttendanceGUI - Attempting to connect to server: rmi://localhost:1100/AttendanceService
2026-05-09 16:42:14.484 [AWT-EventQueue-0] INFO  c.a.system.client.AttendanceGUI - Successfully connected to server
2026-05-09 16:42:27.758 [AWT-EventQueue-0] INFO  c.a.system.client.AttendanceGUI - Application exiting
2026-05-09 16:43:04.074 [pool-1-thread-2] DEBUG c.a.system.server.ServerLauncher - Server stats - Active connections: 0, Total requests: 0
2026-05-09 16:44:04.074 [pool-1-thread-2] DEBUG c.a.system.server.ServerLauncher - Server stats - Active connections: 0, Total requests: 0
                                                                                                                                                                                                                                                                                                                                                                                                                                                                                                                                                                                                                                                                                                                                                                                                                                                                                                                                                                                                   2026-05-09 19:38:47.238 [com.attendance.system.server.ServerLauncher.main()] INFO  c.a.system.server.ServerLauncher - Starting Student Attendance System Server...
2026-05-09 19:38:47.241 [com.attendance.system.server.ServerLauncher.main()] INFO  c.a.system.server.ServerLauncher - Initializing database connection...
2026-05-09 19:38:47.308 [com.attendance.system.server.ServerLauncher.main()] INFO  com.zaxxer.hikari.HikariDataSource - HikariPool-1 - Starting...
2026-05-09 19:38:47.947 [com.attendance.system.server.ServerLauncher.main()] INFO  com.zaxxer.hikari.pool.HikariPool - HikariPool-1 - Added connection com.mysql.cj.jdbc.ConnectionImpl@65baeaa
2026-05-09 19:38:47.954 [com.attendance.system.server.ServerLauncher.main()] INFO  com.zaxxer.hikari.HikariDataSource - HikariPool-1 - Start completed.
2026-05-09 19:38:47.956 [com.attendance.system.server.ServerLauncher.main()] INFO  c.a.system.dao.DatabaseManager - Database connection pool initialized successfully
2026-05-09 19:38:47.969 [com.attendance.system.server.ServerLauncher.main()] DEBUG c.a.system.dao.DatabaseManager - Database connection test successful
2026-05-09 19:38:47.989 [com.attendance.system.server.ServerLauncher.main()] INFO  com.zaxxer.hikari.HikariDataSource - HikariPool-2 - Starting...
2026-05-09 19:38:48.004 [com.attendance.system.server.ServerLauncher.main()] INFO  com.zaxxer.hikari.pool.HikariPool - HikariPool-2 - Added connection com.mysql.cj.jdbc.ConnectionImpl@79c90015
2026-05-09 19:38:48.005 [com.attendance.system.server.ServerLauncher.main()] INFO  com.zaxxer.hikari.HikariDataSource - HikariPool-2 - Start completed.
2026-05-09 19:38:48.005 [com.attendance.system.server.ServerLauncher.main()] INFO  c.a.system.dao.DatabaseManager - Database connection pool initialized successfully
2026-05-09 19:38:48.010 [com.attendance.system.server.ServerLauncher.main()] DEBUG c.a.system.dao.DatabaseManager - Database connection test successful
2026-05-09 19:38:48.013 [com.attendance.system.server.ServerLauncher.main()] DEBUG c.a.system.dao.DatabaseManager - Database connection test successful
2026-05-09 19:38:48.014 [com.attendance.system.server.ServerLauncher.main()] INFO  c.a.system.server.ServerLauncher - Database connection established successfully
2026-05-09 19:38:48.015 [com.attendance.system.server.ServerLauncher.main()] DEBUG c.a.system.server.ServerLauncher - Setting up RMI system properties...
2026-05-09 19:38:48.017 [com.attendance.system.server.ServerLauncher.main()] INFO  c.a.system.server.ServerLauncher - RMI server hostname set to: localhost
2026-05-09 19:38:48.025 [com.attendance.system.server.ServerLauncher.main()] INFO  c.a.system.server.ServerLauncher - Setting up RMI registry on port 1100...
2026-05-09 19:38:48.121 [com.attendance.system.server.ServerLauncher.main()] INFO  c.a.system.server.ServerLauncher - Created new RMI registry on port 1100
2026-05-09 19:38:48.122 [com.attendance.system.server.ServerLauncher.main()] INFO  c.a.system.server.ServerLauncher - Creating and exporting attendance server...
2026-05-09 19:38:48.189 [com.attendance.system.server.ServerLauncher.main()] INFO  c.a.system.server.AttendanceServer - AttendanceServer initialized successfully
2026-05-09 19:38:48.190 [com.attendance.system.server.ServerLauncher.main()] INFO  c.a.system.server.AttendanceServer - Encryption enabled: false
2026-05-09 19:38:48.191 [com.attendance.system.server.ServerLauncher.main()] INFO  c.a.system.server.AttendanceServer - Max concurrent users: 100
2026-05-09 19:38:48.191 [com.attendance.system.server.ServerLauncher.main()] INFO  c.a.system.server.ServerLauncher - Attendance server created and exported successfully
2026-05-09 19:38:48.191 [com.attendance.system.server.ServerLauncher.main()] INFO  c.a.system.server.ServerLauncher - Binding server to registry with name 'AttendanceService'...
2026-05-09 19:38:48.191 [com.attendance.system.server.ServerLauncher.main()] INFO  c.a.system.server.ServerLauncher - Server bound to registry successfully
2026-05-09 19:38:48.192 [com.attendance.system.server.ServerLauncher.main()] INFO  c.a.system.server.ServerLauncher - Starting maintenance tasks...
2026-05-09 19:38:48.195 [com.attendance.system.server.ServerLauncher.main()] INFO  c.a.system.server.ServerLauncher - Maintenance tasks started
2026-05-09 19:38:48.197 [com.attendance.system.server.ServerLauncher.main()] INFO  c.a.system.server.ServerLauncher - Server started successfully!
2026-05-09 19:38:48.198 [com.attendance.system.server.ServerLauncher.main()] INFO  c.a.system.server.ServerLauncher - Service name: AttendanceService
2026-05-09 19:38:48.199 [com.attendance.system.server.ServerLauncher.main()] INFO  c.a.system.server.ServerLauncher - RMI registry port: 1100
2026-05-09 19:38:48.200 [com.attendance.system.server.ServerLauncher.main()] INFO  c.a.system.server.ServerLauncher - Server listening on port: 0
2026-05-09 19:38:48.200 [com.attendance.system.server.ServerLauncher.main()] INFO  c.a.system.server.ServerLauncher - Server is ready to accept client connections.
2026-05-09 19:39:11.340 [AWT-EventQueue-0] INFO  c.a.system.client.AttendanceGUI - GUI initialized successfully
2026-05-09 19:39:11.343 [ForkJoinPool.commonPool-worker-2] INFO  c.a.system.client.AttendanceGUI - Attempting to connect to server: rmi://localhost:1100/AttendanceService
2026-05-09 19:39:11.755 [AWT-EventQueue-0] INFO  c.a.system.client.AttendanceGUI - Successfully connected to server
2026-05-09 19:39:45.976 [RMI TCP Connection(3)-127.0.0.1] DEBUG c.a.system.server.AttendanceServer - Executing method: authenticateUser
2026-05-09 19:39:45.979 [RMI TCP Connection(3)-127.0.0.1] DEBUG c.a.system.server.AttendanceServer - Authentication request for user: wolde@gmail.com
2026-05-09 19:39:45.992 [RMI TCP Connection(3)-127.0.0.1] WARN  c.a.system.util.SecurityUtil - ATTENDANCE_ENCRYPTION_KEY environment variable not set. Using default key for development only.
2026-05-09 19:39:46.544 [RMI TCP Connection(3)-127.0.0.1] WARN  c.a.s.service.AuthenticationService - Authentication failed - invalid password for user: wolde@gmail.com
2026-05-09 19:39:46.545 [RMI TCP Connection(3)-127.0.0.1] WARN  c.a.system.server.AttendanceServer - Authentication failed in authenticateUser: Invalid username or password
2026-05-09 19:39:46.579 [AWT-EventQueue-0] WARN  c.a.system.client.LoginFrame - Login failed for email: wolde@gmail.com
java.util.concurrent.CompletionException: java.lang.RuntimeException: java.rmi.ServerException: RemoteException occurred in server thread; nested exception is: 
	java.rmi.RemoteException: Invalid username or password; nested exception is: 
	AttendanceSystemException{errorCode='INVALID_CREDENTIALS', userMessage='Invalid username or password', technicalDetails='Invalid username or password'}
	at java.base/java.util.concurrent.CompletableFuture.encodeThrowable(CompletableFuture.java:315)
	at java.base/java.util.concurrent.CompletableFuture.completeThrowable(CompletableFuture.java:320)
	at java.base/java.util.concurrent.CompletableFuture$AsyncSupply.run(CompletableFuture.java:1770)
	at java.base/java.util.concurrent.CompletableFuture$AsyncSupply.exec(CompletableFuture.java:1760)
	at java.base/java.util.concurrent.ForkJoinTask.doExec(ForkJoinTask.java:387)
	at java.base/java.util.concurrent.ForkJoinPool$WorkQueue.topLevelExec(ForkJoinPool.java:1312)
	at java.base/java.util.concurrent.ForkJoinPool.scan(ForkJoinPool.java:1843)
	at java.base/java.util.concurrent.ForkJoinPool.runWorker(ForkJoinPool.java:1808)
	at java.base/java.util.concurrent.ForkJoinWorkerThread.run(ForkJoinWorkerThread.java:188)
Caused by: java.lang.RuntimeException: java.rmi.ServerException: RemoteException occurred in server thread; nested exception is: 
	java.rmi.RemoteException: Invalid username or password; nested exception is: 
	AttendanceSystemException{errorCode='INVALID_CREDENTIALS', userMessage='Invalid username or password', technicalDetails='Invalid username or password'}
	at com.attendance.system.client.LoginFrame.lambda$3(LoginFrame.java:445)
	at java.base/java.util.concurrent.CompletableFuture$AsyncSupply.run(CompletableFuture.java:1768)
	... 6 common frames omitted
Caused by: java.rmi.ServerException: RemoteException occurred in server thread; nested exception is: 
	java.rmi.RemoteException: Invalid username or password; nested exception is: 
	AttendanceSystemException{errorCode='INVALID_CREDENTIALS', userMessage='Invalid username or password', technicalDetails='Invalid username or password'}
	at java.rmi/sun.rmi.server.UnicastServerRef.dispatch(UnicastServerRef.java:392)
	at java.rmi/sun.rmi.transport.Transport$1.run(Transport.java:200)
	at java.rmi/sun.rmi.transport.Transport$1.run(Transport.java:197)
	at java.base/java.security.AccessController.doPrivileged(AccessController.java:714)
	at java.rmi/sun.rmi.transport.Transport.serviceCall(Transport.java:196)
	at java.rmi/sun.rmi.transport.tcp.TCPTransport.handleMessages(TCPTransport.java:598)
	at java.rmi/sun.rmi.transport.tcp.TCPTransport$ConnectionHandler.run0(TCPTransport.java:844)
	at java.rmi/sun.rmi.transport.tcp.TCPTransport$ConnectionHandler.lambda$run$0(TCPTransport.java:721)
	at java.base/java.security.AccessController.doPrivileged(AccessController.java:400)
	at java.rmi/sun.rmi.transport.tcp.TCPTransport$ConnectionHandler.run(TCPTransport.java:720)
	at java.base/java.util.concurrent.ThreadPoolExecutor.runWorker(ThreadPoolExecutor.java:1144)
	at java.base/java.util.concurrent.ThreadPoolExecutor$Worker.run(ThreadPoolExecutor.java:642)
	at java.base/java.lang.Thread.run(Thread.java:1583)
	at java.rmi/sun.rmi.transport.StreamRemoteCall.exceptionReceivedFromServer(StreamRemoteCall.java:304)
	at java.rmi/sun.rmi.transport.StreamRemoteCall.executeCall(StreamRemoteCall.java:280)
	at java.rmi/sun.rmi.server.UnicastRef.invoke(UnicastRef.java:166)
	at java.rmi/java.rmi.server.RemoteObjectInvocationHandler.invokeRemoteMethod(RemoteObjectInvocationHandler.java:215)
	at java.rmi/java.rmi.server.RemoteObjectInvocationHandler.invoke(RemoteObjectInvocationHandler.java:160)
	at jdk.proxy3/jdk.proxy3.$Proxy25.authenticateUser(Unknown Source)
	at com.attendance.system.client.LoginFrame.lambda$3(LoginFrame.java:443)
	... 7 common frames omitted
Caused by: java.rmi.RemoteException: Invalid username or password; nested exception is: 
	AttendanceSystemException{errorCode='INVALID_CREDENTIALS', userMessage='Invalid username or password', technicalDetails='Invalid username or password'}
	at com.attendance.system.server.AttendanceServer.executeWithErrorHandling(AttendanceServer.java:1285)
	at com.attendance.system.server.AttendanceServer.authenticateUser(AttendanceServer.java:113)
	at java.base/jdk.internal.reflect.DirectMethodHandleAccessor.invoke(DirectMethodHandleAccessor.java:103)
	at java.base/java.lang.reflect.Method.invoke(Method.java:580)
	at java.rmi/sun.rmi.server.UnicastServerRef.dispatch(UnicastServerRef.java:360)
	at java.rmi/sun.rmi.transport.Transport$1.run(Transport.java:200)
	at java.rmi/sun.rmi.transport.Transport$1.run(Transport.java:197)
	at java.base/java.security.AccessController.doPrivileged(AccessController.java:714)
	at java.rmi/sun.rmi.transport.Transport.serviceCall(Transport.java:196)
	at java.rmi/sun.rmi.transport.tcp.TCPTransport.handleMessages(TCPTransport.java:598)
	at java.rmi/sun.rmi.transport.tcp.TCPTransport$ConnectionHandler.run0(TCPTransport.java:844)
	at java.rmi/sun.rmi.transport.tcp.TCPTransport$ConnectionHandler.lambda$run$0(TCPTransport.java:721)
	at java.base/java.security.AccessController.doPrivileged(AccessController.java:400)
	at java.rmi/sun.rmi.transport.tcp.TCPTransport$ConnectionHandler.run(TCPTransport.java:720)
	at java.base/java.util.concurrent.ThreadPoolExecutor.runWorker(ThreadPoolExecutor.java:1144)
	at java.base/java.util.concurrent.ThreadPoolExecutor$Worker.run(ThreadPoolExecutor.java:642)
	at java.base/java.lang.Thread.run(Thread.java:1583)
Caused by: com.attendance.system.exception.AuthenticationException: Invalid username or password
	at com.attendance.system.exception.AuthenticationException.invalidCredentials(AuthenticationException.java:23)
	at com.attendance.system.service.AuthenticationService.authenticateUser(AuthenticationService.java:95)
	at com.attendance.system.server.AttendanceServer.lambda$0(AttendanceServer.java:125)
	at com.attendance.system.server.AttendanceServer.executeWithErrorHandling(AttendanceServer.java:1275)
	... 16 common frames omitted
2026-05-09 19:39:48.196 [pool-1-thread-2] DEBUG c.a.system.server.ServerLauncher - Server stats - Active connections: 0, Total requests: 1
2026-05-09 19:40:48.196 [pool-1-thread-2] DEBUG c.a.system.server.ServerLauncher - Server stats - Active connections: 0, Total requests: 1
2026-05-09 19:41:48.195 [pool-1-thread-2] DEBUG c.a.system.server.ServerLauncher - Server stats - Active connections: 0, Total requests: 1
2026-05-09 19:42:48.198 [pool-1-thread-2] DEBUG c.a.system.server.ServerLauncher - Server stats - Active connections: 0, Total requests: 1
2026-05-09 19:43:48.195 [pool-1-thread-2] DEBUG c.a.system.server.ServerLauncher - Server stats - Active connections: 0, Total requests: 1
2026-05-09 19:44:48.195 [pool-1-thread-2] DEBUG c.a.system.server.ServerLauncher - Server stats - Active connections: 0, Total requests: 1
2026-05-09 19:45:48.196 [pool-1-thread-2] DEBUG c.a.system.server.ServerLauncher - Server stats - Active connections: 0, Total requests: 1
2026-05-09 19:46:48.196 [pool-1-thread-2] DEBUG c.a.system.server.ServerLauncher - Server stats - Active connections: 0, Total requests: 1
2026-05-09 19:47:48.195 [pool-1-thread-2] DEBUG c.a.system.server.ServerLauncher - Server stats - Active connections: 0, Total requests: 1
2026-05-09 19:48:48.196 [pool-1-thread-2] DEBUG c.a.system.server.ServerLauncher - Server stats - Active connections: 0, Total requests: 1
2026-05-09 19:49:48.195 [pool-1-thread-2] DEBUG c.a.system.server.ServerLauncher - Server stats - Active connections: 0, Total requests: 1
2026-05-09 19:50:48.196 [pool-1-thread-2] DEBUG c.a.system.server.ServerLauncher - Server stats - Active connections: 0, Total requests: 1
2026-05-09 19:51:40.738 [Thread-2] INFO  c.a.system.server.ServerLauncher - Shutdown hook triggered
2026-05-09 19:51:40.739 [Thread-2] INFO  c.a.system.server.ServerLauncher - Stopping Student Attendance System Server...
2026-05-09 19:51:40.739 [Thread-2] INFO  c.a.system.server.ServerLauncher - Service unbound from registry
2026-05-09 19:51:40.740 [Thread-2] INFO  c.a.system.server.ServerLauncher - Server unexported
2026-05-09 19:51:40.741 [Thread-2] INFO  com.zaxxer.hikari.HikariDataSource - HikariPool-2 - Shutdown initiated...
2026-05-09 19:51:40.757 [Thread-2] INFO  com.zaxxer.hikari.HikariDataSource - HikariPool-2 - Shutdown completed.
2026-05-09 19:51:40.757 [Thread-2] INFO  c.a.system.dao.DatabaseManager - Database connection pool closed
2026-05-09 19:51:40.758 [Thread-2] INFO  c.a.system.server.ServerLauncher - Database connections closed
2026-05-09 19:51:40.758 [Thread-2] INFO  c.a.system.server.ServerLauncher - Server stopped successfully
2026-05-09 19:51:40.759 [SessionCleanup] INFO  c.a.s.service.AuthenticationService - Session cleanup thread interrupted
2026-05-09 19:54:14.267 [com.attendance.system.server.ServerLauncher.main()] INFO  c.a.system.server.ServerLauncher - Starting Student Attendance System Server...
2026-05-09 19:54:14.270 [com.attendance.system.server.ServerLauncher.main()] INFO  c.a.system.server.ServerLauncher - Initializing database connection...
2026-05-09 19:54:14.304 [com.attendance.system.server.ServerLauncher.main()] INFO  com.zaxxer.hikari.HikariDataSource - HikariPool-1 - Starting...
2026-05-09 19:54:14.717 [com.attendance.system.server.ServerLauncher.main()] INFO  com.zaxxer.hikari.pool.HikariPool - HikariPool-1 - Added connection com.mysql.cj.jdbc.ConnectionImpl@4a1c854e
2026-05-09 19:54:14.721 [com.attendance.system.server.ServerLauncher.main()] INFO  com.zaxxer.hikari.HikariDataSource - HikariPool-1 - Start completed.
2026-05-09 19:54:14.721 [com.attendance.system.server.ServerLauncher.main()] INFO  c.a.system.dao.DatabaseManager - Database connection pool initialized successfully
2026-05-09 19:54:14.733 [com.attendance.system.server.ServerLauncher.main()] DEBUG c.a.system.dao.DatabaseManager - Database connection test successful
2026-05-09 19:54:14.749 [com.attendance.system.server.ServerLauncher.main()] INFO  com.zaxxer.hikari.HikariDataSource - HikariPool-2 - Starting...
2026-05-09 19:54:14.762 [com.attendance.system.server.ServerLauncher.main()] INFO  com.zaxxer.hikari.pool.HikariPool - HikariPool-2 - Added connection com.mysql.cj.jdbc.ConnectionImpl@3b13d790
2026-05-09 19:54:14.763 [com.attendance.system.server.ServerLauncher.main()] INFO  com.zaxxer.hikari.HikariDataSource - HikariPool-2 - Start completed.
2026-05-09 19:54:14.764 [com.attendance.system.server.ServerLauncher.main()] INFO  c.a.system.dao.DatabaseManager - Database connection pool initialized successfully
2026-05-09 19:54:14.766 [com.attendance.system.server.ServerLauncher.main()] DEBUG c.a.system.dao.DatabaseManager - Database connection test successful
2026-05-09 19:54:14.769 [com.attendance.system.server.ServerLauncher.main()] DEBUG c.a.system.dao.DatabaseManager - Database connection test successful
2026-05-09 19:54:14.769 [com.attendance.system.server.ServerLauncher.main()] INFO  c.a.system.server.ServerLauncher - Database connection established successfully
2026-05-09 19:54:14.770 [com.attendance.system.server.ServerLauncher.main()] DEBUG c.a.system.server.ServerLauncher - Setting up RMI system properties...
2026-05-09 19:54:14.770 [com.attendance.system.server.ServerLauncher.main()] INFO  c.a.system.server.ServerLauncher - RMI server hostname set to: localhost
2026-05-09 19:54:14.770 [com.attendance.system.server.ServerLauncher.main()] INFO  c.a.system.server.ServerLauncher - Setting up RMI registry on port 1100...
2026-05-09 19:54:14.804 [com.attendance.system.server.ServerLauncher.main()] INFO  c.a.system.server.ServerLauncher - Created new RMI registry on port 1100
2026-05-09 19:54:14.805 [com.attendance.system.server.ServerLauncher.main()] INFO  c.a.system.server.ServerLauncher - Creating and exporting attendance server...
2026-05-09 19:54:14.852 [com.attendance.system.server.ServerLauncher.main()] INFO  c.a.system.server.AttendanceServer - AttendanceServer initialized successfully
2026-05-09 19:54:14.853 [com.attendance.system.server.ServerLauncher.main()] INFO  c.a.system.server.AttendanceServer - Encryption enabled: false
2026-05-09 19:54:14.854 [com.attendance.system.server.ServerLauncher.main()] INFO  c.a.system.server.AttendanceServer - Max concurrent users: 100
2026-05-09 19:54:14.855 [com.attendance.system.server.ServerLauncher.main()] INFO  c.a.system.server.ServerLauncher - Attendance server created and exported successfully
2026-05-09 19:54:14.856 [com.attendance.system.server.ServerLauncher.main()] INFO  c.a.system.server.ServerLauncher - Binding server to registry with name 'AttendanceService'...
2026-05-09 19:54:14.857 [com.attendance.system.server.ServerLauncher.main()] INFO  c.a.system.server.ServerLauncher - Server bound to registry successfully
2026-05-09 19:54:14.858 [com.attendance.system.server.ServerLauncher.main()] INFO  c.a.system.server.ServerLauncher - Starting maintenance tasks...
2026-05-09 19:54:14.863 [com.attendance.system.server.ServerLauncher.main()] INFO  c.a.system.server.ServerLauncher - Maintenance tasks started
2026-05-09 19:54:14.866 [com.attendance.system.server.ServerLauncher.main()] INFO  c.a.system.server.ServerLauncher - Server started successfully!
2026-05-09 19:54:14.867 [com.attendance.system.server.ServerLauncher.main()] INFO  c.a.system.server.ServerLauncher - Service name: AttendanceService
2026-05-09 19:54:14.869 [com.attendance.system.server.ServerLauncher.main()] INFO  c.a.system.server.ServerLauncher - RMI registry port: 1100
2026-05-09 19:54:14.872 [com.attendance.system.server.ServerLauncher.main()] INFO  c.a.system.server.ServerLauncher - Server listening on port: 0
2026-05-09 19:54:14.873 [com.attendance.system.server.ServerLauncher.main()] INFO  c.a.system.server.ServerLauncher - Server is ready to accept client connections.
2026-05-09 19:54:27.433 [AWT-EventQueue-0] INFO  c.a.system.client.AttendanceGUI - GUI initialized successfully
2026-05-09 19:54:27.437 [ForkJoinPool.commonPool-worker-2] INFO  c.a.system.client.AttendanceGUI - Attempting to connect to server: rmi://localhost:1100/AttendanceService
2026-05-09 19:54:28.010 [AWT-EventQueue-0] INFO  c.a.system.client.AttendanceGUI - Successfully connected to server
2026-05-09 19:55:14.863 [pool-1-thread-2] DEBUG c.a.system.server.ServerLauncher - Server stats - Active connections: 0, Total requests: 0
2026-05-09 19:56:14.863 [pool-1-thread-2] DEBUG c.a.system.server.ServerLauncher - Server stats - Active connections: 0, Total requests: 0
2026-05-09 19:56:43.636 [RMI TCP Connection(3)-127.0.0.1] DEBUG c.a.system.server.AttendanceServer - Executing method: registerUser
2026-05-09 19:56:43.637 [RMI TCP Connection(3)-127.0.0.1] DEBUG c.a.system.server.AttendanceServer - Registration request for user: degu (Teacher)
2026-05-09 19:56:43.673 [RMI TCP Connection(3)-127.0.0.1] WARN  c.a.system.server.AttendanceServer - Method registerUser failed: Email address already exists
2026-05-09 19:56:43.746 [ForkJoinPool.commonPool-worker-3] ERROR c.a.system.client.RegistrationFrame - Remote service error during registration
java.rmi.ServerException: RemoteException occurred in server thread; nested exception is: 
	java.rmi.RemoteException: Email address already exists; nested exception is: 
	AttendanceSystemException{errorCode='VALIDATION_ERROR', userMessage='Email address already exists', technicalDetails='Email address already exists'}
	at java.rmi/sun.rmi.server.UnicastServerRef.dispatch(UnicastServerRef.java:392)
	at java.rmi/sun.rmi.transport.Transport$1.run(Transport.java:200)
	at java.rmi/sun.rmi.transport.Transport$1.run(Transport.java:197)
	at java.base/java.security.AccessController.doPrivileged(AccessController.java:714)
	at java.rmi/sun.rmi.transport.Transport.serviceCall(Transport.java:196)
	at java.rmi/sun.rmi.transport.tcp.TCPTransport.handleMessages(TCPTransport.java:598)
	at java.rmi/sun.rmi.transport.tcp.TCPTransport$ConnectionHandler.run0(TCPTransport.java:844)
	at java.rmi/sun.rmi.transport.tcp.TCPTransport$ConnectionHandler.lambda$run$0(TCPTransport.java:721)
	at java.base/java.security.AccessController.doPrivileged(AccessController.java:400)
	at java.rmi/sun.rmi.transport.tcp.TCPTransport$ConnectionHandler.run(TCPTransport.java:720)
	at java.base/java.util.concurrent.ThreadPoolExecutor.runWorker(ThreadPoolExecutor.java:1144)
	at java.base/java.util.concurrent.ThreadPoolExecutor$Worker.run(ThreadPoolExecutor.java:642)
	at java.base/java.lang.Thread.run(Thread.java:1583)
	at java.rmi/sun.rmi.transport.StreamRemoteCall.exceptionReceivedFromServer(StreamRemoteCall.java:304)
	at java.rmi/sun.rmi.transport.StreamRemoteCall.executeCall(StreamRemoteCall.java:280)
	at java.rmi/sun.rmi.server.UnicastRef.invoke(UnicastRef.java:166)
	at java.rmi/java.rmi.server.RemoteObjectInvocationHandler.invokeRemoteMethod(RemoteObjectInvocationHandler.java:215)
	at java.rmi/java.rmi.server.RemoteObjectInvocationHandler.invoke(RemoteObjectInvocationHandler.java:160)
	at jdk.proxy3/jdk.proxy3.$Proxy25.registerUser(Unknown Source)
	at com.attendance.system.client.RegistrationFrame.lambda$performRegistration$9(RegistrationFrame.java:943)
	at java.base/java.util.concurrent.CompletableFuture$AsyncRun.run(CompletableFuture.java:1804)
	at java.base/java.util.concurrent.CompletableFuture$AsyncRun.exec(CompletableFuture.java:1796)
	at java.base/java.util.concurrent.ForkJoinTask.doExec(ForkJoinTask.java:387)
	at java.base/java.util.concurrent.ForkJoinPool$WorkQueue.topLevelExec(ForkJoinPool.java:1312)
	at java.base/java.util.concurrent.ForkJoinPool.scan(ForkJoinPool.java:1843)
	at java.base/java.util.concurrent.ForkJoinPool.runWorker(ForkJoinPool.java:1808)
	at java.base/java.util.concurrent.ForkJoinWorkerThread.run(ForkJoinWorkerThread.java:188)
Caused by: java.rmi.RemoteException: Email address already exists; nested exception is: 
	AttendanceSystemException{errorCode='VALIDATION_ERROR', userMessage='Email address already exists', technicalDetails='Email address already exists'}
	at com.attendance.system.server.AttendanceServer.executeWithErrorHandling(AttendanceServer.java:1329)
	at com.attendance.system.server.AttendanceServer.registerUser(AttendanceServer.java:192)
	at java.base/jdk.internal.reflect.DirectMethodHandleAccessor.invoke(DirectMethodHandleAccessor.java:103)
	at java.base/java.lang.reflect.Method.invoke(Method.java:580)
	at java.rmi/sun.rmi.server.UnicastServerRef.dispatch(UnicastServerRef.java:360)
	at java.rmi/sun.rmi.transport.Transport$1.run(Transport.java:200)
	at java.rmi/sun.rmi.transport.Transport$1.run(Transport.java:197)
	at java.base/java.security.AccessController.doPrivileged(AccessController.java:714)
	at java.rmi/sun.rmi.transport.Transport.serviceCall(Transport.java:196)
	at java.rmi/sun.rmi.transport.tcp.TCPTransport.handleMessages(TCPTransport.java:598)
	at java.rmi/sun.rmi.transport.tcp.TCPTransport$ConnectionHandler.run0(TCPTransport.java:844)
	at java.rmi/sun.rmi.transport.tcp.TCPTransport$ConnectionHandler.lambda$run$0(TCPTransport.java:721)
	at java.base/java.security.AccessController.doPrivileged(AccessController.java:400)
	at java.rmi/sun.rmi.transport.tcp.TCPTransport$ConnectionHandler.run(TCPTransport.java:720)
	at java.base/java.util.concurrent.ThreadPoolExecutor.runWorker(ThreadPoolExecutor.java:1144)
	at java.base/java.util.concurrent.ThreadPoolExecutor$Worker.run(ThreadPoolExecutor.java:642)
	at java.base/java.lang.Thread.run(Thread.java:1583)
Caused by: com.attendance.system.exception.ValidationException: Email address already exists
	at com.attendance.system.server.AttendanceServer.lambda$registerUser$4(AttendanceServer.java:294)
	at com.attendance.system.server.AttendanceServer.executeWithErrorHandling(AttendanceServer.java:1314)
	... 16 common frames omitted
2026-05-09 19:57:01.385 [AWT-EventQueue-0] INFO  c.a.system.client.AttendanceGUI - Application exiting
2026-05-09 19:57:10.880 [Thread-2] INFO  c.a.system.server.ServerLauncher - Shutdown hook triggered
2026-05-09 19:57:10.881 [Thread-2] INFO  c.a.system.server.ServerLauncher - Stopping Student Attendance System Server...
2026-05-09 19:57:10.883 [Thread-2] INFO  c.a.system.server.ServerLauncher - Service unbound from registry
2026-05-09 19:57:10.889 [Thread-2] INFO  c.a.system.server.ServerLauncher - Server unexported
2026-05-09 19:57:10.892 [Thread-2] INFO  com.zaxxer.hikari.HikariDataSource - HikariPool-2 - Shutdown initiated...
2026-05-09 19:57:10.922 [Thread-2] INFO  com.zaxxer.hikari.HikariDataSource - HikariPool-2 - Shutdown completed.
2026-05-09 19:57:10.924 [Thread-2] INFO  c.a.system.dao.DatabaseManager - Database connection pool closed
2026-05-09 19:57:10.924 [Thread-2] INFO  c.a.system.server.ServerLauncher - Database connections closed
2026-05-09 19:57:10.924 [Thread-2] INFO  c.a.system.server.ServerLauncher - Server stopped successfully
2026-05-09 19:57:10.925 [SessionCleanup] INFO  c.a.s.service.AuthenticationService - Session cleanup thread interrupted
2026-05-09 20:10:12.096 [com.attendance.system.server.ServerLauncher.main()] INFO  c.a.system.server.ServerLauncher - Starting Student Attendance System Server...
2026-05-09 20:10:12.098 [com.attendance.system.server.ServerLauncher.main()] INFO  c.a.system.server.ServerLauncher - Initializing database connection...
2026-05-09 20:10:12.127 [com.attendance.system.server.ServerLauncher.main()] INFO  com.zaxxer.hikari.HikariDataSource - HikariPool-1 - Starting...
2026-05-09 20:10:12.540 [com.attendance.system.server.ServerLauncher.main()] INFO  com.zaxxer.hikari.pool.HikariPool - HikariPool-1 - Added connection com.mysql.cj.jdbc.ConnectionImpl@65baeaa
2026-05-09 20:10:12.544 [com.attendance.system.server.ServerLauncher.main()] INFO  com.zaxxer.hikari.HikariDataSource - HikariPool-1 - Start completed.
2026-05-09 20:10:12.545 [com.attendance.system.server.ServerLauncher.main()] INFO  c.a.system.dao.DatabaseManager - Database connection pool initialized successfully
2026-05-09 20:10:12.554 [com.attendance.system.server.ServerLauncher.main()] DEBUG c.a.system.dao.DatabaseManager - Database connection test successful
2026-05-09 20:10:12.570 [com.attendance.system.server.ServerLauncher.main()] INFO  com.zaxxer.hikari.HikariDataSource - HikariPool-2 - Starting...
2026-05-09 20:10:12.578 [com.attendance.system.server.ServerLauncher.main()] INFO  com.zaxxer.hikari.pool.HikariPool - HikariPool-2 - Added connection com.mysql.cj.jdbc.ConnectionImpl@79c90015
2026-05-09 20:10:12.579 [com.attendance.system.server.ServerLauncher.main()] INFO  com.zaxxer.hikari.HikariDataSource - HikariPool-2 - Start completed.
2026-05-09 20:10:12.579 [com.attendance.system.server.ServerLauncher.main()] INFO  c.a.system.dao.DatabaseManager - Database connection pool initialized successfully
2026-05-09 20:10:12.580 [com.attendance.system.server.ServerLauncher.main()] DEBUG c.a.system.dao.DatabaseManager - Database connection test successful
2026-05-09 20:10:12.582 [com.attendance.system.server.ServerLauncher.main()] DEBUG c.a.system.dao.DatabaseManager - Database connection test successful
2026-05-09 20:10:12.583 [com.attendance.system.server.ServerLauncher.main()] INFO  c.a.system.server.ServerLauncher - Database connection established successfully
2026-05-09 20:10:12.583 [com.attendance.system.server.ServerLauncher.main()] DEBUG c.a.system.server.ServerLauncher - Setting up RMI system properties...
2026-05-09 20:10:12.583 [com.attendance.system.server.ServerLauncher.main()] INFO  c.a.system.server.ServerLauncher - RMI server hostname set to: localhost
2026-05-09 20:10:12.583 [com.attendance.system.server.ServerLauncher.main()] INFO  c.a.system.server.ServerLauncher - Setting up RMI registry on port 1100...
2026-05-09 20:10:12.626 [com.attendance.system.server.ServerLauncher.main()] INFO  c.a.system.server.ServerLauncher - Created new RMI registry on port 1100
2026-05-09 20:10:12.626 [com.attendance.system.server.ServerLauncher.main()] INFO  c.a.system.server.ServerLauncher - Creating and exporting attendance server...
2026-05-09 20:10:12.669 [com.attendance.system.server.ServerLauncher.main()] INFO  c.a.system.server.AttendanceServer - AttendanceServer initialized successfully
2026-05-09 20:10:12.670 [com.attendance.system.server.ServerLauncher.main()] INFO  c.a.system.server.AttendanceServer - Encryption enabled: false
2026-05-09 20:10:12.670 [com.attendance.system.server.ServerLauncher.main()] INFO  c.a.system.server.AttendanceServer - Max concurrent users: 100
2026-05-09 20:10:12.670 [com.attendance.system.server.ServerLauncher.main()] INFO  c.a.system.server.ServerLauncher - Attendance server created and exported successfully
2026-05-09 20:10:12.670 [com.attendance.system.server.ServerLauncher.main()] INFO  c.a.system.server.ServerLauncher - Binding server to registry with name 'AttendanceService'...
2026-05-09 20:10:12.671 [com.attendance.system.server.ServerLauncher.main()] INFO  c.a.system.server.ServerLauncher - Server bound to registry successfully
2026-05-09 20:10:12.671 [com.attendance.system.server.ServerLauncher.main()] INFO  c.a.system.server.ServerLauncher - Starting maintenance tasks...
2026-05-09 20:10:12.673 [com.attendance.system.server.ServerLauncher.main()] INFO  c.a.system.server.ServerLauncher - Maintenance tasks started
2026-05-09 20:10:12.674 [com.attendance.system.server.ServerLauncher.main()] INFO  c.a.system.server.ServerLauncher - Server started successfully!
2026-05-09 20:10:12.675 [com.attendance.system.server.ServerLauncher.main()] INFO  c.a.system.server.ServerLauncher - Service name: AttendanceService
2026-05-09 20:10:12.676 [com.attendance.system.server.ServerLauncher.main()] INFO  c.a.system.server.ServerLauncher - RMI registry port: 1100
2026-05-09 20:10:12.676 [com.attendance.system.server.ServerLauncher.main()] INFO  c.a.system.server.ServerLauncher - Server listening on port: 0
2026-05-09 20:10:12.676 [com.attendance.system.server.ServerLauncher.main()] INFO  c.a.system.server.ServerLauncher - Server is ready to accept client connections.
2026-05-09 20:10:33.021 [AWT-EventQueue-0] INFO  c.a.system.client.AttendanceGUI - GUI initialized successfully
2026-05-09 20:10:33.023 [ForkJoinPool.commonPool-worker-2] INFO  c.a.system.client.AttendanceGUI - Attempting to connect to server: rmi://localhost:1100/AttendanceService
2026-05-09 20:10:33.483 [AWT-EventQueue-0] INFO  c.a.system.client.AttendanceGUI - Successfully connected to server
2026-05-09 20:11:12.675 [pool-1-thread-2] DEBUG c.a.system.server.ServerLauncher - Server stats - Active connections: 0, Total requests: 0
2026-05-09 20:12:12.673 [pool-1-thread-2] DEBUG c.a.system.server.ServerLauncher - Server stats - Active connections: 0, Total requests: 0
2026-05-09 20:13:03.768 [Thread-2] INFO  c.a.system.server.ServerLauncher - Shutdown hook triggered
2026-05-09 20:13:03.773 [Thread-2] INFO  c.a.system.server.ServerLauncher - Stopping Student Attendance System Server...
2026-05-09 20:13:03.774 [Thread-2] INFO  c.a.system.server.ServerLauncher - Service unbound from registry
2026-05-09 20:13:03.777 [Thread-2] INFO  c.a.system.server.ServerLauncher - Server unexported
2026-05-09 20:13:03.780 [Thread-2] INFO  com.zaxxer.hikari.HikariDataSource - HikariPool-2 - Shutdown initiated...
2026-05-09 20:13:03.849 [Thread-2] INFO  com.zaxxer.hikari.HikariDataSource - HikariPool-2 - Shutdown completed.
2026-05-09 20:13:03.849 [Thread-2] INFO  c.a.system.dao.DatabaseManager - Database connection pool closed
2026-05-09 20:13:03.851 [Thread-2] INFO  c.a.system.server.ServerLauncher - Database connections closed
2026-05-09 20:13:03.856 [Thread-2] INFO  c.a.system.server.ServerLauncher - Server stopped successfully
2026-05-09 20:23:02.716 [com.attendance.system.server.ServerLauncher.main()] INFO  c.a.system.server.ServerLauncher - Starting Student Attendance System Server...
2026-05-09 20:23:02.718 [com.attendance.system.server.ServerLauncher.main()] INFO  c.a.system.server.ServerLauncher - Initializing database connection...
2026-05-09 20:23:02.819 [com.attendance.system.server.ServerLauncher.main()] INFO  com.zaxxer.hikari.HikariDataSource - HikariPool-1 - Starting...
2026-05-09 20:23:03.178 [com.attendance.system.server.ServerLauncher.main()] INFO  com.zaxxer.hikari.pool.HikariPool - HikariPool-1 - Added connection com.mysql.cj.jdbc.ConnectionImpl@82edadd
2026-05-09 20:23:03.181 [com.attendance.system.server.ServerLauncher.main()] INFO  com.zaxxer.hikari.HikariDataSource - HikariPool-1 - Start completed.
2026-05-09 20:23:03.182 [com.attendance.system.server.ServerLauncher.main()] INFO  c.a.system.dao.DatabaseManager - Database connection pool initialized successfully
2026-05-09 20:23:03.193 [com.attendance.system.server.ServerLauncher.main()] DEBUG c.a.system.dao.DatabaseManager - Database connection test successful
2026-05-09 20:23:03.208 [com.attendance.system.server.ServerLauncher.main()] INFO  com.zaxxer.hikari.HikariDataSource - HikariPool-2 - Starting...
2026-05-09 20:23:03.213 [com.attendance.system.server.ServerLauncher.main()] INFO  com.zaxxer.hikari.pool.HikariPool - HikariPool-2 - Added connection com.mysql.cj.jdbc.ConnectionImpl@1420f73d
2026-05-09 20:23:03.214 [com.attendance.system.server.ServerLauncher.main()] INFO  com.zaxxer.hikari.HikariDataSource - HikariPool-2 - Start completed.
2026-05-09 20:23:03.214 [com.attendance.system.server.ServerLauncher.main()] INFO  c.a.system.dao.DatabaseManager - Database connection pool initialized successfully
2026-05-09 20:23:03.215 [com.attendance.system.server.ServerLauncher.main()] DEBUG c.a.system.dao.DatabaseManager - Database connection test successful
2026-05-09 20:23:03.217 [com.attendance.system.server.ServerLauncher.main()] DEBUG c.a.system.dao.DatabaseManager - Database connection test successful
2026-05-09 20:23:03.218 [com.attendance.system.server.ServerLauncher.main()] INFO  c.a.system.server.ServerLauncher - Database connection established successfully
2026-05-09 20:23:03.218 [com.attendance.system.server.ServerLauncher.main()] DEBUG c.a.system.server.ServerLauncher - Setting up RMI system properties...
2026-05-09 20:23:03.218 [com.attendance.system.server.ServerLauncher.main()] INFO  c.a.system.server.ServerLauncher - RMI server hostname set to: localhost
2026-05-09 20:23:03.218 [com.attendance.system.server.ServerLauncher.main()] INFO  c.a.system.server.ServerLauncher - Setting up RMI registry on port 1100...
2026-05-09 20:23:03.251 [com.attendance.system.server.ServerLauncher.main()] INFO  c.a.system.server.ServerLauncher - Created new RMI registry on port 1100
2026-05-09 20:23:03.254 [com.attendance.system.server.ServerLauncher.main()] INFO  c.a.system.server.ServerLauncher - Creating and exporting attendance server...
2026-05-09 20:23:03.313 [com.attendance.system.server.ServerLauncher.main()] INFO  c.a.system.server.AttendanceServer - AttendanceServer initialized successfully
2026-05-09 20:23:03.314 [com.attendance.system.server.ServerLauncher.main()] INFO  c.a.system.server.AttendanceServer - Encryption enabled: false
2026-05-09 20:23:03.315 [com.attendance.system.server.ServerLauncher.main()] INFO  c.a.system.server.AttendanceServer - Max concurrent users: 100
2026-05-09 20:23:03.316 [com.attendance.system.server.ServerLauncher.main()] INFO  c.a.system.server.ServerLauncher - Attendance server created and exported successfully
2026-05-09 20:23:03.316 [com.attendance.system.server.ServerLauncher.main()] INFO  c.a.system.server.ServerLauncher - Binding server to registry with name 'AttendanceService'...
2026-05-09 20:23:03.316 [com.attendance.system.server.ServerLauncher.main()] INFO  c.a.system.server.ServerLauncher - Server bound to registry successfully
2026-05-09 20:23:03.316 [com.attendance.system.server.ServerLauncher.main()] INFO  c.a.system.server.ServerLauncher - Starting maintenance tasks...
2026-05-09 20:23:03.324 [com.attendance.system.server.ServerLauncher.main()] INFO  c.a.system.server.ServerLauncher - Maintenance tasks started
2026-05-09 20:23:03.326 [com.attendance.system.server.ServerLauncher.main()] INFO  c.a.system.server.ServerLauncher - Server started successfully!
2026-05-09 20:23:03.326 [com.attendance.system.server.ServerLauncher.main()] INFO  c.a.system.server.ServerLauncher - Service name: AttendanceService
2026-05-09 20:23:03.326 [com.attendance.system.server.ServerLauncher.main()] INFO  c.a.system.server.ServerLauncher - RMI registry port: 1100
2026-05-09 20:23:03.327 [com.attendance.system.server.ServerLauncher.main()] INFO  c.a.system.server.ServerLauncher - Server listening on port: 0
2026-05-09 20:23:03.327 [com.attendance.system.server.ServerLauncher.main()] INFO  c.a.system.server.ServerLauncher - Server is ready to accept client connections.
2026-05-09 20:23:41.448 [AWT-EventQueue-0] INFO  c.a.system.client.AttendanceGUI - GUI initialized successfully
2026-05-09 20:23:41.451 [ForkJoinPool.commonPool-worker-1] INFO  c.a.system.client.AttendanceGUI - Attempting to connect to server: rmi://localhost:1100/AttendanceService
2026-05-09 20:23:41.950 [AWT-EventQueue-0] INFO  c.a.system.client.AttendanceGUI - Successfully connected to server
2026-05-09 20:24:03.324 [pool-1-thread-2] DEBUG c.a.system.server.ServerLauncher - Server stats - Active connections: 0, Total requests: 0
                                                                                                                                           2026-05-09 20:50:36.475 [main] WARN  c.a.system.util.SecurityUtil - ATTENDANCE_ENCRYPTION_KEY environment variable not set. Using default key for development only.
2026-05-09 21:16:40.316 [main] INFO  c.a.system.server.ServerLauncher - Starting Student Attendance System Server...
2026-05-09 21:16:40.318 [main] INFO  c.a.system.server.ServerLauncher - Initializing database connection...
2026-05-09 21:16:40.366 [main] INFO  com.zaxxer.hikari.HikariDataSource - HikariPool-1 - Starting...
2026-05-09 21:16:40.721 [main] INFO  com.zaxxer.hikari.pool.HikariPool - HikariPool-1 - Added connection com.mysql.cj.jdbc.ConnectionImpl@484094a5
2026-05-09 21:16:40.724 [main] INFO  com.zaxxer.hikari.HikariDataSource - HikariPool-1 - Start completed.
2026-05-09 21:16:40.724 [main] INFO  c.a.system.dao.DatabaseManager - Database connection pool initialized successfully
2026-05-09 21:16:40.733 [main] DEBUG c.a.system.dao.DatabaseManager - Database connection test successful
2026-05-09 21:16:40.753 [main] INFO  com.zaxxer.hikari.HikariDataSource - HikariPool-2 - Starting...
2026-05-09 21:16:40.759 [main] INFO  com.zaxxer.hikari.pool.HikariPool - HikariPool-2 - Added connection com.mysql.cj.jdbc.ConnectionImpl@68b32e3e
2026-05-09 21:16:40.760 [main] INFO  com.zaxxer.hikari.HikariDataSource - HikariPool-2 - Start completed.
2026-05-09 21:16:40.760 [main] INFO  c.a.system.dao.DatabaseManager - Database connection pool initialized successfully
2026-05-09 21:16:40.763 [main] DEBUG c.a.system.dao.DatabaseManager - Database connection test successful
2026-05-09 21:16:40.764 [main] DEBUG c.a.system.dao.DatabaseManager - Database connection test successful
2026-05-09 21:16:40.767 [main] INFO  c.a.system.server.ServerLauncher - Database connection established successfully
2026-05-09 21:16:40.768 [main] DEBUG c.a.system.server.ServerLauncher - Setting up RMI system properties...
2026-05-09 21:16:40.768 [main] INFO  c.a.system.server.ServerLauncher - RMI server hostname set to: localhost
2026-05-09 21:16:40.768 [main] INFO  c.a.system.server.ServerLauncher - Setting up RMI registry on port 1100...
2026-05-09 21:16:40.771 [main] INFO  c.a.system.server.ServerLauncher - Created new RMI registry on port 1100
2026-05-09 21:16:40.771 [main] INFO  c.a.system.server.ServerLauncher - Creating and exporting attendance server...
2026-05-09 21:16:40.816 [main] INFO  c.a.system.server.AttendanceServer - AttendanceServer initialized successfully
2026-05-09 21:16:40.817 [main] INFO  c.a.system.server.AttendanceServer - Encryption enabled: false
2026-05-09 21:16:40.817 [main] INFO  c.a.system.server.AttendanceServer - Max concurrent users: 100
2026-05-09 21:16:40.817 [main] INFO  c.a.system.server.ServerLauncher - Attendance server created and exported successfully
2026-05-09 21:16:40.817 [main] INFO  c.a.system.server.ServerLauncher - Binding server to registry with name 'AttendanceService'...
2026-05-09 21:16:40.818 [main] INFO  c.a.system.server.ServerLauncher - Server bound to registry successfully
2026-05-09 21:16:40.818 [main] INFO  c.a.system.server.ServerLauncher - Starting maintenance tasks...
2026-05-09 21:16:40.820 [main] INFO  c.a.system.server.ServerLauncher - Maintenance tasks started
2026-05-09 21:16:40.821 [main] INFO  c.a.system.server.ServerLauncher - Server started successfully!
2026-05-09 21:16:40.821 [main] INFO  c.a.system.server.ServerLauncher - Service name: AttendanceService
2026-05-09 21:16:40.821 [main] INFO  c.a.system.server.ServerLauncher - RMI registry port: 1100
2026-05-09 21:16:40.821 [main] INFO  c.a.system.server.ServerLauncher - Server listening on port: 0
2026-05-09 21:16:40.822 [main] INFO  c.a.system.server.ServerLauncher - Server is ready to accept client connections.
2026-05-09 21:17:40.821 [pool-1-thread-2] DEBUG c.a.system.server.ServerLauncher - Server stats - Active connections: 0, Total requests: 0
2026-05-09 21:18:40.820 [pool-1-thread-2] DEBUG c.a.system.server.ServerLauncher - Server stats - Active connections: 0, Total requests: 0
2026-05-09 21:19:40.820 [pool-1-thread-2] DEBUG c.a.system.server.ServerLauncher - Server stats - Active connections: 0, Total requests: 0
2026-05-09 21:20:40.820 [pool-1-thread-2] DEBUG c.a.system.server.ServerLauncher - Server stats - Active connections: 0, Total requests: 0
2026-05-09 21:21:40.821 [pool-1-thread-2] DEBUG c.a.system.server.ServerLauncher - Server stats - Active connections: 0, Total requests: 0
2026-05-09 21:22:40.821 [pool-1-thread-1] DEBUG c.a.system.server.ServerLauncher - Server stats - Active connections: 0, Total requests: 0
2026-05-09 21:23:40.822 [pool-1-thread-1] DEBUG c.a.system.server.ServerLauncher - Server stats - Active connections: 0, Total requests: 0
2026-05-09 21:24:24.466 [main] INFO  com.zaxxer.hikari.HikariDataSource - HikariPool-1 - Starting...
2026-05-09 21:24:24.990 [main] INFO  com.zaxxer.hikari.pool.HikariPool - HikariPool-1 - Added connection com.mysql.cj.jdbc.ConnectionImpl@6870c3c2
2026-05-09 21:24:24.996 [main] INFO  com.zaxxer.hikari.HikariDataSource - HikariPool-1 - Start completed.
2026-05-09 21:24:24.998 [main] INFO  c.a.system.dao.DatabaseManager - Database connection pool initialized successfully
2026-05-09 21:24:25.010 [main] DEBUG c.a.system.dao.DatabaseManager - Database connection test successful
2026-05-09 21:24:25.029 [main] INFO  c.a.system.server.AttendanceServer - AttendanceServer initialized with injected dependencies
2026-05-09 21:24:25.041 [main] DEBUG c.a.system.server.AttendanceServer - Executing method: registerUser
2026-05-09 21:24:25.042 [main] DEBUG c.a.system.server.AttendanceServer - Registration request for user: validuser (Student)
2026-05-09 21:24:25.044 [main] WARN  c.a.system.server.AttendanceServer - Method registerUser failed: Password must contain at least one uppercase letter
2026-05-09 21:24:25.134 [main] INFO  c.a.system.server.AttendanceServer - AttendanceServer initialized with injected dependencies
2026-05-09 21:24:25.135 [main] DEBUG c.a.system.server.AttendanceServer - Executing method: registerUser
2026-05-09 21:24:25.137 [main] DEBUG c.a.system.server.AttendanceServer - Registration request for user: validuser (Student)
2026-05-09 21:24:25.138 [main] WARN  c.a.system.server.AttendanceServer - Method registerUser failed: First name is required
2026-05-09 21:24:25.176 [main] INFO  c.a.system.server.AttendanceServer - AttendanceServer initialized with injected dependencies
2026-05-09 21:24:25.180 [main] DEBUG c.a.system.server.AttendanceServer - Executing method: registerUser
2026-05-09 21:24:25.184 [main] DEBUG c.a.system.server.AttendanceServer - Registration request for user: aaaaaaaaaaaaaaaaaaaaaaaaaaaaaaaaaaaaaaaaaaaaaaaaaaa (Student)
2026-05-09 21:24:25.184 [main] WARN  c.a.system.server.AttendanceServer - Method registerUser failed: Username must be between 3 and 50 characters
2026-05-09 21:24:25.205 [main] INFO  c.a.system.server.AttendanceServer - AttendanceServer initialized with injected dependencies
2026-05-09 21:24:25.262 [main] DEBUG c.a.system.server.AttendanceServer - Executing method: registerUser
2026-05-09 21:24:25.263 [main] DEBUG c.a.system.server.AttendanceServer - Registration request for user: validuser (Student)
2026-05-09 21:24:25.275 [main] WARN  c.a.system.util.SecurityUtil - Encryption key is too short. Padding to 32 bytes.
2026-05-09 21:24:25.949 [main] WARN  c.a.system.server.AttendanceServer - Method registerUser failed: Database error
2026-05-09 21:24:25.959 [main] INFO  c.a.system.server.AttendanceServer - AttendanceServer initialized with injected dependencies
2026-05-09 21:24:25.960 [main] DEBUG c.a.system.server.AttendanceServer - Executing method: registerUser
2026-05-09 21:24:25.961 [main] DEBUG c.a.system.server.AttendanceServer - Registration request for user: validuser (Student)
2026-05-09 21:24:25.962 [main] WARN  c.a.system.server.AttendanceServer - Method registerUser failed: Password is required
2026-05-09 21:24:25.972 [main] INFO  c.a.system.server.AttendanceServer - AttendanceServer initialized with injected dependencies
2026-05-09 21:24:25.974 [main] DEBUG c.a.system.server.AttendanceServer - Executing method: registerUser
2026-05-09 21:24:25.974 [main] DEBUG c.a.system.server.AttendanceServer - Registration request for user: validuser (Student)
2026-05-09 21:24:25.975 [main] WARN  c.a.system.server.AttendanceServer - Method registerUser failed: Email is required
2026-05-09 21:24:25.987 [main] INFO  c.a.system.server.AttendanceServer - AttendanceServer initialized with injected dependencies
2026-05-09 21:24:25.989 [main] DEBUG c.a.system.server.AttendanceServer - Executing method: registerUser
2026-05-09 21:24:25.990 [main] DEBUG c.a.system.server.AttendanceServer - Registration request for user: user@name! (Student)
2026-05-09 21:24:25.991 [main] WARN  c.a.system.server.AttendanceServer - Method registerUser failed: Username can only contain letters, numbers, dots, underscores, and hyphens
2026-05-09 21:24:26.005 [main] INFO  c.a.system.server.AttendanceServer - AttendanceServer initialized with injected dependencies
2026-05-09 21:24:26.010 [main] DEBUG c.a.system.server.AttendanceServer - Executing method: registerUser
2026-05-09 21:24:26.011 [main] DEBUG c.a.system.server.AttendanceServer - Registration request for user: validuser (Student)
2026-05-09 21:24:26.015 [main] WARN  c.a.system.server.AttendanceServer - Method registerUser failed: Password must contain at least one digit
2026-05-09 21:24:26.035 [main] INFO  c.a.system.server.AttendanceServer - AttendanceServer initialized with injected dependencies
2026-05-09 21:24:26.037 [main] DEBUG c.a.system.server.AttendanceServer - Executing method: registerUser
2026-05-09 21:24:26.038 [main] DEBUG c.a.system.server.AttendanceServer - Registration request for user: validuser (Administrator)
2026-05-09 21:24:26.039 [main] WARN  c.a.system.server.AttendanceServer - Method registerUser failed: Invalid role for self-registration
2026-05-09 21:24:26.049 [main] INFO  c.a.system.server.AttendanceServer - AttendanceServer initialized with injected dependencies
2026-05-09 21:24:26.052 [main] DEBUG c.a.system.server.AttendanceServer - Executing method: registerUser
2026-05-09 21:24:26.052 [main] DEBUG c.a.system.server.AttendanceServer - Registration request for user: validuser (Student)
2026-05-09 21:24:26.446 [main] DEBUG c.a.system.server.AttendanceServer - Method registerUser completed in 394 ms
2026-05-09 21:24:26.452 [main] INFO  c.a.system.server.AttendanceServer - AttendanceServer initialized with injected dependencies
2026-05-09 21:24:26.455 [main] DEBUG c.a.system.server.AttendanceServer - Executing method: registerUser
2026-05-09 21:24:26.455 [main] DEBUG c.a.system.server.AttendanceServer - Registration request for user: validuser (Student)
2026-05-09 21:24:26.848 [main] INFO  c.a.system.server.AttendanceServer - User registered successfully: validuser (Student)
2026-05-09 21:24:26.848 [main] DEBUG c.a.system.server.AttendanceServer - Method registerUser completed in 393 ms
2026-05-09 21:24:26.864 [main] INFO  c.a.system.server.AttendanceServer - AttendanceServer initialized with injected dependencies
2026-05-09 21:24:26.866 [main] DEBUG c.a.system.server.AttendanceServer - Executing method: registerUser
2026-05-09 21:24:26.866 [main] DEBUG c.a.system.server.AttendanceServer - Registration request for user: validuser (Student)
2026-05-09 21:24:26.866 [main] WARN  c.a.system.server.AttendanceServer - Method registerUser failed: Last name must not exceed 50 characters
2026-05-09 21:24:26.872 [main] INFO  c.a.system.server.AttendanceServer - AttendanceServer initialized with injected dependencies
2026-05-09 21:24:26.875 [main] DEBUG c.a.system.server.AttendanceServer - Executing method: registerUser
2026-05-09 21:24:26.875 [main] DEBUG c.a.system.server.AttendanceServer - Registration request for user: validuser (Teacher)
2026-05-09 21:24:27.310 [main] INFO  c.a.system.server.AttendanceServer - User registered successfully: validuser (Teacher)
2026-05-09 21:24:27.311 [main] DEBUG c.a.system.server.AttendanceServer - Method registerUser completed in 436 ms
2026-05-09 21:24:27.327 [main] INFO  c.a.system.server.AttendanceServer - AttendanceServer initialized with injected dependencies
2026-05-09 21:24:27.333 [main] DEBUG c.a.system.server.AttendanceServer - Executing method: registerUser
2026-05-09 21:24:27.333 [main] DEBUG c.a.system.server.AttendanceServer - Registration request for user: validuser (Student)
2026-05-09 21:24:27.338 [main] WARN  c.a.system.server.AttendanceServer - Method registerUser failed: Email address already exists
2026-05-09 21:24:27.352 [main] INFO  c.a.system.server.AttendanceServer - AttendanceServer initialized with injected dependencies
2026-05-09 21:24:27.353 [main] DEBUG c.a.system.server.AttendanceServer - Executing method: registerUser
2026-05-09 21:24:27.353 [main] DEBUG c.a.system.server.AttendanceServer - Registration request for user: validuser (Student)
2026-05-09 21:24:27.354 [main] WARN  c.a.system.server.AttendanceServer - Method registerUser failed: Invalid email format
2026-05-09 21:24:27.361 [main] INFO  c.a.system.server.AttendanceServer - AttendanceServer initialized with injected dependencies
2026-05-09 21:24:27.363 [main] DEBUG c.a.system.server.AttendanceServer - Executing method: registerUser
2026-05-09 21:24:27.363 [main] DEBUG c.a.system.server.AttendanceServer - Registration request for user: validuser (Student)
2026-05-09 21:24:27.364 [main] WARN  c.a.system.server.AttendanceServer - Method registerUser failed: Last name is required
2026-05-09 21:24:27.370 [main] INFO  c.a.system.server.AttendanceServer - AttendanceServer initialized with injected dependencies
2026-05-09 21:24:27.372 [main] DEBUG c.a.system.server.AttendanceServer - Executing method: registerUser
2026-05-09 21:24:27.373 [main] DEBUG c.a.system.server.AttendanceServer - Registration request for user: ab (Student)
2026-05-09 21:24:27.374 [main] WARN  c.a.system.server.AttendanceServer - Method registerUser failed: Username must be between 3 and 50 characters
2026-05-09 21:24:27.382 [main] INFO  c.a.system.server.AttendanceServer - AttendanceServer initialized with injected dependencies
2026-05-09 21:24:27.387 [main] DEBUG c.a.system.server.AttendanceServer - Executing method: registerUser
2026-05-09 21:24:27.387 [main] DEBUG c.a.system.server.AttendanceServer - Registration request for user: validuser (Student)
2026-05-09 21:24:27.793 [main] INFO  c.a.system.server.AttendanceServer - User registered successfully: validuser (Student)
2026-05-09 21:24:27.793 [main] DEBUG c.a.system.server.AttendanceServer - Method registerUser completed in 406 ms
2026-05-09 21:24:27.799 [main] INFO  c.a.system.server.AttendanceServer - AttendanceServer initialized with injected dependencies
2026-05-09 21:24:27.800 [main] DEBUG c.a.system.server.AttendanceServer - Executing method: registerUser
2026-05-09 21:24:27.800 [main] DEBUG c.a.system.server.AttendanceServer - Registration request for user: validuser (Student)
2026-05-09 21:24:27.800 [main] WARN  c.a.system.server.AttendanceServer - Method registerUser failed: Password must be at least 8 characters
2026-05-09 21:24:27.806 [main] INFO  c.a.system.server.AttendanceServer - AttendanceServer initialized with injected dependencies
2026-05-09 21:24:27.808 [main] DEBUG c.a.system.server.AttendanceServer - Executing method: registerUser
2026-05-09 21:24:27.808 [main] DEBUG c.a.system.server.AttendanceServer - Registration request for user:  (Student)
2026-05-09 21:24:27.809 [main] WARN  c.a.system.server.AttendanceServer - Method registerUser failed: Username is required
2026-05-09 21:24:27.815 [main] INFO  c.a.system.server.AttendanceServer - AttendanceServer initialized with injected dependencies
2026-05-09 21:24:27.817 [main] DEBUG c.a.system.server.AttendanceServer - Executing method: registerUser
2026-05-09 21:24:27.818 [main] DEBUG c.a.system.server.AttendanceServer - Registration request for user: validuser (Student)
2026-05-09 21:24:27.818 [main] WARN  c.a.system.server.AttendanceServer - Method registerUser failed: Password must contain at least one lowercase letter
2026-05-09 21:24:27.826 [main] INFO  c.a.system.server.AttendanceServer - AttendanceServer initialized with injected dependencies
2026-05-09 21:24:27.827 [main] DEBUG c.a.system.server.AttendanceServer - Executing method: registerUser
2026-05-09 21:24:27.828 [main] DEBUG c.a.system.server.AttendanceServer - Registration request for user: validuser (Student)
2026-05-09 21:24:27.829 [main] WARN  c.a.system.server.AttendanceServer - Method registerUser failed: First name must not exceed 50 characters
2026-05-09 21:24:27.834 [main] INFO  c.a.system.server.AttendanceServer - AttendanceServer initialized with injected dependencies
2026-05-09 21:24:27.835 [main] DEBUG c.a.system.server.AttendanceServer - Executing method: registerUser
2026-05-09 21:24:27.836 [main] DEBUG c.a.system.server.AttendanceServer - Registration request for user: validuser (Student)
2026-05-09 21:24:27.837 [main] WARN  c.a.system.server.AttendanceServer - Method registerUser failed: Password must contain at least one special character
2026-05-09 21:24:27.845 [main] INFO  c.a.system.server.AttendanceServer - AttendanceServer initialized with injected dependencies
2026-05-09 21:24:27.847 [main] DEBUG c.a.system.server.AttendanceServer - Executing method: registerUser
2026-05-09 21:24:27.847 [main] DEBUG c.a.system.server.AttendanceServer - Registration request for user: validuser (Student)
2026-05-09 21:24:28.251 [main] INFO  c.a.system.server.AttendanceServer - User registered successfully: validuser (Student)
2026-05-09 21:24:28.252 [main] DEBUG c.a.system.server.AttendanceServer - Method registerUser completed in 405 ms
2026-05-09 21:24:28.526 [main] INFO  c.a.s.s.NotificationServiceImpl - Notification sent to user 1: Test Notification
2026-05-09 21:24:28.533 [main] DEBUG c.a.s.s.NotificationServiceImpl - Retrieved notification preferences for user 1
2026-05-09 21:24:28.539 [main] DEBUG c.a.s.s.NotificationServiceImpl - Attendance percentage 80.0 is above threshold, no warning needed
2026-05-09 21:24:28.548 [main] INFO  c.a.s.s.NotificationServiceImpl - Updated notification preferences for user 1
2026-05-09 21:24:28.589 [main] ERROR c.a.s.s.NotificationServiceImpl - Failed to update notification preferences for user 1
com.attendance.system.exception.ValidationException: Preference emailNotifications must be a boolean
	at com.attendance.system.service.NotificationServiceImpl.updateNotificationPreferences(NotificationServiceImpl.java:388)
	at com.attendance.system.service.NotificationServiceImplTest.lambda$testUpdateNotificationPreferences_InvalidData$3(NotificationServiceImplTest.java:345)
	at org.junit.jupiter.api.AssertThrows.assertThrows(AssertThrows.java:53)
	at org.junit.jupiter.api.AssertThrows.assertThrows(AssertThrows.java:35)
	at org.junit.jupiter.api.Assertions.assertThrows(Assertions.java:3083)
	at com.attendance.system.service.NotificationServiceImplTest.testUpdateNotificationPreferences_InvalidData(NotificationServiceImplTest.java:344)
	at java.base/jdk.internal.reflect.DirectMethodHandleAccessor.invoke(DirectMethodHandleAccessor.java:103)
	at java.base/java.lang.reflect.Method.invoke(Method.java:580)
	at org.junit.platform.commons.util.ReflectionUtils.invokeMethod(ReflectionUtils.java:727)
	at org.junit.jupiter.engine.execution.MethodInvocation.proceed(MethodInvocation.java:60)
	at org.junit.jupiter.engine.execution.InvocationInterceptorChain$ValidatingInvocation.proceed(InvocationInterceptorChain.java:131)
	at org.junit.jupiter.engine.extension.TimeoutExtension.intercept(TimeoutExtension.java:156)
	at org.junit.jupiter.engine.extension.TimeoutExtension.interceptTestableMethod(TimeoutExtension.java:147)
	at org.junit.jupiter.engine.extension.TimeoutExtension.interceptTestMethod(TimeoutExtension.java:86)
	at org.junit.jupiter.engine.execution.InterceptingExecutableInvoker$ReflectiveInterceptorCall.lambda$ofVoidMethod$0(InterceptingExecutableInvoker.java:103)
	at org.junit.jupiter.engine.execution.InterceptingExecutableInvoker.lambda$invoke$0(InterceptingExecutableInvoker.java:93)
	at org.junit.jupiter.engine.execution.InvocationInterceptorChain$InterceptedInvocation.proceed(InvocationInterceptorChain.java:106)
	at org.junit.jupiter.engine.execution.InvocationInterceptorChain.proceed(InvocationInterceptorChain.java:64)
	at org.junit.jupiter.engine.execution.InvocationInterceptorChain.chainAndInvoke(InvocationInterceptorChain.java:45)
	at org.junit.jupiter.engine.execution.InvocationInterceptorChain.invoke(InvocationInterceptorChain.java:37)
	at org.junit.jupiter.engine.execution.InterceptingExecutableInvoker.invoke(InterceptingExecutableInvoker.java:92)
	at org.junit.jupiter.engine.execution.InterceptingExecutableInvoker.invoke(InterceptingExecutableInvoker.java:86)
	at org.junit.jupiter.engine.descriptor.TestMethodTestDescriptor.lambda$invokeTestMethod$7(TestMethodTestDescriptor.java:217)
	at org.junit.platform.engine.support.hierarchical.ThrowableCollector.execute(ThrowableCollector.java:73)
	at org.junit.jupiter.engine.descriptor.TestMethodTestDescriptor.invokeTestMethod(TestMethodTestDescriptor.java:213)
	at org.junit.jupiter.engine.descriptor.TestMethodTestDescriptor.execute(TestMethodTestDescriptor.java:138)
	at org.junit.jupiter.engine.descriptor.TestMethodTestDescriptor.execute(TestMethodTestDescriptor.java:68)
	at org.junit.platform.engine.support.hierarchical.NodeTestTask.lambda$executeRecursively$6(NodeTestTask.java:151)
	at org.junit.platform.engine.support.hierarchical.ThrowableCollector.execute(ThrowableCollector.java:73)
	at org.junit.platform.engine.support.hierarchical.NodeTestTask.lambda$executeRecursively$8(NodeTestTask.java:141)
	at org.junit.platform.engine.support.hierarchical.Node.around(Node.java:137)
	at org.junit.platform.engine.support.hierarchical.NodeTestTask.lambda$executeRecursively$9(NodeTestTask.java:139)
	at org.junit.platform.engine.support.hierarchical.ThrowableCollector.execute(ThrowableCollector.java:73)
	at org.junit.platform.engine.support.hierarchical.NodeTestTask.executeRecursively(NodeTestTask.java:138)
	at org.junit.platform.engine.support.hierarchical.NodeTestTask.execute(NodeTestTask.java:95)
	at java.base/java.util.ArrayList.forEach(ArrayList.java:1596)
	at org.junit.platform.engine.support.hierarchical.SameThreadHierarchicalTestExecutorService.invokeAll(SameThreadHierarchicalTestExecutorService.java:41)
	at org.junit.platform.engine.support.hierarchical.NodeTestTask.lambda$executeRecursively$6(NodeTestTask.java:155)
	at org.junit.platform.engine.support.hierarchical.ThrowableCollector.execute(ThrowableCollector.java:73)
	at org.junit.platform.engine.support.hierarchical.NodeTestTask.lambda$executeRecursively$8(NodeTestTask.java:141)
	at org.junit.platform.engine.support.hierarchical.Node.around(Node.java:137)
	at org.junit.platform.engine.support.hierarchical.NodeTestTask.lambda$executeRecursively$9(NodeTestTask.java:139)
	at org.junit.platform.engine.support.hierarchical.ThrowableCollector.execute(ThrowableCollector.java:73)
	at org.junit.platform.engine.support.hierarchical.NodeTestTask.executeRecursively(NodeTestTask.java:138)
	at org.junit.platform.engine.support.hierarchical.NodeTestTask.execute(NodeTestTask.java:95)
	at java.base/java.util.ArrayList.forEach(ArrayList.java:1596)
	at org.junit.platform.engine.support.hierarchical.SameThreadHierarchicalTestExecutorService.invokeAll(SameThreadHierarchicalTestExecutorService.java:41)
	at org.junit.platform.engine.support.hierarchical.NodeTestTask.lambda$executeRecursively$6(NodeTestTask.java:155)
	at org.junit.platform.engine.support.hierarchical.ThrowableCollector.execute(ThrowableCollector.java:73)
	at org.junit.platform.engine.support.hierarchical.NodeTestTask.lambda$executeRecursively$8(NodeTestTask.java:141)
	at org.junit.platform.engine.support.hierarchical.Node.around(Node.java:137)
	at org.junit.platform.engine.support.hierarchical.NodeTestTask.lambda$executeRecursively$9(NodeTestTask.java:139)
	at org.junit.platform.engine.support.hierarchical.ThrowableCollector.execute(ThrowableCollector.java:73)
	at org.junit.platform.engine.support.hierarchical.NodeTestTask.executeRecursively(NodeTestTask.java:138)
	at org.junit.platform.engine.support.hierarchical.NodeTestTask.execute(NodeTestTask.java:95)
	at org.junit.platform.engine.support.hierarchical.SameThreadHierarchicalTestExecutorService.submit(SameThreadHierarchicalTestExecutorService.java:35)
	at org.junit.platform.engine.support.hierarchical.HierarchicalTestExecutor.execute(HierarchicalTestExecutor.java:57)
	at org.junit.platform.engine.support.hierarchical.HierarchicalTestEngine.execute(HierarchicalTestEngine.java:54)
	at org.junit.platform.launcher.core.EngineExecutionOrchestrator.execute(EngineExecutionOrchestrator.java:147)
	at org.junit.platform.launcher.core.EngineExecutionOrchestrator.execute(EngineExecutionOrchestrator.java:127)
	at org.junit.platform.launcher.core.EngineExecutionOrchestrator.execute(EngineExecutionOrchestrator.java:90)
	at org.junit.platform.launcher.core.EngineExecutionOrchestrator.lambda$execute$0(EngineExecutionOrchestrator.java:55)
	at org.junit.platform.launcher.core.EngineExecutionOrchestrator.withInterceptedStreams(EngineExecutionOrchestrator.java:102)
	at org.junit.platform.launcher.core.EngineExecutionOrchestrator.execute(EngineExecutionOrchestrator.java:54)
	at org.junit.platform.launcher.core.DefaultLauncher.execute(DefaultLauncher.java:114)
	at org.junit.platform.launcher.core.DefaultLauncher.execute(DefaultLauncher.java:86)
	at org.junit.platform.launcher.core.DefaultLauncherSession$DelegatingLauncher.execute(DefaultLauncherSession.java:86)
	at org.apache.maven.surefire.junitplatform.LazyLauncher.execute(LazyLauncher.java:56)
	at org.apache.maven.surefire.junitplatform.JUnitPlatformProvider.execute(JUnitPlatformProvider.java:184)
	at org.apache.maven.surefire.junitplatform.JUnitPlatformProvider.invokeAllTests(JUnitPlatformProvider.java:148)
	at org.apache.maven.surefire.junitplatform.JUnitPlatformProvider.invoke(JUnitPlatformProvider.java:122)
	at org.apache.maven.surefire.booter.ForkedBooter.runSuitesInProcess(ForkedBooter.java:385)
	at org.apache.maven.surefire.booter.ForkedBooter.execute(ForkedBooter.java:162)
	at org.apache.maven.surefire.booter.ForkedBooter.run(ForkedBooter.java:507)
	at org.apache.maven.surefire.booter.ForkedBooter.main(ForkedBooter.java:495)
2026-05-09 21:24:28.618 [main] INFO  c.a.s.s.NotificationServiceImpl - Notification marked as read: 1
2026-05-09 21:24:28.636 [main] INFO  c.a.s.s.NotificationServiceImpl - Absent notification sent to student 1 for course 1 on 2026-05-09
2026-05-09 21:24:28.644 [main] INFO  c.a.s.s.NotificationServiceImpl - Marked 3 notifications as read for user 1
2026-05-09 21:24:28.651 [main] INFO  c.a.s.s.NotificationServiceImpl - Notification sent to user 1: Bulk Notification
2026-05-09 21:24:28.652 [main] INFO  c.a.s.s.NotificationServiceImpl - Notification sent to user 2: Bulk Notification
2026-05-09 21:24:28.652 [main] INFO  c.a.s.s.NotificationServiceImpl - Notification sent to user 3: Bulk Notification
2026-05-09 21:24:28.653 [main] INFO  c.a.s.s.NotificationServiceImpl - Bulk notification sent to 3 out of 3 users
2026-05-09 21:24:28.659 [main] DEBUG c.a.s.s.NotificationServiceImpl - Retrieved notification preferences for user 1
2026-05-09 21:24:28.673 [main] INFO  c.a.s.s.NotificationServiceImpl - Attendance reminder sent to teacher 1 for course 1 on 2026-05-09
2026-05-09 21:24:28.684 [main] INFO  c.a.s.s.NotificationServiceImpl - Low attendance warning sent to student 1 for course 1
2026-05-09 21:24:28.704 [main] INFO  c.a.s.s.NotificationServiceImpl - Weekly attendance summary sent to student 1
2026-05-09 21:24:28.748 [main] DEBUG c.a.s.s.NotificationServiceImpl - Retrieved notification preferences for user 1
2026-05-09 21:24:28.756 [main] INFO  c.a.s.s.NotificationServiceImpl - Notification deleted: 1
2026-05-09 21:24:32.536 [main] ERROR c.a.system.dao.NotificationDAO - Failed to insert notification
java.sql.SQLIntegrityConstraintViolationException: Cannot add or update a child row: a foreign key constraint fails (`Wolde`.`NOTIFICATIONS`, CONSTRAINT `NOTIFICATIONS_ibfk_1` FOREIGN KEY (`user_id`) REFERENCES `USERS` (`user_id`) ON DELETE CASCADE)
	at com.mysql.cj.jdbc.exceptions.SQLError.createSQLException(SQLError.java:118)
	at com.mysql.cj.jdbc.exceptions.SQLExceptionsMapping.translateException(SQLExceptionsMapping.java:122)
	at com.mysql.cj.jdbc.ServerPreparedStatement.serverExecute(ServerPreparedStatement.java:555)
	at com.mysql.cj.jdbc.ServerPreparedStatement.executeInternal(ServerPreparedStatement.java:339)
	at com.mysql.cj.jdbc.ClientPreparedStatement.executeUpdateInternal(ClientPreparedStatement.java:1061)
	at com.mysql.cj.jdbc.ClientPreparedStatement.executeUpdateInternal(ClientPreparedStatement.java:1009)
	at com.mysql.cj.jdbc.ClientPreparedStatement.executeLargeUpdate(ClientPreparedStatement.java:1320)
	at com.mysql.cj.jdbc.ClientPreparedStatement.executeUpdate(ClientPreparedStatement.java:994)
	at com.zaxxer.hikari.pool.ProxyPreparedStatement.executeUpdate(ProxyPreparedStatement.java:61)
	at com.zaxxer.hikari.pool.HikariProxyPreparedStatement.executeUpdate(HikariProxyPreparedStatement.java)
	at com.attendance.system.dao.NotificationDAO.insertNotification(NotificationDAO.java:51)
	at com.attendance.system.dao.NotificationDAOTest.testMarkAllAsRead(NotificationDAOTest.java:174)
	at java.base/jdk.internal.reflect.DirectMethodHandleAccessor.invoke(DirectMethodHandleAccessor.java:103)
	at java.base/java.lang.reflect.Method.invoke(Method.java:580)
	at org.junit.platform.commons.util.ReflectionUtils.invokeMethod(ReflectionUtils.java:727)
	at org.junit.jupiter.engine.execution.MethodInvocation.proceed(MethodInvocation.java:60)
	at org.junit.jupiter.engine.execution.InvocationInterceptorChain$ValidatingInvocation.proceed(InvocationInterceptorChain.java:131)
	at org.junit.jupiter.engine.extension.TimeoutExtension.intercept(TimeoutExtension.java:156)
	at org.junit.jupiter.engine.extension.TimeoutExtension.interceptTestableMethod(TimeoutExtension.java:147)
	at org.junit.jupiter.engine.extension.TimeoutExtension.interceptTestMethod(TimeoutExtension.java:86)
	at org.junit.jupiter.engine.execution.InterceptingExecutableInvoker$ReflectiveInterceptorCall.lambda$ofVoidMethod$0(InterceptingExecutableInvoker.java:103)
	at org.junit.jupiter.engine.execution.InterceptingExecutableInvoker.lambda$invoke$0(InterceptingExecutableInvoker.java:93)
	at org.junit.jupiter.engine.execution.InvocationInterceptorChain$InterceptedInvocation.proceed(InvocationInterceptorChain.java:106)
	at org.junit.jupiter.engine.execution.InvocationInterceptorChain.proceed(InvocationInterceptorChain.java:64)
	at org.junit.jupiter.engine.execution.InvocationInterceptorChain.chainAndInvoke(InvocationInterceptorChain.java:45)
	at org.junit.jupiter.engine.execution.InvocationInterceptorChain.invoke(InvocationInterceptorChain.java:37)
	at org.junit.jupiter.engine.execution.InterceptingExecutableInvoker.invoke(InterceptingExecutableInvoker.java:92)
	at org.junit.jupiter.engine.execution.InterceptingExecutableInvoker.invoke(InterceptingExecutableInvoker.java:86)
	at org.junit.jupiter.engine.descriptor.TestMethodTestDescriptor.lambda$invokeTestMethod$7(TestMethodTestDescriptor.java:217)
	at org.junit.platform.engine.support.hierarchical.ThrowableCollector.execute(ThrowableCollector.java:73)
	at org.junit.jupiter.engine.descriptor.TestMethodTestDescriptor.invokeTestMethod(TestMethodTestDescriptor.java:213)
	at org.junit.jupiter.engine.descriptor.TestMethodTestDescriptor.execute(TestMethodTestDescriptor.java:138)
	at org.junit.jupiter.engine.descriptor.TestMethodTestDescriptor.execute(TestMethodTestDescriptor.java:68)
	at org.junit.platform.engine.support.hierarchical.NodeTestTask.lambda$executeRecursively$6(NodeTestTask.java:151)
	at org.junit.platform.engine.support.hierarchical.ThrowableCollector.execute(ThrowableCollector.java:73)
	at org.junit.platform.engine.support.hierarchical.NodeTestTask.lambda$executeRecursively$8(NodeTestTask.java:141)
	at org.junit.platform.engine.support.hierarchical.Node.around(Node.java:137)
	at org.junit.platform.engine.support.hierarchical.NodeTestTask.lambda$executeRecursively$9(NodeTestTask.java:139)
	at org.junit.platform.engine.support.hierarchical.ThrowableCollector.execute(ThrowableCollector.java:73)
	at org.junit.platform.engine.support.hierarchical.NodeTestTask.executeRecursively(NodeTestTask.java:138)
	at org.junit.platform.engine.support.hierarchical.NodeTestTask.execute(NodeTestTask.java:95)
	at java.base/java.util.ArrayList.forEach(ArrayList.java:1596)
	at org.junit.platform.engine.support.hierarchical.SameThreadHierarchicalTestExecutorService.invokeAll(SameThreadHierarchicalTestExecutorService.java:41)
	at org.junit.platform.engine.support.hierarchical.NodeTestTask.lambda$executeRecursively$6(NodeTestTask.java:155)
	at org.junit.platform.engine.support.hierarchical.ThrowableCollector.execute(ThrowableCollector.java:73)
	at org.junit.platform.engine.support.hierarchical.NodeTestTask.lambda$executeRecursively$8(NodeTestTask.java:141)
	at org.junit.platform.engine.support.hierarchical.Node.around(Node.java:137)
	at org.junit.platform.engine.support.hierarchical.NodeTestTask.lambda$executeRecursively$9(NodeTestTask.java:139)
	at org.junit.platform.engine.support.hierarchical.ThrowableCollector.execute(ThrowableCollector.java:73)
	at org.junit.platform.engine.support.hierarchical.NodeTestTask.executeRecursively(NodeTestTask.java:138)
	at org.junit.platform.engine.support.hierarchical.NodeTestTask.execute(NodeTestTask.java:95)
	at java.base/java.util.ArrayList.forEach(ArrayList.java:1596)
	at org.junit.platform.engine.support.hierarchical.SameThreadHierarchicalTestExecutorService.invokeAll(SameThreadHierarchicalTestExecutorService.java:41)
	at org.junit.platform.engine.support.hierarchical.NodeTestTask.lambda$executeRecursively$6(NodeTestTask.java:155)
	at org.junit.platform.engine.support.hierarchical.ThrowableCollector.execute(ThrowableCollector.java:73)
	at org.junit.platform.engine.support.hierarchical.NodeTestTask.lambda$executeRecursively$8(NodeTestTask.java:141)
	at org.junit.platform.engine.support.hierarchical.Node.around(Node.java:137)
	at org.junit.platform.engine.support.hierarchical.NodeTestTask.lambda$executeRecursively$9(NodeTestTask.java:139)
	at org.junit.platform.engine.support.hierarchical.ThrowableCollector.execute(ThrowableCollector.java:73)
	at org.junit.platform.engine.support.hierarchical.NodeTestTask.executeRecursively(NodeTestTask.java:138)
	at org.junit.platform.engine.support.hierarchical.NodeTestTask.execute(NodeTestTask.java:95)
	at org.junit.platform.engine.support.hierarchical.SameThreadHierarchicalTestExecutorService.submit(SameThreadHierarchicalTestExecutorService.java:35)
	at org.junit.platform.engine.support.hierarchical.HierarchicalTestExecutor.execute(HierarchicalTestExecutor.java:57)
	at org.junit.platform.engine.support.hierarchical.HierarchicalTestEngine.execute(HierarchicalTestEngine.java:54)
	at org.junit.platform.launcher.core.EngineExecutionOrchestrator.execute(EngineExecutionOrchestrator.java:147)
	at org.junit.platform.launcher.core.EngineExecutionOrchestrator.execute(EngineExecutionOrchestrator.java:127)
	at org.junit.platform.launcher.core.EngineExecutionOrchestrator.execute(EngineExecutionOrchestrator.java:90)
	at org.junit.platform.launcher.core.EngineExecutionOrchestrator.lambda$execute$0(EngineExecutionOrchestrator.java:55)
	at org.junit.platform.launcher.core.EngineExecutionOrchestrator.withInterceptedStreams(EngineExecutionOrchestrator.java:102)
	at org.junit.platform.launcher.core.EngineExecutionOrchestrator.execute(EngineExecutionOrchestrator.java:54)
	at org.junit.platform.launcher.core.DefaultLauncher.execute(DefaultLauncher.java:114)
	at org.junit.platform.launcher.core.DefaultLauncher.execute(DefaultLauncher.java:86)
	at org.junit.platform.launcher.core.DefaultLauncherSession$DelegatingLauncher.execute(DefaultLauncherSession.java:86)
	at org.apache.maven.surefire.junitplatform.LazyLauncher.execute(LazyLauncher.java:56)
	at org.apache.maven.surefire.junitplatform.JUnitPlatformProvider.execute(JUnitPlatformProvider.java:184)
	at org.apache.maven.surefire.junitplatform.JUnitPlatformProvider.invokeAllTests(JUnitPlatformProvider.java:148)
	at org.apache.maven.surefire.junitplatform.JUnitPlatformProvider.invoke(JUnitPlatformProvider.java:122)
	at org.apache.maven.surefire.booter.ForkedBooter.runSuitesInProcess(ForkedBooter.java:385)
	at org.apache.maven.surefire.booter.ForkedBooter.execute(ForkedBooter.java:162)
	at org.apache.maven.surefire.booter.ForkedBooter.run(ForkedBooter.java:507)
	at org.apache.maven.surefire.booter.ForkedBooter.main(ForkedBooter.java:495)
2026-05-09 21:24:32.584 [main] ERROR c.a.system.dao.NotificationDAO - Failed to insert notification
java.sql.SQLIntegrityConstraintViolationException: Cannot add or update a child row: a foreign key constraint fails (`Wolde`.`NOTIFICATIONS`, CONSTRAINT `NOTIFICATIONS_ibfk_1` FOREIGN KEY (`user_id`) REFERENCES `USERS` (`user_id`) ON DELETE CASCADE)
	at com.mysql.cj.jdbc.exceptions.SQLError.createSQLException(SQLError.java:118)
	at com.mysql.cj.jdbc.exceptions.SQLExceptionsMapping.translateException(SQLExceptionsMapping.java:122)
	at com.mysql.cj.jdbc.ServerPreparedStatement.serverExecute(ServerPreparedStatement.java:555)
	at com.mysql.cj.jdbc.ServerPreparedStatement.executeInternal(ServerPreparedStatement.java:339)
	at com.mysql.cj.jdbc.ClientPreparedStatement.executeUpdateInternal(ClientPreparedStatement.java:1061)
	at com.mysql.cj.jdbc.ClientPreparedStatement.executeUpdateInternal(ClientPreparedStatement.java:1009)
	at com.mysql.cj.jdbc.ClientPreparedStatement.executeLargeUpdate(ClientPreparedStatement.java:1320)
	at com.mysql.cj.jdbc.ClientPreparedStatement.executeUpdate(ClientPreparedStatement.java:994)
	at com.zaxxer.hikari.pool.ProxyPreparedStatement.executeUpdate(ProxyPreparedStatement.java:61)
	at com.zaxxer.hikari.pool.HikariProxyPreparedStatement.executeUpdate(HikariProxyPreparedStatement.java)
	at com.attendance.system.dao.NotificationDAO.insertNotification(NotificationDAO.java:51)
	at com.attendance.system.dao.NotificationDAOTest.testDeleteAllForUser(NotificationDAOTest.java:220)
	at java.base/jdk.internal.reflect.DirectMethodHandleAccessor.invoke(DirectMethodHandleAccessor.java:103)
	at java.base/java.lang.reflect.Method.invoke(Method.java:580)
	at org.junit.platform.commons.util.ReflectionUtils.invokeMethod(ReflectionUtils.java:727)
	at org.junit.jupiter.engine.execution.MethodInvocation.proceed(MethodInvocation.java:60)
	at org.junit.jupiter.engine.execution.InvocationInterceptorChain$ValidatingInvocation.proceed(InvocationInterceptorChain.java:131)
	at org.junit.jupiter.engine.extension.TimeoutExtension.intercept(TimeoutExtension.java:156)
	at org.junit.jupiter.engine.extension.TimeoutExtension.interceptTestableMethod(TimeoutExtension.java:147)
	at org.junit.jupiter.engine.extension.TimeoutExtension.interceptTestMethod(TimeoutExtension.java:86)
	at org.junit.jupiter.engine.execution.InterceptingExecutableInvoker$ReflectiveInterceptorCall.lambda$ofVoidMethod$0(InterceptingExecutableInvoker.java:103)
	at org.junit.jupiter.engine.execution.InterceptingExecutableInvoker.lambda$invoke$0(InterceptingExecutableInvoker.java:93)
	at org.junit.jupiter.engine.execution.InvocationInterceptorChain$InterceptedInvocation.proceed(InvocationInterceptorChain.java:106)
	at org.junit.jupiter.engine.execution.InvocationInterceptorChain.proceed(InvocationInterceptorChain.java:64)
	at org.junit.jupiter.engine.execution.InvocationInterceptorChain.chainAndInvoke(InvocationInterceptorChain.java:45)
	at org.junit.jupiter.engine.execution.InvocationInterceptorChain.invoke(InvocationInterceptorChain.java:37)
	at org.junit.jupiter.engine.execution.InterceptingExecutableInvoker.invoke(InterceptingExecutableInvoker.java:92)
	at org.junit.jupiter.engine.execution.InterceptingExecutableInvoker.invoke(InterceptingExecutableInvoker.java:86)
	at org.junit.jupiter.engine.descriptor.TestMethodTestDescriptor.lambda$invokeTestMethod$7(TestMethodTestDescriptor.java:217)
	at org.junit.platform.engine.support.hierarchical.ThrowableCollector.execute(ThrowableCollector.java:73)
	at org.junit.jupiter.engine.descriptor.TestMethodTestDescriptor.invokeTestMethod(TestMethodTestDescriptor.java:213)
	at org.junit.jupiter.engine.descriptor.TestMethodTestDescriptor.execute(TestMethodTestDescriptor.java:138)
	at org.junit.jupiter.engine.descriptor.TestMethodTestDescriptor.execute(TestMethodTestDescriptor.java:68)
	at org.junit.platform.engine.support.hierarchical.NodeTestTask.lambda$executeRecursively$6(NodeTestTask.java:151)
	at org.junit.platform.engine.support.hierarchical.ThrowableCollector.execute(ThrowableCollector.java:73)
	at org.junit.platform.engine.support.hierarchical.NodeTestTask.lambda$executeRecursively$8(NodeTestTask.java:141)
	at org.junit.platform.engine.support.hierarchical.Node.around(Node.java:137)
	at org.junit.platform.engine.support.hierarchical.NodeTestTask.lambda$executeRecursively$9(NodeTestTask.java:139)
	at org.junit.platform.engine.support.hierarchical.ThrowableCollector.execute(ThrowableCollector.java:73)
	at org.junit.platform.engine.support.hierarchical.NodeTestTask.executeRecursively(NodeTestTask.java:138)
	at org.junit.platform.engine.support.hierarchical.NodeTestTask.execute(NodeTestTask.java:95)
	at java.base/java.util.ArrayList.forEach(ArrayList.java:1596)
	at org.junit.platform.engine.support.hierarchical.SameThreadHierarchicalTestExecutorService.invokeAll(SameThreadHierarchicalTestExecutorService.java:41)
	at org.junit.platform.engine.support.hierarchical.NodeTestTask.lambda$executeRecursively$6(NodeTestTask.java:155)
	at org.junit.platform.engine.support.hierarchical.ThrowableCollector.execute(ThrowableCollector.java:73)
	at org.junit.platform.engine.support.hierarchical.NodeTestTask.lambda$executeRecursively$8(NodeTestTask.java:141)
	at org.junit.platform.engine.support.hierarchical.Node.around(Node.java:137)
	at org.junit.platform.engine.support.hierarchical.NodeTestTask.lambda$executeRecursively$9(NodeTestTask.java:139)
	at org.junit.platform.engine.support.hierarchical.ThrowableCollector.execute(ThrowableCollector.java:73)
	at org.junit.platform.engine.support.hierarchical.NodeTestTask.executeRecursively(NodeTestTask.java:138)
	at org.junit.platform.engine.support.hierarchical.NodeTestTask.execute(NodeTestTask.java:95)
	at java.base/java.util.ArrayList.forEach(ArrayList.java:1596)
	at org.junit.platform.engine.support.hierarchical.SameThreadHierarchicalTestExecutorService.invokeAll(SameThreadHierarchicalTestExecutorService.java:41)
	at org.junit.platform.engine.support.hierarchical.NodeTestTask.lambda$executeRecursively$6(NodeTestTask.java:155)
	at org.junit.platform.engine.support.hierarchical.ThrowableCollector.execute(ThrowableCollector.java:73)
	at org.junit.platform.engine.support.hierarchical.NodeTestTask.lambda$executeRecursively$8(NodeTestTask.java:141)
	at org.junit.platform.engine.support.hierarchical.Node.around(Node.java:137)
	at org.junit.platform.engine.support.hierarchical.NodeTestTask.lambda$executeRecursively$9(NodeTestTask.java:139)
	at org.junit.platform.engine.support.hierarchical.ThrowableCollector.execute(ThrowableCollector.java:73)
	at org.junit.platform.engine.support.hierarchical.NodeTestTask.executeRecursively(NodeTestTask.java:138)
	at org.junit.platform.engine.support.hierarchical.NodeTestTask.execute(NodeTestTask.java:95)
	at org.junit.platform.engine.support.hierarchical.SameThreadHierarchicalTestExecutorService.submit(SameThreadHierarchicalTestExecutorService.java:35)
	at org.junit.platform.engine.support.hierarchical.HierarchicalTestExecutor.execute(HierarchicalTestExecutor.java:57)
	at org.junit.platform.engine.support.hierarchical.HierarchicalTestEngine.execute(HierarchicalTestEngine.java:54)
	at org.junit.platform.launcher.core.EngineExecutionOrchestrator.execute(EngineExecutionOrchestrator.java:147)
	at org.junit.platform.launcher.core.EngineExecutionOrchestrator.execute(EngineExecutionOrchestrator.java:127)
	at org.junit.platform.launcher.core.EngineExecutionOrchestrator.execute(EngineExecutionOrchestrator.java:90)
	at org.junit.platform.launcher.core.EngineExecutionOrchestrator.lambda$execute$0(EngineExecutionOrchestrator.java:55)
	at org.junit.platform.launcher.core.EngineExecutionOrchestrator.withInterceptedStreams(EngineExecutionOrchestrator.java:102)
	at org.junit.platform.launcher.core.EngineExecutionOrchestrator.execute(EngineExecutionOrchestrator.java:54)
	at org.junit.platform.launcher.core.DefaultLauncher.execute(DefaultLauncher.java:114)
	at org.junit.platform.launcher.core.DefaultLauncher.execute(DefaultLauncher.java:86)
	at org.junit.platform.launcher.core.DefaultLauncherSession$DelegatingLauncher.execute(DefaultLauncherSession.java:86)
	at org.apache.maven.surefire.junitplatform.LazyLauncher.execute(LazyLauncher.java:56)
	at org.apache.maven.surefire.junitplatform.JUnitPlatformProvider.execute(JUnitPlatformProvider.java:184)
	at org.apache.maven.surefire.junitplatform.JUnitPlatformProvider.invokeAllTests(JUnitPlatformProvider.java:148)
	at org.apache.maven.surefire.junitplatform.JUnitPlatformProvider.invoke(JUnitPlatformProvider.java:122)
	at org.apache.maven.surefire.booter.ForkedBooter.runSuitesInProcess(ForkedBooter.java:385)
	at org.apache.maven.surefire.booter.ForkedBooter.execute(ForkedBooter.java:162)
	at org.apache.maven.surefire.booter.ForkedBooter.run(ForkedBooter.java:507)
	at org.apache.maven.surefire.booter.ForkedBooter.main(ForkedBooter.java:495)
2026-05-09 21:24:32.738 [main] ERROR c.a.system.dao.NotificationDAO - Failed to insert notification
java.sql.SQLIntegrityConstraintViolationException: Cannot add or update a child row: a foreign key constraint fails (`Wolde`.`NOTIFICATIONS`, CONSTRAINT `NOTIFICATIONS_ibfk_1` FOREIGN KEY (`user_id`) REFERENCES `USERS` (`user_id`) ON DELETE CASCADE)
	at com.mysql.cj.jdbc.exceptions.SQLError.createSQLException(SQLError.java:118)
	at com.mysql.cj.jdbc.exceptions.SQLExceptionsMapping.translateException(SQLExceptionsMapping.java:122)
	at com.mysql.cj.jdbc.ServerPreparedStatement.serverExecute(ServerPreparedStatement.java:555)
	at com.mysql.cj.jdbc.ServerPreparedStatement.executeInternal(ServerPreparedStatement.java:339)
	at com.mysql.cj.jdbc.ClientPreparedStatement.executeUpdateInternal(ClientPreparedStatement.java:1061)
	at com.mysql.cj.jdbc.ClientPreparedStatement.executeUpdateInternal(ClientPreparedStatement.java:1009)
	at com.mysql.cj.jdbc.ClientPreparedStatement.executeLargeUpdate(ClientPreparedStatement.java:1320)
	at com.mysql.cj.jdbc.ClientPreparedStatement.executeUpdate(ClientPreparedStatement.java:994)
	at com.zaxxer.hikari.pool.ProxyPreparedStatement.executeUpdate(ProxyPreparedStatement.java:61)
	at com.zaxxer.hikari.pool.HikariProxyPreparedStatement.executeUpdate(HikariProxyPreparedStatement.java)
	at com.attendance.system.dao.NotificationDAO.insertNotification(NotificationDAO.java:51)
	at com.attendance.system.dao.NotificationDAOTest.testFindByType(NotificationDAOTest.java:265)
	at java.base/jdk.internal.reflect.DirectMethodHandleAccessor.invoke(DirectMethodHandleAccessor.java:103)
	at java.base/java.lang.reflect.Method.invoke(Method.java:580)
	at org.junit.platform.commons.util.ReflectionUtils.invokeMethod(ReflectionUtils.java:727)
	at org.junit.jupiter.engine.execution.MethodInvocation.proceed(MethodInvocation.java:60)
	at org.junit.jupiter.engine.execution.InvocationInterceptorChain$ValidatingInvocation.proceed(InvocationInterceptorChain.java:131)
	at org.junit.jupiter.engine.extension.TimeoutExtension.intercept(TimeoutExtension.java:156)
	at org.junit.jupiter.engine.extension.TimeoutExtension.interceptTestableMethod(TimeoutExtension.java:147)
	at org.junit.jupiter.engine.extension.TimeoutExtension.interceptTestMethod(TimeoutExtension.java:86)
	at org.junit.jupiter.engine.execution.InterceptingExecutableInvoker$ReflectiveInterceptorCall.lambda$ofVoidMethod$0(InterceptingExecutableInvoker.java:103)
	at org.junit.jupiter.engine.execution.InterceptingExecutableInvoker.lambda$invoke$0(InterceptingExecutableInvoker.java:93)
	at org.junit.jupiter.engine.execution.InvocationInterceptorChain$InterceptedInvocation.proceed(InvocationInterceptorChain.java:106)
	at org.junit.jupiter.engine.execution.InvocationInterceptorChain.proceed(InvocationInterceptorChain.java:64)
	at org.junit.jupiter.engine.execution.InvocationInterceptorChain.chainAndInvoke(InvocationInterceptorChain.java:45)
	at org.junit.jupiter.engine.execution.InvocationInterceptorChain.invoke(InvocationInterceptorChain.java:37)
	at org.junit.jupiter.engine.execution.InterceptingExecutableInvoker.invoke(InterceptingExecutableInvoker.java:92)
	at org.junit.jupiter.engine.execution.InterceptingExecutableInvoker.invoke(InterceptingExecutableInvoker.java:86)
	at org.junit.jupiter.engine.descriptor.TestMethodTestDescriptor.lambda$invokeTestMethod$7(TestMethodTestDescriptor.java:217)
	at org.junit.platform.engine.support.hierarchical.ThrowableCollector.execute(ThrowableCollector.java:73)
	at org.junit.jupiter.engine.descriptor.TestMethodTestDescriptor.invokeTestMethod(TestMethodTestDescriptor.java:213)
	at org.junit.jupiter.engine.descriptor.TestMethodTestDescriptor.execute(TestMethodTestDescriptor.java:138)
	at org.junit.jupiter.engine.descriptor.TestMethodTestDescriptor.execute(TestMethodTestDescriptor.java:68)
	at org.junit.platform.engine.support.hierarchical.NodeTestTask.lambda$executeRecursively$6(NodeTestTask.java:151)
	at org.junit.platform.engine.support.hierarchical.ThrowableCollector.execute(ThrowableCollector.java:73)
	at org.junit.platform.engine.support.hierarchical.NodeTestTask.lambda$executeRecursively$8(NodeTestTask.java:141)
	at org.junit.platform.engine.support.hierarchical.Node.around(Node.java:137)
	at org.junit.platform.engine.support.hierarchical.NodeTestTask.lambda$executeRecursively$9(NodeTestTask.java:139)
	at org.junit.platform.engine.support.hierarchical.ThrowableCollector.execute(ThrowableCollector.java:73)
	at org.junit.platform.engine.support.hierarchical.NodeTestTask.executeRecursively(NodeTestTask.java:138)
	at org.junit.platform.engine.support.hierarchical.NodeTestTask.execute(NodeTestTask.java:95)
	at java.base/java.util.ArrayList.forEach(ArrayList.java:1596)
	at org.junit.platform.engine.support.hierarchical.SameThreadHierarchicalTestExecutorService.invokeAll(SameThreadHierarchicalTestExecutorService.java:41)
	at org.junit.platform.engine.support.hierarchical.NodeTestTask.lambda$executeRecursively$6(NodeTestTask.java:155)
	at org.junit.platform.engine.support.hierarchical.ThrowableCollector.execute(ThrowableCollector.java:73)
	at org.junit.platform.engine.support.hierarchical.NodeTestTask.lambda$executeRecursively$8(NodeTestTask.java:141)
	at org.junit.platform.engine.support.hierarchical.Node.around(Node.java:137)
	at org.junit.platform.engine.support.hierarchical.NodeTestTask.lambda$executeRecursively$9(NodeTestTask.java:139)
	at org.junit.platform.engine.support.hierarchical.ThrowableCollector.execute(ThrowableCollector.java:73)
	at org.junit.platform.engine.support.hierarchical.NodeTestTask.executeRecursively(NodeTestTask.java:138)
	at org.junit.platform.engine.support.hierarchical.NodeTestTask.execute(NodeTestTask.java:95)
	at java.base/java.util.ArrayList.forEach(ArrayList.java:1596)
	at org.junit.platform.engine.support.hierarchical.SameThreadHierarchicalTestExecutorService.invokeAll(SameThreadHierarchicalTestExecutorService.java:41)
	at org.junit.platform.engine.support.hierarchical.NodeTestTask.lambda$executeRecursively$6(NodeTestTask.java:155)
	at org.junit.platform.engine.support.hierarchical.ThrowableCollector.execute(ThrowableCollector.java:73)
	at org.junit.platform.engine.support.hierarchical.NodeTestTask.lambda$executeRecursively$8(NodeTestTask.java:141)
	at org.junit.platform.engine.support.hierarchical.Node.around(Node.java:137)
	at org.junit.platform.engine.support.hierarchical.NodeTestTask.lambda$executeRecursively$9(NodeTestTask.java:139)
	at org.junit.platform.engine.support.hierarchical.ThrowableCollector.execute(ThrowableCollector.java:73)
	at org.junit.platform.engine.support.hierarchical.NodeTestTask.executeRecursively(NodeTestTask.java:138)
	at org.junit.platform.engine.support.hierarchical.NodeTestTask.execute(NodeTestTask.java:95)
	at org.junit.platform.engine.support.hierarchical.SameThreadHierarchicalTestExecutorService.submit(SameThreadHierarchicalTestExecutorService.java:35)
	at org.junit.platform.engine.support.hierarchical.HierarchicalTestExecutor.execute(HierarchicalTestExecutor.java:57)
	at org.junit.platform.engine.support.hierarchical.HierarchicalTestEngine.execute(HierarchicalTestEngine.java:54)
	at org.junit.platform.launcher.core.EngineExecutionOrchestrator.execute(EngineExecutionOrchestrator.java:147)
	at org.junit.platform.launcher.core.EngineExecutionOrchestrator.execute(EngineExecutionOrchestrator.java:127)
	at org.junit.platform.launcher.core.EngineExecutionOrchestrator.execute(EngineExecutionOrchestrator.java:90)
	at org.junit.platform.launcher.core.EngineExecutionOrchestrator.lambda$execute$0(EngineExecutionOrchestrator.java:55)
	at org.junit.platform.launcher.core.EngineExecutionOrchestrator.withInterceptedStreams(EngineExecutionOrchestrator.java:102)
	at org.junit.platform.launcher.core.EngineExecutionOrchestrator.execute(EngineExecutionOrchestrator.java:54)
	at org.junit.platform.launcher.core.DefaultLauncher.execute(DefaultLauncher.java:114)
	at org.junit.platform.launcher.core.DefaultLauncher.execute(DefaultLauncher.java:86)
	at org.junit.platform.launcher.core.DefaultLauncherSession$DelegatingLauncher.execute(DefaultLauncherSession.java:86)
	at org.apache.maven.surefire.junitplatform.LazyLauncher.execute(LazyLauncher.java:56)
	at org.apache.maven.surefire.junitplatform.JUnitPlatformProvider.execute(JUnitPlatformProvider.java:184)
	at org.apache.maven.surefire.junitplatform.JUnitPlatformProvider.invokeAllTests(JUnitPlatformProvider.java:148)
	at org.apache.maven.surefire.junitplatform.JUnitPlatformProvider.invoke(JUnitPlatformProvider.java:122)
	at org.apache.maven.surefire.booter.ForkedBooter.runSuitesInProcess(ForkedBooter.java:385)
	at org.apache.maven.surefire.booter.ForkedBooter.execute(ForkedBooter.java:162)
	at org.apache.maven.surefire.booter.ForkedBooter.run(ForkedBooter.java:507)
	at org.apache.maven.surefire.booter.ForkedBooter.main(ForkedBooter.java:495)
2026-05-09 21:24:32.774 [main] ERROR c.a.system.dao.NotificationDAO - Failed to insert notification
java.sql.SQLIntegrityConstraintViolationException: Cannot add or update a child row: a foreign key constraint fails (`Wolde`.`NOTIFICATIONS`, CONSTRAINT `NOTIFICATIONS_ibfk_1` FOREIGN KEY (`user_id`) REFERENCES `USERS` (`user_id`) ON DELETE CASCADE)
	at com.mysql.cj.jdbc.exceptions.SQLError.createSQLException(SQLError.java:118)
	at com.mysql.cj.jdbc.exceptions.SQLExceptionsMapping.translateException(SQLExceptionsMapping.java:122)
	at com.mysql.cj.jdbc.ServerPreparedStatement.serverExecute(ServerPreparedStatement.java:555)
	at com.mysql.cj.jdbc.ServerPreparedStatement.executeInternal(ServerPreparedStatement.java:339)
	at com.mysql.cj.jdbc.ClientPreparedStatement.executeUpdateInternal(ClientPreparedStatement.java:1061)
	at com.mysql.cj.jdbc.ClientPreparedStatement.executeUpdateInternal(ClientPreparedStatement.java:1009)
	at com.mysql.cj.jdbc.ClientPreparedStatement.executeLargeUpdate(ClientPreparedStatement.java:1320)
	at com.mysql.cj.jdbc.ClientPreparedStatement.executeUpdate(ClientPreparedStatement.java:994)
	at com.zaxxer.hikari.pool.ProxyPreparedStatement.executeUpdate(ProxyPreparedStatement.java:61)
	at com.zaxxer.hikari.pool.HikariProxyPreparedStatement.executeUpdate(HikariProxyPreparedStatement.java)
	at com.attendance.system.dao.NotificationDAO.insertNotification(NotificationDAO.java:51)
	at com.attendance.system.dao.NotificationDAOTest.testFindByUser(NotificationDAOTest.java:62)
	at java.base/jdk.internal.reflect.DirectMethodHandleAccessor.invoke(DirectMethodHandleAccessor.java:103)
	at java.base/java.lang.reflect.Method.invoke(Method.java:580)
	at org.junit.platform.commons.util.ReflectionUtils.invokeMethod(ReflectionUtils.java:727)
	at org.junit.jupiter.engine.execution.MethodInvocation.proceed(MethodInvocation.java:60)
	at org.junit.jupiter.engine.execution.InvocationInterceptorChain$ValidatingInvocation.proceed(InvocationInterceptorChain.java:131)
	at org.junit.jupiter.engine.extension.TimeoutExtension.intercept(TimeoutExtension.java:156)
	at org.junit.jupiter.engine.extension.TimeoutExtension.interceptTestableMethod(TimeoutExtension.java:147)
	at org.junit.jupiter.engine.extension.TimeoutExtension.interceptTestMethod(TimeoutExtension.java:86)
	at org.junit.jupiter.engine.execution.InterceptingExecutableInvoker$ReflectiveInterceptorCall.lambda$ofVoidMethod$0(InterceptingExecutableInvoker.java:103)
	at org.junit.jupiter.engine.execution.InterceptingExecutableInvoker.lambda$invoke$0(InterceptingExecutableInvoker.java:93)
	at org.junit.jupiter.engine.execution.InvocationInterceptorChain$InterceptedInvocation.proceed(InvocationInterceptorChain.java:106)
	at org.junit.jupiter.engine.execution.InvocationInterceptorChain.proceed(InvocationInterceptorChain.java:64)
	at org.junit.jupiter.engine.execution.InvocationInterceptorChain.chainAndInvoke(InvocationInterceptorChain.java:45)
	at org.junit.jupiter.engine.execution.InvocationInterceptorChain.invoke(InvocationInterceptorChain.java:37)
	at org.junit.jupiter.engine.execution.InterceptingExecutableInvoker.invoke(InterceptingExecutableInvoker.java:92)
	at org.junit.jupiter.engine.execution.InterceptingExecutableInvoker.invoke(InterceptingExecutableInvoker.java:86)
	at org.junit.jupiter.engine.descriptor.TestMethodTestDescriptor.lambda$invokeTestMethod$7(TestMethodTestDescriptor.java:217)
	at org.junit.platform.engine.support.hierarchical.ThrowableCollector.execute(ThrowableCollector.java:73)
	at org.junit.jupiter.engine.descriptor.TestMethodTestDescriptor.invokeTestMethod(TestMethodTestDescriptor.java:213)
	at org.junit.jupiter.engine.descriptor.TestMethodTestDescriptor.execute(TestMethodTestDescriptor.java:138)
	at org.junit.jupiter.engine.descriptor.TestMethodTestDescriptor.execute(TestMethodTestDescriptor.java:68)
	at org.junit.platform.engine.support.hierarchical.NodeTestTask.lambda$executeRecursively$6(NodeTestTask.java:151)
	at org.junit.platform.engine.support.hierarchical.ThrowableCollector.execute(ThrowableCollector.java:73)
	at org.junit.platform.engine.support.hierarchical.NodeTestTask.lambda$executeRecursively$8(NodeTestTask.java:141)
	at org.junit.platform.engine.support.hierarchical.Node.around(Node.java:137)
	at org.junit.platform.engine.support.hierarchical.NodeTestTask.lambda$executeRecursively$9(NodeTestTask.java:139)
	at org.junit.platform.engine.support.hierarchical.ThrowableCollector.execute(ThrowableCollector.java:73)
	at org.junit.platform.engine.support.hierarchical.NodeTestTask.executeRecursively(NodeTestTask.java:138)
	at org.junit.platform.engine.support.hierarchical.NodeTestTask.execute(NodeTestTask.java:95)
	at java.base/java.util.ArrayList.forEach(ArrayList.java:1596)
	at org.junit.platform.engine.support.hierarchical.SameThreadHierarchicalTestExecutorService.invokeAll(SameThreadHierarchicalTestExecutorService.java:41)
	at org.junit.platform.engine.support.hierarchical.NodeTestTask.lambda$executeRecursively$6(NodeTestTask.java:155)
	at org.junit.platform.engine.support.hierarchical.ThrowableCollector.execute(ThrowableCollector.java:73)
	at org.junit.platform.engine.support.hierarchical.NodeTestTask.lambda$executeRecursively$8(NodeTestTask.java:141)
	at org.junit.platform.engine.support.hierarchical.Node.around(Node.java:137)
	at org.junit.platform.engine.support.hierarchical.NodeTestTask.lambda$executeRecursively$9(NodeTestTask.java:139)
	at org.junit.platform.engine.support.hierarchical.ThrowableCollector.execute(ThrowableCollector.java:73)
	at org.junit.platform.engine.support.hierarchical.NodeTestTask.executeRecursively(NodeTestTask.java:138)
	at org.junit.platform.engine.support.hierarchical.NodeTestTask.execute(NodeTestTask.java:95)
	at java.base/java.util.ArrayList.forEach(ArrayList.java:1596)
	at org.junit.platform.engine.support.hierarchical.SameThreadHierarchicalTestExecutorService.invokeAll(SameThreadHierarchicalTestExecutorService.java:41)
	at org.junit.platform.engine.support.hierarchical.NodeTestTask.lambda$executeRecursively$6(NodeTestTask.java:155)
	at org.junit.platform.engine.support.hierarchical.ThrowableCollector.execute(ThrowableCollector.java:73)
	at org.junit.platform.engine.support.hierarchical.NodeTestTask.lambda$executeRecursively$8(NodeTestTask.java:141)
	at org.junit.platform.engine.support.hierarchical.Node.around(Node.java:137)
	at org.junit.platform.engine.support.hierarchical.NodeTestTask.lambda$executeRecursively$9(NodeTestTask.java:139)
	at org.junit.platform.engine.support.hierarchical.ThrowableCollector.execute(ThrowableCollector.java:73)
	at org.junit.platform.engine.support.hierarchical.NodeTestTask.executeRecursively(NodeTestTask.java:138)
	at org.junit.platform.engine.support.hierarchical.NodeTestTask.execute(NodeTestTask.java:95)
	at org.junit.platform.engine.support.hierarchical.SameThreadHierarchicalTestExecutorService.submit(SameThreadHierarchicalTestExecutorService.java:35)
	at org.junit.platform.engine.support.hierarchical.HierarchicalTestExecutor.execute(HierarchicalTestExecutor.java:57)
	at org.junit.platform.engine.support.hierarchical.HierarchicalTestEngine.execute(HierarchicalTestEngine.java:54)
	at org.junit.platform.launcher.core.EngineExecutionOrchestrator.execute(EngineExecutionOrchestrator.java:147)
	at org.junit.platform.launcher.core.EngineExecutionOrchestrator.execute(EngineExecutionOrchestrator.java:127)
	at org.junit.platform.launcher.core.EngineExecutionOrchestrator.execute(EngineExecutionOrchestrator.java:90)
	at org.junit.platform.launcher.core.EngineExecutionOrchestrator.lambda$execute$0(EngineExecutionOrchestrator.java:55)
	at org.junit.platform.launcher.core.EngineExecutionOrchestrator.withInterceptedStreams(EngineExecutionOrchestrator.java:102)
	at org.junit.platform.launcher.core.EngineExecutionOrchestrator.execute(EngineExecutionOrchestrator.java:54)
	at org.junit.platform.launcher.core.DefaultLauncher.execute(DefaultLauncher.java:114)
	at org.junit.platform.launcher.core.DefaultLauncher.execute(DefaultLauncher.java:86)
	at org.junit.platform.launcher.core.DefaultLauncherSession$DelegatingLauncher.execute(DefaultLauncherSession.java:86)
	at org.apache.maven.surefire.junitplatform.LazyLauncher.execute(LazyLauncher.java:56)
	at org.apache.maven.surefire.junitplatform.JUnitPlatformProvider.execute(JUnitPlatformProvider.java:184)
	at org.apache.maven.surefire.junitplatform.JUnitPlatformProvider.invokeAllTests(JUnitPlatformProvider.java:148)
	at org.apache.maven.surefire.junitplatform.JUnitPlatformProvider.invoke(JUnitPlatformProvider.java:122)
	at org.apache.maven.surefire.booter.ForkedBooter.runSuitesInProcess(ForkedBooter.java:385)
	at org.apache.maven.surefire.booter.ForkedBooter.execute(ForkedBooter.java:162)
	at org.apache.maven.surefire.booter.ForkedBooter.run(ForkedBooter.java:507)
	at org.apache.maven.surefire.booter.ForkedBooter.main(ForkedBooter.java:495)
2026-05-09 21:24:32.819 [main] ERROR c.a.system.dao.NotificationDAO - Failed to insert notification
java.sql.SQLIntegrityConstraintViolationException: Cannot add or update a child row: a foreign key constraint fails (`Wolde`.`NOTIFICATIONS`, CONSTRAINT `NOTIFICATIONS_ibfk_1` FOREIGN KEY (`user_id`) REFERENCES `USERS` (`user_id`) ON DELETE CASCADE)
	at com.mysql.cj.jdbc.exceptions.SQLError.createSQLException(SQLError.java:118)
	at com.mysql.cj.jdbc.exceptions.SQLExceptionsMapping.translateException(SQLExceptionsMapping.java:122)
	at com.mysql.cj.jdbc.ServerPreparedStatement.serverExecute(ServerPreparedStatement.java:555)
	at com.mysql.cj.jdbc.ServerPreparedStatement.executeInternal(ServerPreparedStatement.java:339)
	at com.mysql.cj.jdbc.ClientPreparedStatement.executeUpdateInternal(ClientPreparedStatement.java:1061)
	at com.mysql.cj.jdbc.ClientPreparedStatement.executeUpdateInternal(ClientPreparedStatement.java:1009)
	at com.mysql.cj.jdbc.ClientPreparedStatement.executeLargeUpdate(ClientPreparedStatement.java:1320)
	at com.mysql.cj.jdbc.ClientPreparedStatement.executeUpdate(ClientPreparedStatement.java:994)
	at com.zaxxer.hikari.pool.ProxyPreparedStatement.executeUpdate(ProxyPreparedStatement.java:61)
	at com.zaxxer.hikari.pool.HikariProxyPreparedStatement.executeUpdate(HikariProxyPreparedStatement.java)
	at com.attendance.system.dao.NotificationDAO.insertNotification(NotificationDAO.java:51)
	at com.attendance.system.dao.NotificationDAOTest.testFindRecent(NotificationDAOTest.java:289)
	at java.base/jdk.internal.reflect.DirectMethodHandleAccessor.invoke(DirectMethodHandleAccessor.java:103)
	at java.base/java.lang.reflect.Method.invoke(Method.java:580)
	at org.junit.platform.commons.util.ReflectionUtils.invokeMethod(ReflectionUtils.java:727)
	at org.junit.jupiter.engine.execution.MethodInvocation.proceed(MethodInvocation.java:60)
	at org.junit.jupiter.engine.execution.InvocationInterceptorChain$ValidatingInvocation.proceed(InvocationInterceptorChain.java:131)
	at org.junit.jupiter.engine.extension.TimeoutExtension.intercept(TimeoutExtension.java:156)
	at org.junit.jupiter.engine.extension.TimeoutExtension.interceptTestableMethod(TimeoutExtension.java:147)
	at org.junit.jupiter.engine.extension.TimeoutExtension.interceptTestMethod(TimeoutExtension.java:86)
	at org.junit.jupiter.engine.execution.InterceptingExecutableInvoker$ReflectiveInterceptorCall.lambda$ofVoidMethod$0(InterceptingExecutableInvoker.java:103)
	at org.junit.jupiter.engine.execution.InterceptingExecutableInvoker.lambda$invoke$0(InterceptingExecutableInvoker.java:93)
	at org.junit.jupiter.engine.execution.InvocationInterceptorChain$InterceptedInvocation.proceed(InvocationInterceptorChain.java:106)
	at org.junit.jupiter.engine.execution.InvocationInterceptorChain.proceed(InvocationInterceptorChain.java:64)
	at org.junit.jupiter.engine.execution.InvocationInterceptorChain.chainAndInvoke(InvocationInterceptorChain.java:45)
	at org.junit.jupiter.engine.execution.InvocationInterceptorChain.invoke(InvocationInterceptorChain.java:37)
	at org.junit.jupiter.engine.execution.InterceptingExecutableInvoker.invoke(InterceptingExecutableInvoker.java:92)
	at org.junit.jupiter.engine.execution.InterceptingExecutableInvoker.invoke(InterceptingExecutableInvoker.java:86)
	at org.junit.jupiter.engine.descriptor.TestMethodTestDescriptor.lambda$invokeTestMethod$7(TestMethodTestDescriptor.java:217)
	at org.junit.platform.engine.support.hierarchical.ThrowableCollector.execute(ThrowableCollector.java:73)
	at org.junit.jupiter.engine.descriptor.TestMethodTestDescriptor.invokeTestMethod(TestMethodTestDescriptor.java:213)
	at org.junit.jupiter.engine.descriptor.TestMethodTestDescriptor.execute(TestMethodTestDescriptor.java:138)
	at org.junit.jupiter.engine.descriptor.TestMethodTestDescriptor.execute(TestMethodTestDescriptor.java:68)
	at org.junit.platform.engine.support.hierarchical.NodeTestTask.lambda$executeRecursively$6(NodeTestTask.java:151)
	at org.junit.platform.engine.support.hierarchical.ThrowableCollector.execute(ThrowableCollector.java:73)
	at org.junit.platform.engine.support.hierarchical.NodeTestTask.lambda$executeRecursively$8(NodeTestTask.java:141)
	at org.junit.platform.engine.support.hierarchical.Node.around(Node.java:137)
	at org.junit.platform.engine.support.hierarchical.NodeTestTask.lambda$executeRecursively$9(NodeTestTask.java:139)
	at org.junit.platform.engine.support.hierarchical.ThrowableCollector.execute(ThrowableCollector.java:73)
	at org.junit.platform.engine.support.hierarchical.NodeTestTask.executeRecursively(NodeTestTask.java:138)
	at org.junit.platform.engine.support.hierarchical.NodeTestTask.execute(NodeTestTask.java:95)
	at java.base/java.util.ArrayList.forEach(ArrayList.java:1596)
	at org.junit.platform.engine.support.hierarchical.SameThreadHierarchicalTestExecutorService.invokeAll(SameThreadHierarchicalTestExecutorService.java:41)
	at org.junit.platform.engine.support.hierarchical.NodeTestTask.lambda$executeRecursively$6(NodeTestTask.java:155)
	at org.junit.platform.engine.support.hierarchical.ThrowableCollector.execute(ThrowableCollector.java:73)
	at org.junit.platform.engine.support.hierarchical.NodeTestTask.lambda$executeRecursively$8(NodeTestTask.java:141)
	at org.junit.platform.engine.support.hierarchical.Node.around(Node.java:137)
	at org.junit.platform.engine.support.hierarchical.NodeTestTask.lambda$executeRecursively$9(NodeTestTask.java:139)
	at org.junit.platform.engine.support.hierarchical.ThrowableCollector.execute(ThrowableCollector.java:73)
	at org.junit.platform.engine.support.hierarchical.NodeTestTask.executeRecursively(NodeTestTask.java:138)
	at org.junit.platform.engine.support.hierarchical.NodeTestTask.execute(NodeTestTask.java:95)
	at java.base/java.util.ArrayList.forEach(ArrayList.java:1596)
	at org.junit.platform.engine.support.hierarchical.SameThreadHierarchicalTestExecutorService.invokeAll(SameThreadHierarchicalTestExecutorService.java:41)
	at org.junit.platform.engine.support.hierarchical.NodeTestTask.lambda$executeRecursively$6(NodeTestTask.java:155)
	at org.junit.platform.engine.support.hierarchical.ThrowableCollector.execute(ThrowableCollector.java:73)
	at org.junit.platform.engine.support.hierarchical.NodeTestTask.lambda$executeRecursively$8(NodeTestTask.java:141)
	at org.junit.platform.engine.support.hierarchical.Node.around(Node.java:137)
	at org.junit.platform.engine.support.hierarchical.NodeTestTask.lambda$executeRecursively$9(NodeTestTask.java:139)
	at org.junit.platform.engine.support.hierarchical.ThrowableCollector.execute(ThrowableCollector.java:73)
	at org.junit.platform.engine.support.hierarchical.NodeTestTask.executeRecursively(NodeTestTask.java:138)
	at org.junit.platform.engine.support.hierarchical.NodeTestTask.execute(NodeTestTask.java:95)
	at org.junit.platform.engine.support.hierarchical.SameThreadHierarchicalTestExecutorService.submit(SameThreadHierarchicalTestExecutorService.java:35)
	at org.junit.platform.engine.support.hierarchical.HierarchicalTestExecutor.execute(HierarchicalTestExecutor.java:57)
	at org.junit.platform.engine.support.hierarchical.HierarchicalTestEngine.execute(HierarchicalTestEngine.java:54)
	at org.junit.platform.launcher.core.EngineExecutionOrchestrator.execute(EngineExecutionOrchestrator.java:147)
	at org.junit.platform.launcher.core.EngineExecutionOrchestrator.execute(EngineExecutionOrchestrator.java:127)
	at org.junit.platform.launcher.core.EngineExecutionOrchestrator.execute(EngineExecutionOrchestrator.java:90)
	at org.junit.platform.launcher.core.EngineExecutionOrchestrator.lambda$execute$0(EngineExecutionOrchestrator.java:55)
	at org.junit.platform.launcher.core.EngineExecutionOrchestrator.withInterceptedStreams(EngineExecutionOrchestrator.java:102)
	at org.junit.platform.launcher.core.EngineExecutionOrchestrator.execute(EngineExecutionOrchestrator.java:54)
	at org.junit.platform.launcher.core.DefaultLauncher.execute(DefaultLauncher.java:114)
	at org.junit.platform.launcher.core.DefaultLauncher.execute(DefaultLauncher.java:86)
	at org.junit.platform.launcher.core.DefaultLauncherSession$DelegatingLauncher.execute(DefaultLauncherSession.java:86)
	at org.apache.maven.surefire.junitplatform.LazyLauncher.execute(LazyLauncher.java:56)
	at org.apache.maven.surefire.junitplatform.JUnitPlatformProvider.execute(JUnitPlatformProvider.java:184)
	at org.apache.maven.surefire.junitplatform.JUnitPlatformProvider.invokeAllTests(JUnitPlatformProvider.java:148)
	at org.apache.maven.surefire.junitplatform.JUnitPlatformProvider.invoke(JUnitPlatformProvider.java:122)
	at org.apache.maven.surefire.booter.ForkedBooter.runSuitesInProcess(ForkedBooter.java:385)
	at org.apache.maven.surefire.booter.ForkedBooter.execute(ForkedBooter.java:162)
	at org.apache.maven.surefire.booter.ForkedBooter.run(ForkedBooter.java:507)
	at org.apache.maven.surefire.booter.ForkedBooter.main(ForkedBooter.java:495)
2026-05-09 21:24:32.853 [main] ERROR c.a.system.dao.NotificationDAO - Failed to insert notification
java.sql.SQLIntegrityConstraintViolationException: Cannot add or update a child row: a foreign key constraint fails (`Wolde`.`NOTIFICATIONS`, CONSTRAINT `NOTIFICATIONS_ibfk_1` FOREIGN KEY (`user_id`) REFERENCES `USERS` (`user_id`) ON DELETE CASCADE)
	at com.mysql.cj.jdbc.exceptions.SQLError.createSQLException(SQLError.java:118)
	at com.mysql.cj.jdbc.exceptions.SQLExceptionsMapping.translateException(SQLExceptionsMapping.java:122)
	at com.mysql.cj.jdbc.ServerPreparedStatement.serverExecute(ServerPreparedStatement.java:555)
	at com.mysql.cj.jdbc.ServerPreparedStatement.executeInternal(ServerPreparedStatement.java:339)
	at com.mysql.cj.jdbc.ClientPreparedStatement.executeUpdateInternal(ClientPreparedStatement.java:1061)
	at com.mysql.cj.jdbc.ClientPreparedStatement.executeUpdateInternal(ClientPreparedStatement.java:1009)
	at com.mysql.cj.jdbc.ClientPreparedStatement.executeLargeUpdate(ClientPreparedStatement.java:1320)
	at com.mysql.cj.jdbc.ClientPreparedStatement.executeUpdate(ClientPreparedStatement.java:994)
	at com.zaxxer.hikari.pool.ProxyPreparedStatement.executeUpdate(ProxyPreparedStatement.java:61)
	at com.zaxxer.hikari.pool.HikariProxyPreparedStatement.executeUpdate(HikariProxyPreparedStatement.java)
	at com.attendance.system.dao.NotificationDAO.insertNotification(NotificationDAO.java:51)
	at com.attendance.system.dao.NotificationDAOTest.testMarkAsRead(NotificationDAOTest.java:127)
	at java.base/jdk.internal.reflect.DirectMethodHandleAccessor.invoke(DirectMethodHandleAccessor.java:103)
	at java.base/java.lang.reflect.Method.invoke(Method.java:580)
	at org.junit.platform.commons.util.ReflectionUtils.invokeMethod(ReflectionUtils.java:727)
	at org.junit.jupiter.engine.execution.MethodInvocation.proceed(MethodInvocation.java:60)
	at org.junit.jupiter.engine.execution.InvocationInterceptorChain$ValidatingInvocation.proceed(InvocationInterceptorChain.java:131)
	at org.junit.jupiter.engine.extension.TimeoutExtension.intercept(TimeoutExtension.java:156)
	at org.junit.jupiter.engine.extension.TimeoutExtension.interceptTestableMethod(TimeoutExtension.java:147)
	at org.junit.jupiter.engine.extension.TimeoutExtension.interceptTestMethod(TimeoutExtension.java:86)
	at org.junit.jupiter.engine.execution.InterceptingExecutableInvoker$ReflectiveInterceptorCall.lambda$ofVoidMethod$0(InterceptingExecutableInvoker.java:103)
	at org.junit.jupiter.engine.execution.InterceptingExecutableInvoker.lambda$invoke$0(InterceptingExecutableInvoker.java:93)
	at org.junit.jupiter.engine.execution.InvocationInterceptorChain$InterceptedInvocation.proceed(InvocationInterceptorChain.java:106)
	at org.junit.jupiter.engine.execution.InvocationInterceptorChain.proceed(InvocationInterceptorChain.java:64)
	at org.junit.jupiter.engine.execution.InvocationInterceptorChain.chainAndInvoke(InvocationInterceptorChain.java:45)
	at org.junit.jupiter.engine.execution.InvocationInterceptorChain.invoke(InvocationInterceptorChain.java:37)
	at org.junit.jupiter.engine.execution.InterceptingExecutableInvoker.invoke(InterceptingExecutableInvoker.java:92)
	at org.junit.jupiter.engine.execution.InterceptingExecutableInvoker.invoke(InterceptingExecutableInvoker.java:86)
	at org.junit.jupiter.engine.descriptor.TestMethodTestDescriptor.lambda$invokeTestMethod$7(TestMethodTestDescriptor.java:217)
	at org.junit.platform.engine.support.hierarchical.ThrowableCollector.execute(ThrowableCollector.java:73)
	at org.junit.jupiter.engine.descriptor.TestMethodTestDescriptor.invokeTestMethod(TestMethodTestDescriptor.java:213)
	at org.junit.jupiter.engine.descriptor.TestMethodTestDescriptor.execute(TestMethodTestDescriptor.java:138)
	at org.junit.jupiter.engine.descriptor.TestMethodTestDescriptor.execute(TestMethodTestDescriptor.java:68)
	at org.junit.platform.engine.support.hierarchical.NodeTestTask.lambda$executeRecursively$6(NodeTestTask.java:151)
	at org.junit.platform.engine.support.hierarchical.ThrowableCollector.execute(ThrowableCollector.java:73)
	at org.junit.platform.engine.support.hierarchical.NodeTestTask.lambda$executeRecursively$8(NodeTestTask.java:141)
	at org.junit.platform.engine.support.hierarchical.Node.around(Node.java:137)
	at org.junit.platform.engine.support.hierarchical.NodeTestTask.lambda$executeRecursively$9(NodeTestTask.java:139)
	at org.junit.platform.engine.support.hierarchical.ThrowableCollector.execute(ThrowableCollector.java:73)
	at org.junit.platform.engine.support.hierarchical.NodeTestTask.executeRecursively(NodeTestTask.java:138)
	at org.junit.platform.engine.support.hierarchical.NodeTestTask.execute(NodeTestTask.java:95)
	at java.base/java.util.ArrayList.forEach(ArrayList.java:1596)
	at org.junit.platform.engine.support.hierarchical.SameThreadHierarchicalTestExecutorService.invokeAll(SameThreadHierarchicalTestExecutorService.java:41)
	at org.junit.platform.engine.support.hierarchical.NodeTestTask.lambda$executeRecursively$6(NodeTestTask.java:155)
	at org.junit.platform.engine.support.hierarchical.ThrowableCollector.execute(ThrowableCollector.java:73)
	at org.junit.platform.engine.support.hierarchical.NodeTestTask.lambda$executeRecursively$8(NodeTestTask.java:141)
	at org.junit.platform.engine.support.hierarchical.Node.around(Node.java:137)
	at org.junit.platform.engine.support.hierarchical.NodeTestTask.lambda$executeRecursively$9(NodeTestTask.java:139)
	at org.junit.platform.engine.support.hierarchical.ThrowableCollector.execute(ThrowableCollector.java:73)
	at org.junit.platform.engine.support.hierarchical.NodeTestTask.executeRecursively(NodeTestTask.java:138)
	at org.junit.platform.engine.support.hierarchical.NodeTestTask.execute(NodeTestTask.java:95)
	at java.base/java.util.ArrayList.forEach(ArrayList.java:1596)
	at org.junit.platform.engine.support.hierarchical.SameThreadHierarchicalTestExecutorService.invokeAll(SameThreadHierarchicalTestExecutorService.java:41)
	at org.junit.platform.engine.support.hierarchical.NodeTestTask.lambda$executeRecursively$6(NodeTestTask.java:155)
	at org.junit.platform.engine.support.hierarchical.ThrowableCollector.execute(ThrowableCollector.java:73)
	at org.junit.platform.engine.support.hierarchical.NodeTestTask.lambda$executeRecursively$8(NodeTestTask.java:141)
	at org.junit.platform.engine.support.hierarchical.Node.around(Node.java:137)
	at org.junit.platform.engine.support.hierarchical.NodeTestTask.lambda$executeRecursively$9(NodeTestTask.java:139)
	at org.junit.platform.engine.support.hierarchical.ThrowableCollector.execute(ThrowableCollector.java:73)
	at org.junit.platform.engine.support.hierarchical.NodeTestTask.executeRecursively(NodeTestTask.java:138)
	at org.junit.platform.engine.support.hierarchical.NodeTestTask.execute(NodeTestTask.java:95)
	at org.junit.platform.engine.support.hierarchical.SameThreadHierarchicalTestExecutorService.submit(SameThreadHierarchicalTestExecutorService.java:35)
	at org.junit.platform.engine.support.hierarchical.HierarchicalTestExecutor.execute(HierarchicalTestExecutor.java:57)
	at org.junit.platform.engine.support.hierarchical.HierarchicalTestEngine.execute(HierarchicalTestEngine.java:54)
	at org.junit.platform.launcher.core.EngineExecutionOrchestrator.execute(EngineExecutionOrchestrator.java:147)
	at org.junit.platform.launcher.core.EngineExecutionOrchestrator.execute(EngineExecutionOrchestrator.java:127)
	at org.junit.platform.launcher.core.EngineExecutionOrchestrator.execute(EngineExecutionOrchestrator.java:90)
	at org.junit.platform.launcher.core.EngineExecutionOrchestrator.lambda$execute$0(EngineExecutionOrchestrator.java:55)
	at org.junit.platform.launcher.core.EngineExecutionOrchestrator.withInterceptedStreams(EngineExecutionOrchestrator.java:102)
	at org.junit.platform.launcher.core.EngineExecutionOrchestrator.execute(EngineExecutionOrchestrator.java:54)
	at org.junit.platform.launcher.core.DefaultLauncher.execute(DefaultLauncher.java:114)
	at org.junit.platform.launcher.core.DefaultLauncher.execute(DefaultLauncher.java:86)
	at org.junit.platform.launcher.core.DefaultLauncherSession$DelegatingLauncher.execute(DefaultLauncherSession.java:86)
	at org.apache.maven.surefire.junitplatform.LazyLauncher.execute(LazyLauncher.java:56)
	at org.apache.maven.surefire.junitplatform.JUnitPlatformProvider.execute(JUnitPlatformProvider.java:184)
	at org.apache.maven.surefire.junitplatform.JUnitPlatformProvider.invokeAllTests(JUnitPlatformProvider.java:148)
	at org.apache.maven.surefire.junitplatform.JUnitPlatformProvider.invoke(JUnitPlatformProvider.java:122)
	at org.apache.maven.surefire.booter.ForkedBooter.runSuitesInProcess(ForkedBooter.java:385)
	at org.apache.maven.surefire.booter.ForkedBooter.execute(ForkedBooter.java:162)
	at org.apache.maven.surefire.booter.ForkedBooter.run(ForkedBooter.java:507)
	at org.apache.maven.surefire.booter.ForkedBooter.main(ForkedBooter.java:495)
2026-05-09 21:24:32.883 [main] ERROR c.a.system.dao.NotificationDAO - Failed to insert notification
java.sql.SQLIntegrityConstraintViolationException: Cannot add or update a child row: a foreign key constraint fails (`Wolde`.`NOTIFICATIONS`, CONSTRAINT `NOTIFICATIONS_ibfk_1` FOREIGN KEY (`user_id`) REFERENCES `USERS` (`user_id`) ON DELETE CASCADE)
	at com.mysql.cj.jdbc.exceptions.SQLError.createSQLException(SQLError.java:118)
	at com.mysql.cj.jdbc.exceptions.SQLExceptionsMapping.translateException(SQLExceptionsMapping.java:122)
	at com.mysql.cj.jdbc.ServerPreparedStatement.serverExecute(ServerPreparedStatement.java:555)
	at com.mysql.cj.jdbc.ServerPreparedStatement.executeInternal(ServerPreparedStatement.java:339)
	at com.mysql.cj.jdbc.ClientPreparedStatement.executeUpdateInternal(ClientPreparedStatement.java:1061)
	at com.mysql.cj.jdbc.ClientPreparedStatement.executeUpdateInternal(ClientPreparedStatement.java:1009)
	at com.mysql.cj.jdbc.ClientPreparedStatement.executeLargeUpdate(ClientPreparedStatement.java:1320)
	at com.mysql.cj.jdbc.ClientPreparedStatement.executeUpdate(ClientPreparedStatement.java:994)
	at com.zaxxer.hikari.pool.ProxyPreparedStatement.executeUpdate(ProxyPreparedStatement.java:61)
	at com.zaxxer.hikari.pool.HikariProxyPreparedStatement.executeUpdate(HikariProxyPreparedStatement.java)
	at com.attendance.system.dao.NotificationDAO.insertNotification(NotificationDAO.java:51)
	at com.attendance.system.dao.NotificationDAOTest.testFindById(NotificationDAOTest.java:105)
	at java.base/jdk.internal.reflect.DirectMethodHandleAccessor.invoke(DirectMethodHandleAccessor.java:103)
	at java.base/java.lang.reflect.Method.invoke(Method.java:580)
	at org.junit.platform.commons.util.ReflectionUtils.invokeMethod(ReflectionUtils.java:727)
	at org.junit.jupiter.engine.execution.MethodInvocation.proceed(MethodInvocation.java:60)
	at org.junit.jupiter.engine.execution.InvocationInterceptorChain$ValidatingInvocation.proceed(InvocationInterceptorChain.java:131)
	at org.junit.jupiter.engine.extension.TimeoutExtension.intercept(TimeoutExtension.java:156)
	at org.junit.jupiter.engine.extension.TimeoutExtension.interceptTestableMethod(TimeoutExtension.java:147)
	at org.junit.jupiter.engine.extension.TimeoutExtension.interceptTestMethod(TimeoutExtension.java:86)
	at org.junit.jupiter.engine.execution.InterceptingExecutableInvoker$ReflectiveInterceptorCall.lambda$ofVoidMethod$0(InterceptingExecutableInvoker.java:103)
	at org.junit.jupiter.engine.execution.InterceptingExecutableInvoker.lambda$invoke$0(InterceptingExecutableInvoker.java:93)
	at org.junit.jupiter.engine.execution.InvocationInterceptorChain$InterceptedInvocation.proceed(InvocationInterceptorChain.java:106)
	at org.junit.jupiter.engine.execution.InvocationInterceptorChain.proceed(InvocationInterceptorChain.java:64)
	at org.junit.jupiter.engine.execution.InvocationInterceptorChain.chainAndInvoke(InvocationInterceptorChain.java:45)
	at org.junit.jupiter.engine.execution.InvocationInterceptorChain.invoke(InvocationInterceptorChain.java:37)
	at org.junit.jupiter.engine.execution.InterceptingExecutableInvoker.invoke(InterceptingExecutableInvoker.java:92)
	at org.junit.jupiter.engine.execution.InterceptingExecutableInvoker.invoke(InterceptingExecutableInvoker.java:86)
	at org.junit.jupiter.engine.descriptor.TestMethodTestDescriptor.lambda$invokeTestMethod$7(TestMethodTestDescriptor.java:217)
	at org.junit.platform.engine.support.hierarchical.ThrowableCollector.execute(ThrowableCollector.java:73)
	at org.junit.jupiter.engine.descriptor.TestMethodTestDescriptor.invokeTestMethod(TestMethodTestDescriptor.java:213)
	at org.junit.jupiter.engine.descriptor.TestMethodTestDescriptor.execute(TestMethodTestDescriptor.java:138)
	at org.junit.jupiter.engine.descriptor.TestMethodTestDescriptor.execute(TestMethodTestDescriptor.java:68)
	at org.junit.platform.engine.support.hierarchical.NodeTestTask.lambda$executeRecursively$6(NodeTestTask.java:151)
	at org.junit.platform.engine.support.hierarchical.ThrowableCollector.execute(ThrowableCollector.java:73)
	at org.junit.platform.engine.support.hierarchical.NodeTestTask.lambda$executeRecursively$8(NodeTestTask.java:141)
	at org.junit.platform.engine.support.hierarchical.Node.around(Node.java:137)
	at org.junit.platform.engine.support.hierarchical.NodeTestTask.lambda$executeRecursively$9(NodeTestTask.java:139)
	at org.junit.platform.engine.support.hierarchical.ThrowableCollector.execute(ThrowableCollector.java:73)
	at org.junit.platform.engine.support.hierarchical.NodeTestTask.executeRecursively(NodeTestTask.java:138)
	at org.junit.platform.engine.support.hierarchical.NodeTestTask.execute(NodeTestTask.java:95)
	at java.base/java.util.ArrayList.forEach(ArrayList.java:1596)
	at org.junit.platform.engine.support.hierarchical.SameThreadHierarchicalTestExecutorService.invokeAll(SameThreadHierarchicalTestExecutorService.java:41)
	at org.junit.platform.engine.support.hierarchical.NodeTestTask.lambda$executeRecursively$6(NodeTestTask.java:155)
	at org.junit.platform.engine.support.hierarchical.ThrowableCollector.execute(ThrowableCollector.java:73)
	at org.junit.platform.engine.support.hierarchical.NodeTestTask.lambda$executeRecursively$8(NodeTestTask.java:141)
	at org.junit.platform.engine.support.hierarchical.Node.around(Node.java:137)
	at org.junit.platform.engine.support.hierarchical.NodeTestTask.lambda$executeRecursively$9(NodeTestTask.java:139)
	at org.junit.platform.engine.support.hierarchical.ThrowableCollector.execute(ThrowableCollector.java:73)
	at org.junit.platform.engine.support.hierarchical.NodeTestTask.executeRecursively(NodeTestTask.java:138)
	at org.junit.platform.engine.support.hierarchical.NodeTestTask.execute(NodeTestTask.java:95)
	at java.base/java.util.ArrayList.forEach(ArrayList.java:1596)
	at org.junit.platform.engine.support.hierarchical.SameThreadHierarchicalTestExecutorService.invokeAll(SameThreadHierarchicalTestExecutorService.java:41)
	at org.junit.platform.engine.support.hierarchical.NodeTestTask.lambda$executeRecursively$6(NodeTestTask.java:155)
	at org.junit.platform.engine.support.hierarchical.ThrowableCollector.execute(ThrowableCollector.java:73)
	at org.junit.platform.engine.support.hierarchical.NodeTestTask.lambda$executeRecursively$8(NodeTestTask.java:141)
	at org.junit.platform.engine.support.hierarchical.Node.around(Node.java:137)
	at org.junit.platform.engine.support.hierarchical.NodeTestTask.lambda$executeRecursively$9(NodeTestTask.java:139)
	at org.junit.platform.engine.support.hierarchical.ThrowableCollector.execute(ThrowableCollector.java:73)
	at org.junit.platform.engine.support.hierarchical.NodeTestTask.executeRecursively(NodeTestTask.java:138)
	at org.junit.platform.engine.support.hierarchical.NodeTestTask.execute(NodeTestTask.java:95)
	at org.junit.platform.engine.support.hierarchical.SameThreadHierarchicalTestExecutorService.submit(SameThreadHierarchicalTestExecutorService.java:35)
	at org.junit.platform.engine.support.hierarchical.HierarchicalTestExecutor.execute(HierarchicalTestExecutor.java:57)
	at org.junit.platform.engine.support.hierarchical.HierarchicalTestEngine.execute(HierarchicalTestEngine.java:54)
	at org.junit.platform.launcher.core.EngineExecutionOrchestrator.execute(EngineExecutionOrchestrator.java:147)
	at org.junit.platform.launcher.core.EngineExecutionOrchestrator.execute(EngineExecutionOrchestrator.java:127)
	at org.junit.platform.launcher.core.EngineExecutionOrchestrator.execute(EngineExecutionOrchestrator.java:90)
	at org.junit.platform.launcher.core.EngineExecutionOrchestrator.lambda$execute$0(EngineExecutionOrchestrator.java:55)
	at org.junit.platform.launcher.core.EngineExecutionOrchestrator.withInterceptedStreams(EngineExecutionOrchestrator.java:102)
	at org.junit.platform.launcher.core.EngineExecutionOrchestrator.execute(EngineExecutionOrchestrator.java:54)
	at org.junit.platform.launcher.core.DefaultLauncher.execute(DefaultLauncher.java:114)
	at org.junit.platform.launcher.core.DefaultLauncher.execute(DefaultLauncher.java:86)
	at org.junit.platform.launcher.core.DefaultLauncherSession$DelegatingLauncher.execute(DefaultLauncherSession.java:86)
	at org.apache.maven.surefire.junitplatform.LazyLauncher.execute(LazyLauncher.java:56)
	at org.apache.maven.surefire.junitplatform.JUnitPlatformProvider.execute(JUnitPlatformProvider.java:184)
	at org.apache.maven.surefire.junitplatform.JUnitPlatformProvider.invokeAllTests(JUnitPlatformProvider.java:148)
	at org.apache.maven.surefire.junitplatform.JUnitPlatformProvider.invoke(JUnitPlatformProvider.java:122)
	at org.apache.maven.surefire.booter.ForkedBooter.runSuitesInProcess(ForkedBooter.java:385)
	at org.apache.maven.surefire.booter.ForkedBooter.execute(ForkedBooter.java:162)
	at org.apache.maven.surefire.booter.ForkedBooter.run(ForkedBooter.java:507)
	at org.apache.maven.surefire.booter.ForkedBooter.main(ForkedBooter.java:495)
2026-05-09 21:24:32.915 [main] ERROR c.a.system.dao.NotificationDAO - Failed to insert notification
java.sql.SQLIntegrityConstraintViolationException: Cannot add or update a child row: a foreign key constraint fails (`Wolde`.`NOTIFICATIONS`, CONSTRAINT `NOTIFICATIONS_ibfk_1` FOREIGN KEY (`user_id`) REFERENCES `USERS` (`user_id`) ON DELETE CASCADE)
	at com.mysql.cj.jdbc.exceptions.SQLError.createSQLException(SQLError.java:118)
	at com.mysql.cj.jdbc.exceptions.SQLExceptionsMapping.translateException(SQLExceptionsMapping.java:122)
	at com.mysql.cj.jdbc.ServerPreparedStatement.serverExecute(ServerPreparedStatement.java:555)
	at com.mysql.cj.jdbc.ServerPreparedStatement.executeInternal(ServerPreparedStatement.java:339)
	at com.mysql.cj.jdbc.ClientPreparedStatement.executeUpdateInternal(ClientPreparedStatement.java:1061)
	at com.mysql.cj.jdbc.ClientPreparedStatement.executeUpdateInternal(ClientPreparedStatement.java:1009)
	at com.mysql.cj.jdbc.ClientPreparedStatement.executeLargeUpdate(ClientPreparedStatement.java:1320)
	at com.mysql.cj.jdbc.ClientPreparedStatement.executeUpdate(ClientPreparedStatement.java:994)
	at com.zaxxer.hikari.pool.ProxyPreparedStatement.executeUpdate(ProxyPreparedStatement.java:61)
	at com.zaxxer.hikari.pool.HikariProxyPreparedStatement.executeUpdate(HikariProxyPreparedStatement.java)
	at com.attendance.system.dao.NotificationDAO.insertNotification(NotificationDAO.java:51)
	at com.attendance.system.dao.NotificationDAOTest.testGetUnreadCount(NotificationDAOTest.java:244)
	at java.base/jdk.internal.reflect.DirectMethodHandleAccessor.invoke(DirectMethodHandleAccessor.java:103)
	at java.base/java.lang.reflect.Method.invoke(Method.java:580)
	at org.junit.platform.commons.util.ReflectionUtils.invokeMethod(ReflectionUtils.java:727)
	at org.junit.jupiter.engine.execution.MethodInvocation.proceed(MethodInvocation.java:60)
	at org.junit.jupiter.engine.execution.InvocationInterceptorChain$ValidatingInvocation.proceed(InvocationInterceptorChain.java:131)
	at org.junit.jupiter.engine.extension.TimeoutExtension.intercept(TimeoutExtension.java:156)
	at org.junit.jupiter.engine.extension.TimeoutExtension.interceptTestableMethod(TimeoutExtension.java:147)
	at org.junit.jupiter.engine.extension.TimeoutExtension.interceptTestMethod(TimeoutExtension.java:86)
	at org.junit.jupiter.engine.execution.InterceptingExecutableInvoker$ReflectiveInterceptorCall.lambda$ofVoidMethod$0(InterceptingExecutableInvoker.java:103)
	at org.junit.jupiter.engine.execution.InterceptingExecutableInvoker.lambda$invoke$0(InterceptingExecutableInvoker.java:93)
	at org.junit.jupiter.engine.execution.InvocationInterceptorChain$InterceptedInvocation.proceed(InvocationInterceptorChain.java:106)
	at org.junit.jupiter.engine.execution.InvocationInterceptorChain.proceed(InvocationInterceptorChain.java:64)
	at org.junit.jupiter.engine.execution.InvocationInterceptorChain.chainAndInvoke(InvocationInterceptorChain.java:45)
	at org.junit.jupiter.engine.execution.InvocationInterceptorChain.invoke(InvocationInterceptorChain.java:37)
	at org.junit.jupiter.engine.execution.InterceptingExecutableInvoker.invoke(InterceptingExecutableInvoker.java:92)
	at org.junit.jupiter.engine.execution.InterceptingExecutableInvoker.invoke(InterceptingExecutableInvoker.java:86)
	at org.junit.jupiter.engine.descriptor.TestMethodTestDescriptor.lambda$invokeTestMethod$7(TestMethodTestDescriptor.java:217)
	at org.junit.platform.engine.support.hierarchical.ThrowableCollector.execute(ThrowableCollector.java:73)
	at org.junit.jupiter.engine.descriptor.TestMethodTestDescriptor.invokeTestMethod(TestMethodTestDescriptor.java:213)
	at org.junit.jupiter.engine.descriptor.TestMethodTestDescriptor.execute(TestMethodTestDescriptor.java:138)
	at org.junit.jupiter.engine.descriptor.TestMethodTestDescriptor.execute(TestMethodTestDescriptor.java:68)
	at org.junit.platform.engine.support.hierarchical.NodeTestTask.lambda$executeRecursively$6(NodeTestTask.java:151)
	at org.junit.platform.engine.support.hierarchical.ThrowableCollector.execute(ThrowableCollector.java:73)
	at org.junit.platform.engine.support.hierarchical.NodeTestTask.lambda$executeRecursively$8(NodeTestTask.java:141)
	at org.junit.platform.engine.support.hierarchical.Node.around(Node.java:137)
	at org.junit.platform.engine.support.hierarchical.NodeTestTask.lambda$executeRecursively$9(NodeTestTask.java:139)
	at org.junit.platform.engine.support.hierarchical.ThrowableCollector.execute(ThrowableCollector.java:73)
	at org.junit.platform.engine.support.hierarchical.NodeTestTask.executeRecursively(NodeTestTask.java:138)
	at org.junit.platform.engine.support.hierarchical.NodeTestTask.execute(NodeTestTask.java:95)
	at java.base/java.util.ArrayList.forEach(ArrayList.java:1596)
	at org.junit.platform.engine.support.hierarchical.SameThreadHierarchicalTestExecutorService.invokeAll(SameThreadHierarchicalTestExecutorService.java:41)
	at org.junit.platform.engine.support.hierarchical.NodeTestTask.lambda$executeRecursively$6(NodeTestTask.java:155)
	at org.junit.platform.engine.support.hierarchical.ThrowableCollector.execute(ThrowableCollector.java:73)
	at org.junit.platform.engine.support.hierarchical.NodeTestTask.lambda$executeRecursively$8(NodeTestTask.java:141)
	at org.junit.platform.engine.support.hierarchical.Node.around(Node.java:137)
	at org.junit.platform.engine.support.hierarchical.NodeTestTask.lambda$executeRecursively$9(NodeTestTask.java:139)
	at org.junit.platform.engine.support.hierarchical.ThrowableCollector.execute(ThrowableCollector.java:73)
	at org.junit.platform.engine.support.hierarchical.NodeTestTask.executeRecursively(NodeTestTask.java:138)
	at org.junit.platform.engine.support.hierarchical.NodeTestTask.execute(NodeTestTask.java:95)
	at java.base/java.util.ArrayList.forEach(ArrayList.java:1596)
	at org.junit.platform.engine.support.hierarchical.SameThreadHierarchicalTestExecutorService.invokeAll(SameThreadHierarchicalTestExecutorService.java:41)
	at org.junit.platform.engine.support.hierarchical.NodeTestTask.lambda$executeRecursively$6(NodeTestTask.java:155)
	at org.junit.platform.engine.support.hierarchical.ThrowableCollector.execute(ThrowableCollector.java:73)
	at org.junit.platform.engine.support.hierarchical.NodeTestTask.lambda$executeRecursively$8(NodeTestTask.java:141)
	at org.junit.platform.engine.support.hierarchical.Node.around(Node.java:137)
	at org.junit.platform.engine.support.hierarchical.NodeTestTask.lambda$executeRecursively$9(NodeTestTask.java:139)
	at org.junit.platform.engine.support.hierarchical.ThrowableCollector.execute(ThrowableCollector.java:73)
	at org.junit.platform.engine.support.hierarchical.NodeTestTask.executeRecursively(NodeTestTask.java:138)
	at org.junit.platform.engine.support.hierarchical.NodeTestTask.execute(NodeTestTask.java:95)
	at org.junit.platform.engine.support.hierarchical.SameThreadHierarchicalTestExecutorService.submit(SameThreadHierarchicalTestExecutorService.java:35)
	at org.junit.platform.engine.support.hierarchical.HierarchicalTestExecutor.execute(HierarchicalTestExecutor.java:57)
	at org.junit.platform.engine.support.hierarchical.HierarchicalTestEngine.execute(HierarchicalTestEngine.java:54)
	at org.junit.platform.launcher.core.EngineExecutionOrchestrator.execute(EngineExecutionOrchestrator.java:147)
	at org.junit.platform.launcher.core.EngineExecutionOrchestrator.execute(EngineExecutionOrchestrator.java:127)
	at org.junit.platform.launcher.core.EngineExecutionOrchestrator.execute(EngineExecutionOrchestrator.java:90)
	at org.junit.platform.launcher.core.EngineExecutionOrchestrator.lambda$execute$0(EngineExecutionOrchestrator.java:55)
	at org.junit.platform.launcher.core.EngineExecutionOrchestrator.withInterceptedStreams(EngineExecutionOrchestrator.java:102)
	at org.junit.platform.launcher.core.EngineExecutionOrchestrator.execute(EngineExecutionOrchestrator.java:54)
	at org.junit.platform.launcher.core.DefaultLauncher.execute(DefaultLauncher.java:114)
	at org.junit.platform.launcher.core.DefaultLauncher.execute(DefaultLauncher.java:86)
	at org.junit.platform.launcher.core.DefaultLauncherSession$DelegatingLauncher.execute(DefaultLauncherSession.java:86)
	at org.apache.maven.surefire.junitplatform.LazyLauncher.execute(LazyLauncher.java:56)
	at org.apache.maven.surefire.junitplatform.JUnitPlatformProvider.execute(JUnitPlatformProvider.java:184)
	at org.apache.maven.surefire.junitplatform.JUnitPlatformProvider.invokeAllTests(JUnitPlatformProvider.java:148)
	at org.apache.maven.surefire.junitplatform.JUnitPlatformProvider.invoke(JUnitPlatformProvider.java:122)
	at org.apache.maven.surefire.booter.ForkedBooter.runSuitesInProcess(ForkedBooter.java:385)
	at org.apache.maven.surefire.booter.ForkedBooter.execute(ForkedBooter.java:162)
	at org.apache.maven.surefire.booter.ForkedBooter.run(ForkedBooter.java:507)
	at org.apache.maven.surefire.booter.ForkedBooter.main(ForkedBooter.java:495)
2026-05-09 21:24:32.946 [main] ERROR c.a.system.dao.NotificationDAO - Failed to insert notification
java.sql.SQLIntegrityConstraintViolationException: Cannot add or update a child row: a foreign key constraint fails (`Wolde`.`NOTIFICATIONS`, CONSTRAINT `NOTIFICATIONS_ibfk_1` FOREIGN KEY (`user_id`) REFERENCES `USERS` (`user_id`) ON DELETE CASCADE)
	at com.mysql.cj.jdbc.exceptions.SQLError.createSQLException(SQLError.java:118)
	at com.mysql.cj.jdbc.exceptions.SQLExceptionsMapping.translateException(SQLExceptionsMapping.java:122)
	at com.mysql.cj.jdbc.ServerPreparedStatement.serverExecute(ServerPreparedStatement.java:555)
	at com.mysql.cj.jdbc.ServerPreparedStatement.executeInternal(ServerPreparedStatement.java:339)
	at com.mysql.cj.jdbc.ClientPreparedStatement.executeUpdateInternal(ClientPreparedStatement.java:1061)
	at com.mysql.cj.jdbc.ClientPreparedStatement.executeUpdateInternal(ClientPreparedStatement.java:1009)
	at com.mysql.cj.jdbc.ClientPreparedStatement.executeLargeUpdate(ClientPreparedStatement.java:1320)
	at com.mysql.cj.jdbc.ClientPreparedStatement.executeUpdate(ClientPreparedStatement.java:994)
	at com.zaxxer.hikari.pool.ProxyPreparedStatement.executeUpdate(ProxyPreparedStatement.java:61)
	at com.zaxxer.hikari.pool.HikariProxyPreparedStatement.executeUpdate(HikariProxyPreparedStatement.java)
	at com.attendance.system.dao.NotificationDAO.insertNotification(NotificationDAO.java:51)
	at com.attendance.system.dao.NotificationDAOTest.testFindByUser_UnreadOnly(NotificationDAOTest.java:83)
	at java.base/jdk.internal.reflect.DirectMethodHandleAccessor.invoke(DirectMethodHandleAccessor.java:103)
	at java.base/java.lang.reflect.Method.invoke(Method.java:580)
	at org.junit.platform.commons.util.ReflectionUtils.invokeMethod(ReflectionUtils.java:727)
	at org.junit.jupiter.engine.execution.MethodInvocation.proceed(MethodInvocation.java:60)
	at org.junit.jupiter.engine.execution.InvocationInterceptorChain$ValidatingInvocation.proceed(InvocationInterceptorChain.java:131)
	at org.junit.jupiter.engine.extension.TimeoutExtension.intercept(TimeoutExtension.java:156)
	at org.junit.jupiter.engine.extension.TimeoutExtension.interceptTestableMethod(TimeoutExtension.java:147)
	at org.junit.jupiter.engine.extension.TimeoutExtension.interceptTestMethod(TimeoutExtension.java:86)
	at org.junit.jupiter.engine.execution.InterceptingExecutableInvoker$ReflectiveInterceptorCall.lambda$ofVoidMethod$0(InterceptingExecutableInvoker.java:103)
	at org.junit.jupiter.engine.execution.InterceptingExecutableInvoker.lambda$invoke$0(InterceptingExecutableInvoker.java:93)
	at org.junit.jupiter.engine.execution.InvocationInterceptorChain$InterceptedInvocation.proceed(InvocationInterceptorChain.java:106)
	at org.junit.jupiter.engine.execution.InvocationInterceptorChain.proceed(InvocationInterceptorChain.java:64)
	at org.junit.jupiter.engine.execution.InvocationInterceptorChain.chainAndInvoke(InvocationInterceptorChain.java:45)
	at org.junit.jupiter.engine.execution.InvocationInterceptorChain.invoke(InvocationInterceptorChain.java:37)
	at org.junit.jupiter.engine.execution.InterceptingExecutableInvoker.invoke(InterceptingExecutableInvoker.java:92)
	at org.junit.jupiter.engine.execution.InterceptingExecutableInvoker.invoke(InterceptingExecutableInvoker.java:86)
	at org.junit.jupiter.engine.descriptor.TestMethodTestDescriptor.lambda$invokeTestMethod$7(TestMethodTestDescriptor.java:217)
	at org.junit.platform.engine.support.hierarchical.ThrowableCollector.execute(ThrowableCollector.java:73)
	at org.junit.jupiter.engine.descriptor.TestMethodTestDescriptor.invokeTestMethod(TestMethodTestDescriptor.java:213)
	at org.junit.jupiter.engine.descriptor.TestMethodTestDescriptor.execute(TestMethodTestDescriptor.java:138)
	at org.junit.jupiter.engine.descriptor.TestMethodTestDescriptor.execute(TestMethodTestDescriptor.java:68)
	at org.junit.platform.engine.support.hierarchical.NodeTestTask.lambda$executeRecursively$6(NodeTestTask.java:151)
	at org.junit.platform.engine.support.hierarchical.ThrowableCollector.execute(ThrowableCollector.java:73)
	at org.junit.platform.engine.support.hierarchical.NodeTestTask.lambda$executeRecursively$8(NodeTestTask.java:141)
	at org.junit.platform.engine.support.hierarchical.Node.around(Node.java:137)
	at org.junit.platform.engine.support.hierarchical.NodeTestTask.lambda$executeRecursively$9(NodeTestTask.java:139)
	at org.junit.platform.engine.support.hierarchical.ThrowableCollector.execute(ThrowableCollector.java:73)
	at org.junit.platform.engine.support.hierarchical.NodeTestTask.executeRecursively(NodeTestTask.java:138)
	at org.junit.platform.engine.support.hierarchical.NodeTestTask.execute(NodeTestTask.java:95)
	at java.base/java.util.ArrayList.forEach(ArrayList.java:1596)
	at org.junit.platform.engine.support.hierarchical.SameThreadHierarchicalTestExecutorService.invokeAll(SameThreadHierarchicalTestExecutorService.java:41)
	at org.junit.platform.engine.support.hierarchical.NodeTestTask.lambda$executeRecursively$6(NodeTestTask.java:155)
	at org.junit.platform.engine.support.hierarchical.ThrowableCollector.execute(ThrowableCollector.java:73)
	at org.junit.platform.engine.support.hierarchical.NodeTestTask.lambda$executeRecursively$8(NodeTestTask.java:141)
	at org.junit.platform.engine.support.hierarchical.Node.around(Node.java:137)
	at org.junit.platform.engine.support.hierarchical.NodeTestTask.lambda$executeRecursively$9(NodeTestTask.java:139)
	at org.junit.platform.engine.support.hierarchical.ThrowableCollector.execute(ThrowableCollector.java:73)
	at org.junit.platform.engine.support.hierarchical.NodeTestTask.executeRecursively(NodeTestTask.java:138)
	at org.junit.platform.engine.support.hierarchical.NodeTestTask.execute(NodeTestTask.java:95)
	at java.base/java.util.ArrayList.forEach(ArrayList.java:1596)
	at org.junit.platform.engine.support.hierarchical.SameThreadHierarchicalTestExecutorService.invokeAll(SameThreadHierarchicalTestExecutorService.java:41)
	at org.junit.platform.engine.support.hierarchical.NodeTestTask.lambda$executeRecursively$6(NodeTestTask.java:155)
	at org.junit.platform.engine.support.hierarchical.ThrowableCollector.execute(ThrowableCollector.java:73)
	at org.junit.platform.engine.support.hierarchical.NodeTestTask.lambda$executeRecursively$8(NodeTestTask.java:141)
	at org.junit.platform.engine.support.hierarchical.Node.around(Node.java:137)
	at org.junit.platform.engine.support.hierarchical.NodeTestTask.lambda$executeRecursively$9(NodeTestTask.java:139)
	at org.junit.platform.engine.support.hierarchical.ThrowableCollector.execute(ThrowableCollector.java:73)
	at org.junit.platform.engine.support.hierarchical.NodeTestTask.executeRecursively(NodeTestTask.java:138)
	at org.junit.platform.engine.support.hierarchical.NodeTestTask.execute(NodeTestTask.java:95)
	at org.junit.platform.engine.support.hierarchical.SameThreadHierarchicalTestExecutorService.submit(SameThreadHierarchicalTestExecutorService.java:35)
	at org.junit.platform.engine.support.hierarchical.HierarchicalTestExecutor.execute(HierarchicalTestExecutor.java:57)
	at org.junit.platform.engine.support.hierarchical.HierarchicalTestEngine.execute(HierarchicalTestEngine.java:54)
	at org.junit.platform.launcher.core.EngineExecutionOrchestrator.execute(EngineExecutionOrchestrator.java:147)
	at org.junit.platform.launcher.core.EngineExecutionOrchestrator.execute(EngineExecutionOrchestrator.java:127)
	at org.junit.platform.launcher.core.EngineExecutionOrchestrator.execute(EngineExecutionOrchestrator.java:90)
	at org.junit.platform.launcher.core.EngineExecutionOrchestrator.lambda$execute$0(EngineExecutionOrchestrator.java:55)
	at org.junit.platform.launcher.core.EngineExecutionOrchestrator.withInterceptedStreams(EngineExecutionOrchestrator.java:102)
	at org.junit.platform.launcher.core.EngineExecutionOrchestrator.execute(EngineExecutionOrchestrator.java:54)
	at org.junit.platform.launcher.core.DefaultLauncher.execute(DefaultLauncher.java:114)
	at org.junit.platform.launcher.core.DefaultLauncher.execute(DefaultLauncher.java:86)
	at org.junit.platform.launcher.core.DefaultLauncherSession$DelegatingLauncher.execute(DefaultLauncherSession.java:86)
	at org.apache.maven.surefire.junitplatform.LazyLauncher.execute(LazyLauncher.java:56)
	at org.apache.maven.surefire.junitplatform.JUnitPlatformProvider.execute(JUnitPlatformProvider.java:184)
	at org.apache.maven.surefire.junitplatform.JUnitPlatformProvider.invokeAllTests(JUnitPlatformProvider.java:148)
	at org.apache.maven.surefire.junitplatform.JUnitPlatformProvider.invoke(JUnitPlatformProvider.java:122)
	at org.apache.maven.surefire.booter.ForkedBooter.runSuitesInProcess(ForkedBooter.java:385)
	at org.apache.maven.surefire.booter.ForkedBooter.execute(ForkedBooter.java:162)
	at org.apache.maven.surefire.booter.ForkedBooter.run(ForkedBooter.java:507)
	at org.apache.maven.surefire.booter.ForkedBooter.main(ForkedBooter.java:495)
2026-05-09 21:24:32.977 [main] ERROR c.a.system.dao.NotificationDAO - Failed to insert notification
java.sql.SQLIntegrityConstraintViolationException: Cannot add or update a child row: a foreign key constraint fails (`Wolde`.`NOTIFICATIONS`, CONSTRAINT `NOTIFICATIONS_ibfk_1` FOREIGN KEY (`user_id`) REFERENCES `USERS` (`user_id`) ON DELETE CASCADE)
	at com.mysql.cj.jdbc.exceptions.SQLError.createSQLException(SQLError.java:118)
	at com.mysql.cj.jdbc.exceptions.SQLExceptionsMapping.translateException(SQLExceptionsMapping.java:122)
	at com.mysql.cj.jdbc.ServerPreparedStatement.serverExecute(ServerPreparedStatement.java:555)
	at com.mysql.cj.jdbc.ServerPreparedStatement.executeInternal(ServerPreparedStatement.java:339)
	at com.mysql.cj.jdbc.ClientPreparedStatement.executeUpdateInternal(ClientPreparedStatement.java:1061)
	at com.mysql.cj.jdbc.ClientPreparedStatement.executeUpdateInternal(ClientPreparedStatement.java:1009)
	at com.mysql.cj.jdbc.ClientPreparedStatement.executeLargeUpdate(ClientPreparedStatement.java:1320)
	at com.mysql.cj.jdbc.ClientPreparedStatement.executeUpdate(ClientPreparedStatement.java:994)
	at com.zaxxer.hikari.pool.ProxyPreparedStatement.executeUpdate(ProxyPreparedStatement.java:61)
	at com.zaxxer.hikari.pool.HikariProxyPreparedStatement.executeUpdate(HikariProxyPreparedStatement.java)
	at com.attendance.system.dao.NotificationDAO.insertNotification(NotificationDAO.java:51)
	at com.attendance.system.dao.NotificationDAOTest.testMarkAsUnread(NotificationDAOTest.java:150)
	at java.base/jdk.internal.reflect.DirectMethodHandleAccessor.invoke(DirectMethodHandleAccessor.java:103)
	at java.base/java.lang.reflect.Method.invoke(Method.java:580)
	at org.junit.platform.commons.util.ReflectionUtils.invokeMethod(ReflectionUtils.java:727)
	at org.junit.jupiter.engine.execution.MethodInvocation.proceed(MethodInvocation.java:60)
	at org.junit.jupiter.engine.execution.InvocationInterceptorChain$ValidatingInvocation.proceed(InvocationInterceptorChain.java:131)
	at org.junit.jupiter.engine.extension.TimeoutExtension.intercept(TimeoutExtension.java:156)
	at org.junit.jupiter.engine.extension.TimeoutExtension.interceptTestableMethod(TimeoutExtension.java:147)
	at org.junit.jupiter.engine.extension.TimeoutExtension.interceptTestMethod(TimeoutExtension.java:86)
	at org.junit.jupiter.engine.execution.InterceptingExecutableInvoker$ReflectiveInterceptorCall.lambda$ofVoidMethod$0(InterceptingExecutableInvoker.java:103)
	at org.junit.jupiter.engine.execution.InterceptingExecutableInvoker.lambda$invoke$0(InterceptingExecutableInvoker.java:93)
	at org.junit.jupiter.engine.execution.InvocationInterceptorChain$InterceptedInvocation.proceed(InvocationInterceptorChain.java:106)
	at org.junit.jupiter.engine.execution.InvocationInterceptorChain.proceed(InvocationInterceptorChain.java:64)
	at org.junit.jupiter.engine.execution.InvocationInterceptorChain.chainAndInvoke(InvocationInterceptorChain.java:45)
	at org.junit.jupiter.engine.execution.InvocationInterceptorChain.invoke(InvocationInterceptorChain.java:37)
	at org.junit.jupiter.engine.execution.InterceptingExecutableInvoker.invoke(InterceptingExecutableInvoker.java:92)
	at org.junit.jupiter.engine.execution.InterceptingExecutableInvoker.invoke(InterceptingExecutableInvoker.java:86)
	at org.junit.jupiter.engine.descriptor.TestMethodTestDescriptor.lambda$invokeTestMethod$7(TestMethodTestDescriptor.java:217)
	at org.junit.platform.engine.support.hierarchical.ThrowableCollector.execute(ThrowableCollector.java:73)
	at org.junit.jupiter.engine.descriptor.TestMethodTestDescriptor.invokeTestMethod(TestMethodTestDescriptor.java:213)
	at org.junit.jupiter.engine.descriptor.TestMethodTestDescriptor.execute(TestMethodTestDescriptor.java:138)
	at org.junit.jupiter.engine.descriptor.TestMethodTestDescriptor.execute(TestMethodTestDescriptor.java:68)
	at org.junit.platform.engine.support.hierarchical.NodeTestTask.lambda$executeRecursively$6(NodeTestTask.java:151)
	at org.junit.platform.engine.support.hierarchical.ThrowableCollector.execute(ThrowableCollector.java:73)
	at org.junit.platform.engine.support.hierarchical.NodeTestTask.lambda$executeRecursively$8(NodeTestTask.java:141)
	at org.junit.platform.engine.support.hierarchical.Node.around(Node.java:137)
	at org.junit.platform.engine.support.hierarchical.NodeTestTask.lambda$executeRecursively$9(NodeTestTask.java:139)
	at org.junit.platform.engine.support.hierarchical.ThrowableCollector.execute(ThrowableCollector.java:73)
	at org.junit.platform.engine.support.hierarchical.NodeTestTask.executeRecursively(NodeTestTask.java:138)
	at org.junit.platform.engine.support.hierarchical.NodeTestTask.execute(NodeTestTask.java:95)
	at java.base/java.util.ArrayList.forEach(ArrayList.java:1596)
	at org.junit.platform.engine.support.hierarchical.SameThreadHierarchicalTestExecutorService.invokeAll(SameThreadHierarchicalTestExecutorService.java:41)
	at org.junit.platform.engine.support.hierarchical.NodeTestTask.lambda$executeRecursively$6(NodeTestTask.java:155)
	at org.junit.platform.engine.support.hierarchical.ThrowableCollector.execute(ThrowableCollector.java:73)
	at org.junit.platform.engine.support.hierarchical.NodeTestTask.lambda$executeRecursively$8(NodeTestTask.java:141)
	at org.junit.platform.engine.support.hierarchical.Node.around(Node.java:137)
	at org.junit.platform.engine.support.hierarchical.NodeTestTask.lambda$executeRecursively$9(NodeTestTask.java:139)
	at org.junit.platform.engine.support.hierarchical.ThrowableCollector.execute(ThrowableCollector.java:73)
	at org.junit.platform.engine.support.hierarchical.NodeTestTask.executeRecursively(NodeTestTask.java:138)
	at org.junit.platform.engine.support.hierarchical.NodeTestTask.execute(NodeTestTask.java:95)
	at java.base/java.util.ArrayList.forEach(ArrayList.java:1596)
	at org.junit.platform.engine.support.hierarchical.SameThreadHierarchicalTestExecutorService.invokeAll(SameThreadHierarchicalTestExecutorService.java:41)
	at org.junit.platform.engine.support.hierarchical.NodeTestTask.lambda$executeRecursively$6(NodeTestTask.java:155)
	at org.junit.platform.engine.support.hierarchical.ThrowableCollector.execute(ThrowableCollector.java:73)
	at org.junit.platform.engine.support.hierarchical.NodeTestTask.lambda$executeRecursively$8(NodeTestTask.java:141)
	at org.junit.platform.engine.support.hierarchical.Node.around(Node.java:137)
	at org.junit.platform.engine.support.hierarchical.NodeTestTask.lambda$executeRecursively$9(NodeTestTask.java:139)
	at org.junit.platform.engine.support.hierarchical.ThrowableCollector.execute(ThrowableCollector.java:73)
	at org.junit.platform.engine.support.hierarchical.NodeTestTask.executeRecursively(NodeTestTask.java:138)
	at org.junit.platform.engine.support.hierarchical.NodeTestTask.execute(NodeTestTask.java:95)
	at org.junit.platform.engine.support.hierarchical.SameThreadHierarchicalTestExecutorService.submit(SameThreadHierarchicalTestExecutorService.java:35)
	at org.junit.platform.engine.support.hierarchical.HierarchicalTestExecutor.execute(HierarchicalTestExecutor.java:57)
	at org.junit.platform.engine.support.hierarchical.HierarchicalTestEngine.execute(HierarchicalTestEngine.java:54)
	at org.junit.platform.launcher.core.EngineExecutionOrchestrator.execute(EngineExecutionOrchestrator.java:147)
	at org.junit.platform.launcher.core.EngineExecutionOrchestrator.execute(EngineExecutionOrchestrator.java:127)
	at org.junit.platform.launcher.core.EngineExecutionOrchestrator.execute(EngineExecutionOrchestrator.java:90)
	at org.junit.platform.launcher.core.EngineExecutionOrchestrator.lambda$execute$0(EngineExecutionOrchestrator.java:55)
	at org.junit.platform.launcher.core.EngineExecutionOrchestrator.withInterceptedStreams(EngineExecutionOrchestrator.java:102)
	at org.junit.platform.launcher.core.EngineExecutionOrchestrator.execute(EngineExecutionOrchestrator.java:54)
	at org.junit.platform.launcher.core.DefaultLauncher.execute(DefaultLauncher.java:114)
	at org.junit.platform.launcher.core.DefaultLauncher.execute(DefaultLauncher.java:86)
	at org.junit.platform.launcher.core.DefaultLauncherSession$DelegatingLauncher.execute(DefaultLauncherSession.java:86)
	at org.apache.maven.surefire.junitplatform.LazyLauncher.execute(LazyLauncher.java:56)
	at org.apache.maven.surefire.junitplatform.JUnitPlatformProvider.execute(JUnitPlatformProvider.java:184)
	at org.apache.maven.surefire.junitplatform.JUnitPlatformProvider.invokeAllTests(JUnitPlatformProvider.java:148)
	at org.apache.maven.surefire.junitplatform.JUnitPlatformProvider.invoke(JUnitPlatformProvider.java:122)
	at org.apache.maven.surefire.booter.ForkedBooter.runSuitesInProcess(ForkedBooter.java:385)
	at org.apache.maven.surefire.booter.ForkedBooter.execute(ForkedBooter.java:162)
	at org.apache.maven.surefire.booter.ForkedBooter.run(ForkedBooter.java:507)
	at org.apache.maven.surefire.booter.ForkedBooter.main(ForkedBooter.java:495)
2026-05-09 21:24:33.012 [main] ERROR c.a.system.dao.NotificationDAO - Failed to insert notification
java.sql.SQLIntegrityConstraintViolationException: Cannot add or update a child row: a foreign key constraint fails (`Wolde`.`NOTIFICATIONS`, CONSTRAINT `NOTIFICATIONS_ibfk_1` FOREIGN KEY (`user_id`) REFERENCES `USERS` (`user_id`) ON DELETE CASCADE)
	at com.mysql.cj.jdbc.exceptions.SQLError.createSQLException(SQLError.java:118)
	at com.mysql.cj.jdbc.exceptions.SQLExceptionsMapping.translateException(SQLExceptionsMapping.java:122)
	at com.mysql.cj.jdbc.ServerPreparedStatement.serverExecute(ServerPreparedStatement.java:555)
	at com.mysql.cj.jdbc.ServerPreparedStatement.executeInternal(ServerPreparedStatement.java:339)
	at com.mysql.cj.jdbc.ClientPreparedStatement.executeUpdateInternal(ClientPreparedStatement.java:1061)
	at com.mysql.cj.jdbc.ClientPreparedStatement.executeUpdateInternal(ClientPreparedStatement.java:1009)
	at com.mysql.cj.jdbc.ClientPreparedStatement.executeLargeUpdate(ClientPreparedStatement.java:1320)
	at com.mysql.cj.jdbc.ClientPreparedStatement.executeUpdate(ClientPreparedStatement.java:994)
	at com.zaxxer.hikari.pool.ProxyPreparedStatement.executeUpdate(ProxyPreparedStatement.java:61)
	at com.zaxxer.hikari.pool.HikariProxyPreparedStatement.executeUpdate(HikariProxyPreparedStatement.java)
	at com.attendance.system.dao.NotificationDAO.insertNotification(NotificationDAO.java:51)
	at com.attendance.system.dao.NotificationDAOTest.testDeleteNotification(NotificationDAOTest.java:196)
	at java.base/jdk.internal.reflect.DirectMethodHandleAccessor.invoke(DirectMethodHandleAccessor.java:103)
	at java.base/java.lang.reflect.Method.invoke(Method.java:580)
	at org.junit.platform.commons.util.ReflectionUtils.invokeMethod(ReflectionUtils.java:727)
	at org.junit.jupiter.engine.execution.MethodInvocation.proceed(MethodInvocation.java:60)
	at org.junit.jupiter.engine.execution.InvocationInterceptorChain$ValidatingInvocation.proceed(InvocationInterceptorChain.java:131)
	at org.junit.jupiter.engine.extension.TimeoutExtension.intercept(TimeoutExtension.java:156)
	at org.junit.jupiter.engine.extension.TimeoutExtension.interceptTestableMethod(TimeoutExtension.java:147)
	at org.junit.jupiter.engine.extension.TimeoutExtension.interceptTestMethod(TimeoutExtension.java:86)
	at org.junit.jupiter.engine.execution.InterceptingExecutableInvoker$ReflectiveInterceptorCall.lambda$ofVoidMethod$0(InterceptingExecutableInvoker.java:103)
	at org.junit.jupiter.engine.execution.InterceptingExecutableInvoker.lambda$invoke$0(InterceptingExecutableInvoker.java:93)
	at org.junit.jupiter.engine.execution.InvocationInterceptorChain$InterceptedInvocation.proceed(InvocationInterceptorChain.java:106)
	at org.junit.jupiter.engine.execution.InvocationInterceptorChain.proceed(InvocationInterceptorChain.java:64)
	at org.junit.jupiter.engine.execution.InvocationInterceptorChain.chainAndInvoke(InvocationInterceptorChain.java:45)
	at org.junit.jupiter.engine.execution.InvocationInterceptorChain.invoke(InvocationInterceptorChain.java:37)
	at org.junit.jupiter.engine.execution.InterceptingExecutableInvoker.invoke(InterceptingExecutableInvoker.java:92)
	at org.junit.jupiter.engine.execution.InterceptingExecutableInvoker.invoke(InterceptingExecutableInvoker.java:86)
	at org.junit.jupiter.engine.descriptor.TestMethodTestDescriptor.lambda$invokeTestMethod$7(TestMethodTestDescriptor.java:217)
	at org.junit.platform.engine.support.hierarchical.ThrowableCollector.execute(ThrowableCollector.java:73)
	at org.junit.jupiter.engine.descriptor.TestMethodTestDescriptor.invokeTestMethod(TestMethodTestDescriptor.java:213)
	at org.junit.jupiter.engine.descriptor.TestMethodTestDescriptor.execute(TestMethodTestDescriptor.java:138)
	at org.junit.jupiter.engine.descriptor.TestMethodTestDescriptor.execute(TestMethodTestDescriptor.java:68)
	at org.junit.platform.engine.support.hierarchical.NodeTestTask.lambda$executeRecursively$6(NodeTestTask.java:151)
	at org.junit.platform.engine.support.hierarchical.ThrowableCollector.execute(ThrowableCollector.java:73)
	at org.junit.platform.engine.support.hierarchical.NodeTestTask.lambda$executeRecursively$8(NodeTestTask.java:141)
	at org.junit.platform.engine.support.hierarchical.Node.around(Node.java:137)
	at org.junit.platform.engine.support.hierarchical.NodeTestTask.lambda$executeRecursively$9(NodeTestTask.java:139)
	at org.junit.platform.engine.support.hierarchical.ThrowableCollector.execute(ThrowableCollector.java:73)
	at org.junit.platform.engine.support.hierarchical.NodeTestTask.executeRecursively(NodeTestTask.java:138)
	at org.junit.platform.engine.support.hierarchical.NodeTestTask.execute(NodeTestTask.java:95)
	at java.base/java.util.ArrayList.forEach(ArrayList.java:1596)
	at org.junit.platform.engine.support.hierarchical.SameThreadHierarchicalTestExecutorService.invokeAll(SameThreadHierarchicalTestExecutorService.java:41)
	at org.junit.platform.engine.support.hierarchical.NodeTestTask.lambda$executeRecursively$6(NodeTestTask.java:155)
	at org.junit.platform.engine.support.hierarchical.ThrowableCollector.execute(ThrowableCollector.java:73)
	at org.junit.platform.engine.support.hierarchical.NodeTestTask.lambda$executeRecursively$8(NodeTestTask.java:141)
	at org.junit.platform.engine.support.hierarchical.Node.around(Node.java:137)
	at org.junit.platform.engine.support.hierarchical.NodeTestTask.lambda$executeRecursively$9(NodeTestTask.java:139)
	at org.junit.platform.engine.support.hierarchical.ThrowableCollector.execute(ThrowableCollector.java:73)
	at org.junit.platform.engine.support.hierarchical.NodeTestTask.executeRecursively(NodeTestTask.java:138)
	at org.junit.platform.engine.support.hierarchical.NodeTestTask.execute(NodeTestTask.java:95)
	at java.base/java.util.ArrayList.forEach(ArrayList.java:1596)
	at org.junit.platform.engine.support.hierarchical.SameThreadHierarchicalTestExecutorService.invokeAll(SameThreadHierarchicalTestExecutorService.java:41)
	at org.junit.platform.engine.support.hierarchical.NodeTestTask.lambda$executeRecursively$6(NodeTestTask.java:155)
	at org.junit.platform.engine.support.hierarchical.ThrowableCollector.execute(ThrowableCollector.java:73)
	at org.junit.platform.engine.support.hierarchical.NodeTestTask.lambda$executeRecursively$8(NodeTestTask.java:141)
	at org.junit.platform.engine.support.hierarchical.Node.around(Node.java:137)
	at org.junit.platform.engine.support.hierarchical.NodeTestTask.lambda$executeRecursively$9(NodeTestTask.java:139)
	at org.junit.platform.engine.support.hierarchical.ThrowableCollector.execute(ThrowableCollector.java:73)
	at org.junit.platform.engine.support.hierarchical.NodeTestTask.executeRecursively(NodeTestTask.java:138)
	at org.junit.platform.engine.support.hierarchical.NodeTestTask.execute(NodeTestTask.java:95)
	at org.junit.platform.engine.support.hierarchical.SameThreadHierarchicalTestExecutorService.submit(SameThreadHierarchicalTestExecutorService.java:35)
	at org.junit.platform.engine.support.hierarchical.HierarchicalTestExecutor.execute(HierarchicalTestExecutor.java:57)
	at org.junit.platform.engine.support.hierarchical.HierarchicalTestEngine.execute(HierarchicalTestEngine.java:54)
	at org.junit.platform.launcher.core.EngineExecutionOrchestrator.execute(EngineExecutionOrchestrator.java:147)
	at org.junit.platform.launcher.core.EngineExecutionOrchestrator.execute(EngineExecutionOrchestrator.java:127)
	at org.junit.platform.launcher.core.EngineExecutionOrchestrator.execute(EngineExecutionOrchestrator.java:90)
	at org.junit.platform.launcher.core.EngineExecutionOrchestrator.lambda$execute$0(EngineExecutionOrchestrator.java:55)
	at org.junit.platform.launcher.core.EngineExecutionOrchestrator.withInterceptedStreams(EngineExecutionOrchestrator.java:102)
	at org.junit.platform.launcher.core.EngineExecutionOrchestrator.execute(EngineExecutionOrchestrator.java:54)
	at org.junit.platform.launcher.core.DefaultLauncher.execute(DefaultLauncher.java:114)
	at org.junit.platform.launcher.core.DefaultLauncher.execute(DefaultLauncher.java:86)
	at org.junit.platform.launcher.core.DefaultLauncherSession$DelegatingLauncher.execute(DefaultLauncherSession.java:86)
	at org.apache.maven.surefire.junitplatform.LazyLauncher.execute(LazyLauncher.java:56)
	at org.apache.maven.surefire.junitplatform.JUnitPlatformProvider.execute(JUnitPlatformProvider.java:184)
	at org.apache.maven.surefire.junitplatform.JUnitPlatformProvider.invokeAllTests(JUnitPlatformProvider.java:148)
	at org.apache.maven.surefire.junitplatform.JUnitPlatformProvider.invoke(JUnitPlatformProvider.java:122)
	at org.apache.maven.surefire.booter.ForkedBooter.runSuitesInProcess(ForkedBooter.java:385)
	at org.apache.maven.surefire.booter.ForkedBooter.execute(ForkedBooter.java:162)
	at org.apache.maven.surefire.booter.ForkedBooter.run(ForkedBooter.java:507)
	at org.apache.maven.surefire.booter.ForkedBooter.main(ForkedBooter.java:495)
2026-05-09 21:24:33.053 [main] ERROR c.a.system.dao.NotificationDAO - Failed to insert notification
java.sql.SQLIntegrityConstraintViolationException: Cannot add or update a child row: a foreign key constraint fails (`Wolde`.`NOTIFICATIONS`, CONSTRAINT `NOTIFICATIONS_ibfk_1` FOREIGN KEY (`user_id`) REFERENCES `USERS` (`user_id`) ON DELETE CASCADE)
	at com.mysql.cj.jdbc.exceptions.SQLError.createSQLException(SQLError.java:118)
	at com.mysql.cj.jdbc.exceptions.SQLExceptionsMapping.translateException(SQLExceptionsMapping.java:122)
	at com.mysql.cj.jdbc.ServerPreparedStatement.serverExecute(ServerPreparedStatement.java:555)
	at com.mysql.cj.jdbc.ServerPreparedStatement.executeInternal(ServerPreparedStatement.java:339)
	at com.mysql.cj.jdbc.ClientPreparedStatement.executeUpdateInternal(ClientPreparedStatement.java:1061)
	at com.mysql.cj.jdbc.ClientPreparedStatement.executeUpdateInternal(ClientPreparedStatement.java:1009)
	at com.mysql.cj.jdbc.ClientPreparedStatement.executeLargeUpdate(ClientPreparedStatement.java:1320)
	at com.mysql.cj.jdbc.ClientPreparedStatement.executeUpdate(ClientPreparedStatement.java:994)
	at com.zaxxer.hikari.pool.ProxyPreparedStatement.executeUpdate(ProxyPreparedStatement.java:61)
	at com.zaxxer.hikari.pool.HikariProxyPreparedStatement.executeUpdate(HikariProxyPreparedStatement.java)
	at com.attendance.system.dao.NotificationDAO.insertNotification(NotificationDAO.java:51)
	at com.attendance.system.dao.NotificationDAOTest.testInsertNotification(NotificationDAOTest.java:44)
	at java.base/jdk.internal.reflect.DirectMethodHandleAccessor.invoke(DirectMethodHandleAccessor.java:103)
	at java.base/java.lang.reflect.Method.invoke(Method.java:580)
	at org.junit.platform.commons.util.ReflectionUtils.invokeMethod(ReflectionUtils.java:727)
	at org.junit.jupiter.engine.execution.MethodInvocation.proceed(MethodInvocation.java:60)
	at org.junit.jupiter.engine.execution.InvocationInterceptorChain$ValidatingInvocation.proceed(InvocationInterceptorChain.java:131)
	at org.junit.jupiter.engine.extension.TimeoutExtension.intercept(TimeoutExtension.java:156)
	at org.junit.jupiter.engine.extension.TimeoutExtension.interceptTestableMethod(TimeoutExtension.java:147)
	at org.junit.jupiter.engine.extension.TimeoutExtension.interceptTestMethod(TimeoutExtension.java:86)
	at org.junit.jupiter.engine.execution.InterceptingExecutableInvoker$ReflectiveInterceptorCall.lambda$ofVoidMethod$0(InterceptingExecutableInvoker.java:103)
	at org.junit.jupiter.engine.execution.InterceptingExecutableInvoker.lambda$invoke$0(InterceptingExecutableInvoker.java:93)
	at org.junit.jupiter.engine.execution.InvocationInterceptorChain$InterceptedInvocation.proceed(InvocationInterceptorChain.java:106)
	at org.junit.jupiter.engine.execution.InvocationInterceptorChain.proceed(InvocationInterceptorChain.java:64)
	at org.junit.jupiter.engine.execution.InvocationInterceptorChain.chainAndInvoke(InvocationInterceptorChain.java:45)
	at org.junit.jupiter.engine.execution.InvocationInterceptorChain.invoke(InvocationInterceptorChain.java:37)
	at org.junit.jupiter.engine.execution.InterceptingExecutableInvoker.invoke(InterceptingExecutableInvoker.java:92)
	at org.junit.jupiter.engine.execution.InterceptingExecutableInvoker.invoke(InterceptingExecutableInvoker.java:86)
	at org.junit.jupiter.engine.descriptor.TestMethodTestDescriptor.lambda$invokeTestMethod$7(TestMethodTestDescriptor.java:217)
	at org.junit.platform.engine.support.hierarchical.ThrowableCollector.execute(ThrowableCollector.java:73)
	at org.junit.jupiter.engine.descriptor.TestMethodTestDescriptor.invokeTestMethod(TestMethodTestDescriptor.java:213)
	at org.junit.jupiter.engine.descriptor.TestMethodTestDescriptor.execute(TestMethodTestDescriptor.java:138)
	at org.junit.jupiter.engine.descriptor.TestMethodTestDescriptor.execute(TestMethodTestDescriptor.java:68)
	at org.junit.platform.engine.support.hierarchical.NodeTestTask.lambda$executeRecursively$6(NodeTestTask.java:151)
	at org.junit.platform.engine.support.hierarchical.ThrowableCollector.execute(ThrowableCollector.java:73)
	at org.junit.platform.engine.support.hierarchical.NodeTestTask.lambda$executeRecursively$8(NodeTestTask.java:141)
	at org.junit.platform.engine.support.hierarchical.Node.around(Node.java:137)
	at org.junit.platform.engine.support.hierarchical.NodeTestTask.lambda$executeRecursively$9(NodeTestTask.java:139)
	at org.junit.platform.engine.support.hierarchical.ThrowableCollector.execute(ThrowableCollector.java:73)
	at org.junit.platform.engine.support.hierarchical.NodeTestTask.executeRecursively(NodeTestTask.java:138)
	at org.junit.platform.engine.support.hierarchical.NodeTestTask.execute(NodeTestTask.java:95)
	at java.base/java.util.ArrayList.forEach(ArrayList.java:1596)
	at org.junit.platform.engine.support.hierarchical.SameThreadHierarchicalTestExecutorService.invokeAll(SameThreadHierarchicalTestExecutorService.java:41)
	at org.junit.platform.engine.support.hierarchical.NodeTestTask.lambda$executeRecursively$6(NodeTestTask.java:155)
	at org.junit.platform.engine.support.hierarchical.ThrowableCollector.execute(ThrowableCollector.java:73)
	at org.junit.platform.engine.support.hierarchical.NodeTestTask.lambda$executeRecursively$8(NodeTestTask.java:141)
	at org.junit.platform.engine.support.hierarchical.Node.around(Node.java:137)
	at org.junit.platform.engine.support.hierarchical.NodeTestTask.lambda$executeRecursively$9(NodeTestTask.java:139)
	at org.junit.platform.engine.support.hierarchical.ThrowableCollector.execute(ThrowableCollector.java:73)
	at org.junit.platform.engine.support.hierarchical.NodeTestTask.executeRecursively(NodeTestTask.java:138)
	at org.junit.platform.engine.support.hierarchical.NodeTestTask.execute(NodeTestTask.java:95)
	at java.base/java.util.ArrayList.forEach(ArrayList.java:1596)
	at org.junit.platform.engine.support.hierarchical.SameThreadHierarchicalTestExecutorService.invokeAll(SameThreadHierarchicalTestExecutorService.java:41)
	at org.junit.platform.engine.support.hierarchical.NodeTestTask.lambda$executeRecursively$6(NodeTestTask.java:155)
	at org.junit.platform.engine.support.hierarchical.ThrowableCollector.execute(ThrowableCollector.java:73)
	at org.junit.platform.engine.support.hierarchical.NodeTestTask.lambda$executeRecursively$8(NodeTestTask.java:141)
	at org.junit.platform.engine.support.hierarchical.Node.around(Node.java:137)
	at org.junit.platform.engine.support.hierarchical.NodeTestTask.lambda$executeRecursively$9(NodeTestTask.java:139)
	at org.junit.platform.engine.support.hierarchical.ThrowableCollector.execute(ThrowableCollector.java:73)
	at org.junit.platform.engine.support.hierarchical.NodeTestTask.executeRecursively(NodeTestTask.java:138)
	at org.junit.platform.engine.support.hierarchical.NodeTestTask.execute(NodeTestTask.java:95)
	at org.junit.platform.engine.support.hierarchical.SameThreadHierarchicalTestExecutorService.submit(SameThreadHierarchicalTestExecutorService.java:35)
	at org.junit.platform.engine.support.hierarchical.HierarchicalTestExecutor.execute(HierarchicalTestExecutor.java:57)
	at org.junit.platform.engine.support.hierarchical.HierarchicalTestEngine.execute(HierarchicalTestEngine.java:54)
	at org.junit.platform.launcher.core.EngineExecutionOrchestrator.execute(EngineExecutionOrchestrator.java:147)
	at org.junit.platform.launcher.core.EngineExecutionOrchestrator.execute(EngineExecutionOrchestrator.java:127)
	at org.junit.platform.launcher.core.EngineExecutionOrchestrator.execute(EngineExecutionOrchestrator.java:90)
	at org.junit.platform.launcher.core.EngineExecutionOrchestrator.lambda$execute$0(EngineExecutionOrchestrator.java:55)
	at org.junit.platform.launcher.core.EngineExecutionOrchestrator.withInterceptedStreams(EngineExecutionOrchestrator.java:102)
	at org.junit.platform.launcher.core.EngineExecutionOrchestrator.execute(EngineExecutionOrchestrator.java:54)
	at org.junit.platform.launcher.core.DefaultLauncher.execute(DefaultLauncher.java:114)
	at org.junit.platform.launcher.core.DefaultLauncher.execute(DefaultLauncher.java:86)
	at org.junit.platform.launcher.core.DefaultLauncherSession$DelegatingLauncher.execute(DefaultLauncherSession.java:86)
	at org.apache.maven.surefire.junitplatform.LazyLauncher.execute(LazyLauncher.java:56)
	at org.apache.maven.surefire.junitplatform.JUnitPlatformProvider.execute(JUnitPlatformProvider.java:184)
	at org.apache.maven.surefire.junitplatform.JUnitPlatformProvider.invokeAllTests(JUnitPlatformProvider.java:148)
	at org.apache.maven.surefire.junitplatform.JUnitPlatformProvider.invoke(JUnitPlatformProvider.java:122)
	at org.apache.maven.surefire.booter.ForkedBooter.runSuitesInProcess(ForkedBooter.java:385)
	at org.apache.maven.surefire.booter.ForkedBooter.execute(ForkedBooter.java:162)
	at org.apache.maven.surefire.booter.ForkedBooter.run(ForkedBooter.java:507)
	at org.apache.maven.surefire.booter.ForkedBooter.main(ForkedBooter.java:495)
2026-05-09 21:24:33.071 [main] INFO  com.zaxxer.hikari.HikariDataSource - HikariPool-2 - Starting...
2026-05-09 21:24:33.095 [main] INFO  com.zaxxer.hikari.pool.HikariPool - HikariPool-2 - Added connection com.mysql.cj.jdbc.ConnectionImpl@248d3a
2026-05-09 21:24:33.097 [main] INFO  com.zaxxer.hikari.HikariDataSource - HikariPool-2 - Start completed.
2026-05-09 21:24:33.097 [main] INFO  c.a.system.dao.DatabaseManager - Database connection pool initialized successfully
2026-05-09 21:24:33.104 [main] DEBUG c.a.system.dao.DatabaseManager - Database connection test successful
2026-05-09 21:24:33.107 [main] INFO  com.zaxxer.hikari.HikariDataSource - HikariPool-3 - Starting...
2026-05-09 21:24:33.143 [main] INFO  com.zaxxer.hikari.pool.HikariPool - HikariPool-3 - Added connection com.mysql.cj.jdbc.ConnectionImpl@595ec862
2026-05-09 21:24:33.144 [main] INFO  com.zaxxer.hikari.HikariDataSource - HikariPool-3 - Start completed.
2026-05-09 21:24:33.144 [main] INFO  c.a.system.dao.DatabaseManager - Database connection pool initialized successfully
2026-05-09 21:24:33.145 [main] DEBUG c.a.system.dao.DatabaseManager - Database connection test successful
2026-05-09 21:24:33.148 [main] INFO  com.zaxxer.hikari.HikariDataSource - HikariPool-4 - Starting...
2026-05-09 21:24:33.154 [main] INFO  com.zaxxer.hikari.pool.HikariPool - HikariPool-4 - Added connection com.mysql.cj.jdbc.ConnectionImpl@6f68756d
2026-05-09 21:24:33.155 [main] INFO  com.zaxxer.hikari.HikariDataSource - HikariPool-4 - Start completed.
2026-05-09 21:24:33.155 [main] INFO  c.a.system.dao.DatabaseManager - Database connection pool initialized successfully
2026-05-09 21:24:33.156 [main] DEBUG c.a.system.dao.DatabaseManager - Database connection test successful
2026-05-09 21:24:33.157 [main] INFO  com.zaxxer.hikari.HikariDataSource - HikariPool-5 - Starting...
2026-05-09 21:24:33.162 [main] INFO  com.zaxxer.hikari.pool.HikariPool - HikariPool-5 - Added connection com.mysql.cj.jdbc.ConnectionImpl@7462ba4b
2026-05-09 21:24:33.163 [main] INFO  com.zaxxer.hikari.HikariDataSource - HikariPool-5 - Start completed.
2026-05-09 21:24:33.163 [main] INFO  c.a.system.dao.DatabaseManager - Database connection pool initialized successfully
2026-05-09 21:24:33.164 [main] DEBUG c.a.system.dao.DatabaseManager - Database connection test successful
2026-05-09 21:24:33.167 [main] INFO  com.zaxxer.hikari.HikariDataSource - HikariPool-6 - Starting...
2026-05-09 21:24:33.174 [main] INFO  com.zaxxer.hikari.pool.HikariPool - HikariPool-6 - Added connection com.mysql.cj.jdbc.ConnectionImpl@1131aead
2026-05-09 21:24:33.175 [main] INFO  com.zaxxer.hikari.HikariDataSource - HikariPool-6 - Start completed.
2026-05-09 21:24:33.175 [main] INFO  c.a.system.dao.DatabaseManager - Database connection pool initialized successfully
2026-05-09 21:24:33.176 [main] DEBUG c.a.system.dao.DatabaseManager - Database connection test successful
2026-05-09 21:24:33.177 [main] INFO  com.zaxxer.hikari.HikariDataSource - HikariPool-7 - Starting...
2026-05-09 21:24:33.180 [main] INFO  com.zaxxer.hikari.pool.HikariPool - HikariPool-7 - Added connection com.mysql.cj.jdbc.ConnectionImpl@340c57e0
2026-05-09 21:24:33.180 [main] INFO  com.zaxxer.hikari.HikariDataSource - HikariPool-7 - Start completed.
2026-05-09 21:24:33.181 [main] INFO  c.a.system.dao.DatabaseManager - Database connection pool initialized successfully
2026-05-09 21:24:33.181 [main] DEBUG c.a.system.dao.DatabaseManager - Database connection test successful
2026-05-09 21:24:33.184 [main] INFO  com.zaxxer.hikari.HikariDataSource - HikariPool-8 - Starting...
2026-05-09 21:24:33.190 [main] INFO  com.zaxxer.hikari.pool.HikariPool - HikariPool-8 - Added connection com.mysql.cj.jdbc.ConnectionImpl@857f74a
2026-05-09 21:24:33.190 [main] INFO  com.zaxxer.hikari.HikariDataSource - HikariPool-8 - Start completed.
2026-05-09 21:24:33.190 [main] INFO  c.a.system.dao.DatabaseManager - Database connection pool initialized successfully
2026-05-09 21:24:33.192 [main] DEBUG c.a.system.dao.DatabaseManager - Database connection test successful
2026-05-09 21:24:33.193 [main] INFO  com.zaxxer.hikari.HikariDataSource - HikariPool-9 - Starting...
2026-05-09 21:24:33.196 [main] INFO  com.zaxxer.hikari.pool.HikariPool - HikariPool-9 - Added connection com.mysql.cj.jdbc.ConnectionImpl@4768b95c
2026-05-09 21:24:33.197 [main] INFO  com.zaxxer.hikari.HikariDataSource - HikariPool-9 - Start completed.
2026-05-09 21:24:33.197 [main] INFO  c.a.system.dao.DatabaseManager - Database connection pool initialized successfully
2026-05-09 21:24:33.198 [main] DEBUG c.a.system.dao.DatabaseManager - Database connection test successful
2026-05-09 21:24:33.200 [main] INFO  com.zaxxer.hikari.HikariDataSource - HikariPool-10 - Starting...
2026-05-09 21:24:33.206 [main] INFO  com.zaxxer.hikari.pool.HikariPool - HikariPool-10 - Added connection com.mysql.cj.jdbc.ConnectionImpl@3fef1e6b
2026-05-09 21:24:33.207 [main] INFO  com.zaxxer.hikari.HikariDataSource - HikariPool-10 - Start completed.
2026-05-09 21:24:33.207 [main] INFO  c.a.system.dao.DatabaseManager - Database connection pool initialized successfully
2026-05-09 21:24:33.208 [main] DEBUG c.a.system.dao.DatabaseManager - Database connection test successful
2026-05-09 21:24:33.209 [main] INFO  com.zaxxer.hikari.HikariDataSource - HikariPool-11 - Starting...
2026-05-09 21:24:33.215 [main] INFO  com.zaxxer.hikari.pool.HikariPool - HikariPool-11 - Added connection com.mysql.cj.jdbc.ConnectionImpl@93ce24d
2026-05-09 21:24:33.215 [main] INFO  com.zaxxer.hikari.HikariDataSource - HikariPool-11 - Start completed.
2026-05-09 21:24:33.215 [main] INFO  c.a.system.dao.DatabaseManager - Database connection pool initialized successfully
2026-05-09 21:24:33.216 [main] DEBUG c.a.system.dao.DatabaseManager - Database connection test successful
2026-05-09 21:24:33.219 [main] INFO  com.zaxxer.hikari.HikariDataSource - HikariPool-12 - Starting...
2026-05-09 21:24:33.223 [main] INFO  com.zaxxer.hikari.pool.HikariPool - HikariPool-12 - Added connection com.mysql.cj.jdbc.ConnectionImpl@1de12397
2026-05-09 21:24:33.224 [main] INFO  com.zaxxer.hikari.HikariDataSource - HikariPool-12 - Start completed.
2026-05-09 21:24:33.224 [main] INFO  c.a.system.dao.DatabaseManager - Database connection pool initialized successfully
2026-05-09 21:24:33.228 [main] DEBUG c.a.system.dao.DatabaseManager - Database connection test successful
2026-05-09 21:24:33.229 [main] INFO  com.zaxxer.hikari.HikariDataSource - HikariPool-13 - Starting...
2026-05-09 21:24:33.235 [main] INFO  com.zaxxer.hikari.pool.HikariPool - HikariPool-13 - Added connection com.mysql.cj.jdbc.ConnectionImpl@716ae973
2026-05-09 21:24:33.235 [main] INFO  com.zaxxer.hikari.HikariDataSource - HikariPool-13 - Start completed.
2026-05-09 21:24:33.236 [main] INFO  c.a.system.dao.DatabaseManager - Database connection pool initialized successfully
2026-05-09 21:24:33.237 [main] DEBUG c.a.system.dao.DatabaseManager - Database connection test successful
2026-05-09 21:24:33.239 [main] DEBUG c.a.system.dao.DatabaseManager - Database connection test successful
2026-05-09 21:24:33.244 [main] INFO  com.zaxxer.hikari.HikariDataSource - HikariPool-14 - Starting...
2026-05-09 21:24:33.251 [main] INFO  com.zaxxer.hikari.pool.HikariPool - HikariPool-14 - Added connection com.mysql.cj.jdbc.ConnectionImpl@4489f60f
2026-05-09 21:24:33.252 [main] INFO  com.zaxxer.hikari.HikariDataSource - HikariPool-14 - Start completed.
2026-05-09 21:24:33.252 [main] INFO  c.a.system.dao.DatabaseManager - Database connection pool initialized successfully
2026-05-09 21:24:33.253 [main] DEBUG c.a.system.dao.DatabaseManager - Database connection test successful
2026-05-09 21:24:33.254 [main] INFO  com.zaxxer.hikari.HikariDataSource - HikariPool-15 - Starting...
2026-05-09 21:24:33.264 [main] INFO  com.zaxxer.hikari.pool.HikariPool - HikariPool-15 - Added connection com.mysql.cj.jdbc.ConnectionImpl@6533629
2026-05-09 21:24:33.264 [main] INFO  com.zaxxer.hikari.HikariDataSource - HikariPool-15 - Start completed.
2026-05-09 21:24:33.265 [main] INFO  c.a.system.dao.DatabaseManager - Database connection pool initialized successfully
2026-05-09 21:24:33.266 [main] DEBUG c.a.system.dao.DatabaseManager - Database connection test successful
2026-05-09 21:24:33.268 [main] DEBUG c.a.system.dao.DatabaseManager - Database connection test successful
2026-05-09 21:24:33.270 [main] DEBUG c.a.system.dao.DatabaseManager - Database connection test successful
2026-05-09 21:24:33.273 [main] INFO  com.zaxxer.hikari.HikariDataSource - HikariPool-16 - Starting...
2026-05-09 21:24:33.283 [main] INFO  com.zaxxer.hikari.pool.HikariPool - HikariPool-16 - Added connection com.mysql.cj.jdbc.ConnectionImpl@51813065
2026-05-09 21:24:33.283 [main] INFO  com.zaxxer.hikari.HikariDataSource - HikariPool-16 - Start completed.
2026-05-09 21:24:33.283 [main] INFO  c.a.system.dao.DatabaseManager - Database connection pool initialized successfully
2026-05-09 21:24:33.286 [main] DEBUG c.a.system.dao.DatabaseManager - Database connection test successful
2026-05-09 21:24:33.287 [main] INFO  com.zaxxer.hikari.HikariDataSource - HikariPool-17 - Starting...
2026-05-09 21:24:33.298 [main] INFO  com.zaxxer.hikari.pool.HikariPool - HikariPool-17 - Added connection com.mysql.cj.jdbc.ConnectionImpl@4f20b022
2026-05-09 21:24:33.299 [main] INFO  com.zaxxer.hikari.HikariDataSource - HikariPool-17 - Start completed.
2026-05-09 21:24:33.299 [main] INFO  c.a.system.dao.DatabaseManager - Database connection pool initialized successfully
2026-05-09 21:24:33.299 [main] DEBUG c.a.system.dao.DatabaseManager - Database connection test successful
2026-05-09 21:24:33.303 [main] INFO  com.zaxxer.hikari.HikariDataSource - HikariPool-18 - Starting...
2026-05-09 21:24:33.311 [main] INFO  com.zaxxer.hikari.pool.HikariPool - HikariPool-18 - Added connection com.mysql.cj.jdbc.ConnectionImpl@4b360972
2026-05-09 21:24:33.313 [main] INFO  com.zaxxer.hikari.HikariDataSource - HikariPool-18 - Start completed.
2026-05-09 21:24:33.313 [main] INFO  c.a.system.dao.DatabaseManager - Database connection pool initialized successfully
2026-05-09 21:24:33.319 [main] DEBUG c.a.system.dao.DatabaseManager - Database connection test successful
2026-05-09 21:24:33.322 [main] INFO  com.zaxxer.hikari.HikariDataSource - HikariPool-19 - Starting...
2026-05-09 21:24:33.332 [main] INFO  com.zaxxer.hikari.pool.HikariPool - HikariPool-19 - Added connection com.mysql.cj.jdbc.ConnectionImpl@22ae32ba
2026-05-09 21:24:33.333 [main] INFO  com.zaxxer.hikari.HikariDataSource - HikariPool-19 - Start completed.
2026-05-09 21:24:33.333 [main] INFO  c.a.system.dao.DatabaseManager - Database connection pool initialized successfully
2026-05-09 21:24:33.336 [main] DEBUG c.a.system.dao.DatabaseManager - Database connection test successful
2026-05-09 21:24:33.343 [main] INFO  com.zaxxer.hikari.HikariDataSource - HikariPool-20 - Starting...
2026-05-09 21:24:33.351 [main] INFO  com.zaxxer.hikari.pool.HikariPool - HikariPool-20 - Added connection com.mysql.cj.jdbc.ConnectionImpl@5996d6f2
2026-05-09 21:24:33.351 [main] INFO  com.zaxxer.hikari.HikariDataSource - HikariPool-20 - Start completed.
2026-05-09 21:24:33.351 [main] INFO  c.a.system.dao.DatabaseManager - Database connection pool initialized successfully
2026-05-09 21:24:33.353 [main] DEBUG c.a.system.dao.DatabaseManager - Database connection test successful
2026-05-09 21:24:33.355 [main] INFO  com.zaxxer.hikari.HikariDataSource - HikariPool-21 - Starting...
2026-05-09 21:24:33.368 [main] INFO  com.zaxxer.hikari.pool.HikariPool - HikariPool-21 - Added connection com.mysql.cj.jdbc.ConnectionImpl@3c64339f
2026-05-09 21:24:33.369 [main] INFO  com.zaxxer.hikari.HikariDataSource - HikariPool-21 - Start completed.
2026-05-09 21:24:33.369 [main] INFO  c.a.system.dao.DatabaseManager - Database connection pool initialized successfully
2026-05-09 21:24:33.371 [main] DEBUG c.a.system.dao.DatabaseManager - Database connection test successful
2026-05-09 21:24:33.377 [main] INFO  com.zaxxer.hikari.HikariDataSource - HikariPool-22 - Starting...
2026-05-09 21:24:33.384 [main] INFO  com.zaxxer.hikari.pool.HikariPool - HikariPool-22 - Added connection com.mysql.cj.jdbc.ConnectionImpl@566f4659
2026-05-09 21:24:33.384 [main] INFO  com.zaxxer.hikari.HikariDataSource - HikariPool-22 - Start completed.
2026-05-09 21:24:33.384 [main] INFO  c.a.system.dao.DatabaseManager - Database connection pool initialized successfully
2026-05-09 21:24:33.386 [main] DEBUG c.a.system.dao.DatabaseManager - Database connection test successful
2026-05-09 21:24:33.387 [main] INFO  com.zaxxer.hikari.HikariDataSource - HikariPool-23 - Starting...
2026-05-09 21:24:33.395 [main] INFO  com.zaxxer.hikari.pool.HikariPool - HikariPool-23 - Added connection com.mysql.cj.jdbc.ConnectionImpl@77856cc5
2026-05-09 21:24:33.396 [main] INFO  com.zaxxer.hikari.HikariDataSource - HikariPool-23 - Start completed.
2026-05-09 21:24:33.396 [main] INFO  c.a.system.dao.DatabaseManager - Database connection pool initialized successfully
2026-05-09 21:24:33.398 [main] DEBUG c.a.system.dao.DatabaseManager - Database connection test successful
2026-05-09 21:24:33.403 [main] DEBUG c.a.system.dao.DatabaseManager - Database connection test successful
2026-05-09 21:24:33.406 [main] INFO  com.zaxxer.hikari.HikariDataSource - HikariPool-24 - Starting...
2026-05-09 21:24:33.417 [main] INFO  com.zaxxer.hikari.pool.HikariPool - HikariPool-24 - Added connection com.mysql.cj.jdbc.ConnectionImpl@70ee9d31
2026-05-09 21:24:33.417 [main] INFO  com.zaxxer.hikari.HikariDataSource - HikariPool-24 - Start completed.
2026-05-09 21:24:33.417 [main] INFO  c.a.system.dao.DatabaseManager - Database connection pool initialized successfully
2026-05-09 21:24:33.418 [main] DEBUG c.a.system.dao.DatabaseManager - Database connection test successful
2026-05-09 21:24:33.419 [main] INFO  com.zaxxer.hikari.HikariDataSource - HikariPool-25 - Starting...
2026-05-09 21:24:33.430 [main] INFO  com.zaxxer.hikari.pool.HikariPool - HikariPool-25 - Added connection com.mysql.cj.jdbc.ConnectionImpl@2bb3f39e
2026-05-09 21:24:33.431 [main] INFO  com.zaxxer.hikari.HikariDataSource - HikariPool-25 - Start completed.
2026-05-09 21:24:33.431 [main] INFO  c.a.system.dao.DatabaseManager - Database connection pool initialized successfully
2026-05-09 21:24:33.432 [main] DEBUG c.a.system.dao.DatabaseManager - Database connection test successful
2026-05-09 21:24:33.433 [main] DEBUG c.a.system.dao.DatabaseManager - Database connection test successful
2026-05-09 21:24:33.440 [main] INFO  com.zaxxer.hikari.HikariDataSource - HikariPool-26 - Starting...
2026-05-09 21:24:33.448 [main] INFO  com.zaxxer.hikari.pool.HikariPool - HikariPool-26 - Added connection com.mysql.cj.jdbc.ConnectionImpl@428eb3d5
2026-05-09 21:24:33.449 [main] INFO  com.zaxxer.hikari.HikariDataSource - HikariPool-26 - Start completed.
2026-05-09 21:24:33.449 [main] INFO  c.a.system.dao.DatabaseManager - Database connection pool initialized successfully
2026-05-09 21:24:33.450 [main] DEBUG c.a.system.dao.DatabaseManager - Database connection test successful
2026-05-09 21:24:33.452 [main] INFO  com.zaxxer.hikari.HikariDataSource - HikariPool-27 - Starting...
2026-05-09 21:24:33.459 [main] INFO  com.zaxxer.hikari.pool.HikariPool - HikariPool-27 - Added connection com.mysql.cj.jdbc.ConnectionImpl@9880a15
2026-05-09 21:24:33.460 [main] INFO  com.zaxxer.hikari.HikariDataSource - HikariPool-27 - Start completed.
2026-05-09 21:24:33.460 [main] INFO  c.a.system.dao.DatabaseManager - Database connection pool initialized successfully
2026-05-09 21:24:33.461 [main] DEBUG c.a.system.dao.DatabaseManager - Database connection test successful
2026-05-09 21:24:33.481 [main] INFO  com.zaxxer.hikari.HikariDataSource - HikariPool-28 - Starting...
2026-05-09 21:24:33.492 [main] INFO  com.zaxxer.hikari.pool.HikariPool - HikariPool-28 - Added connection com.mysql.cj.jdbc.ConnectionImpl@2a42019a
2026-05-09 21:24:33.493 [main] INFO  com.zaxxer.hikari.HikariDataSource - HikariPool-28 - Start completed.
2026-05-09 21:24:33.493 [main] INFO  c.a.system.dao.DatabaseManager - Database connection pool initialized successfully
2026-05-09 21:24:33.494 [main] DEBUG c.a.system.dao.DatabaseManager - Database connection test successful
2026-05-09 21:24:33.495 [main] INFO  com.zaxxer.hikari.HikariDataSource - HikariPool-29 - Starting...
2026-05-09 21:24:33.501 [main] INFO  com.zaxxer.hikari.pool.HikariPool - HikariPool-29 - Added connection com.mysql.cj.jdbc.ConnectionImpl@3ba97962
2026-05-09 21:24:33.501 [main] INFO  com.zaxxer.hikari.HikariDataSource - HikariPool-29 - Start completed.
2026-05-09 21:24:33.502 [main] INFO  c.a.system.dao.DatabaseManager - Database connection pool initialized successfully
2026-05-09 21:24:33.504 [main] DEBUG c.a.system.dao.DatabaseManager - Database connection test successful
2026-05-09 21:24:33.530 [main] INFO  c.a.system.util.SecurityUtil - Encryption key updated
2026-05-09 21:24:33.588 [main] INFO  c.attendance.system.util.KeyManager - Encryption key saved to file: /tmp/junit17390379482876618358/test_key
2026-05-09 21:24:33.599 [main] INFO  c.a.system.util.SecurityUtil - Encryption key updated
2026-05-09 21:24:33.603 [main] INFO  c.a.system.util.SecurityUtil - Encryption key updated
2026-05-09 21:24:33.616 [main] INFO  c.a.system.util.SecurityUtil - Encryption key updated
2026-05-09 21:24:33.618 [main] INFO  c.attendance.system.util.KeyManager - Encryption key saved to file: /tmp/junit18151441429153047964/secure_key
2026-05-09 21:24:33.622 [main] INFO  c.a.system.util.SecurityUtil - Encryption key updated
2026-05-09 21:24:33.623 [main] INFO  c.attendance.system.util.KeyManager - Encryption key loaded from environment variable
2026-05-09 21:24:33.628 [main] INFO  c.a.system.util.SecurityUtil - Encryption key updated
2026-05-09 21:24:33.632 [main] INFO  c.a.system.util.SecurityUtil - Encryption key updated
2026-05-09 21:24:33.632 [main] DEBUG c.attendance.system.util.KeyManager - Key file not found: /nonexistent/path/key
2026-05-09 21:24:33.637 [main] INFO  c.a.system.util.SecurityUtil - Encryption key updated
2026-05-09 21:24:33.638 [main] INFO  c.attendance.system.util.KeyManager - Encryption key saved to file: /tmp/junit3445313383447606213/persistent_key
2026-05-09 21:24:33.644 [main] INFO  c.a.system.util.SecurityUtil - Encryption key updated
2026-05-09 21:24:33.646 [main] INFO  c.attendance.system.util.KeyManager - Encryption key saved to file: /tmp/junit11883097521618190360/test_key
2026-05-09 21:24:33.650 [main] INFO  c.a.system.util.SecurityUtil - Encryption key updated
2026-05-09 21:24:33.651 [main] INFO  c.attendance.system.util.KeyManager - Encryption key loaded from environment variable
2026-05-09 21:24:33.651 [main] WARN  c.attendance.system.util.KeyManager - Encryption key is too short: 31 characters
2026-05-09 21:24:33.651 [main] ERROR c.attendance.system.util.KeyManager - Failed to initialize key manager: invalid key
2026-05-09 21:24:33.656 [main] INFO  c.a.system.util.SecurityUtil - Encryption key updated
2026-05-09 21:24:33.657 [main] WARN  c.attendance.system.util.KeyManager - Encryption key is too short: 5 characters
2026-05-09 21:24:33.662 [main] INFO  c.a.system.util.SecurityUtil - Encryption key updated
2026-05-09 21:24:33.664 [main] WARN  c.attendance.system.util.KeyManager - Key file is empty: /tmp/junit12052729816320616450/empty_key
2026-05-09 21:24:33.666 [main] INFO  c.a.system.util.SecurityUtil - Encryption key updated
2026-05-09 21:24:33.668 [main] INFO  c.attendance.system.util.KeyManager - Encryption key saved to file: .attendance_key
2026-05-09 21:24:33.668 [main] INFO  c.a.system.util.SecurityUtil - Encryption key updated
2026-05-09 21:24:33.668 [main] INFO  c.attendance.system.util.KeyManager - Encryption key rotated successfully
2026-05-09 21:24:33.683 [main] INFO  c.a.system.util.CacheManager - Cache cleared
2026-05-09 21:24:33.684 [main] DEBUG c.a.system.util.CacheManager - Cache entry added: test:key (TTL: 30 minutes)
2026-05-09 21:24:33.685 [main] INFO  c.a.system.util.CacheManager - Cache cleared
2026-05-09 21:24:33.686 [main] DEBUG c.a.system.util.CacheManager - Cache entry added: users:1 (TTL: 30 minutes)
2026-05-09 21:24:33.686 [main] DEBUG c.a.system.util.CacheManager - Cache entry added: users:2 (TTL: 30 minutes)
2026-05-09 21:24:33.686 [main] DEBUG c.a.system.util.CacheManager - Cache entry added: courses:1 (TTL: 30 minutes)
2026-05-09 21:24:33.687 [main] DEBUG c.a.system.util.CacheManager - Cache entries removed with prefix: users:
2026-05-09 21:24:33.689 [main] INFO  c.a.system.util.CacheManager - Cache cleared
2026-05-09 21:24:33.691 [main] INFO  c.a.system.util.CacheManager - Cache cleared
2026-05-09 21:24:33.692 [main] DEBUG c.a.system.util.CacheManager - Cache entry added: test:key (TTL: 1 minutes)
2026-05-09 21:24:34.799 [main] INFO  c.a.system.util.CacheManager - Cache cleared
2026-05-09 21:24:34.801 [main] DEBUG c.a.system.util.CacheManager - Cache entry added: key1 (TTL: 30 minutes)
2026-05-09 21:24:34.802 [main] DEBUG c.a.system.util.CacheManager - Cache entry added: key2 (TTL: 30 minutes)
2026-05-09 21:24:34.802 [main] INFO  c.a.system.util.CacheManager - Cache cleared
2026-05-09 21:24:34.807 [main] INFO  c.a.system.util.CacheManager - Cache cleared
2026-05-09 21:24:34.808 [main] DEBUG c.a.system.util.CacheManager - Cache entry added: key1 (TTL: 30 minutes)
2026-05-09 21:24:34.817 [main] INFO  c.a.system.util.CacheManager - Cache cleared
2026-05-09 21:24:34.820 [main] DEBUG c.a.system.util.CacheManager - Cache entry added: key:0 (TTL: 30 minutes)
2026-05-09 21:24:34.820 [main] DEBUG c.a.system.util.CacheManager - Cache entry added: key:1 (TTL: 30 minutes)
2026-05-09 21:24:34.821 [main] DEBUG c.a.system.util.CacheManager - Cache entry added: key:2 (TTL: 30 minutes)
2026-05-09 21:24:34.821 [main] DEBUG c.a.system.util.CacheManager - Cache entry added: key:3 (TTL: 30 minutes)
2026-05-09 21:24:34.821 [main] DEBUG c.a.system.util.CacheManager - Cache entry added: key:4 (TTL: 30 minutes)
2026-05-09 21:24:34.821 [main] DEBUG c.a.system.util.CacheManager - Cache entry added: key:5 (TTL: 30 minutes)
2026-05-09 21:24:34.822 [main] DEBUG c.a.system.util.CacheManager - Cache entry added: key:6 (TTL: 30 minutes)
2026-05-09 21:24:34.822 [main] DEBUG c.a.system.util.CacheManager - Cache entry added: key:7 (TTL: 30 minutes)
2026-05-09 21:24:34.822 [main] DEBUG c.a.system.util.CacheManager - Cache entry added: key:8 (TTL: 30 minutes)
2026-05-09 21:24:34.823 [main] DEBUG c.a.system.util.CacheManager - Cache entry added: key:9 (TTL: 30 minutes)
2026-05-09 21:24:34.823 [main] DEBUG c.a.system.util.CacheManager - Cache entry added: key:10 (TTL: 30 minutes)
2026-05-09 21:24:34.823 [main] DEBUG c.a.system.util.CacheManager - Cache entry added: key:11 (TTL: 30 minutes)
2026-05-09 21:24:34.823 [main] DEBUG c.a.system.util.CacheManager - Cache entry added: key:12 (TTL: 30 minutes)
2026-05-09 21:24:34.824 [main] DEBUG c.a.system.util.CacheManager - Cache entry added: key:13 (TTL: 30 minutes)
2026-05-09 21:24:34.824 [main] DEBUG c.a.system.util.CacheManager - Cache entry added: key:14 (TTL: 30 minutes)
2026-05-09 21:24:34.825 [main] DEBUG c.a.system.util.CacheManager - Cache entry added: key:15 (TTL: 30 minutes)
2026-05-09 21:24:34.825 [main] DEBUG c.a.system.util.CacheManager - Cache entry added: key:16 (TTL: 30 minutes)
2026-05-09 21:24:34.825 [main] DEBUG c.a.system.util.CacheManager - Cache entry added: key:17 (TTL: 30 minutes)
2026-05-09 21:24:34.825 [main] DEBUG c.a.system.util.CacheManager - Cache entry added: key:18 (TTL: 30 minutes)
2026-05-09 21:24:34.826 [main] DEBUG c.a.system.util.CacheManager - Cache entry added: key:19 (TTL: 30 minutes)
2026-05-09 21:24:34.826 [main] DEBUG c.a.system.util.CacheManager - Cache entry added: key:20 (TTL: 30 minutes)
2026-05-09 21:24:34.827 [main] DEBUG c.a.system.util.CacheManager - Cache entry added: key:21 (TTL: 30 minutes)
2026-05-09 21:24:34.827 [main] DEBUG c.a.system.util.CacheManager - Cache entry added: key:22 (TTL: 30 minutes)
2026-05-09 21:24:34.827 [main] DEBUG c.a.system.util.CacheManager - Cache entry added: key:23 (TTL: 30 minutes)
2026-05-09 21:24:34.828 [main] DEBUG c.a.system.util.CacheManager - Cache entry added: key:24 (TTL: 30 minutes)
2026-05-09 21:24:34.828 [main] DEBUG c.a.system.util.CacheManager - Cache entry added: key:25 (TTL: 30 minutes)
2026-05-09 21:24:34.828 [main] DEBUG c.a.system.util.CacheManager - Cache entry added: key:26 (TTL: 30 minutes)
2026-05-09 21:24:34.828 [main] DEBUG c.a.system.util.CacheManager - Cache entry added: key:27 (TTL: 30 minutes)
2026-05-09 21:24:34.829 [main] DEBUG c.a.system.util.CacheManager - Cache entry added: key:28 (TTL: 30 minutes)
2026-05-09 21:24:34.829 [main] DEBUG c.a.system.util.CacheManager - Cache entry added: key:29 (TTL: 30 minutes)
2026-05-09 21:24:34.829 [main] DEBUG c.a.system.util.CacheManager - Cache entry added: key:30 (TTL: 30 minutes)
2026-05-09 21:24:34.829 [main] DEBUG c.a.system.util.CacheManager - Cache entry added: key:31 (TTL: 30 minutes)
2026-05-09 21:24:34.830 [main] DEBUG c.a.system.util.CacheManager - Cache entry added: key:32 (TTL: 30 minutes)
2026-05-09 21:24:34.830 [main] DEBUG c.a.system.util.CacheManager - Cache entry added: key:33 (TTL: 30 minutes)
2026-05-09 21:24:34.830 [main] DEBUG c.a.system.util.CacheManager - Cache entry added: key:34 (TTL: 30 minutes)
2026-05-09 21:24:34.830 [main] DEBUG c.a.system.util.CacheManager - Cache entry added: key:35 (TTL: 30 minutes)
2026-05-09 21:24:34.831 [main] DEBUG c.a.system.util.CacheManager - Cache entry added: key:36 (TTL: 30 minutes)
2026-05-09 21:24:34.831 [main] DEBUG c.a.system.util.CacheManager - Cache entry added: key:37 (TTL: 30 minutes)
2026-05-09 21:24:34.831 [main] DEBUG c.a.system.util.CacheManager - Cache entry added: key:38 (TTL: 30 minutes)
2026-05-09 21:24:34.831 [main] DEBUG c.a.system.util.CacheManager - Cache entry added: key:39 (TTL: 30 minutes)
2026-05-09 21:24:34.832 [main] DEBUG c.a.system.util.CacheManager - Cache entry added: key:40 (TTL: 30 minutes)
2026-05-09 21:24:34.832 [main] DEBUG c.a.system.util.CacheManager - Cache entry added: key:41 (TTL: 30 minutes)
2026-05-09 21:24:34.832 [main] DEBUG c.a.system.util.CacheManager - Cache entry added: key:42 (TTL: 30 minutes)
2026-05-09 21:24:34.832 [main] DEBUG c.a.system.util.CacheManager - Cache entry added: key:43 (TTL: 30 minutes)
2026-05-09 21:24:34.833 [main] DEBUG c.a.system.util.CacheManager - Cache entry added: key:44 (TTL: 30 minutes)
2026-05-09 21:24:34.833 [main] DEBUG c.a.system.util.CacheManager - Cache entry added: key:45 (TTL: 30 minutes)
2026-05-09 21:24:34.833 [main] DEBUG c.a.system.util.CacheManager - Cache entry added: key:46 (TTL: 30 minutes)
2026-05-09 21:24:34.834 [main] DEBUG c.a.system.util.CacheManager - Cache entry added: key:47 (TTL: 30 minutes)
2026-05-09 21:24:34.834 [main] DEBUG c.a.system.util.CacheManager - Cache entry added: key:48 (TTL: 30 minutes)
2026-05-09 21:24:34.834 [main] DEBUG c.a.system.util.CacheManager - Cache entry added: key:49 (TTL: 30 minutes)
2026-05-09 21:24:34.834 [main] DEBUG c.a.system.util.CacheManager - Cache entry added: key:50 (TTL: 30 minutes)
2026-05-09 21:24:34.834 [main] DEBUG c.a.system.util.CacheManager - Cache entry added: key:51 (TTL: 30 minutes)
2026-05-09 21:24:34.835 [main] DEBUG c.a.system.util.CacheManager - Cache entry added: key:52 (TTL: 30 minutes)
2026-05-09 21:24:34.837 [main] DEBUG c.a.system.util.CacheManager - Cache entry added: key:53 (TTL: 30 minutes)
2026-05-09 21:24:34.837 [main] DEBUG c.a.system.util.CacheManager - Cache entry added: key:54 (TTL: 30 minutes)
2026-05-09 21:24:34.837 [main] DEBUG c.a.system.util.CacheManager - Cache entry added: key:55 (TTL: 30 minutes)
2026-05-09 21:24:34.837 [main] DEBUG c.a.system.util.CacheManager - Cache entry added: key:56 (TTL: 30 minutes)
2026-05-09 21:24:34.837 [main] DEBUG c.a.system.util.CacheManager - Cache entry added: key:57 (TTL: 30 minutes)
2026-05-09 21:24:34.838 [main] DEBUG c.a.system.util.CacheManager - Cache entry added: key:58 (TTL: 30 minutes)
2026-05-09 21:24:34.838 [main] DEBUG c.a.system.util.CacheManager - Cache entry added: key:59 (TTL: 30 minutes)
2026-05-09 21:24:34.838 [main] DEBUG c.a.system.util.CacheManager - Cache entry added: key:60 (TTL: 30 minutes)
2026-05-09 21:24:34.838 [main] DEBUG c.a.system.util.CacheManager - Cache entry added: key:61 (TTL: 30 minutes)
2026-05-09 21:24:34.838 [main] DEBUG c.a.system.util.CacheManager - Cache entry added: key:62 (TTL: 30 minutes)
2026-05-09 21:24:34.838 [main] DEBUG c.a.system.util.CacheManager - Cache entry added: key:63 (TTL: 30 minutes)
2026-05-09 21:24:34.838 [main] DEBUG c.a.system.util.CacheManager - Cache entry added: key:64 (TTL: 30 minutes)
2026-05-09 21:24:34.839 [main] DEBUG c.a.system.util.CacheManager - Cache entry added: key:65 (TTL: 30 minutes)
2026-05-09 21:24:34.839 [main] DEBUG c.a.system.util.CacheManager - Cache entry added: key:66 (TTL: 30 minutes)
2026-05-09 21:24:34.839 [main] DEBUG c.a.system.util.CacheManager - Cache entry added: key:67 (TTL: 30 minutes)
2026-05-09 21:24:34.839 [main] DEBUG c.a.system.util.CacheManager - Cache entry added: key:68 (TTL: 30 minutes)
2026-05-09 21:24:34.839 [main] DEBUG c.a.system.util.CacheManager - Cache entry added: key:69 (TTL: 30 minutes)
2026-05-09 21:24:34.840 [main] DEBUG c.a.system.util.CacheManager - Cache entry added: key:70 (TTL: 30 minutes)
2026-05-09 21:24:34.840 [main] DEBUG c.a.system.util.CacheManager - Cache entry added: key:71 (TTL: 30 minutes)
2026-05-09 21:24:34.840 [main] DEBUG c.a.system.util.CacheManager - Cache entry added: key:72 (TTL: 30 minutes)
2026-05-09 21:24:34.840 [main] DEBUG c.a.system.util.CacheManager - Cache entry added: key:73 (TTL: 30 minutes)
2026-05-09 21:24:34.840 [main] DEBUG c.a.system.util.CacheManager - Cache entry added: key:74 (TTL: 30 minutes)
2026-05-09 21:24:34.840 [main] DEBUG c.a.system.util.CacheManager - Cache entry added: key:75 (TTL: 30 minutes)
2026-05-09 21:24:34.840 [main] DEBUG c.a.system.util.CacheManager - Cache entry added: key:76 (TTL: 30 minutes)
2026-05-09 21:24:34.841 [main] DEBUG c.a.system.util.CacheManager - Cache entry added: key:77 (TTL: 30 minutes)
2026-05-09 21:24:34.841 [main] DEBUG c.a.system.util.CacheManager - Cache entry added: key:78 (TTL: 30 minutes)
2026-05-09 21:24:34.841 [main] DEBUG c.a.system.util.CacheManager - Cache entry added: key:79 (TTL: 30 minutes)
2026-05-09 21:24:34.841 [main] DEBUG c.a.system.util.CacheManager - Cache entry added: key:80 (TTL: 30 minutes)
2026-05-09 21:24:34.841 [main] DEBUG c.a.system.util.CacheManager - Cache entry added: key:81 (TTL: 30 minutes)
2026-05-09 21:24:34.841 [main] DEBUG c.a.system.util.CacheManager - Cache entry added: key:82 (TTL: 30 minutes)
2026-05-09 21:24:34.842 [main] DEBUG c.a.system.util.CacheManager - Cache entry added: key:83 (TTL: 30 minutes)
2026-05-09 21:24:34.842 [main] DEBUG c.a.system.util.CacheManager - Cache entry added: key:84 (TTL: 30 minutes)
2026-05-09 21:24:34.842 [main] DEBUG c.a.system.util.CacheManager - Cache entry added: key:85 (TTL: 30 minutes)
2026-05-09 21:24:34.842 [main] DEBUG c.a.system.util.CacheManager - Cache entry added: key:86 (TTL: 30 minutes)
2026-05-09 21:24:34.842 [main] DEBUG c.a.system.util.CacheManager - Cache entry added: key:87 (TTL: 30 minutes)
2026-05-09 21:24:34.842 [main] DEBUG c.a.system.util.CacheManager - Cache entry added: key:88 (TTL: 30 minutes)
2026-05-09 21:24:34.842 [main] DEBUG c.a.system.util.CacheManager - Cache entry added: key:89 (TTL: 30 minutes)
2026-05-09 21:24:34.843 [main] DEBUG c.a.system.util.CacheManager - Cache entry added: key:90 (TTL: 30 minutes)
2026-05-09 21:24:34.843 [main] DEBUG c.a.system.util.CacheManager - Cache entry added: key:91 (TTL: 30 minutes)
2026-05-09 21:24:34.843 [main] DEBUG c.a.system.util.CacheManager - Cache entry added: key:92 (TTL: 30 minutes)
2026-05-09 21:24:34.843 [main] DEBUG c.a.system.util.CacheManager - Cache entry added: key:93 (TTL: 30 minutes)
2026-05-09 21:24:34.843 [main] DEBUG c.a.system.util.CacheManager - Cache entry added: key:94 (TTL: 30 minutes)
2026-05-09 21:24:34.843 [main] DEBUG c.a.system.util.CacheManager - Cache entry added: key:95 (TTL: 30 minutes)
2026-05-09 21:24:34.843 [main] DEBUG c.a.system.util.CacheManager - Cache entry added: key:96 (TTL: 30 minutes)
2026-05-09 21:24:34.844 [main] DEBUG c.a.system.util.CacheManager - Cache entry added: key:97 (TTL: 30 minutes)
2026-05-09 21:24:34.844 [main] DEBUG c.a.system.util.CacheManager - Cache entry added: key:98 (TTL: 30 minutes)
2026-05-09 21:24:34.844 [main] DEBUG c.a.system.util.CacheManager - Cache entry added: key:99 (TTL: 30 minutes)
2026-05-09 21:24:34.844 [main] DEBUG c.a.system.util.CacheManager - Cache entry added: key:100 (TTL: 30 minutes)
2026-05-09 21:24:34.844 [main] DEBUG c.a.system.util.CacheManager - Cache entry added: key:101 (TTL: 30 minutes)
2026-05-09 21:24:34.844 [main] DEBUG c.a.system.util.CacheManager - Cache entry added: key:102 (TTL: 30 minutes)
2026-05-09 21:24:34.844 [main] DEBUG c.a.system.util.CacheManager - Cache entry added: key:103 (TTL: 30 minutes)
2026-05-09 21:24:34.845 [main] DEBUG c.a.system.util.CacheManager - Cache entry added: key:104 (TTL: 30 minutes)
2026-05-09 21:24:34.845 [main] DEBUG c.a.system.util.CacheManager - Cache entry added: key:105 (TTL: 30 minutes)
2026-05-09 21:24:34.845 [main] DEBUG c.a.system.util.CacheManager - Cache entry added: key:106 (TTL: 30 minutes)
2026-05-09 21:24:34.845 [main] DEBUG c.a.system.util.CacheManager - Cache entry added: key:107 (TTL: 30 minutes)
2026-05-09 21:24:34.845 [main] DEBUG c.a.system.util.CacheManager - Cache entry added: key:108 (TTL: 30 minutes)
2026-05-09 21:24:34.845 [main] DEBUG c.a.system.util.CacheManager - Cache entry added: key:109 (TTL: 30 minutes)
2026-05-09 21:24:34.845 [main] DEBUG c.a.system.util.CacheManager - Cache entry added: key:110 (TTL: 30 minutes)
2026-05-09 21:24:34.845 [main] DEBUG c.a.system.util.CacheManager - Cache entry added: key:111 (TTL: 30 minutes)
2026-05-09 21:24:34.845 [main] DEBUG c.a.system.util.CacheManager - Cache entry added: key:112 (TTL: 30 minutes)
2026-05-09 21:24:34.846 [main] DEBUG c.a.system.util.CacheManager - Cache entry added: key:113 (TTL: 30 minutes)
2026-05-09 21:24:34.846 [main] DEBUG c.a.system.util.CacheManager - Cache entry added: key:114 (TTL: 30 minutes)
2026-05-09 21:24:34.846 [main] DEBUG c.a.system.util.CacheManager - Cache entry added: key:115 (TTL: 30 minutes)
2026-05-09 21:24:34.846 [main] DEBUG c.a.system.util.CacheManager - Cache entry added: key:116 (TTL: 30 minutes)
2026-05-09 21:24:34.846 [main] DEBUG c.a.system.util.CacheManager - Cache entry added: key:117 (TTL: 30 minutes)
2026-05-09 21:24:34.846 [main] DEBUG c.a.system.util.CacheManager - Cache entry added: key:118 (TTL: 30 minutes)
2026-05-09 21:24:34.846 [main] DEBUG c.a.system.util.CacheManager - Cache entry added: key:119 (TTL: 30 minutes)
2026-05-09 21:24:34.846 [main] DEBUG c.a.system.util.CacheManager - Cache entry added: key:120 (TTL: 30 minutes)
2026-05-09 21:24:34.846 [main] DEBUG c.a.system.util.CacheManager - Cache entry added: key:121 (TTL: 30 minutes)
2026-05-09 21:24:34.846 [main] DEBUG c.a.system.util.CacheManager - Cache entry added: key:122 (TTL: 30 minutes)
2026-05-09 21:24:34.847 [main] DEBUG c.a.system.util.CacheManager - Cache entry added: key:123 (TTL: 30 minutes)
2026-05-09 21:24:34.847 [main] DEBUG c.a.system.util.CacheManager - Cache entry added: key:124 (TTL: 30 minutes)
2026-05-09 21:24:34.847 [main] DEBUG c.a.system.util.CacheManager - Cache entry added: key:125 (TTL: 30 minutes)
2026-05-09 21:24:34.847 [main] DEBUG c.a.system.util.CacheManager - Cache entry added: key:126 (TTL: 30 minutes)
2026-05-09 21:24:34.847 [main] DEBUG c.a.system.util.CacheManager - Cache entry added: key:127 (TTL: 30 minutes)
2026-05-09 21:24:34.847 [main] DEBUG c.a.system.util.CacheManager - Cache entry added: key:128 (TTL: 30 minutes)
2026-05-09 21:24:34.847 [main] DEBUG c.a.system.util.CacheManager - Cache entry added: key:129 (TTL: 30 minutes)
2026-05-09 21:24:34.847 [main] DEBUG c.a.system.util.CacheManager - Cache entry added: key:130 (TTL: 30 minutes)
2026-05-09 21:24:34.847 [main] DEBUG c.a.system.util.CacheManager - Cache entry added: key:131 (TTL: 30 minutes)
2026-05-09 21:24:34.847 [main] DEBUG c.a.system.util.CacheManager - Cache entry added: key:132 (TTL: 30 minutes)
2026-05-09 21:24:34.847 [main] DEBUG c.a.system.util.CacheManager - Cache entry added: key:133 (TTL: 30 minutes)
2026-05-09 21:24:34.847 [main] DEBUG c.a.system.util.CacheManager - Cache entry added: key:134 (TTL: 30 minutes)
2026-05-09 21:24:34.848 [main] DEBUG c.a.system.util.CacheManager - Cache entry added: key:135 (TTL: 30 minutes)
2026-05-09 21:24:34.848 [main] DEBUG c.a.system.util.CacheManager - Cache entry added: key:136 (TTL: 30 minutes)
2026-05-09 21:24:34.848 [main] DEBUG c.a.system.util.CacheManager - Cache entry added: key:137 (TTL: 30 minutes)
2026-05-09 21:24:34.848 [main] DEBUG c.a.system.util.CacheManager - Cache entry added: key:138 (TTL: 30 minutes)
2026-05-09 21:24:34.848 [main] DEBUG c.a.system.util.CacheManager - Cache entry added: key:139 (TTL: 30 minutes)
2026-05-09 21:24:34.848 [main] DEBUG c.a.system.util.CacheManager - Cache entry added: key:140 (TTL: 30 minutes)
2026-05-09 21:24:34.848 [main] DEBUG c.a.system.util.CacheManager - Cache entry added: key:141 (TTL: 30 minutes)
2026-05-09 21:24:34.848 [main] DEBUG c.a.system.util.CacheManager - Cache entry added: key:142 (TTL: 30 minutes)
2026-05-09 21:24:34.848 [main] DEBUG c.a.system.util.CacheManager - Cache entry added: key:143 (TTL: 30 minutes)
2026-05-09 21:24:34.848 [main] DEBUG c.a.system.util.CacheManager - Cache entry added: key:144 (TTL: 30 minutes)
2026-05-09 21:24:34.849 [main] DEBUG c.a.system.util.CacheManager - Cache entry added: key:145 (TTL: 30 minutes)
2026-05-09 21:24:34.849 [main] DEBUG c.a.system.util.CacheManager - Cache entry added: key:146 (TTL: 30 minutes)
2026-05-09 21:24:34.849 [main] DEBUG c.a.system.util.CacheManager - Cache entry added: key:147 (TTL: 30 minutes)
2026-05-09 21:24:34.849 [main] DEBUG c.a.system.util.CacheManager - Cache entry added: key:148 (TTL: 30 minutes)
2026-05-09 21:24:34.849 [main] DEBUG c.a.system.util.CacheManager - Cache entry added: key:149 (TTL: 30 minutes)
2026-05-09 21:24:34.849 [main] DEBUG c.a.system.util.CacheManager - Cache entry added: key:150 (TTL: 30 minutes)
2026-05-09 21:24:34.849 [main] DEBUG c.a.system.util.CacheManager - Cache entry added: key:151 (TTL: 30 minutes)
2026-05-09 21:24:34.849 [main] DEBUG c.a.system.util.CacheManager - Cache entry added: key:152 (TTL: 30 minutes)
2026-05-09 21:24:34.850 [main] DEBUG c.a.system.util.CacheManager - Cache entry added: key:153 (TTL: 30 minutes)
2026-05-09 21:24:34.851 [main] DEBUG c.a.system.util.CacheManager - Cache entry added: key:154 (TTL: 30 minutes)
2026-05-09 21:24:34.851 [main] DEBUG c.a.system.util.CacheManager - Cache entry added: key:155 (TTL: 30 minutes)
2026-05-09 21:24:34.851 [main] DEBUG c.a.system.util.CacheManager - Cache entry added: key:156 (TTL: 30 minutes)
2026-05-09 21:24:34.851 [main] DEBUG c.a.system.util.CacheManager - Cache entry added: key:157 (TTL: 30 minutes)
2026-05-09 21:24:34.851 [main] DEBUG c.a.system.util.CacheManager - Cache entry added: key:158 (TTL: 30 minutes)
2026-05-09 21:24:34.851 [main] DEBUG c.a.system.util.CacheManager - Cache entry added: key:159 (TTL: 30 minutes)
2026-05-09 21:24:34.851 [main] DEBUG c.a.system.util.CacheManager - Cache entry added: key:160 (TTL: 30 minutes)
2026-05-09 21:24:34.851 [main] DEBUG c.a.system.util.CacheManager - Cache entry added: key:161 (TTL: 30 minutes)
2026-05-09 21:24:34.851 [main] DEBUG c.a.system.util.CacheManager - Cache entry added: key:162 (TTL: 30 minutes)
2026-05-09 21:24:34.851 [main] DEBUG c.a.system.util.CacheManager - Cache entry added: key:163 (TTL: 30 minutes)
2026-05-09 21:24:34.852 [main] DEBUG c.a.system.util.CacheManager - Cache entry added: key:164 (TTL: 30 minutes)
2026-05-09 21:24:34.852 [main] DEBUG c.a.system.util.CacheManager - Cache entry added: key:165 (TTL: 30 minutes)
2026-05-09 21:24:34.852 [main] DEBUG c.a.system.util.CacheManager - Cache entry added: key:166 (TTL: 30 minutes)
2026-05-09 21:24:34.852 [main] DEBUG c.a.system.util.CacheManager - Cache entry added: key:167 (TTL: 30 minutes)
2026-05-09 21:24:34.852 [main] DEBUG c.a.system.util.CacheManager - Cache entry added: key:168 (TTL: 30 minutes)
2026-05-09 21:24:34.852 [main] DEBUG c.a.system.util.CacheManager - Cache entry added: key:169 (TTL: 30 minutes)
2026-05-09 21:24:34.852 [main] DEBUG c.a.system.util.CacheManager - Cache entry added: key:170 (TTL: 30 minutes)
2026-05-09 21:24:34.852 [main] DEBUG c.a.system.util.CacheManager - Cache entry added: key:171 (TTL: 30 minutes)
2026-05-09 21:24:34.853 [main] DEBUG c.a.system.util.CacheManager - Cache entry added: key:172 (TTL: 30 minutes)
2026-05-09 21:24:34.853 [main] DEBUG c.a.system.util.CacheManager - Cache entry added: key:173 (TTL: 30 minutes)
2026-05-09 21:24:34.853 [main] DEBUG c.a.system.util.CacheManager - Cache entry added: key:174 (TTL: 30 minutes)
2026-05-09 21:24:34.853 [main] DEBUG c.a.system.util.CacheManager - Cache entry added: key:175 (TTL: 30 minutes)
2026-05-09 21:24:34.853 [main] DEBUG c.a.system.util.CacheManager - Cache entry added: key:176 (TTL: 30 minutes)
2026-05-09 21:24:34.853 [main] DEBUG c.a.system.util.CacheManager - Cache entry added: key:177 (TTL: 30 minutes)
2026-05-09 21:24:34.853 [main] DEBUG c.a.system.util.CacheManager - Cache entry added: key:178 (TTL: 30 minutes)
2026-05-09 21:24:34.853 [main] DEBUG c.a.system.util.CacheManager - Cache entry added: key:179 (TTL: 30 minutes)
2026-05-09 21:24:34.853 [main] DEBUG c.a.system.util.CacheManager - Cache entry added: key:180 (TTL: 30 minutes)
2026-05-09 21:24:34.853 [main] DEBUG c.a.system.util.CacheManager - Cache entry added: key:181 (TTL: 30 minutes)
2026-05-09 21:24:34.854 [main] DEBUG c.a.system.util.CacheManager - Cache entry added: key:182 (TTL: 30 minutes)
2026-05-09 21:24:34.854 [main] DEBUG c.a.system.util.CacheManager - Cache entry added: key:183 (TTL: 30 minutes)
2026-05-09 21:24:34.854 [main] DEBUG c.a.system.util.CacheManager - Cache entry added: key:184 (TTL: 30 minutes)
2026-05-09 21:24:34.854 [main] DEBUG c.a.system.util.CacheManager - Cache entry added: key:185 (TTL: 30 minutes)
2026-05-09 21:24:34.854 [main] DEBUG c.a.system.util.CacheManager - Cache entry added: key:186 (TTL: 30 minutes)
2026-05-09 21:24:34.855 [main] DEBUG c.a.system.util.CacheManager - Cache entry added: key:187 (TTL: 30 minutes)
2026-05-09 21:24:34.855 [main] DEBUG c.a.system.util.CacheManager - Cache entry added: key:188 (TTL: 30 minutes)
2026-05-09 21:24:34.855 [main] DEBUG c.a.system.util.CacheManager - Cache entry added: key:189 (TTL: 30 minutes)
2026-05-09 21:24:34.855 [main] DEBUG c.a.system.util.CacheManager - Cache entry added: key:190 (TTL: 30 minutes)
2026-05-09 21:24:34.855 [main] DEBUG c.a.system.util.CacheManager - Cache entry added: key:191 (TTL: 30 minutes)
2026-05-09 21:24:34.855 [main] DEBUG c.a.system.util.CacheManager - Cache entry added: key:192 (TTL: 30 minutes)
2026-05-09 21:24:34.855 [main] DEBUG c.a.system.util.CacheManager - Cache entry added: key:193 (TTL: 30 minutes)
2026-05-09 21:24:34.855 [main] DEBUG c.a.system.util.CacheManager - Cache entry added: key:194 (TTL: 30 minutes)
2026-05-09 21:24:34.855 [main] DEBUG c.a.system.util.CacheManager - Cache entry added: key:195 (TTL: 30 minutes)
2026-05-09 21:24:34.855 [main] DEBUG c.a.system.util.CacheManager - Cache entry added: key:196 (TTL: 30 minutes)
2026-05-09 21:24:34.855 [main] DEBUG c.a.system.util.CacheManager - Cache entry added: key:197 (TTL: 30 minutes)
2026-05-09 21:24:34.856 [main] DEBUG c.a.system.util.CacheManager - Cache entry added: key:198 (TTL: 30 minutes)
2026-05-09 21:24:34.856 [main] DEBUG c.a.system.util.CacheManager - Cache entry added: key:199 (TTL: 30 minutes)
2026-05-09 21:24:34.856 [main] DEBUG c.a.system.util.CacheManager - Cache entry added: key:200 (TTL: 30 minutes)
2026-05-09 21:24:34.856 [main] DEBUG c.a.system.util.CacheManager - Cache entry added: key:201 (TTL: 30 minutes)
2026-05-09 21:24:34.856 [main] DEBUG c.a.system.util.CacheManager - Cache entry added: key:202 (TTL: 30 minutes)
2026-05-09 21:24:34.856 [main] DEBUG c.a.system.util.CacheManager - Cache entry added: key:203 (TTL: 30 minutes)
2026-05-09 21:24:34.856 [main] DEBUG c.a.system.util.CacheManager - Cache entry added: key:204 (TTL: 30 minutes)
2026-05-09 21:24:34.856 [main] DEBUG c.a.system.util.CacheManager - Cache entry added: key:205 (TTL: 30 minutes)
2026-05-09 21:24:34.856 [main] DEBUG c.a.system.util.CacheManager - Cache entry added: key:206 (TTL: 30 minutes)
2026-05-09 21:24:34.856 [main] DEBUG c.a.system.util.CacheManager - Cache entry added: key:207 (TTL: 30 minutes)
2026-05-09 21:24:34.856 [main] DEBUG c.a.system.util.CacheManager - Cache entry added: key:208 (TTL: 30 minutes)
2026-05-09 21:24:34.857 [main] DEBUG c.a.system.util.CacheManager - Cache entry added: key:209 (TTL: 30 minutes)
2026-05-09 21:24:34.857 [main] DEBUG c.a.system.util.CacheManager - Cache entry added: key:210 (TTL: 30 minutes)
2026-05-09 21:24:34.858 [main] DEBUG c.a.system.util.CacheManager - Cache entry added: key:211 (TTL: 30 minutes)
2026-05-09 21:24:34.858 [main] DEBUG c.a.system.util.CacheManager - Cache entry added: key:212 (TTL: 30 minutes)
2026-05-09 21:24:34.858 [main] DEBUG c.a.system.util.CacheManager - Cache entry added: key:213 (TTL: 30 minutes)
2026-05-09 21:24:34.858 [main] DEBUG c.a.system.util.CacheManager - Cache entry added: key:214 (TTL: 30 minutes)
2026-05-09 21:24:34.858 [main] DEBUG c.a.system.util.CacheManager - Cache entry added: key:215 (TTL: 30 minutes)
2026-05-09 21:24:34.858 [main] DEBUG c.a.system.util.CacheManager - Cache entry added: key:216 (TTL: 30 minutes)
2026-05-09 21:24:34.858 [main] DEBUG c.a.system.util.CacheManager - Cache entry added: key:217 (TTL: 30 minutes)
2026-05-09 21:24:34.858 [main] DEBUG c.a.system.util.CacheManager - Cache entry added: key:218 (TTL: 30 minutes)
2026-05-09 21:24:34.858 [main] DEBUG c.a.system.util.CacheManager - Cache entry added: key:219 (TTL: 30 minutes)
2026-05-09 21:24:34.858 [main] DEBUG c.a.system.util.CacheManager - Cache entry added: key:220 (TTL: 30 minutes)
2026-05-09 21:24:34.859 [main] DEBUG c.a.system.util.CacheManager - Cache entry added: key:221 (TTL: 30 minutes)
2026-05-09 21:24:34.859 [main] DEBUG c.a.system.util.CacheManager - Cache entry added: key:222 (TTL: 30 minutes)
2026-05-09 21:24:34.859 [main] DEBUG c.a.system.util.CacheManager - Cache entry added: key:223 (TTL: 30 minutes)
2026-05-09 21:24:34.859 [main] DEBUG c.a.system.util.CacheManager - Cache entry added: key:224 (TTL: 30 minutes)
2026-05-09 21:24:34.859 [main] DEBUG c.a.system.util.CacheManager - Cache entry added: key:225 (TTL: 30 minutes)
2026-05-09 21:24:34.859 [main] DEBUG c.a.system.util.CacheManager - Cache entry added: key:226 (TTL: 30 minutes)
2026-05-09 21:24:34.859 [main] DEBUG c.a.system.util.CacheManager - Cache entry added: key:227 (TTL: 30 minutes)
2026-05-09 21:24:34.859 [main] DEBUG c.a.system.util.CacheManager - Cache entry added: key:228 (TTL: 30 minutes)
2026-05-09 21:24:34.859 [main] DEBUG c.a.system.util.CacheManager - Cache entry added: key:229 (TTL: 30 minutes)
2026-05-09 21:24:34.859 [main] DEBUG c.a.system.util.CacheManager - Cache entry added: key:230 (TTL: 30 minutes)
2026-05-09 21:24:34.859 [main] DEBUG c.a.system.util.CacheManager - Cache entry added: key:231 (TTL: 30 minutes)
2026-05-09 21:24:34.859 [main] DEBUG c.a.system.util.CacheManager - Cache entry added: key:232 (TTL: 30 minutes)
2026-05-09 21:24:34.860 [main] DEBUG c.a.system.util.CacheManager - Cache entry added: key:233 (TTL: 30 minutes)
2026-05-09 21:24:34.860 [main] DEBUG c.a.system.util.CacheManager - Cache entry added: key:234 (TTL: 30 minutes)
2026-05-09 21:24:34.860 [main] DEBUG c.a.system.util.CacheManager - Cache entry added: key:235 (TTL: 30 minutes)
2026-05-09 21:24:34.860 [main] DEBUG c.a.system.util.CacheManager - Cache entry added: key:236 (TTL: 30 minutes)
2026-05-09 21:24:34.860 [main] DEBUG c.a.system.util.CacheManager - Cache entry added: key:237 (TTL: 30 minutes)
2026-05-09 21:24:34.860 [main] DEBUG c.a.system.util.CacheManager - Cache entry added: key:238 (TTL: 30 minutes)
2026-05-09 21:24:34.860 [main] DEBUG c.a.system.util.CacheManager - Cache entry added: key:239 (TTL: 30 minutes)
2026-05-09 21:24:34.860 [main] DEBUG c.a.system.util.CacheManager - Cache entry added: key:240 (TTL: 30 minutes)
2026-05-09 21:24:34.860 [main] DEBUG c.a.system.util.CacheManager - Cache entry added: key:241 (TTL: 30 minutes)
2026-05-09 21:24:34.860 [main] DEBUG c.a.system.util.CacheManager - Cache entry added: key:242 (TTL: 30 minutes)
2026-05-09 21:24:34.860 [main] DEBUG c.a.system.util.CacheManager - Cache entry added: key:243 (TTL: 30 minutes)
2026-05-09 21:24:34.860 [main] DEBUG c.a.system.util.CacheManager - Cache entry added: key:244 (TTL: 30 minutes)
2026-05-09 21:24:34.860 [main] DEBUG c.a.system.util.CacheManager - Cache entry added: key:245 (TTL: 30 minutes)
2026-05-09 21:24:34.861 [main] DEBUG c.a.system.util.CacheManager - Cache entry added: key:246 (TTL: 30 minutes)
2026-05-09 21:24:34.861 [main] DEBUG c.a.system.util.CacheManager - Cache entry added: key:247 (TTL: 30 minutes)
2026-05-09 21:24:34.861 [main] DEBUG c.a.system.util.CacheManager - Cache entry added: key:248 (TTL: 30 minutes)
2026-05-09 21:24:34.861 [main] DEBUG c.a.system.util.CacheManager - Cache entry added: key:249 (TTL: 30 minutes)
2026-05-09 21:24:34.861 [main] DEBUG c.a.system.util.CacheManager - Cache entry added: key:250 (TTL: 30 minutes)
2026-05-09 21:24:34.861 [main] DEBUG c.a.system.util.CacheManager - Cache entry added: key:251 (TTL: 30 minutes)
2026-05-09 21:24:34.861 [main] DEBUG c.a.system.util.CacheManager - Cache entry added: key:252 (TTL: 30 minutes)
2026-05-09 21:24:34.861 [main] DEBUG c.a.system.util.CacheManager - Cache entry added: key:253 (TTL: 30 minutes)
2026-05-09 21:24:34.861 [main] DEBUG c.a.system.util.CacheManager - Cache entry added: key:254 (TTL: 30 minutes)
2026-05-09 21:24:34.861 [main] DEBUG c.a.system.util.CacheManager - Cache entry added: key:255 (TTL: 30 minutes)
2026-05-09 21:24:34.861 [main] DEBUG c.a.system.util.CacheManager - Cache entry added: key:256 (TTL: 30 minutes)
2026-05-09 21:24:34.861 [main] DEBUG c.a.system.util.CacheManager - Cache entry added: key:257 (TTL: 30 minutes)
2026-05-09 21:24:34.861 [main] DEBUG c.a.system.util.CacheManager - Cache entry added: key:258 (TTL: 30 minutes)
2026-05-09 21:24:34.862 [main] DEBUG c.a.system.util.CacheManager - Cache entry added: key:259 (TTL: 30 minutes)
2026-05-09 21:24:34.862 [main] DEBUG c.a.system.util.CacheManager - Cache entry added: key:260 (TTL: 30 minutes)
2026-05-09 21:24:34.862 [main] DEBUG c.a.system.util.CacheManager - Cache entry added: key:261 (TTL: 30 minutes)
2026-05-09 21:24:34.862 [main] DEBUG c.a.system.util.CacheManager - Cache entry added: key:262 (TTL: 30 minutes)
2026-05-09 21:24:34.862 [main] DEBUG c.a.system.util.CacheManager - Cache entry added: key:263 (TTL: 30 minutes)
2026-05-09 21:24:34.862 [main] DEBUG c.a.system.util.CacheManager - Cache entry added: key:264 (TTL: 30 minutes)
2026-05-09 21:24:34.862 [main] DEBUG c.a.system.util.CacheManager - Cache entry added: key:265 (TTL: 30 minutes)
2026-05-09 21:24:34.862 [main] DEBUG c.a.system.util.CacheManager - Cache entry added: key:266 (TTL: 30 minutes)
2026-05-09 21:24:34.862 [main] DEBUG c.a.system.util.CacheManager - Cache entry added: key:267 (TTL: 30 minutes)
2026-05-09 21:24:34.862 [main] DEBUG c.a.system.util.CacheManager - Cache entry added: key:268 (TTL: 30 minutes)
2026-05-09 21:24:34.862 [main] DEBUG c.a.system.util.CacheManager - Cache entry added: key:269 (TTL: 30 minutes)
2026-05-09 21:24:34.862 [main] DEBUG c.a.system.util.CacheManager - Cache entry added: key:270 (TTL: 30 minutes)
2026-05-09 21:24:34.862 [main] DEBUG c.a.system.util.CacheManager - Cache entry added: key:271 (TTL: 30 minutes)
2026-05-09 21:24:34.862 [main] DEBUG c.a.system.util.CacheManager - Cache entry added: key:272 (TTL: 30 minutes)
2026-05-09 21:24:34.862 [main] DEBUG c.a.system.util.CacheManager - Cache entry added: key:273 (TTL: 30 minutes)
2026-05-09 21:24:34.862 [main] DEBUG c.a.system.util.CacheManager - Cache entry added: key:274 (TTL: 30 minutes)
2026-05-09 21:24:34.862 [main] DEBUG c.a.system.util.CacheManager - Cache entry added: key:275 (TTL: 30 minutes)
2026-05-09 21:24:34.863 [main] DEBUG c.a.system.util.CacheManager - Cache entry added: key:276 (TTL: 30 minutes)
2026-05-09 21:24:34.863 [main] DEBUG c.a.system.util.CacheManager - Cache entry added: key:277 (TTL: 30 minutes)
2026-05-09 21:24:34.863 [main] DEBUG c.a.system.util.CacheManager - Cache entry added: key:278 (TTL: 30 minutes)
2026-05-09 21:24:34.863 [main] DEBUG c.a.system.util.CacheManager - Cache entry added: key:279 (TTL: 30 minutes)
2026-05-09 21:24:34.863 [main] DEBUG c.a.system.util.CacheManager - Cache entry added: key:280 (TTL: 30 minutes)
2026-05-09 21:24:34.863 [main] DEBUG c.a.system.util.CacheManager - Cache entry added: key:281 (TTL: 30 minutes)
2026-05-09 21:24:34.863 [main] DEBUG c.a.system.util.CacheManager - Cache entry added: key:282 (TTL: 30 minutes)
2026-05-09 21:24:34.863 [main] DEBUG c.a.system.util.CacheManager - Cache entry added: key:283 (TTL: 30 minutes)
2026-05-09 21:24:34.863 [main] DEBUG c.a.system.util.CacheManager - Cache entry added: key:284 (TTL: 30 minutes)
2026-05-09 21:24:34.863 [main] DEBUG c.a.system.util.CacheManager - Cache entry added: key:285 (TTL: 30 minutes)
2026-05-09 21:24:34.863 [main] DEBUG c.a.system.util.CacheManager - Cache entry added: key:286 (TTL: 30 minutes)
2026-05-09 21:24:34.863 [main] DEBUG c.a.system.util.CacheManager - Cache entry added: key:287 (TTL: 30 minutes)
2026-05-09 21:24:34.863 [main] DEBUG c.a.system.util.CacheManager - Cache entry added: key:288 (TTL: 30 minutes)
2026-05-09 21:24:34.863 [main] DEBUG c.a.system.util.CacheManager - Cache entry added: key:289 (TTL: 30 minutes)
2026-05-09 21:24:34.863 [main] DEBUG c.a.system.util.CacheManager - Cache entry added: key:290 (TTL: 30 minutes)
2026-05-09 21:24:34.863 [main] DEBUG c.a.system.util.CacheManager - Cache entry added: key:291 (TTL: 30 minutes)
2026-05-09 21:24:34.863 [main] DEBUG c.a.system.util.CacheManager - Cache entry added: key:292 (TTL: 30 minutes)
2026-05-09 21:24:34.863 [main] DEBUG c.a.system.util.CacheManager - Cache entry added: key:293 (TTL: 30 minutes)
2026-05-09 21:24:34.863 [main] DEBUG c.a.system.util.CacheManager - Cache entry added: key:294 (TTL: 30 minutes)
2026-05-09 21:24:34.863 [main] DEBUG c.a.system.util.CacheManager - Cache entry added: key:295 (TTL: 30 minutes)
2026-05-09 21:24:34.863 [main] DEBUG c.a.system.util.CacheManager - Cache entry added: key:296 (TTL: 30 minutes)
2026-05-09 21:24:34.863 [main] DEBUG c.a.system.util.CacheManager - Cache entry added: key:297 (TTL: 30 minutes)
2026-05-09 21:24:34.864 [main] DEBUG c.a.system.util.CacheManager - Cache entry added: key:298 (TTL: 30 minutes)
2026-05-09 21:24:34.864 [main] DEBUG c.a.system.util.CacheManager - Cache entry added: key:299 (TTL: 30 minutes)
2026-05-09 21:24:34.864 [main] DEBUG c.a.system.util.CacheManager - Cache entry added: key:300 (TTL: 30 minutes)
2026-05-09 21:24:34.864 [main] DEBUG c.a.system.util.CacheManager - Cache entry added: key:301 (TTL: 30 minutes)
2026-05-09 21:24:34.864 [main] DEBUG c.a.system.util.CacheManager - Cache entry added: key:302 (TTL: 30 minutes)
2026-05-09 21:24:34.864 [main] DEBUG c.a.system.util.CacheManager - Cache entry added: key:303 (TTL: 30 minutes)
2026-05-09 21:24:34.864 [main] DEBUG c.a.system.util.CacheManager - Cache entry added: key:304 (TTL: 30 minutes)
2026-05-09 21:24:34.864 [main] DEBUG c.a.system.util.CacheManager - Cache entry added: key:305 (TTL: 30 minutes)
2026-05-09 21:24:34.864 [main] DEBUG c.a.system.util.CacheManager - Cache entry added: key:306 (TTL: 30 minutes)
2026-05-09 21:24:34.864 [main] DEBUG c.a.system.util.CacheManager - Cache entry added: key:307 (TTL: 30 minutes)
2026-05-09 21:24:34.864 [main] DEBUG c.a.system.util.CacheManager - Cache entry added: key:308 (TTL: 30 minutes)
2026-05-09 21:24:34.864 [main] DEBUG c.a.system.util.CacheManager - Cache entry added: key:309 (TTL: 30 minutes)
2026-05-09 21:24:34.864 [main] DEBUG c.a.system.util.CacheManager - Cache entry added: key:310 (TTL: 30 minutes)
2026-05-09 21:24:34.864 [main] DEBUG c.a.system.util.CacheManager - Cache entry added: key:311 (TTL: 30 minutes)
2026-05-09 21:24:34.864 [main] DEBUG c.a.system.util.CacheManager - Cache entry added: key:312 (TTL: 30 minutes)
2026-05-09 21:24:34.864 [main] DEBUG c.a.system.util.CacheManager - Cache entry added: key:313 (TTL: 30 minutes)
2026-05-09 21:24:34.864 [main] DEBUG c.a.system.util.CacheManager - Cache entry added: key:314 (TTL: 30 minutes)
2026-05-09 21:24:34.864 [main] DEBUG c.a.system.util.CacheManager - Cache entry added: key:315 (TTL: 30 minutes)
2026-05-09 21:24:34.864 [main] DEBUG c.a.system.util.CacheManager - Cache entry added: key:316 (TTL: 30 minutes)
2026-05-09 21:24:34.865 [main] DEBUG c.a.system.util.CacheManager - Cache entry added: key:317 (TTL: 30 minutes)
2026-05-09 21:24:34.865 [main] DEBUG c.a.system.util.CacheManager - Cache entry added: key:318 (TTL: 30 minutes)
2026-05-09 21:24:34.865 [main] DEBUG c.a.system.util.CacheManager - Cache entry added: key:319 (TTL: 30 minutes)
2026-05-09 21:24:34.865 [main] DEBUG c.a.system.util.CacheManager - Cache entry added: key:320 (TTL: 30 minutes)
2026-05-09 21:24:34.865 [main] DEBUG c.a.system.util.CacheManager - Cache entry added: key:321 (TTL: 30 minutes)
2026-05-09 21:24:34.865 [main] DEBUG c.a.system.util.CacheManager - Cache entry added: key:322 (TTL: 30 minutes)
2026-05-09 21:24:34.865 [main] DEBUG c.a.system.util.CacheManager - Cache entry added: key:323 (TTL: 30 minutes)
2026-05-09 21:24:34.865 [main] DEBUG c.a.system.util.CacheManager - Cache entry added: key:324 (TTL: 30 minutes)
2026-05-09 21:24:34.865 [main] DEBUG c.a.system.util.CacheManager - Cache entry added: key:325 (TTL: 30 minutes)
2026-05-09 21:24:34.865 [main] DEBUG c.a.system.util.CacheManager - Cache entry added: key:326 (TTL: 30 minutes)
2026-05-09 21:24:34.865 [main] DEBUG c.a.system.util.CacheManager - Cache entry added: key:327 (TTL: 30 minutes)
2026-05-09 21:24:34.865 [main] DEBUG c.a.system.util.CacheManager - Cache entry added: key:328 (TTL: 30 minutes)
2026-05-09 21:24:34.865 [main] DEBUG c.a.system.util.CacheManager - Cache entry added: key:329 (TTL: 30 minutes)
2026-05-09 21:24:34.865 [main] DEBUG c.a.system.util.CacheManager - Cache entry added: key:330 (TTL: 30 minutes)
2026-05-09 21:24:34.865 [main] DEBUG c.a.system.util.CacheManager - Cache entry added: key:331 (TTL: 30 minutes)
2026-05-09 21:24:34.865 [main] DEBUG c.a.system.util.CacheManager - Cache entry added: key:332 (TTL: 30 minutes)
2026-05-09 21:24:34.865 [main] DEBUG c.a.system.util.CacheManager - Cache entry added: key:333 (TTL: 30 minutes)
2026-05-09 21:24:34.865 [main] DEBUG c.a.system.util.CacheManager - Cache entry added: key:334 (TTL: 30 minutes)
2026-05-09 21:24:34.865 [main] DEBUG c.a.system.util.CacheManager - Cache entry added: key:335 (TTL: 30 minutes)
2026-05-09 21:24:34.865 [main] DEBUG c.a.system.util.CacheManager - Cache entry added: key:336 (TTL: 30 minutes)
2026-05-09 21:24:34.865 [main] DEBUG c.a.system.util.CacheManager - Cache entry added: key:337 (TTL: 30 minutes)
2026-05-09 21:24:34.866 [main] DEBUG c.a.system.util.CacheManager - Cache entry added: key:338 (TTL: 30 minutes)
2026-05-09 21:24:34.866 [main] DEBUG c.a.system.util.CacheManager - Cache entry added: key:339 (TTL: 30 minutes)
2026-05-09 21:24:34.866 [main] DEBUG c.a.system.util.CacheManager - Cache entry added: key:340 (TTL: 30 minutes)
2026-05-09 21:24:34.866 [main] DEBUG c.a.system.util.CacheManager - Cache entry added: key:341 (TTL: 30 minutes)
2026-05-09 21:24:34.866 [main] DEBUG c.a.system.util.CacheManager - Cache entry added: key:342 (TTL: 30 minutes)
2026-05-09 21:24:34.866 [main] DEBUG c.a.system.util.CacheManager - Cache entry added: key:343 (TTL: 30 minutes)
2026-05-09 21:24:34.866 [main] DEBUG c.a.system.util.CacheManager - Cache entry added: key:344 (TTL: 30 minutes)
2026-05-09 21:24:34.866 [main] DEBUG c.a.system.util.CacheManager - Cache entry added: key:345 (TTL: 30 minutes)
2026-05-09 21:24:34.866 [main] DEBUG c.a.system.util.CacheManager - Cache entry added: key:346 (TTL: 30 minutes)
2026-05-09 21:24:34.866 [main] DEBUG c.a.system.util.CacheManager - Cache entry added: key:347 (TTL: 30 minutes)
2026-05-09 21:24:34.866 [main] DEBUG c.a.system.util.CacheManager - Cache entry added: key:348 (TTL: 30 minutes)
2026-05-09 21:24:34.866 [main] DEBUG c.a.system.util.CacheManager - Cache entry added: key:349 (TTL: 30 minutes)
2026-05-09 21:24:34.866 [main] DEBUG c.a.system.util.CacheManager - Cache entry added: key:350 (TTL: 30 minutes)
2026-05-09 21:24:34.866 [main] DEBUG c.a.system.util.CacheManager - Cache entry added: key:351 (TTL: 30 minutes)
2026-05-09 21:24:34.866 [main] DEBUG c.a.system.util.CacheManager - Cache entry added: key:352 (TTL: 30 minutes)
2026-05-09 21:24:34.866 [main] DEBUG c.a.system.util.CacheManager - Cache entry added: key:353 (TTL: 30 minutes)
2026-05-09 21:24:34.866 [main] DEBUG c.a.system.util.CacheManager - Cache entry added: key:354 (TTL: 30 minutes)
2026-05-09 21:24:34.866 [main] DEBUG c.a.system.util.CacheManager - Cache entry added: key:355 (TTL: 30 minutes)
2026-05-09 21:24:34.866 [main] DEBUG c.a.system.util.CacheManager - Cache entry added: key:356 (TTL: 30 minutes)
2026-05-09 21:24:34.867 [main] DEBUG c.a.system.util.CacheManager - Cache entry added: key:357 (TTL: 30 minutes)
2026-05-09 21:24:34.867 [main] DEBUG c.a.system.util.CacheManager - Cache entry added: key:358 (TTL: 30 minutes)
2026-05-09 21:24:34.867 [main] DEBUG c.a.system.util.CacheManager - Cache entry added: key:359 (TTL: 30 minutes)
2026-05-09 21:24:34.867 [main] DEBUG c.a.system.util.CacheManager - Cache entry added: key:360 (TTL: 30 minutes)
2026-05-09 21:24:34.867 [main] DEBUG c.a.system.util.CacheManager - Cache entry added: key:361 (TTL: 30 minutes)
2026-05-09 21:24:34.867 [main] DEBUG c.a.system.util.CacheManager - Cache entry added: key:362 (TTL: 30 minutes)
2026-05-09 21:24:34.867 [main] DEBUG c.a.system.util.CacheManager - Cache entry added: key:363 (TTL: 30 minutes)
2026-05-09 21:24:34.867 [main] DEBUG c.a.system.util.CacheManager - Cache entry added: key:364 (TTL: 30 minutes)
2026-05-09 21:24:34.867 [main] DEBUG c.a.system.util.CacheManager - Cache entry added: key:365 (TTL: 30 minutes)
2026-05-09 21:24:34.867 [main] DEBUG c.a.system.util.CacheManager - Cache entry added: key:366 (TTL: 30 minutes)
2026-05-09 21:24:34.867 [main] DEBUG c.a.system.util.CacheManager - Cache entry added: key:367 (TTL: 30 minutes)
2026-05-09 21:24:34.867 [main] DEBUG c.a.system.util.CacheManager - Cache entry added: key:368 (TTL: 30 minutes)
2026-05-09 21:24:34.867 [main] DEBUG c.a.system.util.CacheManager - Cache entry added: key:369 (TTL: 30 minutes)
2026-05-09 21:24:34.867 [main] DEBUG c.a.system.util.CacheManager - Cache entry added: key:370 (TTL: 30 minutes)
2026-05-09 21:24:34.867 [main] DEBUG c.a.system.util.CacheManager - Cache entry added: key:371 (TTL: 30 minutes)
2026-05-09 21:24:34.867 [main] DEBUG c.a.system.util.CacheManager - Cache entry added: key:372 (TTL: 30 minutes)
2026-05-09 21:24:34.867 [main] DEBUG c.a.system.util.CacheManager - Cache entry added: key:373 (TTL: 30 minutes)
2026-05-09 21:24:34.867 [main] DEBUG c.a.system.util.CacheManager - Cache entry added: key:374 (TTL: 30 minutes)
2026-05-09 21:24:34.867 [main] DEBUG c.a.system.util.CacheManager - Cache entry added: key:375 (TTL: 30 minutes)
2026-05-09 21:24:34.867 [main] DEBUG c.a.system.util.CacheManager - Cache entry added: key:376 (TTL: 30 minutes)
2026-05-09 21:24:34.867 [main] DEBUG c.a.system.util.CacheManager - Cache entry added: key:377 (TTL: 30 minutes)
2026-05-09 21:24:34.867 [main] DEBUG c.a.system.util.CacheManager - Cache entry added: key:378 (TTL: 30 minutes)
2026-05-09 21:24:34.868 [main] DEBUG c.a.system.util.CacheManager - Cache entry added: key:379 (TTL: 30 minutes)
2026-05-09 21:24:34.868 [main] DEBUG c.a.system.util.CacheManager - Cache entry added: key:380 (TTL: 30 minutes)
2026-05-09 21:24:34.868 [main] DEBUG c.a.system.util.CacheManager - Cache entry added: key:381 (TTL: 30 minutes)
2026-05-09 21:24:34.868 [main] DEBUG c.a.system.util.CacheManager - Cache entry added: key:382 (TTL: 30 minutes)
2026-05-09 21:24:34.868 [main] DEBUG c.a.system.util.CacheManager - Cache entry added: key:383 (TTL: 30 minutes)
2026-05-09 21:24:34.868 [main] DEBUG c.a.system.util.CacheManager - Cache entry added: key:384 (TTL: 30 minutes)
2026-05-09 21:24:34.868 [main] DEBUG c.a.system.util.CacheManager - Cache entry added: key:385 (TTL: 30 minutes)
2026-05-09 21:24:34.868 [main] DEBUG c.a.system.util.CacheManager - Cache entry added: key:386 (TTL: 30 minutes)
2026-05-09 21:24:34.868 [main] DEBUG c.a.system.util.CacheManager - Cache entry added: key:387 (TTL: 30 minutes)
2026-05-09 21:24:34.868 [main] DEBUG c.a.system.util.CacheManager - Cache entry added: key:388 (TTL: 30 minutes)
2026-05-09 21:24:34.868 [main] DEBUG c.a.system.util.CacheManager - Cache entry added: key:389 (TTL: 30 minutes)
2026-05-09 21:24:34.868 [main] DEBUG c.a.system.util.CacheManager - Cache entry added: key:390 (TTL: 30 minutes)
2026-05-09 21:24:34.868 [main] DEBUG c.a.system.util.CacheManager - Cache entry added: key:391 (TTL: 30 minutes)
2026-05-09 21:24:34.868 [main] DEBUG c.a.system.util.CacheManager - Cache entry added: key:392 (TTL: 30 minutes)
2026-05-09 21:24:34.868 [main] DEBUG c.a.system.util.CacheManager - Cache entry added: key:393 (TTL: 30 minutes)
2026-05-09 21:24:34.868 [main] DEBUG c.a.system.util.CacheManager - Cache entry added: key:394 (TTL: 30 minutes)
2026-05-09 21:24:34.868 [main] DEBUG c.a.system.util.CacheManager - Cache entry added: key:395 (TTL: 30 minutes)
2026-05-09 21:24:34.868 [main] DEBUG c.a.system.util.CacheManager - Cache entry added: key:396 (TTL: 30 minutes)
2026-05-09 21:24:34.868 [main] DEBUG c.a.system.util.CacheManager - Cache entry added: key:397 (TTL: 30 minutes)
2026-05-09 21:24:34.869 [main] DEBUG c.a.system.util.CacheManager - Cache entry added: key:398 (TTL: 30 minutes)
2026-05-09 21:24:34.869 [main] DEBUG c.a.system.util.CacheManager - Cache entry added: key:399 (TTL: 30 minutes)
2026-05-09 21:24:34.869 [main] DEBUG c.a.system.util.CacheManager - Cache entry added: key:400 (TTL: 30 minutes)
2026-05-09 21:24:34.869 [main] DEBUG c.a.system.util.CacheManager - Cache entry added: key:401 (TTL: 30 minutes)
2026-05-09 21:24:34.869 [main] DEBUG c.a.system.util.CacheManager - Cache entry added: key:402 (TTL: 30 minutes)
2026-05-09 21:24:34.869 [main] DEBUG c.a.system.util.CacheManager - Cache entry added: key:403 (TTL: 30 minutes)
2026-05-09 21:24:34.869 [main] DEBUG c.a.system.util.CacheManager - Cache entry added: key:404 (TTL: 30 minutes)
2026-05-09 21:24:34.869 [main] DEBUG c.a.system.util.CacheManager - Cache entry added: key:405 (TTL: 30 minutes)
2026-05-09 21:24:34.869 [main] DEBUG c.a.system.util.CacheManager - Cache entry added: key:406 (TTL: 30 minutes)
2026-05-09 21:24:34.869 [main] DEBUG c.a.system.util.CacheManager - Cache entry added: key:407 (TTL: 30 minutes)
2026-05-09 21:24:34.869 [main] DEBUG c.a.system.util.CacheManager - Cache entry added: key:408 (TTL: 30 minutes)
2026-05-09 21:24:34.869 [main] DEBUG c.a.system.util.CacheManager - Cache entry added: key:409 (TTL: 30 minutes)
2026-05-09 21:24:34.869 [main] DEBUG c.a.system.util.CacheManager - Cache entry added: key:410 (TTL: 30 minutes)
2026-05-09 21:24:34.869 [main] DEBUG c.a.system.util.CacheManager - Cache entry added: key:411 (TTL: 30 minutes)
2026-05-09 21:24:34.869 [main] DEBUG c.a.system.util.CacheManager - Cache entry added: key:412 (TTL: 30 minutes)
2026-05-09 21:24:34.869 [main] DEBUG c.a.system.util.CacheManager - Cache entry added: key:413 (TTL: 30 minutes)
2026-05-09 21:24:34.869 [main] DEBUG c.a.system.util.CacheManager - Cache entry added: key:414 (TTL: 30 minutes)
2026-05-09 21:24:34.869 [main] DEBUG c.a.system.util.CacheManager - Cache entry added: key:415 (TTL: 30 minutes)
2026-05-09 21:24:34.869 [main] DEBUG c.a.system.util.CacheManager - Cache entry added: key:416 (TTL: 30 minutes)
2026-05-09 21:24:34.870 [main] DEBUG c.a.system.util.CacheManager - Cache entry added: key:417 (TTL: 30 minutes)
2026-05-09 21:24:34.870 [main] DEBUG c.a.system.util.CacheManager - Cache entry added: key:418 (TTL: 30 minutes)
2026-05-09 21:24:34.870 [main] DEBUG c.a.system.util.CacheManager - Cache entry added: key:419 (TTL: 30 minutes)
2026-05-09 21:24:34.870 [main] DEBUG c.a.system.util.CacheManager - Cache entry added: key:420 (TTL: 30 minutes)
2026-05-09 21:24:34.870 [main] DEBUG c.a.system.util.CacheManager - Cache entry added: key:421 (TTL: 30 minutes)
2026-05-09 21:24:34.870 [main] DEBUG c.a.system.util.CacheManager - Cache entry added: key:422 (TTL: 30 minutes)
2026-05-09 21:24:34.870 [main] DEBUG c.a.system.util.CacheManager - Cache entry added: key:423 (TTL: 30 minutes)
2026-05-09 21:24:34.870 [main] DEBUG c.a.system.util.CacheManager - Cache entry added: key:424 (TTL: 30 minutes)
2026-05-09 21:24:34.870 [main] DEBUG c.a.system.util.CacheManager - Cache entry added: key:425 (TTL: 30 minutes)
2026-05-09 21:24:34.870 [main] DEBUG c.a.system.util.CacheManager - Cache entry added: key:426 (TTL: 30 minutes)
2026-05-09 21:24:34.870 [main] DEBUG c.a.system.util.CacheManager - Cache entry added: key:427 (TTL: 30 minutes)
2026-05-09 21:24:34.870 [main] DEBUG c.a.system.util.CacheManager - Cache entry added: key:428 (TTL: 30 minutes)
2026-05-09 21:24:34.870 [main] DEBUG c.a.system.util.CacheManager - Cache entry added: key:429 (TTL: 30 minutes)
2026-05-09 21:24:34.870 [main] DEBUG c.a.system.util.CacheManager - Cache entry added: key:430 (TTL: 30 minutes)
2026-05-09 21:24:34.870 [main] DEBUG c.a.system.util.CacheManager - Cache entry added: key:431 (TTL: 30 minutes)
2026-05-09 21:24:34.870 [main] DEBUG c.a.system.util.CacheManager - Cache entry added: key:432 (TTL: 30 minutes)
2026-05-09 21:24:34.870 [main] DEBUG c.a.system.util.CacheManager - Cache entry added: key:433 (TTL: 30 minutes)
2026-05-09 21:24:34.870 [main] DEBUG c.a.system.util.CacheManager - Cache entry added: key:434 (TTL: 30 minutes)
2026-05-09 21:24:34.870 [main] DEBUG c.a.system.util.CacheManager - Cache entry added: key:435 (TTL: 30 minutes)
2026-05-09 21:24:34.870 [main] DEBUG c.a.system.util.CacheManager - Cache entry added: key:436 (TTL: 30 minutes)
2026-05-09 21:24:34.870 [main] DEBUG c.a.system.util.CacheManager - Cache entry added: key:437 (TTL: 30 minutes)
2026-05-09 21:24:34.870 [main] DEBUG c.a.system.util.CacheManager - Cache entry added: key:438 (TTL: 30 minutes)
2026-05-09 21:24:34.870 [main] DEBUG c.a.system.util.CacheManager - Cache entry added: key:439 (TTL: 30 minutes)
2026-05-09 21:24:34.870 [main] DEBUG c.a.system.util.CacheManager - Cache entry added: key:440 (TTL: 30 minutes)
2026-05-09 21:24:34.871 [main] DEBUG c.a.system.util.CacheManager - Cache entry added: key:441 (TTL: 30 minutes)
2026-05-09 21:24:34.871 [main] DEBUG c.a.system.util.CacheManager - Cache entry added: key:442 (TTL: 30 minutes)
2026-05-09 21:24:34.871 [main] DEBUG c.a.system.util.CacheManager - Cache entry added: key:443 (TTL: 30 minutes)
2026-05-09 21:24:34.871 [main] DEBUG c.a.system.util.CacheManager - Cache entry added: key:444 (TTL: 30 minutes)
2026-05-09 21:24:34.871 [main] DEBUG c.a.system.util.CacheManager - Cache entry added: key:445 (TTL: 30 minutes)
2026-05-09 21:24:34.871 [main] DEBUG c.a.system.util.CacheManager - Cache entry added: key:446 (TTL: 30 minutes)
2026-05-09 21:24:34.871 [main] DEBUG c.a.system.util.CacheManager - Cache entry added: key:447 (TTL: 30 minutes)
2026-05-09 21:24:34.871 [main] DEBUG c.a.system.util.CacheManager - Cache entry added: key:448 (TTL: 30 minutes)
2026-05-09 21:24:34.871 [main] DEBUG c.a.system.util.CacheManager - Cache entry added: key:449 (TTL: 30 minutes)
2026-05-09 21:24:34.871 [main] DEBUG c.a.system.util.CacheManager - Cache entry added: key:450 (TTL: 30 minutes)
2026-05-09 21:24:34.871 [main] DEBUG c.a.system.util.CacheManager - Cache entry added: key:451 (TTL: 30 minutes)
2026-05-09 21:24:34.871 [main] DEBUG c.a.system.util.CacheManager - Cache entry added: key:452 (TTL: 30 minutes)
2026-05-09 21:24:34.871 [main] DEBUG c.a.system.util.CacheManager - Cache entry added: key:453 (TTL: 30 minutes)
2026-05-09 21:24:34.871 [main] DEBUG c.a.system.util.CacheManager - Cache entry added: key:454 (TTL: 30 minutes)
2026-05-09 21:24:34.871 [main] DEBUG c.a.system.util.CacheManager - Cache entry added: key:455 (TTL: 30 minutes)
2026-05-09 21:24:34.871 [main] DEBUG c.a.system.util.CacheManager - Cache entry added: key:456 (TTL: 30 minutes)
2026-05-09 21:24:34.871 [main] DEBUG c.a.system.util.CacheManager - Cache entry added: key:457 (TTL: 30 minutes)
2026-05-09 21:24:34.871 [main] DEBUG c.a.system.util.CacheManager - Cache entry added: key:458 (TTL: 30 minutes)
2026-05-09 21:24:34.871 [main] DEBUG c.a.system.util.CacheManager - Cache entry added: key:459 (TTL: 30 minutes)
2026-05-09 21:24:34.871 [main] DEBUG c.a.system.util.CacheManager - Cache entry added: key:460 (TTL: 30 minutes)
2026-05-09 21:24:34.871 [main] DEBUG c.a.system.util.CacheManager - Cache entry added: key:461 (TTL: 30 minutes)
2026-05-09 21:24:34.871 [main] DEBUG c.a.system.util.CacheManager - Cache entry added: key:462 (TTL: 30 minutes)
2026-05-09 21:24:34.871 [main] DEBUG c.a.system.util.CacheManager - Cache entry added: key:463 (TTL: 30 minutes)
2026-05-09 21:24:34.871 [main] DEBUG c.a.system.util.CacheManager - Cache entry added: key:464 (TTL: 30 minutes)
2026-05-09 21:24:34.871 [main] DEBUG c.a.system.util.CacheManager - Cache entry added: key:465 (TTL: 30 minutes)
2026-05-09 21:24:34.871 [main] DEBUG c.a.system.util.CacheManager - Cache entry added: key:466 (TTL: 30 minutes)
2026-05-09 21:24:34.871 [main] DEBUG c.a.system.util.CacheManager - Cache entry added: key:467 (TTL: 30 minutes)
2026-05-09 21:24:34.872 [main] DEBUG c.a.system.util.CacheManager - Cache entry added: key:468 (TTL: 30 minutes)
2026-05-09 21:24:34.872 [main] DEBUG c.a.system.util.CacheManager - Cache entry added: key:469 (TTL: 30 minutes)
2026-05-09 21:24:34.872 [main] DEBUG c.a.system.util.CacheManager - Cache entry added: key:470 (TTL: 30 minutes)
2026-05-09 21:24:34.872 [main] DEBUG c.a.system.util.CacheManager - Cache entry added: key:471 (TTL: 30 minutes)
2026-05-09 21:24:34.872 [main] DEBUG c.a.system.util.CacheManager - Cache entry added: key:472 (TTL: 30 minutes)
2026-05-09 21:24:34.872 [main] DEBUG c.a.system.util.CacheManager - Cache entry added: key:473 (TTL: 30 minutes)
2026-05-09 21:24:34.872 [main] DEBUG c.a.system.util.CacheManager - Cache entry added: key:474 (TTL: 30 minutes)
2026-05-09 21:24:34.872 [main] DEBUG c.a.system.util.CacheManager - Cache entry added: key:475 (TTL: 30 minutes)
2026-05-09 21:24:34.872 [main] DEBUG c.a.system.util.CacheManager - Cache entry added: key:476 (TTL: 30 minutes)
2026-05-09 21:24:34.872 [main] DEBUG c.a.system.util.CacheManager - Cache entry added: key:477 (TTL: 30 minutes)
2026-05-09 21:24:34.872 [main] DEBUG c.a.system.util.CacheManager - Cache entry added: key:478 (TTL: 30 minutes)
2026-05-09 21:24:34.872 [main] DEBUG c.a.system.util.CacheManager - Cache entry added: key:479 (TTL: 30 minutes)
2026-05-09 21:24:34.872 [main] DEBUG c.a.system.util.CacheManager - Cache entry added: key:480 (TTL: 30 minutes)
2026-05-09 21:24:34.872 [main] DEBUG c.a.system.util.CacheManager - Cache entry added: key:481 (TTL: 30 minutes)
2026-05-09 21:24:34.872 [main] DEBUG c.a.system.util.CacheManager - Cache entry added: key:482 (TTL: 30 minutes)
2026-05-09 21:24:34.872 [main] DEBUG c.a.system.util.CacheManager - Cache entry added: key:483 (TTL: 30 minutes)
2026-05-09 21:24:34.872 [main] DEBUG c.a.system.util.CacheManager - Cache entry added: key:484 (TTL: 30 minutes)
2026-05-09 21:24:34.872 [main] DEBUG c.a.system.util.CacheManager - Cache entry added: key:485 (TTL: 30 minutes)
2026-05-09 21:24:34.872 [main] DEBUG c.a.system.util.CacheManager - Cache entry added: key:486 (TTL: 30 minutes)
2026-05-09 21:24:34.872 [main] DEBUG c.a.system.util.CacheManager - Cache entry added: key:487 (TTL: 30 minutes)
2026-05-09 21:24:34.872 [main] DEBUG c.a.system.util.CacheManager - Cache entry added: key:488 (TTL: 30 minutes)
2026-05-09 21:24:34.873 [main] DEBUG c.a.system.util.CacheManager - Cache entry added: key:489 (TTL: 30 minutes)
2026-05-09 21:24:34.873 [main] DEBUG c.a.system.util.CacheManager - Cache entry added: key:490 (TTL: 30 minutes)
2026-05-09 21:24:34.873 [main] DEBUG c.a.system.util.CacheManager - Cache entry added: key:491 (TTL: 30 minutes)
2026-05-09 21:24:34.873 [main] DEBUG c.a.system.util.CacheManager - Cache entry added: key:492 (TTL: 30 minutes)
2026-05-09 21:24:34.873 [main] DEBUG c.a.system.util.CacheManager - Cache entry added: key:493 (TTL: 30 minutes)
2026-05-09 21:24:34.873 [main] DEBUG c.a.system.util.CacheManager - Cache entry added: key:494 (TTL: 30 minutes)
2026-05-09 21:24:34.873 [main] DEBUG c.a.system.util.CacheManager - Cache entry added: key:495 (TTL: 30 minutes)
2026-05-09 21:24:34.873 [main] DEBUG c.a.system.util.CacheManager - Cache entry added: key:496 (TTL: 30 minutes)
2026-05-09 21:24:34.873 [main] DEBUG c.a.system.util.CacheManager - Cache entry added: key:497 (TTL: 30 minutes)
2026-05-09 21:24:34.873 [main] DEBUG c.a.system.util.CacheManager - Cache entry added: key:498 (TTL: 30 minutes)
2026-05-09 21:24:34.873 [main] DEBUG c.a.system.util.CacheManager - Cache entry added: key:499 (TTL: 30 minutes)
2026-05-09 21:24:34.873 [main] DEBUG c.a.system.util.CacheManager - Cache entry added: key:500 (TTL: 30 minutes)
2026-05-09 21:24:34.873 [main] DEBUG c.a.system.util.CacheManager - Cache entry added: key:501 (TTL: 30 minutes)
2026-05-09 21:24:34.873 [main] DEBUG c.a.system.util.CacheManager - Cache entry added: key:502 (TTL: 30 minutes)
2026-05-09 21:24:34.873 [main] DEBUG c.a.system.util.CacheManager - Cache entry added: key:503 (TTL: 30 minutes)
2026-05-09 21:24:34.873 [main] DEBUG c.a.system.util.CacheManager - Cache entry added: key:504 (TTL: 30 minutes)
2026-05-09 21:24:34.873 [main] DEBUG c.a.system.util.CacheManager - Cache entry added: key:505 (TTL: 30 minutes)
2026-05-09 21:24:34.873 [main] DEBUG c.a.system.util.CacheManager - Cache entry added: key:506 (TTL: 30 minutes)
2026-05-09 21:24:34.873 [main] DEBUG c.a.system.util.CacheManager - Cache entry added: key:507 (TTL: 30 minutes)
2026-05-09 21:24:34.873 [main] DEBUG c.a.system.util.CacheManager - Cache entry added: key:508 (TTL: 30 minutes)
2026-05-09 21:24:34.873 [main] DEBUG c.a.system.util.CacheManager - Cache entry added: key:509 (TTL: 30 minutes)
2026-05-09 21:24:34.874 [main] DEBUG c.a.system.util.CacheManager - Cache entry added: key:510 (TTL: 30 minutes)
2026-05-09 21:24:34.874 [main] DEBUG c.a.system.util.CacheManager - Cache entry added: key:511 (TTL: 30 minutes)
2026-05-09 21:24:34.874 [main] DEBUG c.a.system.util.CacheManager - Cache entry added: key:512 (TTL: 30 minutes)
2026-05-09 21:24:34.874 [main] DEBUG c.a.system.util.CacheManager - Cache entry added: key:513 (TTL: 30 minutes)
2026-05-09 21:24:34.874 [main] DEBUG c.a.system.util.CacheManager - Cache entry added: key:514 (TTL: 30 minutes)
2026-05-09 21:24:34.874 [main] DEBUG c.a.system.util.CacheManager - Cache entry added: key:515 (TTL: 30 minutes)
2026-05-09 21:24:34.874 [main] DEBUG c.a.system.util.CacheManager - Cache entry added: key:516 (TTL: 30 minutes)
2026-05-09 21:24:34.874 [main] DEBUG c.a.system.util.CacheManager - Cache entry added: key:517 (TTL: 30 minutes)
2026-05-09 21:24:34.874 [main] DEBUG c.a.system.util.CacheManager - Cache entry added: key:518 (TTL: 30 minutes)
2026-05-09 21:24:34.874 [main] DEBUG c.a.system.util.CacheManager - Cache entry added: key:519 (TTL: 30 minutes)
2026-05-09 21:24:34.874 [main] DEBUG c.a.system.util.CacheManager - Cache entry added: key:520 (TTL: 30 minutes)
2026-05-09 21:24:34.874 [main] DEBUG c.a.system.util.CacheManager - Cache entry added: key:521 (TTL: 30 minutes)
2026-05-09 21:24:34.874 [main] DEBUG c.a.system.util.CacheManager - Cache entry added: key:522 (TTL: 30 minutes)
2026-05-09 21:24:34.874 [main] DEBUG c.a.system.util.CacheManager - Cache entry added: key:523 (TTL: 30 minutes)
2026-05-09 21:24:34.874 [main] DEBUG c.a.system.util.CacheManager - Cache entry added: key:524 (TTL: 30 minutes)
2026-05-09 21:24:34.874 [main] DEBUG c.a.system.util.CacheManager - Cache entry added: key:525 (TTL: 30 minutes)
2026-05-09 21:24:34.874 [main] DEBUG c.a.system.util.CacheManager - Cache entry added: key:526 (TTL: 30 minutes)
2026-05-09 21:24:34.874 [main] DEBUG c.a.system.util.CacheManager - Cache entry added: key:527 (TTL: 30 minutes)
2026-05-09 21:24:34.874 [main] DEBUG c.a.system.util.CacheManager - Cache entry added: key:528 (TTL: 30 minutes)
2026-05-09 21:24:34.874 [main] DEBUG c.a.system.util.CacheManager - Cache entry added: key:529 (TTL: 30 minutes)
2026-05-09 21:24:34.875 [main] DEBUG c.a.system.util.CacheManager - Cache entry added: key:530 (TTL: 30 minutes)
2026-05-09 21:24:34.875 [main] DEBUG c.a.system.util.CacheManager - Cache entry added: key:531 (TTL: 30 minutes)
2026-05-09 21:24:34.875 [main] DEBUG c.a.system.util.CacheManager - Cache entry added: key:532 (TTL: 30 minutes)
2026-05-09 21:24:34.875 [main] DEBUG c.a.system.util.CacheManager - Cache entry added: key:533 (TTL: 30 minutes)
2026-05-09 21:24:34.875 [main] DEBUG c.a.system.util.CacheManager - Cache entry added: key:534 (TTL: 30 minutes)
2026-05-09 21:24:34.875 [main] DEBUG c.a.system.util.CacheManager - Cache entry added: key:535 (TTL: 30 minutes)
2026-05-09 21:24:34.875 [main] DEBUG c.a.system.util.CacheManager - Cache entry added: key:536 (TTL: 30 minutes)
2026-05-09 21:24:34.875 [main] DEBUG c.a.system.util.CacheManager - Cache entry added: key:537 (TTL: 30 minutes)
2026-05-09 21:24:34.875 [main] DEBUG c.a.system.util.CacheManager - Cache entry added: key:538 (TTL: 30 minutes)
2026-05-09 21:24:34.875 [main] DEBUG c.a.system.util.CacheManager - Cache entry added: key:539 (TTL: 30 minutes)
2026-05-09 21:24:34.875 [main] DEBUG c.a.system.util.CacheManager - Cache entry added: key:540 (TTL: 30 minutes)
2026-05-09 21:24:34.875 [main] DEBUG c.a.system.util.CacheManager - Cache entry added: key:541 (TTL: 30 minutes)
2026-05-09 21:24:34.875 [main] DEBUG c.a.system.util.CacheManager - Cache entry added: key:542 (TTL: 30 minutes)
2026-05-09 21:24:34.875 [main] DEBUG c.a.system.util.CacheManager - Cache entry added: key:543 (TTL: 30 minutes)
2026-05-09 21:24:34.875 [main] DEBUG c.a.system.util.CacheManager - Cache entry added: key:544 (TTL: 30 minutes)
2026-05-09 21:24:34.875 [main] DEBUG c.a.system.util.CacheManager - Cache entry added: key:545 (TTL: 30 minutes)
2026-05-09 21:24:34.875 [main] DEBUG c.a.system.util.CacheManager - Cache entry added: key:546 (TTL: 30 minutes)
2026-05-09 21:24:34.875 [main] DEBUG c.a.system.util.CacheManager - Cache entry added: key:547 (TTL: 30 minutes)
2026-05-09 21:24:34.875 [main] DEBUG c.a.system.util.CacheManager - Cache entry added: key:548 (TTL: 30 minutes)
2026-05-09 21:24:34.875 [main] DEBUG c.a.system.util.CacheManager - Cache entry added: key:549 (TTL: 30 minutes)
2026-05-09 21:24:34.876 [main] DEBUG c.a.system.util.CacheManager - Cache entry added: key:550 (TTL: 30 minutes)
2026-05-09 21:24:34.876 [main] DEBUG c.a.system.util.CacheManager - Cache entry added: key:551 (TTL: 30 minutes)
2026-05-09 21:24:34.876 [main] DEBUG c.a.system.util.CacheManager - Cache entry added: key:552 (TTL: 30 minutes)
2026-05-09 21:24:34.876 [main] DEBUG c.a.system.util.CacheManager - Cache entry added: key:553 (TTL: 30 minutes)
2026-05-09 21:24:34.876 [main] DEBUG c.a.system.util.CacheManager - Cache entry added: key:554 (TTL: 30 minutes)
2026-05-09 21:24:34.876 [main] DEBUG c.a.system.util.CacheManager - Cache entry added: key:555 (TTL: 30 minutes)
2026-05-09 21:24:34.876 [main] DEBUG c.a.system.util.CacheManager - Cache entry added: key:556 (TTL: 30 minutes)
2026-05-09 21:24:34.876 [main] DEBUG c.a.system.util.CacheManager - Cache entry added: key:557 (TTL: 30 minutes)
2026-05-09 21:24:34.876 [main] DEBUG c.a.system.util.CacheManager - Cache entry added: key:558 (TTL: 30 minutes)
2026-05-09 21:24:34.876 [main] DEBUG c.a.system.util.CacheManager - Cache entry added: key:559 (TTL: 30 minutes)
2026-05-09 21:24:34.876 [main] DEBUG c.a.system.util.CacheManager - Cache entry added: key:560 (TTL: 30 minutes)
2026-05-09 21:24:34.876 [main] DEBUG c.a.system.util.CacheManager - Cache entry added: key:561 (TTL: 30 minutes)
2026-05-09 21:24:34.876 [main] DEBUG c.a.system.util.CacheManager - Cache entry added: key:562 (TTL: 30 minutes)
2026-05-09 21:24:34.876 [main] DEBUG c.a.system.util.CacheManager - Cache entry added: key:563 (TTL: 30 minutes)
2026-05-09 21:24:34.876 [main] DEBUG c.a.system.util.CacheManager - Cache entry added: key:564 (TTL: 30 minutes)
2026-05-09 21:24:34.876 [main] DEBUG c.a.system.util.CacheManager - Cache entry added: key:565 (TTL: 30 minutes)
2026-05-09 21:24:34.876 [main] DEBUG c.a.system.util.CacheManager - Cache entry added: key:566 (TTL: 30 minutes)
2026-05-09 21:24:34.876 [main] DEBUG c.a.system.util.CacheManager - Cache entry added: key:567 (TTL: 30 minutes)
2026-05-09 21:24:34.876 [main] DEBUG c.a.system.util.CacheManager - Cache entry added: key:568 (TTL: 30 minutes)
2026-05-09 21:24:34.876 [main] DEBUG c.a.system.util.CacheManager - Cache entry added: key:569 (TTL: 30 minutes)
2026-05-09 21:24:34.876 [main] DEBUG c.a.system.util.CacheManager - Cache entry added: key:570 (TTL: 30 minutes)
2026-05-09 21:24:34.876 [main] DEBUG c.a.system.util.CacheManager - Cache entry added: key:571 (TTL: 30 minutes)
2026-05-09 21:24:34.877 [main] DEBUG c.a.system.util.CacheManager - Cache entry added: key:572 (TTL: 30 minutes)
2026-05-09 21:24:34.877 [main] DEBUG c.a.system.util.CacheManager - Cache entry added: key:573 (TTL: 30 minutes)
2026-05-09 21:24:34.877 [main] DEBUG c.a.system.util.CacheManager - Cache entry added: key:574 (TTL: 30 minutes)
2026-05-09 21:24:34.877 [main] DEBUG c.a.system.util.CacheManager - Cache entry added: key:575 (TTL: 30 minutes)
2026-05-09 21:24:34.877 [main] DEBUG c.a.system.util.CacheManager - Cache entry added: key:576 (TTL: 30 minutes)
2026-05-09 21:24:34.877 [main] DEBUG c.a.system.util.CacheManager - Cache entry added: key:577 (TTL: 30 minutes)
2026-05-09 21:24:34.877 [main] DEBUG c.a.system.util.CacheManager - Cache entry added: key:578 (TTL: 30 minutes)
2026-05-09 21:24:34.877 [main] DEBUG c.a.system.util.CacheManager - Cache entry added: key:579 (TTL: 30 minutes)
2026-05-09 21:24:34.877 [main] DEBUG c.a.system.util.CacheManager - Cache entry added: key:580 (TTL: 30 minutes)
2026-05-09 21:24:34.877 [main] DEBUG c.a.system.util.CacheManager - Cache entry added: key:581 (TTL: 30 minutes)
2026-05-09 21:24:34.877 [main] DEBUG c.a.system.util.CacheManager - Cache entry added: key:582 (TTL: 30 minutes)
2026-05-09 21:24:34.877 [main] DEBUG c.a.system.util.CacheManager - Cache entry added: key:583 (TTL: 30 minutes)
2026-05-09 21:24:34.877 [main] DEBUG c.a.system.util.CacheManager - Cache entry added: key:584 (TTL: 30 minutes)
2026-05-09 21:24:34.877 [main] DEBUG c.a.system.util.CacheManager - Cache entry added: key:585 (TTL: 30 minutes)
2026-05-09 21:24:34.877 [main] DEBUG c.a.system.util.CacheManager - Cache entry added: key:586 (TTL: 30 minutes)
2026-05-09 21:24:34.877 [main] DEBUG c.a.system.util.CacheManager - Cache entry added: key:587 (TTL: 30 minutes)
2026-05-09 21:24:34.877 [main] DEBUG c.a.system.util.CacheManager - Cache entry added: key:588 (TTL: 30 minutes)
2026-05-09 21:24:34.877 [main] DEBUG c.a.system.util.CacheManager - Cache entry added: key:589 (TTL: 30 minutes)
2026-05-09 21:24:34.877 [main] DEBUG c.a.system.util.CacheManager - Cache entry added: key:590 (TTL: 30 minutes)
2026-05-09 21:24:34.877 [main] DEBUG c.a.system.util.CacheManager - Cache entry added: key:591 (TTL: 30 minutes)
2026-05-09 21:24:34.877 [main] DEBUG c.a.system.util.CacheManager - Cache entry added: key:592 (TTL: 30 minutes)
2026-05-09 21:24:34.877 [main] DEBUG c.a.system.util.CacheManager - Cache entry added: key:593 (TTL: 30 minutes)
2026-05-09 21:24:34.877 [main] DEBUG c.a.system.util.CacheManager - Cache entry added: key:594 (TTL: 30 minutes)
2026-05-09 21:24:34.877 [main] DEBUG c.a.system.util.CacheManager - Cache entry added: key:595 (TTL: 30 minutes)
2026-05-09 21:24:34.877 [main] DEBUG c.a.system.util.CacheManager - Cache entry added: key:596 (TTL: 30 minutes)
2026-05-09 21:24:34.877 [main] DEBUG c.a.system.util.CacheManager - Cache entry added: key:597 (TTL: 30 minutes)
2026-05-09 21:24:34.878 [main] DEBUG c.a.system.util.CacheManager - Cache entry added: key:598 (TTL: 30 minutes)
2026-05-09 21:24:34.878 [main] DEBUG c.a.system.util.CacheManager - Cache entry added: key:599 (TTL: 30 minutes)
2026-05-09 21:24:34.878 [main] DEBUG c.a.system.util.CacheManager - Cache entry added: key:600 (TTL: 30 minutes)
2026-05-09 21:24:34.878 [main] DEBUG c.a.system.util.CacheManager - Cache entry added: key:601 (TTL: 30 minutes)
2026-05-09 21:24:34.878 [main] DEBUG c.a.system.util.CacheManager - Cache entry added: key:602 (TTL: 30 minutes)
2026-05-09 21:24:34.878 [main] DEBUG c.a.system.util.CacheManager - Cache entry added: key:603 (TTL: 30 minutes)
2026-05-09 21:24:34.878 [main] DEBUG c.a.system.util.CacheManager - Cache entry added: key:604 (TTL: 30 minutes)
2026-05-09 21:24:34.878 [main] DEBUG c.a.system.util.CacheManager - Cache entry added: key:605 (TTL: 30 minutes)
2026-05-09 21:24:34.878 [main] DEBUG c.a.system.util.CacheManager - Cache entry added: key:606 (TTL: 30 minutes)
2026-05-09 21:24:34.878 [main] DEBUG c.a.system.util.CacheManager - Cache entry added: key:607 (TTL: 30 minutes)
2026-05-09 21:24:34.878 [main] DEBUG c.a.system.util.CacheManager - Cache entry added: key:608 (TTL: 30 minutes)
2026-05-09 21:24:34.878 [main] DEBUG c.a.system.util.CacheManager - Cache entry added: key:609 (TTL: 30 minutes)
2026-05-09 21:24:34.878 [main] DEBUG c.a.system.util.CacheManager - Cache entry added: key:610 (TTL: 30 minutes)
2026-05-09 21:24:34.878 [main] DEBUG c.a.system.util.CacheManager - Cache entry added: key:611 (TTL: 30 minutes)
2026-05-09 21:24:34.878 [main] DEBUG c.a.system.util.CacheManager - Cache entry added: key:612 (TTL: 30 minutes)
2026-05-09 21:24:34.878 [main] DEBUG c.a.system.util.CacheManager - Cache entry added: key:613 (TTL: 30 minutes)
2026-05-09 21:24:34.878 [main] DEBUG c.a.system.util.CacheManager - Cache entry added: key:614 (TTL: 30 minutes)
2026-05-09 21:24:34.878 [main] DEBUG c.a.system.util.CacheManager - Cache entry added: key:615 (TTL: 30 minutes)
2026-05-09 21:24:34.878 [main] DEBUG c.a.system.util.CacheManager - Cache entry added: key:616 (TTL: 30 minutes)
2026-05-09 21:24:34.878 [main] DEBUG c.a.system.util.CacheManager - Cache entry added: key:617 (TTL: 30 minutes)
2026-05-09 21:24:34.878 [main] DEBUG c.a.system.util.CacheManager - Cache entry added: key:618 (TTL: 30 minutes)
2026-05-09 21:24:34.878 [main] DEBUG c.a.system.util.CacheManager - Cache entry added: key:619 (TTL: 30 minutes)
2026-05-09 21:24:34.878 [main] DEBUG c.a.system.util.CacheManager - Cache entry added: key:620 (TTL: 30 minutes)
2026-05-09 21:24:34.878 [main] DEBUG c.a.system.util.CacheManager - Cache entry added: key:621 (TTL: 30 minutes)
2026-05-09 21:24:34.878 [main] DEBUG c.a.system.util.CacheManager - Cache entry added: key:622 (TTL: 30 minutes)
2026-05-09 21:24:34.878 [main] DEBUG c.a.system.util.CacheManager - Cache entry added: key:623 (TTL: 30 minutes)
2026-05-09 21:24:34.878 [main] DEBUG c.a.system.util.CacheManager - Cache entry added: key:624 (TTL: 30 minutes)
2026-05-09 21:24:34.878 [main] DEBUG c.a.system.util.CacheManager - Cache entry added: key:625 (TTL: 30 minutes)
2026-05-09 21:24:34.879 [main] DEBUG c.a.system.util.CacheManager - Cache entry added: key:626 (TTL: 30 minutes)
2026-05-09 21:24:34.879 [main] DEBUG c.a.system.util.CacheManager - Cache entry added: key:627 (TTL: 30 minutes)
2026-05-09 21:24:34.879 [main] DEBUG c.a.system.util.CacheManager - Cache entry added: key:628 (TTL: 30 minutes)
2026-05-09 21:24:34.879 [main] DEBUG c.a.system.util.CacheManager - Cache entry added: key:629 (TTL: 30 minutes)
2026-05-09 21:24:34.879 [main] DEBUG c.a.system.util.CacheManager - Cache entry added: key:630 (TTL: 30 minutes)
2026-05-09 21:24:34.879 [main] DEBUG c.a.system.util.CacheManager - Cache entry added: key:631 (TTL: 30 minutes)
2026-05-09 21:24:34.879 [main] DEBUG c.a.system.util.CacheManager - Cache entry added: key:632 (TTL: 30 minutes)
2026-05-09 21:24:34.879 [main] DEBUG c.a.system.util.CacheManager - Cache entry added: key:633 (TTL: 30 minutes)
2026-05-09 21:24:34.879 [main] DEBUG c.a.system.util.CacheManager - Cache entry added: key:634 (TTL: 30 minutes)
2026-05-09 21:24:34.879 [main] DEBUG c.a.system.util.CacheManager - Cache entry added: key:635 (TTL: 30 minutes)
2026-05-09 21:24:34.879 [main] DEBUG c.a.system.util.CacheManager - Cache entry added: key:636 (TTL: 30 minutes)
2026-05-09 21:24:34.879 [main] DEBUG c.a.system.util.CacheManager - Cache entry added: key:637 (TTL: 30 minutes)
2026-05-09 21:24:34.879 [main] DEBUG c.a.system.util.CacheManager - Cache entry added: key:638 (TTL: 30 minutes)
2026-05-09 21:24:34.879 [main] DEBUG c.a.system.util.CacheManager - Cache entry added: key:639 (TTL: 30 minutes)
2026-05-09 21:24:34.879 [main] DEBUG c.a.system.util.CacheManager - Cache entry added: key:640 (TTL: 30 minutes)
2026-05-09 21:24:34.879 [main] DEBUG c.a.system.util.CacheManager - Cache entry added: key:641 (TTL: 30 minutes)
2026-05-09 21:24:34.879 [main] DEBUG c.a.system.util.CacheManager - Cache entry added: key:642 (TTL: 30 minutes)
2026-05-09 21:24:34.879 [main] DEBUG c.a.system.util.CacheManager - Cache entry added: key:643 (TTL: 30 minutes)
2026-05-09 21:24:34.879 [main] DEBUG c.a.system.util.CacheManager - Cache entry added: key:644 (TTL: 30 minutes)
2026-05-09 21:24:34.879 [main] DEBUG c.a.system.util.CacheManager - Cache entry added: key:645 (TTL: 30 minutes)
2026-05-09 21:24:34.879 [main] DEBUG c.a.system.util.CacheManager - Cache entry added: key:646 (TTL: 30 minutes)
2026-05-09 21:24:34.879 [main] DEBUG c.a.system.util.CacheManager - Cache entry added: key:647 (TTL: 30 minutes)
2026-05-09 21:24:34.879 [main] DEBUG c.a.system.util.CacheManager - Cache entry added: key:648 (TTL: 30 minutes)
2026-05-09 21:24:34.879 [main] DEBUG c.a.system.util.CacheManager - Cache entry added: key:649 (TTL: 30 minutes)
2026-05-09 21:24:34.879 [main] DEBUG c.a.system.util.CacheManager - Cache entry added: key:650 (TTL: 30 minutes)
2026-05-09 21:24:34.879 [main] DEBUG c.a.system.util.CacheManager - Cache entry added: key:651 (TTL: 30 minutes)
2026-05-09 21:24:34.880 [main] DEBUG c.a.system.util.CacheManager - Cache entry added: key:652 (TTL: 30 minutes)
2026-05-09 21:24:34.880 [main] DEBUG c.a.system.util.CacheManager - Cache entry added: key:653 (TTL: 30 minutes)
2026-05-09 21:24:34.880 [main] DEBUG c.a.system.util.CacheManager - Cache entry added: key:654 (TTL: 30 minutes)
2026-05-09 21:24:34.880 [main] DEBUG c.a.system.util.CacheManager - Cache entry added: key:655 (TTL: 30 minutes)
2026-05-09 21:24:34.880 [main] DEBUG c.a.system.util.CacheManager - Cache entry added: key:656 (TTL: 30 minutes)
2026-05-09 21:24:34.880 [main] DEBUG c.a.system.util.CacheManager - Cache entry added: key:657 (TTL: 30 minutes)
2026-05-09 21:24:34.880 [main] DEBUG c.a.system.util.CacheManager - Cache entry added: key:658 (TTL: 30 minutes)
2026-05-09 21:24:34.880 [main] DEBUG c.a.system.util.CacheManager - Cache entry added: key:659 (TTL: 30 minutes)
2026-05-09 21:24:34.880 [main] DEBUG c.a.system.util.CacheManager - Cache entry added: key:660 (TTL: 30 minutes)
2026-05-09 21:24:34.880 [main] DEBUG c.a.system.util.CacheManager - Cache entry added: key:661 (TTL: 30 minutes)
2026-05-09 21:24:34.880 [main] DEBUG c.a.system.util.CacheManager - Cache entry added: key:662 (TTL: 30 minutes)
2026-05-09 21:24:34.880 [main] DEBUG c.a.system.util.CacheManager - Cache entry added: key:663 (TTL: 30 minutes)
2026-05-09 21:24:34.880 [main] DEBUG c.a.system.util.CacheManager - Cache entry added: key:664 (TTL: 30 minutes)
2026-05-09 21:24:34.880 [main] DEBUG c.a.system.util.CacheManager - Cache entry added: key:665 (TTL: 30 minutes)
2026-05-09 21:24:34.880 [main] DEBUG c.a.system.util.CacheManager - Cache entry added: key:666 (TTL: 30 minutes)
2026-05-09 21:24:34.880 [main] DEBUG c.a.system.util.CacheManager - Cache entry added: key:667 (TTL: 30 minutes)
2026-05-09 21:24:34.880 [main] DEBUG c.a.system.util.CacheManager - Cache entry added: key:668 (TTL: 30 minutes)
2026-05-09 21:24:34.880 [main] DEBUG c.a.system.util.CacheManager - Cache entry added: key:669 (TTL: 30 minutes)
2026-05-09 21:24:34.880 [main] DEBUG c.a.system.util.CacheManager - Cache entry added: key:670 (TTL: 30 minutes)
2026-05-09 21:24:34.880 [main] DEBUG c.a.system.util.CacheManager - Cache entry added: key:671 (TTL: 30 minutes)
2026-05-09 21:24:34.880 [main] DEBUG c.a.system.util.CacheManager - Cache entry added: key:672 (TTL: 30 minutes)
2026-05-09 21:24:34.880 [main] DEBUG c.a.system.util.CacheManager - Cache entry added: key:673 (TTL: 30 minutes)
2026-05-09 21:24:34.881 [main] DEBUG c.a.system.util.CacheManager - Cache entry added: key:674 (TTL: 30 minutes)
2026-05-09 21:24:34.881 [main] DEBUG c.a.system.util.CacheManager - Cache entry added: key:675 (TTL: 30 minutes)
2026-05-09 21:24:34.881 [main] DEBUG c.a.system.util.CacheManager - Cache entry added: key:676 (TTL: 30 minutes)
2026-05-09 21:24:34.881 [main] DEBUG c.a.system.util.CacheManager - Cache entry added: key:677 (TTL: 30 minutes)
2026-05-09 21:24:34.881 [main] DEBUG c.a.system.util.CacheManager - Cache entry added: key:678 (TTL: 30 minutes)
2026-05-09 21:24:34.881 [main] DEBUG c.a.system.util.CacheManager - Cache entry added: key:679 (TTL: 30 minutes)
2026-05-09 21:24:34.881 [main] DEBUG c.a.system.util.CacheManager - Cache entry added: key:680 (TTL: 30 minutes)
2026-05-09 21:24:34.881 [main] DEBUG c.a.system.util.CacheManager - Cache entry added: key:681 (TTL: 30 minutes)
2026-05-09 21:24:34.881 [main] DEBUG c.a.system.util.CacheManager - Cache entry added: key:682 (TTL: 30 minutes)
2026-05-09 21:24:34.881 [main] DEBUG c.a.system.util.CacheManager - Cache entry added: key:683 (TTL: 30 minutes)
2026-05-09 21:24:34.881 [main] DEBUG c.a.system.util.CacheManager - Cache entry added: key:684 (TTL: 30 minutes)
2026-05-09 21:24:34.881 [main] DEBUG c.a.system.util.CacheManager - Cache entry added: key:685 (TTL: 30 minutes)
2026-05-09 21:24:34.881 [main] DEBUG c.a.system.util.CacheManager - Cache entry added: key:686 (TTL: 30 minutes)
2026-05-09 21:24:34.881 [main] DEBUG c.a.system.util.CacheManager - Cache entry added: key:687 (TTL: 30 minutes)
2026-05-09 21:24:34.881 [main] DEBUG c.a.system.util.CacheManager - Cache entry added: key:688 (TTL: 30 minutes)
2026-05-09 21:24:34.881 [main] DEBUG c.a.system.util.CacheManager - Cache entry added: key:689 (TTL: 30 minutes)
2026-05-09 21:24:34.881 [main] DEBUG c.a.system.util.CacheManager - Cache entry added: key:690 (TTL: 30 minutes)
2026-05-09 21:24:34.881 [main] DEBUG c.a.system.util.CacheManager - Cache entry added: key:691 (TTL: 30 minutes)
2026-05-09 21:24:34.881 [main] DEBUG c.a.system.util.CacheManager - Cache entry added: key:692 (TTL: 30 minutes)
2026-05-09 21:24:34.881 [main] DEBUG c.a.system.util.CacheManager - Cache entry added: key:693 (TTL: 30 minutes)
2026-05-09 21:24:34.881 [main] DEBUG c.a.system.util.CacheManager - Cache entry added: key:694 (TTL: 30 minutes)
2026-05-09 21:24:34.881 [main] DEBUG c.a.system.util.CacheManager - Cache entry added: key:695 (TTL: 30 minutes)
2026-05-09 21:24:34.881 [main] DEBUG c.a.system.util.CacheManager - Cache entry added: key:696 (TTL: 30 minutes)
2026-05-09 21:24:34.881 [main] DEBUG c.a.system.util.CacheManager - Cache entry added: key:697 (TTL: 30 minutes)
2026-05-09 21:24:34.881 [main] DEBUG c.a.system.util.CacheManager - Cache entry added: key:698 (TTL: 30 minutes)
2026-05-09 21:24:34.881 [main] DEBUG c.a.system.util.CacheManager - Cache entry added: key:699 (TTL: 30 minutes)
2026-05-09 21:24:34.882 [main] DEBUG c.a.system.util.CacheManager - Cache entry added: key:700 (TTL: 30 minutes)
2026-05-09 21:24:34.882 [main] DEBUG c.a.system.util.CacheManager - Cache entry added: key:701 (TTL: 30 minutes)
2026-05-09 21:24:34.882 [main] DEBUG c.a.system.util.CacheManager - Cache entry added: key:702 (TTL: 30 minutes)
2026-05-09 21:24:34.882 [main] DEBUG c.a.system.util.CacheManager - Cache entry added: key:703 (TTL: 30 minutes)
2026-05-09 21:24:34.882 [main] DEBUG c.a.system.util.CacheManager - Cache entry added: key:704 (TTL: 30 minutes)
2026-05-09 21:24:34.882 [main] DEBUG c.a.system.util.CacheManager - Cache entry added: key:705 (TTL: 30 minutes)
2026-05-09 21:24:34.882 [main] DEBUG c.a.system.util.CacheManager - Cache entry added: key:706 (TTL: 30 minutes)
2026-05-09 21:24:34.882 [main] DEBUG c.a.system.util.CacheManager - Cache entry added: key:707 (TTL: 30 minutes)
2026-05-09 21:24:34.882 [main] DEBUG c.a.system.util.CacheManager - Cache entry added: key:708 (TTL: 30 minutes)
2026-05-09 21:24:34.882 [main] DEBUG c.a.system.util.CacheManager - Cache entry added: key:709 (TTL: 30 minutes)
2026-05-09 21:24:34.882 [main] DEBUG c.a.system.util.CacheManager - Cache entry added: key:710 (TTL: 30 minutes)
2026-05-09 21:24:34.882 [main] DEBUG c.a.system.util.CacheManager - Cache entry added: key:711 (TTL: 30 minutes)
2026-05-09 21:24:34.882 [main] DEBUG c.a.system.util.CacheManager - Cache entry added: key:712 (TTL: 30 minutes)
2026-05-09 21:24:34.882 [main] DEBUG c.a.system.util.CacheManager - Cache entry added: key:713 (TTL: 30 minutes)
2026-05-09 21:24:34.882 [main] DEBUG c.a.system.util.CacheManager - Cache entry added: key:714 (TTL: 30 minutes)
2026-05-09 21:24:34.882 [main] DEBUG c.a.system.util.CacheManager - Cache entry added: key:715 (TTL: 30 minutes)
2026-05-09 21:24:34.882 [main] DEBUG c.a.system.util.CacheManager - Cache entry added: key:716 (TTL: 30 minutes)
2026-05-09 21:24:34.882 [main] DEBUG c.a.system.util.CacheManager - Cache entry added: key:717 (TTL: 30 minutes)
2026-05-09 21:24:34.882 [main] DEBUG c.a.system.util.CacheManager - Cache entry added: key:718 (TTL: 30 minutes)
2026-05-09 21:24:34.882 [main] DEBUG c.a.system.util.CacheManager - Cache entry added: key:719 (TTL: 30 minutes)
2026-05-09 21:24:34.882 [main] DEBUG c.a.system.util.CacheManager - Cache entry added: key:720 (TTL: 30 minutes)
2026-05-09 21:24:34.882 [main] DEBUG c.a.system.util.CacheManager - Cache entry added: key:721 (TTL: 30 minutes)
2026-05-09 21:24:34.882 [main] DEBUG c.a.system.util.CacheManager - Cache entry added: key:722 (TTL: 30 minutes)
2026-05-09 21:24:34.882 [main] DEBUG c.a.system.util.CacheManager - Cache entry added: key:723 (TTL: 30 minutes)
2026-05-09 21:24:34.882 [main] DEBUG c.a.system.util.CacheManager - Cache entry added: key:724 (TTL: 30 minutes)
2026-05-09 21:24:34.882 [main] DEBUG c.a.system.util.CacheManager - Cache entry added: key:725 (TTL: 30 minutes)
2026-05-09 21:24:34.882 [main] DEBUG c.a.system.util.CacheManager - Cache entry added: key:726 (TTL: 30 minutes)
2026-05-09 21:24:34.882 [main] DEBUG c.a.system.util.CacheManager - Cache entry added: key:727 (TTL: 30 minutes)
2026-05-09 21:24:34.882 [main] DEBUG c.a.system.util.CacheManager - Cache entry added: key:728 (TTL: 30 minutes)
2026-05-09 21:24:34.882 [main] DEBUG c.a.system.util.CacheManager - Cache entry added: key:729 (TTL: 30 minutes)
2026-05-09 21:24:34.883 [main] DEBUG c.a.system.util.CacheManager - Cache entry added: key:730 (TTL: 30 minutes)
2026-05-09 21:24:34.883 [main] DEBUG c.a.system.util.CacheManager - Cache entry added: key:731 (TTL: 30 minutes)
2026-05-09 21:24:34.883 [main] DEBUG c.a.system.util.CacheManager - Cache entry added: key:732 (TTL: 30 minutes)
2026-05-09 21:24:34.883 [main] DEBUG c.a.system.util.CacheManager - Cache entry added: key:733 (TTL: 30 minutes)
2026-05-09 21:24:34.883 [main] DEBUG c.a.system.util.CacheManager - Cache entry added: key:734 (TTL: 30 minutes)
2026-05-09 21:24:34.883 [main] DEBUG c.a.system.util.CacheManager - Cache entry added: key:735 (TTL: 30 minutes)
2026-05-09 21:24:34.883 [main] DEBUG c.a.system.util.CacheManager - Cache entry added: key:736 (TTL: 30 minutes)
2026-05-09 21:24:34.883 [main] DEBUG c.a.system.util.CacheManager - Cache entry added: key:737 (TTL: 30 minutes)
2026-05-09 21:24:34.883 [main] DEBUG c.a.system.util.CacheManager - Cache entry added: key:738 (TTL: 30 minutes)
2026-05-09 21:24:34.883 [main] DEBUG c.a.system.util.CacheManager - Cache entry added: key:739 (TTL: 30 minutes)
2026-05-09 21:24:34.883 [main] DEBUG c.a.system.util.CacheManager - Cache entry added: key:740 (TTL: 30 minutes)
2026-05-09 21:24:34.883 [main] DEBUG c.a.system.util.CacheManager - Cache entry added: key:741 (TTL: 30 minutes)
2026-05-09 21:24:34.883 [main] DEBUG c.a.system.util.CacheManager - Cache entry added: key:742 (TTL: 30 minutes)
2026-05-09 21:24:34.883 [main] DEBUG c.a.system.util.CacheManager - Cache entry added: key:743 (TTL: 30 minutes)
2026-05-09 21:24:34.883 [main] DEBUG c.a.system.util.CacheManager - Cache entry added: key:744 (TTL: 30 minutes)
2026-05-09 21:24:34.883 [main] DEBUG c.a.system.util.CacheManager - Cache entry added: key:745 (TTL: 30 minutes)
2026-05-09 21:24:34.883 [main] DEBUG c.a.system.util.CacheManager - Cache entry added: key:746 (TTL: 30 minutes)
2026-05-09 21:24:34.883 [main] DEBUG c.a.system.util.CacheManager - Cache entry added: key:747 (TTL: 30 minutes)
2026-05-09 21:24:34.884 [main] DEBUG c.a.system.util.CacheManager - Cache entry added: key:748 (TTL: 30 minutes)
2026-05-09 21:24:34.884 [main] DEBUG c.a.system.util.CacheManager - Cache entry added: key:749 (TTL: 30 minutes)
2026-05-09 21:24:34.884 [main] DEBUG c.a.system.util.CacheManager - Cache entry added: key:750 (TTL: 30 minutes)
2026-05-09 21:24:34.884 [main] DEBUG c.a.system.util.CacheManager - Cache entry added: key:751 (TTL: 30 minutes)
2026-05-09 21:24:34.884 [main] DEBUG c.a.system.util.CacheManager - Cache entry added: key:752 (TTL: 30 minutes)
2026-05-09 21:24:34.884 [main] DEBUG c.a.system.util.CacheManager - Cache entry added: key:753 (TTL: 30 minutes)
2026-05-09 21:24:34.884 [main] DEBUG c.a.system.util.CacheManager - Cache entry added: key:754 (TTL: 30 minutes)
2026-05-09 21:24:34.884 [main] DEBUG c.a.system.util.CacheManager - Cache entry added: key:755 (TTL: 30 minutes)
2026-05-09 21:24:34.884 [main] DEBUG c.a.system.util.CacheManager - Cache entry added: key:756 (TTL: 30 minutes)
2026-05-09 21:24:34.884 [main] DEBUG c.a.system.util.CacheManager - Cache entry added: key:757 (TTL: 30 minutes)
2026-05-09 21:24:34.884 [main] DEBUG c.a.system.util.CacheManager - Cache entry added: key:758 (TTL: 30 minutes)
2026-05-09 21:24:34.884 [main] DEBUG c.a.system.util.CacheManager - Cache entry added: key:759 (TTL: 30 minutes)
2026-05-09 21:24:34.884 [main] DEBUG c.a.system.util.CacheManager - Cache entry added: key:760 (TTL: 30 minutes)
2026-05-09 21:24:34.884 [main] DEBUG c.a.system.util.CacheManager - Cache entry added: key:761 (TTL: 30 minutes)
2026-05-09 21:24:34.884 [main] DEBUG c.a.system.util.CacheManager - Cache entry added: key:762 (TTL: 30 minutes)
2026-05-09 21:24:34.884 [main] DEBUG c.a.system.util.CacheManager - Cache entry added: key:763 (TTL: 30 minutes)
2026-05-09 21:24:34.884 [main] DEBUG c.a.system.util.CacheManager - Cache entry added: key:764 (TTL: 30 minutes)
2026-05-09 21:24:34.884 [main] DEBUG c.a.system.util.CacheManager - Cache entry added: key:765 (TTL: 30 minutes)
2026-05-09 21:24:34.884 [main] DEBUG c.a.system.util.CacheManager - Cache entry added: key:766 (TTL: 30 minutes)
2026-05-09 21:24:34.884 [main] DEBUG c.a.system.util.CacheManager - Cache entry added: key:767 (TTL: 30 minutes)
2026-05-09 21:24:34.885 [main] DEBUG c.a.system.util.CacheManager - Cache entry added: key:768 (TTL: 30 minutes)
2026-05-09 21:24:34.885 [main] DEBUG c.a.system.util.CacheManager - Cache entry added: key:769 (TTL: 30 minutes)
2026-05-09 21:24:34.885 [main] DEBUG c.a.system.util.CacheManager - Cache entry added: key:770 (TTL: 30 minutes)
2026-05-09 21:24:34.885 [main] DEBUG c.a.system.util.CacheManager - Cache entry added: key:771 (TTL: 30 minutes)
2026-05-09 21:24:34.885 [main] DEBUG c.a.system.util.CacheManager - Cache entry added: key:772 (TTL: 30 minutes)
2026-05-09 21:24:34.885 [main] DEBUG c.a.system.util.CacheManager - Cache entry added: key:773 (TTL: 30 minutes)
2026-05-09 21:24:34.885 [main] DEBUG c.a.system.util.CacheManager - Cache entry added: key:774 (TTL: 30 minutes)
2026-05-09 21:24:34.885 [main] DEBUG c.a.system.util.CacheManager - Cache entry added: key:775 (TTL: 30 minutes)
2026-05-09 21:24:34.885 [main] DEBUG c.a.system.util.CacheManager - Cache entry added: key:776 (TTL: 30 minutes)
2026-05-09 21:24:34.885 [main] DEBUG c.a.system.util.CacheManager - Cache entry added: key:777 (TTL: 30 minutes)
2026-05-09 21:24:34.885 [main] DEBUG c.a.system.util.CacheManager - Cache entry added: key:778 (TTL: 30 minutes)
2026-05-09 21:24:34.885 [main] DEBUG c.a.system.util.CacheManager - Cache entry added: key:779 (TTL: 30 minutes)
2026-05-09 21:24:34.885 [main] DEBUG c.a.system.util.CacheManager - Cache entry added: key:780 (TTL: 30 minutes)
2026-05-09 21:24:34.885 [main] DEBUG c.a.system.util.CacheManager - Cache entry added: key:781 (TTL: 30 minutes)
2026-05-09 21:24:34.885 [main] DEBUG c.a.system.util.CacheManager - Cache entry added: key:782 (TTL: 30 minutes)
2026-05-09 21:24:34.885 [main] DEBUG c.a.system.util.CacheManager - Cache entry added: key:783 (TTL: 30 minutes)
2026-05-09 21:24:34.885 [main] DEBUG c.a.system.util.CacheManager - Cache entry added: key:784 (TTL: 30 minutes)
2026-05-09 21:24:34.885 [main] DEBUG c.a.system.util.CacheManager - Cache entry added: key:785 (TTL: 30 minutes)
2026-05-09 21:24:34.885 [main] DEBUG c.a.system.util.CacheManager - Cache entry added: key:786 (TTL: 30 minutes)
2026-05-09 21:24:34.885 [main] DEBUG c.a.system.util.CacheManager - Cache entry added: key:787 (TTL: 30 minutes)
2026-05-09 21:24:34.885 [main] DEBUG c.a.system.util.CacheManager - Cache entry added: key:788 (TTL: 30 minutes)
2026-05-09 21:24:34.885 [main] DEBUG c.a.system.util.CacheManager - Cache entry added: key:789 (TTL: 30 minutes)
2026-05-09 21:24:34.885 [main] DEBUG c.a.system.util.CacheManager - Cache entry added: key:790 (TTL: 30 minutes)
2026-05-09 21:24:34.885 [main] DEBUG c.a.system.util.CacheManager - Cache entry added: key:791 (TTL: 30 minutes)
2026-05-09 21:24:34.885 [main] DEBUG c.a.system.util.CacheManager - Cache entry added: key:792 (TTL: 30 minutes)
2026-05-09 21:24:34.885 [main] DEBUG c.a.system.util.CacheManager - Cache entry added: key:793 (TTL: 30 minutes)
2026-05-09 21:24:34.885 [main] DEBUG c.a.system.util.CacheManager - Cache entry added: key:794 (TTL: 30 minutes)
2026-05-09 21:24:34.885 [main] DEBUG c.a.system.util.CacheManager - Cache entry added: key:795 (TTL: 30 minutes)
2026-05-09 21:24:34.886 [main] DEBUG c.a.system.util.CacheManager - Cache entry added: key:796 (TTL: 30 minutes)
2026-05-09 21:24:34.886 [main] DEBUG c.a.system.util.CacheManager - Cache entry added: key:797 (TTL: 30 minutes)
2026-05-09 21:24:34.886 [main] DEBUG c.a.system.util.CacheManager - Cache entry added: key:798 (TTL: 30 minutes)
2026-05-09 21:24:34.886 [main] DEBUG c.a.system.util.CacheManager - Cache entry added: key:799 (TTL: 30 minutes)
2026-05-09 21:24:34.886 [main] DEBUG c.a.system.util.CacheManager - Cache entry added: key:800 (TTL: 30 minutes)
2026-05-09 21:24:34.886 [main] DEBUG c.a.system.util.CacheManager - Cache entry added: key:801 (TTL: 30 minutes)
2026-05-09 21:24:34.886 [main] DEBUG c.a.system.util.CacheManager - Cache entry added: key:802 (TTL: 30 minutes)
2026-05-09 21:24:34.886 [main] DEBUG c.a.system.util.CacheManager - Cache entry added: key:803 (TTL: 30 minutes)
2026-05-09 21:24:34.886 [main] DEBUG c.a.system.util.CacheManager - Cache entry added: key:804 (TTL: 30 minutes)
2026-05-09 21:24:34.886 [main] DEBUG c.a.system.util.CacheManager - Cache entry added: key:805 (TTL: 30 minutes)
2026-05-09 21:24:34.886 [main] DEBUG c.a.system.util.CacheManager - Cache entry added: key:806 (TTL: 30 minutes)
2026-05-09 21:24:34.886 [main] DEBUG c.a.system.util.CacheManager - Cache entry added: key:807 (TTL: 30 minutes)
2026-05-09 21:24:34.886 [main] DEBUG c.a.system.util.CacheManager - Cache entry added: key:808 (TTL: 30 minutes)
2026-05-09 21:24:34.886 [main] DEBUG c.a.system.util.CacheManager - Cache entry added: key:809 (TTL: 30 minutes)
2026-05-09 21:24:34.886 [main] DEBUG c.a.system.util.CacheManager - Cache entry added: key:810 (TTL: 30 minutes)
2026-05-09 21:24:34.886 [main] DEBUG c.a.system.util.CacheManager - Cache entry added: key:811 (TTL: 30 minutes)
2026-05-09 21:24:34.886 [main] DEBUG c.a.system.util.CacheManager - Cache entry added: key:812 (TTL: 30 minutes)
2026-05-09 21:24:34.886 [main] DEBUG c.a.system.util.CacheManager - Cache entry added: key:813 (TTL: 30 minutes)
2026-05-09 21:24:34.886 [main] DEBUG c.a.system.util.CacheManager - Cache entry added: key:814 (TTL: 30 minutes)
2026-05-09 21:24:34.886 [main] DEBUG c.a.system.util.CacheManager - Cache entry added: key:815 (TTL: 30 minutes)
2026-05-09 21:24:34.886 [main] DEBUG c.a.system.util.CacheManager - Cache entry added: key:816 (TTL: 30 minutes)
2026-05-09 21:24:34.886 [main] DEBUG c.a.system.util.CacheManager - Cache entry added: key:817 (TTL: 30 minutes)
2026-05-09 21:24:34.886 [main] DEBUG c.a.system.util.CacheManager - Cache entry added: key:818 (TTL: 30 minutes)
2026-05-09 21:24:34.886 [main] DEBUG c.a.system.util.CacheManager - Cache entry added: key:819 (TTL: 30 minutes)
2026-05-09 21:24:34.887 [main] DEBUG c.a.system.util.CacheManager - Cache entry added: key:820 (TTL: 30 minutes)
2026-05-09 21:24:34.887 [main] DEBUG c.a.system.util.CacheManager - Cache entry added: key:821 (TTL: 30 minutes)
2026-05-09 21:24:34.887 [main] DEBUG c.a.system.util.CacheManager - Cache entry added: key:822 (TTL: 30 minutes)
2026-05-09 21:24:34.887 [main] DEBUG c.a.system.util.CacheManager - Cache entry added: key:823 (TTL: 30 minutes)
2026-05-09 21:24:34.887 [main] DEBUG c.a.system.util.CacheManager - Cache entry added: key:824 (TTL: 30 minutes)
2026-05-09 21:24:34.887 [main] DEBUG c.a.system.util.CacheManager - Cache entry added: key:825 (TTL: 30 minutes)
2026-05-09 21:24:34.887 [main] DEBUG c.a.system.util.CacheManager - Cache entry added: key:826 (TTL: 30 minutes)
2026-05-09 21:24:34.887 [main] DEBUG c.a.system.util.CacheManager - Cache entry added: key:827 (TTL: 30 minutes)
2026-05-09 21:24:34.887 [main] DEBUG c.a.system.util.CacheManager - Cache entry added: key:828 (TTL: 30 minutes)
2026-05-09 21:24:34.887 [main] DEBUG c.a.system.util.CacheManager - Cache entry added: key:829 (TTL: 30 minutes)
2026-05-09 21:24:34.887 [main] DEBUG c.a.system.util.CacheManager - Cache entry added: key:830 (TTL: 30 minutes)
2026-05-09 21:24:34.887 [main] DEBUG c.a.system.util.CacheManager - Cache entry added: key:831 (TTL: 30 minutes)
2026-05-09 21:24:34.887 [main] DEBUG c.a.system.util.CacheManager - Cache entry added: key:832 (TTL: 30 minutes)
2026-05-09 21:24:34.887 [main] DEBUG c.a.system.util.CacheManager - Cache entry added: key:833 (TTL: 30 minutes)
2026-05-09 21:24:34.887 [main] DEBUG c.a.system.util.CacheManager - Cache entry added: key:834 (TTL: 30 minutes)
2026-05-09 21:24:34.887 [main] DEBUG c.a.system.util.CacheManager - Cache entry added: key:835 (TTL: 30 minutes)
2026-05-09 21:24:34.887 [main] DEBUG c.a.system.util.CacheManager - Cache entry added: key:836 (TTL: 30 minutes)
2026-05-09 21:24:34.887 [main] DEBUG c.a.system.util.CacheManager - Cache entry added: key:837 (TTL: 30 minutes)
2026-05-09 21:24:34.888 [main] DEBUG c.a.system.util.CacheManager - Cache entry added: key:838 (TTL: 30 minutes)
2026-05-09 21:24:34.888 [main] DEBUG c.a.system.util.CacheManager - Cache entry added: key:839 (TTL: 30 minutes)
2026-05-09 21:24:34.888 [main] DEBUG c.a.system.util.CacheManager - Cache entry added: key:840 (TTL: 30 minutes)
2026-05-09 21:24:34.888 [main] DEBUG c.a.system.util.CacheManager - Cache entry added: key:841 (TTL: 30 minutes)
2026-05-09 21:24:34.888 [main] DEBUG c.a.system.util.CacheManager - Cache entry added: key:842 (TTL: 30 minutes)
2026-05-09 21:24:34.888 [main] DEBUG c.a.system.util.CacheManager - Cache entry added: key:843 (TTL: 30 minutes)
2026-05-09 21:24:34.888 [main] DEBUG c.a.system.util.CacheManager - Cache entry added: key:844 (TTL: 30 minutes)
2026-05-09 21:24:34.888 [main] DEBUG c.a.system.util.CacheManager - Cache entry added: key:845 (TTL: 30 minutes)
2026-05-09 21:24:34.888 [main] DEBUG c.a.system.util.CacheManager - Cache entry added: key:846 (TTL: 30 minutes)
2026-05-09 21:24:34.888 [main] DEBUG c.a.system.util.CacheManager - Cache entry added: key:847 (TTL: 30 minutes)
2026-05-09 21:24:34.888 [main] DEBUG c.a.system.util.CacheManager - Cache entry added: key:848 (TTL: 30 minutes)
2026-05-09 21:24:34.888 [main] DEBUG c.a.system.util.CacheManager - Cache entry added: key:849 (TTL: 30 minutes)
2026-05-09 21:24:34.888 [main] DEBUG c.a.system.util.CacheManager - Cache entry added: key:850 (TTL: 30 minutes)
2026-05-09 21:24:34.888 [main] DEBUG c.a.system.util.CacheManager - Cache entry added: key:851 (TTL: 30 minutes)
2026-05-09 21:24:34.888 [main] DEBUG c.a.system.util.CacheManager - Cache entry added: key:852 (TTL: 30 minutes)
2026-05-09 21:24:34.888 [main] DEBUG c.a.system.util.CacheManager - Cache entry added: key:853 (TTL: 30 minutes)
2026-05-09 21:24:34.888 [main] DEBUG c.a.system.util.CacheManager - Cache entry added: key:854 (TTL: 30 minutes)
2026-05-09 21:24:34.888 [main] DEBUG c.a.system.util.CacheManager - Cache entry added: key:855 (TTL: 30 minutes)
2026-05-09 21:24:34.888 [main] DEBUG c.a.system.util.CacheManager - Cache entry added: key:856 (TTL: 30 minutes)
2026-05-09 21:24:34.888 [main] DEBUG c.a.system.util.CacheManager - Cache entry added: key:857 (TTL: 30 minutes)
2026-05-09 21:24:34.889 [main] DEBUG c.a.system.util.CacheManager - Cache entry added: key:858 (TTL: 30 minutes)
2026-05-09 21:24:34.889 [main] DEBUG c.a.system.util.CacheManager - Cache entry added: key:859 (TTL: 30 minutes)
2026-05-09 21:24:34.889 [main] DEBUG c.a.system.util.CacheManager - Cache entry added: key:860 (TTL: 30 minutes)
2026-05-09 21:24:34.889 [main] DEBUG c.a.system.util.CacheManager - Cache entry added: key:861 (TTL: 30 minutes)
2026-05-09 21:24:34.889 [main] DEBUG c.a.system.util.CacheManager - Cache entry added: key:862 (TTL: 30 minutes)
2026-05-09 21:24:34.889 [main] DEBUG c.a.system.util.CacheManager - Cache entry added: key:863 (TTL: 30 minutes)
2026-05-09 21:24:34.889 [main] DEBUG c.a.system.util.CacheManager - Cache entry added: key:864 (TTL: 30 minutes)
2026-05-09 21:24:34.889 [main] DEBUG c.a.system.util.CacheManager - Cache entry added: key:865 (TTL: 30 minutes)
2026-05-09 21:24:34.889 [main] DEBUG c.a.system.util.CacheManager - Cache entry added: key:866 (TTL: 30 minutes)
2026-05-09 21:24:34.889 [main] DEBUG c.a.system.util.CacheManager - Cache entry added: key:867 (TTL: 30 minutes)
2026-05-09 21:24:34.889 [main] DEBUG c.a.system.util.CacheManager - Cache entry added: key:868 (TTL: 30 minutes)
2026-05-09 21:24:34.889 [main] DEBUG c.a.system.util.CacheManager - Cache entry added: key:869 (TTL: 30 minutes)
2026-05-09 21:24:34.889 [main] DEBUG c.a.system.util.CacheManager - Cache entry added: key:870 (TTL: 30 minutes)
2026-05-09 21:24:34.889 [main] DEBUG c.a.system.util.CacheManager - Cache entry added: key:871 (TTL: 30 minutes)
2026-05-09 21:24:34.889 [main] DEBUG c.a.system.util.CacheManager - Cache entry added: key:872 (TTL: 30 minutes)
2026-05-09 21:24:34.889 [main] DEBUG c.a.system.util.CacheManager - Cache entry added: key:873 (TTL: 30 minutes)
2026-05-09 21:24:34.889 [main] DEBUG c.a.system.util.CacheManager - Cache entry added: key:874 (TTL: 30 minutes)
2026-05-09 21:24:34.889 [main] DEBUG c.a.system.util.CacheManager - Cache entry added: key:875 (TTL: 30 minutes)
2026-05-09 21:24:34.889 [main] DEBUG c.a.system.util.CacheManager - Cache entry added: key:876 (TTL: 30 minutes)
2026-05-09 21:24:34.889 [main] DEBUG c.a.system.util.CacheManager - Cache entry added: key:877 (TTL: 30 minutes)
2026-05-09 21:24:34.889 [main] DEBUG c.a.system.util.CacheManager - Cache entry added: key:878 (TTL: 30 minutes)
2026-05-09 21:24:34.889 [main] DEBUG c.a.system.util.CacheManager - Cache entry added: key:879 (TTL: 30 minutes)
2026-05-09 21:24:34.889 [main] DEBUG c.a.system.util.CacheManager - Cache entry added: key:880 (TTL: 30 minutes)
2026-05-09 21:24:34.889 [main] DEBUG c.a.system.util.CacheManager - Cache entry added: key:881 (TTL: 30 minutes)
2026-05-09 21:24:34.889 [main] DEBUG c.a.system.util.CacheManager - Cache entry added: key:882 (TTL: 30 minutes)
2026-05-09 21:24:34.889 [main] DEBUG c.a.system.util.CacheManager - Cache entry added: key:883 (TTL: 30 minutes)
2026-05-09 21:24:34.890 [main] DEBUG c.a.system.util.CacheManager - Cache entry added: key:884 (TTL: 30 minutes)
2026-05-09 21:24:34.890 [main] DEBUG c.a.system.util.CacheManager - Cache entry added: key:885 (TTL: 30 minutes)
2026-05-09 21:24:34.890 [main] DEBUG c.a.system.util.CacheManager - Cache entry added: key:886 (TTL: 30 minutes)
2026-05-09 21:24:34.890 [main] DEBUG c.a.system.util.CacheManager - Cache entry added: key:887 (TTL: 30 minutes)
2026-05-09 21:24:34.890 [main] DEBUG c.a.system.util.CacheManager - Cache entry added: key:888 (TTL: 30 minutes)
2026-05-09 21:24:34.890 [main] DEBUG c.a.system.util.CacheManager - Cache entry added: key:889 (TTL: 30 minutes)
2026-05-09 21:24:34.890 [main] DEBUG c.a.system.util.CacheManager - Cache entry added: key:890 (TTL: 30 minutes)
2026-05-09 21:24:34.890 [main] DEBUG c.a.system.util.CacheManager - Cache entry added: key:891 (TTL: 30 minutes)
2026-05-09 21:24:34.890 [main] DEBUG c.a.system.util.CacheManager - Cache entry added: key:892 (TTL: 30 minutes)
2026-05-09 21:24:34.890 [main] DEBUG c.a.system.util.CacheManager - Cache entry added: key:893 (TTL: 30 minutes)
2026-05-09 21:24:34.890 [main] DEBUG c.a.system.util.CacheManager - Cache entry added: key:894 (TTL: 30 minutes)
2026-05-09 21:24:34.890 [main] DEBUG c.a.system.util.CacheManager - Cache entry added: key:895 (TTL: 30 minutes)
2026-05-09 21:24:34.890 [main] DEBUG c.a.system.util.CacheManager - Cache entry added: key:896 (TTL: 30 minutes)
2026-05-09 21:24:34.890 [main] DEBUG c.a.system.util.CacheManager - Cache entry added: key:897 (TTL: 30 minutes)
2026-05-09 21:24:34.890 [main] DEBUG c.a.system.util.CacheManager - Cache entry added: key:898 (TTL: 30 minutes)
2026-05-09 21:24:34.890 [main] DEBUG c.a.system.util.CacheManager - Cache entry added: key:899 (TTL: 30 minutes)
2026-05-09 21:24:34.890 [main] DEBUG c.a.system.util.CacheManager - Cache entry added: key:900 (TTL: 30 minutes)
2026-05-09 21:24:34.890 [main] DEBUG c.a.system.util.CacheManager - Cache entry added: key:901 (TTL: 30 minutes)
2026-05-09 21:24:34.890 [main] DEBUG c.a.system.util.CacheManager - Cache entry added: key:902 (TTL: 30 minutes)
2026-05-09 21:24:34.890 [main] DEBUG c.a.system.util.CacheManager - Cache entry added: key:903 (TTL: 30 minutes)
2026-05-09 21:24:34.890 [main] DEBUG c.a.system.util.CacheManager - Cache entry added: key:904 (TTL: 30 minutes)
2026-05-09 21:24:34.890 [main] DEBUG c.a.system.util.CacheManager - Cache entry added: key:905 (TTL: 30 minutes)
2026-05-09 21:24:34.890 [main] DEBUG c.a.system.util.CacheManager - Cache entry added: key:906 (TTL: 30 minutes)
2026-05-09 21:24:34.891 [main] DEBUG c.a.system.util.CacheManager - Cache entry added: key:907 (TTL: 30 minutes)
2026-05-09 21:24:34.891 [main] DEBUG c.a.system.util.CacheManager - Cache entry added: key:908 (TTL: 30 minutes)
2026-05-09 21:24:34.891 [main] DEBUG c.a.system.util.CacheManager - Cache entry added: key:909 (TTL: 30 minutes)
2026-05-09 21:24:34.891 [main] DEBUG c.a.system.util.CacheManager - Cache entry added: key:910 (TTL: 30 minutes)
2026-05-09 21:24:34.891 [main] DEBUG c.a.system.util.CacheManager - Cache entry added: key:911 (TTL: 30 minutes)
2026-05-09 21:24:34.891 [main] DEBUG c.a.system.util.CacheManager - Cache entry added: key:912 (TTL: 30 minutes)
2026-05-09 21:24:34.891 [main] DEBUG c.a.system.util.CacheManager - Cache entry added: key:913 (TTL: 30 minutes)
2026-05-09 21:24:34.891 [main] DEBUG c.a.system.util.CacheManager - Cache entry added: key:914 (TTL: 30 minutes)
2026-05-09 21:24:34.891 [main] DEBUG c.a.system.util.CacheManager - Cache entry added: key:915 (TTL: 30 minutes)
2026-05-09 21:24:34.891 [main] DEBUG c.a.system.util.CacheManager - Cache entry added: key:916 (TTL: 30 minutes)
2026-05-09 21:24:34.891 [main] DEBUG c.a.system.util.CacheManager - Cache entry added: key:917 (TTL: 30 minutes)
2026-05-09 21:24:34.891 [main] DEBUG c.a.system.util.CacheManager - Cache entry added: key:918 (TTL: 30 minutes)
2026-05-09 21:24:34.891 [main] DEBUG c.a.system.util.CacheManager - Cache entry added: key:919 (TTL: 30 minutes)
2026-05-09 21:24:34.891 [main] DEBUG c.a.system.util.CacheManager - Cache entry added: key:920 (TTL: 30 minutes)
2026-05-09 21:24:34.891 [main] DEBUG c.a.system.util.CacheManager - Cache entry added: key:921 (TTL: 30 minutes)
2026-05-09 21:24:34.891 [main] DEBUG c.a.system.util.CacheManager - Cache entry added: key:922 (TTL: 30 minutes)
2026-05-09 21:24:34.891 [main] DEBUG c.a.system.util.CacheManager - Cache entry added: key:923 (TTL: 30 minutes)
2026-05-09 21:24:34.891 [main] DEBUG c.a.system.util.CacheManager - Cache entry added: key:924 (TTL: 30 minutes)
2026-05-09 21:24:34.891 [main] DEBUG c.a.system.util.CacheManager - Cache entry added: key:925 (TTL: 30 minutes)
2026-05-09 21:24:34.891 [main] DEBUG c.a.system.util.CacheManager - Cache entry added: key:926 (TTL: 30 minutes)
2026-05-09 21:24:34.891 [main] DEBUG c.a.system.util.CacheManager - Cache entry added: key:927 (TTL: 30 minutes)
2026-05-09 21:24:34.892 [main] DEBUG c.a.system.util.CacheManager - Cache entry added: key:928 (TTL: 30 minutes)
2026-05-09 21:24:34.892 [main] DEBUG c.a.system.util.CacheManager - Cache entry added: key:929 (TTL: 30 minutes)
2026-05-09 21:24:34.892 [main] DEBUG c.a.system.util.CacheManager - Cache entry added: key:930 (TTL: 30 minutes)
2026-05-09 21:24:34.892 [main] DEBUG c.a.system.util.CacheManager - Cache entry added: key:931 (TTL: 30 minutes)
2026-05-09 21:24:34.892 [main] DEBUG c.a.system.util.CacheManager - Cache entry added: key:932 (TTL: 30 minutes)
2026-05-09 21:24:34.892 [main] DEBUG c.a.system.util.CacheManager - Cache entry added: key:933 (TTL: 30 minutes)
2026-05-09 21:24:34.892 [main] DEBUG c.a.system.util.CacheManager - Cache entry added: key:934 (TTL: 30 minutes)
2026-05-09 21:24:34.892 [main] DEBUG c.a.system.util.CacheManager - Cache entry added: key:935 (TTL: 30 minutes)
2026-05-09 21:24:34.892 [main] DEBUG c.a.system.util.CacheManager - Cache entry added: key:936 (TTL: 30 minutes)
2026-05-09 21:24:34.892 [main] DEBUG c.a.system.util.CacheManager - Cache entry added: key:937 (TTL: 30 minutes)
2026-05-09 21:24:34.892 [main] DEBUG c.a.system.util.CacheManager - Cache entry added: key:938 (TTL: 30 minutes)
2026-05-09 21:24:34.892 [main] DEBUG c.a.system.util.CacheManager - Cache entry added: key:939 (TTL: 30 minutes)
2026-05-09 21:24:34.892 [main] DEBUG c.a.system.util.CacheManager - Cache entry added: key:940 (TTL: 30 minutes)
2026-05-09 21:24:34.892 [main] DEBUG c.a.system.util.CacheManager - Cache entry added: key:941 (TTL: 30 minutes)
2026-05-09 21:24:34.892 [main] DEBUG c.a.system.util.CacheManager - Cache entry added: key:942 (TTL: 30 minutes)
2026-05-09 21:24:34.892 [main] DEBUG c.a.system.util.CacheManager - Cache entry added: key:943 (TTL: 30 minutes)
2026-05-09 21:24:34.892 [main] DEBUG c.a.system.util.CacheManager - Cache entry added: key:944 (TTL: 30 minutes)
2026-05-09 21:24:34.892 [main] DEBUG c.a.system.util.CacheManager - Cache entry added: key:945 (TTL: 30 minutes)
2026-05-09 21:24:34.892 [main] DEBUG c.a.system.util.CacheManager - Cache entry added: key:946 (TTL: 30 minutes)
2026-05-09 21:24:34.893 [main] DEBUG c.a.system.util.CacheManager - Cache entry added: key:947 (TTL: 30 minutes)
2026-05-09 21:24:34.893 [main] DEBUG c.a.system.util.CacheManager - Cache entry added: key:948 (TTL: 30 minutes)
2026-05-09 21:24:34.893 [main] DEBUG c.a.system.util.CacheManager - Cache entry added: key:949 (TTL: 30 minutes)
2026-05-09 21:24:34.893 [main] DEBUG c.a.system.util.CacheManager - Cache entry added: key:950 (TTL: 30 minutes)
2026-05-09 21:24:34.893 [main] DEBUG c.a.system.util.CacheManager - Cache entry added: key:951 (TTL: 30 minutes)
2026-05-09 21:24:34.893 [main] DEBUG c.a.system.util.CacheManager - Cache entry added: key:952 (TTL: 30 minutes)
2026-05-09 21:24:34.893 [main] DEBUG c.a.system.util.CacheManager - Cache entry added: key:953 (TTL: 30 minutes)
2026-05-09 21:24:34.893 [main] DEBUG c.a.system.util.CacheManager - Cache entry added: key:954 (TTL: 30 minutes)
2026-05-09 21:24:34.893 [main] DEBUG c.a.system.util.CacheManager - Cache entry added: key:955 (TTL: 30 minutes)
2026-05-09 21:24:34.893 [main] DEBUG c.a.system.util.CacheManager - Cache entry added: key:956 (TTL: 30 minutes)
2026-05-09 21:24:34.893 [main] DEBUG c.a.system.util.CacheManager - Cache entry added: key:957 (TTL: 30 minutes)
2026-05-09 21:24:34.893 [main] DEBUG c.a.system.util.CacheManager - Cache entry added: key:958 (TTL: 30 minutes)
2026-05-09 21:24:34.893 [main] DEBUG c.a.system.util.CacheManager - Cache entry added: key:959 (TTL: 30 minutes)
2026-05-09 21:24:34.893 [main] DEBUG c.a.system.util.CacheManager - Cache entry added: key:960 (TTL: 30 minutes)
2026-05-09 21:24:34.893 [main] DEBUG c.a.system.util.CacheManager - Cache entry added: key:961 (TTL: 30 minutes)
2026-05-09 21:24:34.893 [main] DEBUG c.a.system.util.CacheManager - Cache entry added: key:962 (TTL: 30 minutes)
2026-05-09 21:24:34.893 [main] DEBUG c.a.system.util.CacheManager - Cache entry added: key:963 (TTL: 30 minutes)
2026-05-09 21:24:34.893 [main] DEBUG c.a.system.util.CacheManager - Cache entry added: key:964 (TTL: 30 minutes)
2026-05-09 21:24:34.893 [main] DEBUG c.a.system.util.CacheManager - Cache entry added: key:965 (TTL: 30 minutes)
2026-05-09 21:24:34.894 [main] DEBUG c.a.system.util.CacheManager - Cache entry added: key:966 (TTL: 30 minutes)
2026-05-09 21:24:34.894 [main] DEBUG c.a.system.util.CacheManager - Cache entry added: key:967 (TTL: 30 minutes)
2026-05-09 21:24:34.894 [main] DEBUG c.a.system.util.CacheManager - Cache entry added: key:968 (TTL: 30 minutes)
2026-05-09 21:24:34.894 [main] DEBUG c.a.system.util.CacheManager - Cache entry added: key:969 (TTL: 30 minutes)
2026-05-09 21:24:34.894 [main] DEBUG c.a.system.util.CacheManager - Cache entry added: key:970 (TTL: 30 minutes)
2026-05-09 21:24:34.894 [main] DEBUG c.a.system.util.CacheManager - Cache entry added: key:971 (TTL: 30 minutes)
2026-05-09 21:24:34.894 [main] DEBUG c.a.system.util.CacheManager - Cache entry added: key:972 (TTL: 30 minutes)
2026-05-09 21:24:34.894 [main] DEBUG c.a.system.util.CacheManager - Cache entry added: key:973 (TTL: 30 minutes)
2026-05-09 21:24:34.894 [main] DEBUG c.a.system.util.CacheManager - Cache entry added: key:974 (TTL: 30 minutes)
2026-05-09 21:24:34.894 [main] DEBUG c.a.system.util.CacheManager - Cache entry added: key:975 (TTL: 30 minutes)
2026-05-09 21:24:34.894 [main] DEBUG c.a.system.util.CacheManager - Cache entry added: key:976 (TTL: 30 minutes)
2026-05-09 21:24:34.894 [main] DEBUG c.a.system.util.CacheManager - Cache entry added: key:977 (TTL: 30 minutes)
2026-05-09 21:24:34.894 [main] DEBUG c.a.system.util.CacheManager - Cache entry added: key:978 (TTL: 30 minutes)
2026-05-09 21:24:34.894 [main] DEBUG c.a.system.util.CacheManager - Cache entry added: key:979 (TTL: 30 minutes)
2026-05-09 21:24:34.894 [main] DEBUG c.a.system.util.CacheManager - Cache entry added: key:980 (TTL: 30 minutes)
2026-05-09 21:24:34.894 [main] DEBUG c.a.system.util.CacheManager - Cache entry added: key:981 (TTL: 30 minutes)
2026-05-09 21:24:34.894 [main] DEBUG c.a.system.util.CacheManager - Cache entry added: key:982 (TTL: 30 minutes)
2026-05-09 21:24:34.894 [main] DEBUG c.a.system.util.CacheManager - Cache entry added: key:983 (TTL: 30 minutes)
2026-05-09 21:24:34.894 [main] DEBUG c.a.system.util.CacheManager - Cache entry added: key:984 (TTL: 30 minutes)
2026-05-09 21:24:34.894 [main] DEBUG c.a.system.util.CacheManager - Cache entry added: key:985 (TTL: 30 minutes)
2026-05-09 21:24:34.894 [main] DEBUG c.a.system.util.CacheManager - Cache entry added: key:986 (TTL: 30 minutes)
2026-05-09 21:24:34.894 [main] DEBUG c.a.system.util.CacheManager - Cache entry added: key:987 (TTL: 30 minutes)
2026-05-09 21:24:34.894 [main] DEBUG c.a.system.util.CacheManager - Cache entry added: key:988 (TTL: 30 minutes)
2026-05-09 21:24:34.894 [main] DEBUG c.a.system.util.CacheManager - Cache entry added: key:989 (TTL: 30 minutes)
2026-05-09 21:24:34.895 [main] DEBUG c.a.system.util.CacheManager - Cache entry added: key:990 (TTL: 30 minutes)
2026-05-09 21:24:34.895 [main] DEBUG c.a.system.util.CacheManager - Cache entry added: key:991 (TTL: 30 minutes)
2026-05-09 21:24:34.895 [main] DEBUG c.a.system.util.CacheManager - Cache entry added: key:992 (TTL: 30 minutes)
2026-05-09 21:24:34.895 [main] DEBUG c.a.system.util.CacheManager - Cache entry added: key:993 (TTL: 30 minutes)
2026-05-09 21:24:34.895 [main] DEBUG c.a.system.util.CacheManager - Cache entry added: key:994 (TTL: 30 minutes)
2026-05-09 21:24:34.895 [main] DEBUG c.a.system.util.CacheManager - Cache entry added: key:995 (TTL: 30 minutes)
2026-05-09 21:24:34.895 [main] DEBUG c.a.system.util.CacheManager - Cache entry added: key:996 (TTL: 30 minutes)
2026-05-09 21:24:34.895 [main] DEBUG c.a.system.util.CacheManager - Cache entry added: key:997 (TTL: 30 minutes)
2026-05-09 21:24:34.895 [main] DEBUG c.a.system.util.CacheManager - Cache entry added: key:998 (TTL: 30 minutes)
2026-05-09 21:24:34.895 [main] DEBUG c.a.system.util.CacheManager - Cache entry added: key:999 (TTL: 30 minutes)
2026-05-09 21:24:34.904 [main] DEBUG c.a.system.util.CacheManager - LRU cache entry evicted: key:1
2026-05-09 21:24:34.904 [main] DEBUG c.a.system.util.CacheManager - Cache entry added: key:1000 (TTL: 30 minutes)
2026-05-09 21:24:34.907 [main] INFO  c.a.system.util.CacheManager - Cache cleared
2026-05-09 21:24:34.910 [main] DEBUG c.a.system.util.CacheManager - Cache entry added: key1 (TTL: 30 minutes)
2026-05-09 21:24:34.915 [main] INFO  c.a.system.util.CacheManager - Cache cleared
2026-05-09 21:24:34.915 [main] DEBUG c.a.system.util.CacheManager - Cache entry added: test:key (TTL: 30 minutes)
2026-05-09 21:24:34.916 [main] DEBUG c.a.system.util.CacheManager - Cache entry removed: test:key
2026-05-09 21:24:34.919 [main] INFO  c.a.system.util.CacheManager - Cache cleared
2026-05-09 21:24:34.920 [main] DEBUG c.a.system.util.CacheManager - Cache entry added: string:key (TTL: 30 minutes)
2026-05-09 21:24:34.920 [main] DEBUG c.a.system.util.CacheManager - Cache entry added: int:key (TTL: 30 minutes)
2026-05-09 21:24:34.920 [main] DEBUG c.a.system.util.CacheManager - Cache entry added: long:key (TTL: 30 minutes)
2026-05-09 21:24:34.921 [main] INFO  c.a.system.util.CacheManager - Cache cleared
2026-05-09 21:24:34.922 [main] DEBUG c.a.system.util.CacheManager - Cache entry added: key1 (TTL: 30 minutes)
2026-05-09 21:24:34.922 [main] DEBUG c.a.system.util.CacheManager - Cache entry added: key2 (TTL: 30 minutes)
2026-05-09 21:24:34.922 [main] DEBUG c.a.system.util.CacheManager - Cache entry added: key:0 (TTL: 30 minutes)
2026-05-09 21:24:34.922 [main] DEBUG c.a.system.util.CacheManager - Cache entry added: key:1 (TTL: 30 minutes)
2026-05-09 21:24:34.922 [main] DEBUG c.a.system.util.CacheManager - Cache entry added: key:2 (TTL: 30 minutes)
2026-05-09 21:24:34.922 [main] DEBUG c.a.system.util.CacheManager - Cache entry added: key:3 (TTL: 30 minutes)
2026-05-09 21:24:34.922 [main] DEBUG c.a.system.util.CacheManager - Cache entry added: key:4 (TTL: 30 minutes)
2026-05-09 21:24:34.922 [main] DEBUG c.a.system.util.CacheManager - Cache entry added: key:5 (TTL: 30 minutes)
2026-05-09 21:24:34.922 [main] DEBUG c.a.system.util.CacheManager - Cache entry added: key:6 (TTL: 30 minutes)
2026-05-09 21:24:34.923 [main] DEBUG c.a.system.util.CacheManager - Cache entry added: key:7 (TTL: 30 minutes)
2026-05-09 21:24:34.923 [main] DEBUG c.a.system.util.CacheManager - Cache entry added: key:8 (TTL: 30 minutes)
2026-05-09 21:24:34.923 [main] DEBUG c.a.system.util.CacheManager - Cache entry added: key:9 (TTL: 30 minutes)
2026-05-09 21:24:34.923 [main] DEBUG c.a.system.util.CacheManager - Cache entry added: key:10 (TTL: 30 minutes)
2026-05-09 21:24:34.923 [main] DEBUG c.a.system.util.CacheManager - Cache entry added: key:11 (TTL: 30 minutes)
2026-05-09 21:24:34.923 [main] DEBUG c.a.system.util.CacheManager - Cache entry added: key:12 (TTL: 30 minutes)
2026-05-09 21:24:34.923 [main] DEBUG c.a.system.util.CacheManager - Cache entry added: key:13 (TTL: 30 minutes)
2026-05-09 21:24:34.923 [main] DEBUG c.a.system.util.CacheManager - Cache entry added: key:14 (TTL: 30 minutes)
2026-05-09 21:24:34.923 [main] DEBUG c.a.system.util.CacheManager - Cache entry added: key:15 (TTL: 30 minutes)
2026-05-09 21:24:34.923 [main] DEBUG c.a.system.util.CacheManager - Cache entry added: key:16 (TTL: 30 minutes)
2026-05-09 21:24:34.923 [main] DEBUG c.a.system.util.CacheManager - Cache entry added: key:17 (TTL: 30 minutes)
2026-05-09 21:24:34.923 [main] DEBUG c.a.system.util.CacheManager - Cache entry added: key:18 (TTL: 30 minutes)
2026-05-09 21:24:34.923 [main] DEBUG c.a.system.util.CacheManager - Cache entry added: key:19 (TTL: 30 minutes)
2026-05-09 21:24:34.923 [main] DEBUG c.a.system.util.CacheManager - Cache entry added: key:20 (TTL: 30 minutes)
2026-05-09 21:24:34.923 [main] DEBUG c.a.system.util.CacheManager - Cache entry added: key:21 (TTL: 30 minutes)
2026-05-09 21:24:34.923 [main] DEBUG c.a.system.util.CacheManager - Cache entry added: key:22 (TTL: 30 minutes)
2026-05-09 21:24:34.923 [main] DEBUG c.a.system.util.CacheManager - Cache entry added: key:23 (TTL: 30 minutes)
2026-05-09 21:24:34.923 [main] DEBUG c.a.system.util.CacheManager - Cache entry added: key:24 (TTL: 30 minutes)
2026-05-09 21:24:34.923 [main] DEBUG c.a.system.util.CacheManager - Cache entry added: key:25 (TTL: 30 minutes)
2026-05-09 21:24:34.923 [main] DEBUG c.a.system.util.CacheManager - Cache entry added: key:26 (TTL: 30 minutes)
2026-05-09 21:24:34.923 [main] DEBUG c.a.system.util.CacheManager - Cache entry added: key:27 (TTL: 30 minutes)
2026-05-09 21:24:34.923 [main] DEBUG c.a.system.util.CacheManager - Cache entry added: key:28 (TTL: 30 minutes)
2026-05-09 21:24:34.923 [main] DEBUG c.a.system.util.CacheManager - Cache entry added: key:29 (TTL: 30 minutes)
2026-05-09 21:24:34.923 [main] DEBUG c.a.system.util.CacheManager - Cache entry added: key:30 (TTL: 30 minutes)
2026-05-09 21:24:34.923 [main] DEBUG c.a.system.util.CacheManager - Cache entry added: key:31 (TTL: 30 minutes)
2026-05-09 21:24:34.924 [main] DEBUG c.a.system.util.CacheManager - Cache entry added: key:32 (TTL: 30 minutes)
2026-05-09 21:24:34.924 [main] DEBUG c.a.system.util.CacheManager - Cache entry added: key:33 (TTL: 30 minutes)
2026-05-09 21:24:34.924 [main] DEBUG c.a.system.util.CacheManager - Cache entry added: key:34 (TTL: 30 minutes)
2026-05-09 21:24:34.924 [main] DEBUG c.a.system.util.CacheManager - Cache entry added: key:35 (TTL: 30 minutes)
2026-05-09 21:24:34.924 [main] DEBUG c.a.system.util.CacheManager - Cache entry added: key:36 (TTL: 30 minutes)
2026-05-09 21:24:34.924 [main] DEBUG c.a.system.util.CacheManager - Cache entry added: key:37 (TTL: 30 minutes)
2026-05-09 21:24:34.924 [main] DEBUG c.a.system.util.CacheManager - Cache entry added: key:38 (TTL: 30 minutes)
2026-05-09 21:24:34.924 [main] DEBUG c.a.system.util.CacheManager - Cache entry added: key:39 (TTL: 30 minutes)
2026-05-09 21:24:34.924 [main] DEBUG c.a.system.util.CacheManager - Cache entry added: key:40 (TTL: 30 minutes)
2026-05-09 21:24:34.924 [main] DEBUG c.a.system.util.CacheManager - Cache entry added: key:41 (TTL: 30 minutes)
2026-05-09 21:24:34.924 [main] DEBUG c.a.system.util.CacheManager - Cache entry added: key:42 (TTL: 30 minutes)
2026-05-09 21:24:34.924 [main] DEBUG c.a.system.util.CacheManager - Cache entry added: key:43 (TTL: 30 minutes)
2026-05-09 21:24:34.924 [main] DEBUG c.a.system.util.CacheManager - Cache entry added: key:44 (TTL: 30 minutes)
2026-05-09 21:24:34.924 [main] DEBUG c.a.system.util.CacheManager - Cache entry added: key:45 (TTL: 30 minutes)
2026-05-09 21:24:34.924 [main] DEBUG c.a.system.util.CacheManager - Cache entry added: key:46 (TTL: 30 minutes)
2026-05-09 21:24:34.924 [main] DEBUG c.a.system.util.CacheManager - Cache entry added: key:47 (TTL: 30 minutes)
2026-05-09 21:24:34.924 [main] DEBUG c.a.system.util.CacheManager - Cache entry added: key:48 (TTL: 30 minutes)
2026-05-09 21:24:34.924 [main] DEBUG c.a.system.util.CacheManager - Cache entry added: key:49 (TTL: 30 minutes)
2026-05-09 21:24:34.924 [main] DEBUG c.a.system.util.CacheManager - Cache entry added: key:50 (TTL: 30 minutes)
2026-05-09 21:24:34.924 [main] DEBUG c.a.system.util.CacheManager - Cache entry added: key:51 (TTL: 30 minutes)
2026-05-09 21:24:34.924 [main] DEBUG c.a.system.util.CacheManager - Cache entry added: key:52 (TTL: 30 minutes)
2026-05-09 21:24:34.924 [main] DEBUG c.a.system.util.CacheManager - Cache entry added: key:53 (TTL: 30 minutes)
2026-05-09 21:24:34.924 [main] DEBUG c.a.system.util.CacheManager - Cache entry added: key:54 (TTL: 30 minutes)
2026-05-09 21:24:34.924 [main] DEBUG c.a.system.util.CacheManager - Cache entry added: key:55 (TTL: 30 minutes)
2026-05-09 21:24:34.924 [main] DEBUG c.a.system.util.CacheManager - Cache entry added: key:56 (TTL: 30 minutes)
2026-05-09 21:24:34.924 [main] DEBUG c.a.system.util.CacheManager - Cache entry added: key:57 (TTL: 30 minutes)
2026-05-09 21:24:34.924 [main] DEBUG c.a.system.util.CacheManager - Cache entry added: key:58 (TTL: 30 minutes)
2026-05-09 21:24:34.924 [main] DEBUG c.a.system.util.CacheManager - Cache entry added: key:59 (TTL: 30 minutes)
2026-05-09 21:24:34.924 [main] DEBUG c.a.system.util.CacheManager - Cache entry added: key:60 (TTL: 30 minutes)
2026-05-09 21:24:34.924 [main] DEBUG c.a.system.util.CacheManager - Cache entry added: key:61 (TTL: 30 minutes)
2026-05-09 21:24:34.924 [main] DEBUG c.a.system.util.CacheManager - Cache entry added: key:62 (TTL: 30 minutes)
2026-05-09 21:24:34.924 [main] DEBUG c.a.system.util.CacheManager - Cache entry added: key:63 (TTL: 30 minutes)
2026-05-09 21:24:34.924 [main] DEBUG c.a.system.util.CacheManager - Cache entry added: key:64 (TTL: 30 minutes)
2026-05-09 21:24:34.925 [main] DEBUG c.a.system.util.CacheManager - Cache entry added: key:65 (TTL: 30 minutes)
2026-05-09 21:24:34.925 [main] DEBUG c.a.system.util.CacheManager - Cache entry added: key:66 (TTL: 30 minutes)
2026-05-09 21:24:34.925 [main] DEBUG c.a.system.util.CacheManager - Cache entry added: key:67 (TTL: 30 minutes)
2026-05-09 21:24:34.925 [main] DEBUG c.a.system.util.CacheManager - Cache entry added: key:68 (TTL: 30 minutes)
2026-05-09 21:24:34.925 [main] DEBUG c.a.system.util.CacheManager - Cache entry added: key:69 (TTL: 30 minutes)
2026-05-09 21:24:34.925 [main] DEBUG c.a.system.util.CacheManager - Cache entry added: key:70 (TTL: 30 minutes)
2026-05-09 21:24:34.925 [main] DEBUG c.a.system.util.CacheManager - Cache entry added: key:71 (TTL: 30 minutes)
2026-05-09 21:24:34.925 [main] DEBUG c.a.system.util.CacheManager - Cache entry added: key:72 (TTL: 30 minutes)
2026-05-09 21:24:34.925 [main] DEBUG c.a.system.util.CacheManager - Cache entry added: key:73 (TTL: 30 minutes)
2026-05-09 21:24:34.925 [main] DEBUG c.a.system.util.CacheManager - Cache entry added: key:74 (TTL: 30 minutes)
2026-05-09 21:24:34.925 [main] DEBUG c.a.system.util.CacheManager - Cache entry added: key:75 (TTL: 30 minutes)
2026-05-09 21:24:34.925 [main] DEBUG c.a.system.util.CacheManager - Cache entry added: key:76 (TTL: 30 minutes)
2026-05-09 21:24:34.925 [main] DEBUG c.a.system.util.CacheManager - Cache entry added: key:77 (TTL: 30 minutes)
2026-05-09 21:24:34.925 [main] DEBUG c.a.system.util.CacheManager - Cache entry added: key:78 (TTL: 30 minutes)
2026-05-09 21:24:34.925 [main] DEBUG c.a.system.util.CacheManager - Cache entry added: key:79 (TTL: 30 minutes)
2026-05-09 21:24:34.925 [main] DEBUG c.a.system.util.CacheManager - Cache entry added: key:80 (TTL: 30 minutes)
2026-05-09 21:24:34.925 [main] DEBUG c.a.system.util.CacheManager - Cache entry added: key:81 (TTL: 30 minutes)
2026-05-09 21:24:34.925 [main] DEBUG c.a.system.util.CacheManager - Cache entry added: key:82 (TTL: 30 minutes)
2026-05-09 21:24:34.925 [main] DEBUG c.a.system.util.CacheManager - Cache entry added: key:83 (TTL: 30 minutes)
2026-05-09 21:24:34.925 [main] DEBUG c.a.system.util.CacheManager - Cache entry added: key:84 (TTL: 30 minutes)
2026-05-09 21:24:34.925 [main] DEBUG c.a.system.util.CacheManager - Cache entry added: key:85 (TTL: 30 minutes)
2026-05-09 21:24:34.925 [main] DEBUG c.a.system.util.CacheManager - Cache entry added: key:86 (TTL: 30 minutes)
2026-05-09 21:24:34.925 [main] DEBUG c.a.system.util.CacheManager - Cache entry added: key:87 (TTL: 30 minutes)
2026-05-09 21:24:34.925 [main] DEBUG c.a.system.util.CacheManager - Cache entry added: key:88 (TTL: 30 minutes)
2026-05-09 21:24:34.925 [main] DEBUG c.a.system.util.CacheManager - Cache entry added: key:89 (TTL: 30 minutes)
2026-05-09 21:24:34.925 [main] DEBUG c.a.system.util.CacheManager - Cache entry added: key:90 (TTL: 30 minutes)
2026-05-09 21:24:34.925 [main] DEBUG c.a.system.util.CacheManager - Cache entry added: key:91 (TTL: 30 minutes)
2026-05-09 21:24:34.925 [main] DEBUG c.a.system.util.CacheManager - Cache entry added: key:92 (TTL: 30 minutes)
2026-05-09 21:24:34.925 [main] DEBUG c.a.system.util.CacheManager - Cache entry added: key:93 (TTL: 30 minutes)
2026-05-09 21:24:34.925 [main] DEBUG c.a.system.util.CacheManager - Cache entry added: key:94 (TTL: 30 minutes)
2026-05-09 21:24:34.925 [main] DEBUG c.a.system.util.CacheManager - Cache entry added: key:95 (TTL: 30 minutes)
2026-05-09 21:24:34.925 [main] DEBUG c.a.system.util.CacheManager - Cache entry added: key:96 (TTL: 30 minutes)
2026-05-09 21:24:34.925 [main] DEBUG c.a.system.util.CacheManager - Cache entry added: key:97 (TTL: 30 minutes)
2026-05-09 21:24:34.925 [main] DEBUG c.a.system.util.CacheManager - Cache entry added: key:98 (TTL: 30 minutes)
2026-05-09 21:24:34.925 [main] DEBUG c.a.system.util.CacheManager - Cache entry added: key:99 (TTL: 30 minutes)
2026-05-09 21:24:34.925 [main] DEBUG c.a.system.util.CacheManager - Cache entry added: key:100 (TTL: 30 minutes)
2026-05-09 21:24:34.926 [main] DEBUG c.a.system.util.CacheManager - Cache entry added: key:101 (TTL: 30 minutes)
2026-05-09 21:24:34.926 [main] DEBUG c.a.system.util.CacheManager - Cache entry added: key:102 (TTL: 30 minutes)
2026-05-09 21:24:34.926 [main] DEBUG c.a.system.util.CacheManager - Cache entry added: key:103 (TTL: 30 minutes)
2026-05-09 21:24:34.926 [main] DEBUG c.a.system.util.CacheManager - Cache entry added: key:104 (TTL: 30 minutes)
2026-05-09 21:24:34.926 [main] DEBUG c.a.system.util.CacheManager - Cache entry added: key:105 (TTL: 30 minutes)
2026-05-09 21:24:34.926 [main] DEBUG c.a.system.util.CacheManager - Cache entry added: key:106 (TTL: 30 minutes)
2026-05-09 21:24:34.926 [main] DEBUG c.a.system.util.CacheManager - Cache entry added: key:107 (TTL: 30 minutes)
2026-05-09 21:24:34.926 [main] DEBUG c.a.system.util.CacheManager - Cache entry added: key:108 (TTL: 30 minutes)
2026-05-09 21:24:34.926 [main] DEBUG c.a.system.util.CacheManager - Cache entry added: key:109 (TTL: 30 minutes)
2026-05-09 21:24:34.926 [main] DEBUG c.a.system.util.CacheManager - Cache entry added: key:110 (TTL: 30 minutes)
2026-05-09 21:24:34.926 [main] DEBUG c.a.system.util.CacheManager - Cache entry added: key:111 (TTL: 30 minutes)
2026-05-09 21:24:34.926 [main] DEBUG c.a.system.util.CacheManager - Cache entry added: key:112 (TTL: 30 minutes)
2026-05-09 21:24:34.926 [main] DEBUG c.a.system.util.CacheManager - Cache entry added: key:113 (TTL: 30 minutes)
2026-05-09 21:24:34.926 [main] DEBUG c.a.system.util.CacheManager - Cache entry added: key:114 (TTL: 30 minutes)
2026-05-09 21:24:34.926 [main] DEBUG c.a.system.util.CacheManager - Cache entry added: key:115 (TTL: 30 minutes)
2026-05-09 21:24:34.926 [main] DEBUG c.a.system.util.CacheManager - Cache entry added: key:116 (TTL: 30 minutes)
2026-05-09 21:24:34.926 [main] DEBUG c.a.system.util.CacheManager - Cache entry added: key:117 (TTL: 30 minutes)
2026-05-09 21:24:34.926 [main] DEBUG c.a.system.util.CacheManager - Cache entry added: key:118 (TTL: 30 minutes)
2026-05-09 21:24:34.926 [main] DEBUG c.a.system.util.CacheManager - Cache entry added: key:119 (TTL: 30 minutes)
2026-05-09 21:24:34.926 [main] DEBUG c.a.system.util.CacheManager - Cache entry added: key:120 (TTL: 30 minutes)
2026-05-09 21:24:34.926 [main] DEBUG c.a.system.util.CacheManager - Cache entry added: key:121 (TTL: 30 minutes)
2026-05-09 21:24:34.926 [main] DEBUG c.a.system.util.CacheManager - Cache entry added: key:122 (TTL: 30 minutes)
2026-05-09 21:24:34.926 [main] DEBUG c.a.system.util.CacheManager - Cache entry added: key:123 (TTL: 30 minutes)
2026-05-09 21:24:34.926 [main] DEBUG c.a.system.util.CacheManager - Cache entry added: key:124 (TTL: 30 minutes)
2026-05-09 21:24:34.926 [main] DEBUG c.a.system.util.CacheManager - Cache entry added: key:125 (TTL: 30 minutes)
2026-05-09 21:24:34.926 [main] DEBUG c.a.system.util.CacheManager - Cache entry added: key:126 (TTL: 30 minutes)
2026-05-09 21:24:34.926 [main] DEBUG c.a.system.util.CacheManager - Cache entry added: key:127 (TTL: 30 minutes)
2026-05-09 21:24:34.926 [main] DEBUG c.a.system.util.CacheManager - Cache entry added: key:128 (TTL: 30 minutes)
2026-05-09 21:24:34.926 [main] DEBUG c.a.system.util.CacheManager - Cache entry added: key:129 (TTL: 30 minutes)
2026-05-09 21:24:34.926 [main] DEBUG c.a.system.util.CacheManager - Cache entry added: key:130 (TTL: 30 minutes)
2026-05-09 21:24:34.926 [main] DEBUG c.a.system.util.CacheManager - Cache entry added: key:131 (TTL: 30 minutes)
2026-05-09 21:24:34.926 [main] DEBUG c.a.system.util.CacheManager - Cache entry added: key:132 (TTL: 30 minutes)
2026-05-09 21:24:34.926 [main] DEBUG c.a.system.util.CacheManager - Cache entry added: key:133 (TTL: 30 minutes)
2026-05-09 21:24:34.926 [main] DEBUG c.a.system.util.CacheManager - Cache entry added: key:134 (TTL: 30 minutes)
2026-05-09 21:24:34.927 [main] DEBUG c.a.system.util.CacheManager - Cache entry added: key:135 (TTL: 30 minutes)
2026-05-09 21:24:34.927 [main] DEBUG c.a.system.util.CacheManager - Cache entry added: key:136 (TTL: 30 minutes)
2026-05-09 21:24:34.927 [main] DEBUG c.a.system.util.CacheManager - Cache entry added: key:137 (TTL: 30 minutes)
2026-05-09 21:24:34.927 [main] DEBUG c.a.system.util.CacheManager - Cache entry added: key:138 (TTL: 30 minutes)
2026-05-09 21:24:34.927 [main] DEBUG c.a.system.util.CacheManager - Cache entry added: key:139 (TTL: 30 minutes)
2026-05-09 21:24:34.927 [main] DEBUG c.a.system.util.CacheManager - Cache entry added: key:140 (TTL: 30 minutes)
2026-05-09 21:24:34.927 [main] DEBUG c.a.system.util.CacheManager - Cache entry added: key:141 (TTL: 30 minutes)
2026-05-09 21:24:34.927 [main] DEBUG c.a.system.util.CacheManager - Cache entry added: key:142 (TTL: 30 minutes)
2026-05-09 21:24:34.927 [main] DEBUG c.a.system.util.CacheManager - Cache entry added: key:143 (TTL: 30 minutes)
2026-05-09 21:24:34.927 [main] DEBUG c.a.system.util.CacheManager - Cache entry added: key:144 (TTL: 30 minutes)
2026-05-09 21:24:34.927 [main] DEBUG c.a.system.util.CacheManager - Cache entry added: key:145 (TTL: 30 minutes)
2026-05-09 21:24:34.927 [main] DEBUG c.a.system.util.CacheManager - Cache entry added: key:146 (TTL: 30 minutes)
2026-05-09 21:24:34.927 [main] DEBUG c.a.system.util.CacheManager - Cache entry added: key:147 (TTL: 30 minutes)
2026-05-09 21:24:34.927 [main] DEBUG c.a.system.util.CacheManager - Cache entry added: key:148 (TTL: 30 minutes)
2026-05-09 21:24:34.927 [main] DEBUG c.a.system.util.CacheManager - Cache entry added: key:149 (TTL: 30 minutes)
2026-05-09 21:24:34.927 [main] DEBUG c.a.system.util.CacheManager - Cache entry added: key:150 (TTL: 30 minutes)
2026-05-09 21:24:34.927 [main] DEBUG c.a.system.util.CacheManager - Cache entry added: key:151 (TTL: 30 minutes)
2026-05-09 21:24:34.927 [main] DEBUG c.a.system.util.CacheManager - Cache entry added: key:152 (TTL: 30 minutes)
2026-05-09 21:24:34.927 [main] DEBUG c.a.system.util.CacheManager - Cache entry added: key:153 (TTL: 30 minutes)
2026-05-09 21:24:34.927 [main] DEBUG c.a.system.util.CacheManager - Cache entry added: key:154 (TTL: 30 minutes)
2026-05-09 21:24:34.927 [main] DEBUG c.a.system.util.CacheManager - Cache entry added: key:155 (TTL: 30 minutes)
2026-05-09 21:24:34.927 [main] DEBUG c.a.system.util.CacheManager - Cache entry added: key:156 (TTL: 30 minutes)
2026-05-09 21:24:34.927 [main] DEBUG c.a.system.util.CacheManager - Cache entry added: key:157 (TTL: 30 minutes)
2026-05-09 21:24:34.927 [main] DEBUG c.a.system.util.CacheManager - Cache entry added: key:158 (TTL: 30 minutes)
2026-05-09 21:24:34.927 [main] DEBUG c.a.system.util.CacheManager - Cache entry added: key:159 (TTL: 30 minutes)
2026-05-09 21:24:34.927 [main] DEBUG c.a.system.util.CacheManager - Cache entry added: key:160 (TTL: 30 minutes)
2026-05-09 21:24:34.927 [main] DEBUG c.a.system.util.CacheManager - Cache entry added: key:161 (TTL: 30 minutes)
2026-05-09 21:24:34.927 [main] DEBUG c.a.system.util.CacheManager - Cache entry added: key:162 (TTL: 30 minutes)
2026-05-09 21:24:34.927 [main] DEBUG c.a.system.util.CacheManager - Cache entry added: key:163 (TTL: 30 minutes)
2026-05-09 21:24:34.927 [main] DEBUG c.a.system.util.CacheManager - Cache entry added: key:164 (TTL: 30 minutes)
2026-05-09 21:24:34.927 [main] DEBUG c.a.system.util.CacheManager - Cache entry added: key:165 (TTL: 30 minutes)
2026-05-09 21:24:34.927 [main] DEBUG c.a.system.util.CacheManager - Cache entry added: key:166 (TTL: 30 minutes)
2026-05-09 21:24:34.927 [main] DEBUG c.a.system.util.CacheManager - Cache entry added: key:167 (TTL: 30 minutes)
2026-05-09 21:24:34.927 [main] DEBUG c.a.system.util.CacheManager - Cache entry added: key:168 (TTL: 30 minutes)
2026-05-09 21:24:34.927 [main] DEBUG c.a.system.util.CacheManager - Cache entry added: key:169 (TTL: 30 minutes)
2026-05-09 21:24:34.927 [main] DEBUG c.a.system.util.CacheManager - Cache entry added: key:170 (TTL: 30 minutes)
2026-05-09 21:24:34.928 [main] DEBUG c.a.system.util.CacheManager - Cache entry added: key:171 (TTL: 30 minutes)
2026-05-09 21:24:34.928 [main] DEBUG c.a.system.util.CacheManager - Cache entry added: key:172 (TTL: 30 minutes)
2026-05-09 21:24:34.928 [main] DEBUG c.a.system.util.CacheManager - Cache entry added: key:173 (TTL: 30 minutes)
2026-05-09 21:24:34.928 [main] DEBUG c.a.system.util.CacheManager - Cache entry added: key:174 (TTL: 30 minutes)
2026-05-09 21:24:34.928 [main] DEBUG c.a.system.util.CacheManager - Cache entry added: key:175 (TTL: 30 minutes)
2026-05-09 21:24:34.928 [main] DEBUG c.a.system.util.CacheManager - Cache entry added: key:176 (TTL: 30 minutes)
2026-05-09 21:24:34.928 [main] DEBUG c.a.system.util.CacheManager - Cache entry added: key:177 (TTL: 30 minutes)
2026-05-09 21:24:34.928 [main] DEBUG c.a.system.util.CacheManager - Cache entry added: key:178 (TTL: 30 minutes)
2026-05-09 21:24:34.928 [main] DEBUG c.a.system.util.CacheManager - Cache entry added: key:179 (TTL: 30 minutes)
2026-05-09 21:24:34.928 [main] DEBUG c.a.system.util.CacheManager - Cache entry added: key:180 (TTL: 30 minutes)
2026-05-09 21:24:34.928 [main] DEBUG c.a.system.util.CacheManager - Cache entry added: key:181 (TTL: 30 minutes)
2026-05-09 21:24:34.928 [main] DEBUG c.a.system.util.CacheManager - Cache entry added: key:182 (TTL: 30 minutes)
2026-05-09 21:24:34.928 [main] DEBUG c.a.system.util.CacheManager - Cache entry added: key:183 (TTL: 30 minutes)
2026-05-09 21:24:34.928 [main] DEBUG c.a.system.util.CacheManager - Cache entry added: key:184 (TTL: 30 minutes)
2026-05-09 21:24:34.928 [main] DEBUG c.a.system.util.CacheManager - Cache entry added: key:185 (TTL: 30 minutes)
2026-05-09 21:24:34.928 [main] DEBUG c.a.system.util.CacheManager - Cache entry added: key:186 (TTL: 30 minutes)
2026-05-09 21:24:34.928 [main] DEBUG c.a.system.util.CacheManager - Cache entry added: key:187 (TTL: 30 minutes)
2026-05-09 21:24:34.928 [main] DEBUG c.a.system.util.CacheManager - Cache entry added: key:188 (TTL: 30 minutes)
2026-05-09 21:24:34.928 [main] DEBUG c.a.system.util.CacheManager - Cache entry added: key:189 (TTL: 30 minutes)
2026-05-09 21:24:34.928 [main] DEBUG c.a.system.util.CacheManager - Cache entry added: key:190 (TTL: 30 minutes)
2026-05-09 21:24:34.928 [main] DEBUG c.a.system.util.CacheManager - Cache entry added: key:191 (TTL: 30 minutes)
2026-05-09 21:24:34.928 [main] DEBUG c.a.system.util.CacheManager - Cache entry added: key:192 (TTL: 30 minutes)
2026-05-09 21:24:34.928 [main] DEBUG c.a.system.util.CacheManager - Cache entry added: key:193 (TTL: 30 minutes)
2026-05-09 21:24:34.928 [main] DEBUG c.a.system.util.CacheManager - Cache entry added: key:194 (TTL: 30 minutes)
2026-05-09 21:24:34.928 [main] DEBUG c.a.system.util.CacheManager - Cache entry added: key:195 (TTL: 30 minutes)
2026-05-09 21:24:34.928 [main] DEBUG c.a.system.util.CacheManager - Cache entry added: key:196 (TTL: 30 minutes)
2026-05-09 21:24:34.928 [main] DEBUG c.a.system.util.CacheManager - Cache entry added: key:197 (TTL: 30 minutes)
2026-05-09 21:24:34.928 [main] DEBUG c.a.system.util.CacheManager - Cache entry added: key:198 (TTL: 30 minutes)
2026-05-09 21:24:34.928 [main] DEBUG c.a.system.util.CacheManager - Cache entry added: key:199 (TTL: 30 minutes)
2026-05-09 21:24:34.928 [main] DEBUG c.a.system.util.CacheManager - Cache entry added: key:200 (TTL: 30 minutes)
2026-05-09 21:24:34.928 [main] DEBUG c.a.system.util.CacheManager - Cache entry added: key:201 (TTL: 30 minutes)
2026-05-09 21:24:34.929 [main] DEBUG c.a.system.util.CacheManager - Cache entry added: key:202 (TTL: 30 minutes)
2026-05-09 21:24:34.929 [main] DEBUG c.a.system.util.CacheManager - Cache entry added: key:203 (TTL: 30 minutes)
2026-05-09 21:24:34.929 [main] DEBUG c.a.system.util.CacheManager - Cache entry added: key:204 (TTL: 30 minutes)
2026-05-09 21:24:34.929 [main] DEBUG c.a.system.util.CacheManager - Cache entry added: key:205 (TTL: 30 minutes)
2026-05-09 21:24:34.929 [main] DEBUG c.a.system.util.CacheManager - Cache entry added: key:206 (TTL: 30 minutes)
2026-05-09 21:24:34.929 [main] DEBUG c.a.system.util.CacheManager - Cache entry added: key:207 (TTL: 30 minutes)
2026-05-09 21:24:34.929 [main] DEBUG c.a.system.util.CacheManager - Cache entry added: key:208 (TTL: 30 minutes)
2026-05-09 21:24:34.929 [main] DEBUG c.a.system.util.CacheManager - Cache entry added: key:209 (TTL: 30 minutes)
2026-05-09 21:24:34.929 [main] DEBUG c.a.system.util.CacheManager - Cache entry added: key:210 (TTL: 30 minutes)
2026-05-09 21:24:34.929 [main] DEBUG c.a.system.util.CacheManager - Cache entry added: key:211 (TTL: 30 minutes)
2026-05-09 21:24:34.929 [main] DEBUG c.a.system.util.CacheManager - Cache entry added: key:212 (TTL: 30 minutes)
2026-05-09 21:24:34.929 [main] DEBUG c.a.system.util.CacheManager - Cache entry added: key:213 (TTL: 30 minutes)
2026-05-09 21:24:34.929 [main] DEBUG c.a.system.util.CacheManager - Cache entry added: key:214 (TTL: 30 minutes)
2026-05-09 21:24:34.929 [main] DEBUG c.a.system.util.CacheManager - Cache entry added: key:215 (TTL: 30 minutes)
2026-05-09 21:24:34.929 [main] DEBUG c.a.system.util.CacheManager - Cache entry added: key:216 (TTL: 30 minutes)
2026-05-09 21:24:34.929 [main] DEBUG c.a.system.util.CacheManager - Cache entry added: key:217 (TTL: 30 minutes)
2026-05-09 21:24:34.929 [main] DEBUG c.a.system.util.CacheManager - Cache entry added: key:218 (TTL: 30 minutes)
2026-05-09 21:24:34.929 [main] DEBUG c.a.system.util.CacheManager - Cache entry added: key:219 (TTL: 30 minutes)
2026-05-09 21:24:34.929 [main] DEBUG c.a.system.util.CacheManager - Cache entry added: key:220 (TTL: 30 minutes)
2026-05-09 21:24:34.929 [main] DEBUG c.a.system.util.CacheManager - Cache entry added: key:221 (TTL: 30 minutes)
2026-05-09 21:24:34.929 [main] DEBUG c.a.system.util.CacheManager - Cache entry added: key:222 (TTL: 30 minutes)
2026-05-09 21:24:34.929 [main] DEBUG c.a.system.util.CacheManager - Cache entry added: key:223 (TTL: 30 minutes)
2026-05-09 21:24:34.929 [main] DEBUG c.a.system.util.CacheManager - Cache entry added: key:224 (TTL: 30 minutes)
2026-05-09 21:24:34.929 [main] DEBUG c.a.system.util.CacheManager - Cache entry added: key:225 (TTL: 30 minutes)
2026-05-09 21:24:34.929 [main] DEBUG c.a.system.util.CacheManager - Cache entry added: key:226 (TTL: 30 minutes)
2026-05-09 21:24:34.929 [main] DEBUG c.a.system.util.CacheManager - Cache entry added: key:227 (TTL: 30 minutes)
2026-05-09 21:24:34.929 [main] DEBUG c.a.system.util.CacheManager - Cache entry added: key:228 (TTL: 30 minutes)
2026-05-09 21:24:34.929 [main] DEBUG c.a.system.util.CacheManager - Cache entry added: key:229 (TTL: 30 minutes)
2026-05-09 21:24:34.929 [main] DEBUG c.a.system.util.CacheManager - Cache entry added: key:230 (TTL: 30 minutes)
2026-05-09 21:24:34.930 [main] DEBUG c.a.system.util.CacheManager - Cache entry added: key:231 (TTL: 30 minutes)
2026-05-09 21:24:34.930 [main] DEBUG c.a.system.util.CacheManager - Cache entry added: key:232 (TTL: 30 minutes)
2026-05-09 21:24:34.930 [main] DEBUG c.a.system.util.CacheManager - Cache entry added: key:233 (TTL: 30 minutes)
2026-05-09 21:24:34.930 [main] DEBUG c.a.system.util.CacheManager - Cache entry added: key:234 (TTL: 30 minutes)
2026-05-09 21:24:34.930 [main] DEBUG c.a.system.util.CacheManager - Cache entry added: key:235 (TTL: 30 minutes)
2026-05-09 21:24:34.930 [main] DEBUG c.a.system.util.CacheManager - Cache entry added: key:236 (TTL: 30 minutes)
2026-05-09 21:24:34.930 [main] DEBUG c.a.system.util.CacheManager - Cache entry added: key:237 (TTL: 30 minutes)
2026-05-09 21:24:34.930 [main] DEBUG c.a.system.util.CacheManager - Cache entry added: key:238 (TTL: 30 minutes)
2026-05-09 21:24:34.930 [main] DEBUG c.a.system.util.CacheManager - Cache entry added: key:239 (TTL: 30 minutes)
2026-05-09 21:24:34.930 [main] DEBUG c.a.system.util.CacheManager - Cache entry added: key:240 (TTL: 30 minutes)
2026-05-09 21:24:34.930 [main] DEBUG c.a.system.util.CacheManager - Cache entry added: key:241 (TTL: 30 minutes)
2026-05-09 21:24:34.930 [main] DEBUG c.a.system.util.CacheManager - Cache entry added: key:242 (TTL: 30 minutes)
2026-05-09 21:24:34.930 [main] DEBUG c.a.system.util.CacheManager - Cache entry added: key:243 (TTL: 30 minutes)
2026-05-09 21:24:34.930 [main] DEBUG c.a.system.util.CacheManager - Cache entry added: key:244 (TTL: 30 minutes)
2026-05-09 21:24:34.930 [main] DEBUG c.a.system.util.CacheManager - Cache entry added: key:245 (TTL: 30 minutes)
2026-05-09 21:24:34.930 [main] DEBUG c.a.system.util.CacheManager - Cache entry added: key:246 (TTL: 30 minutes)
2026-05-09 21:24:34.930 [main] DEBUG c.a.system.util.CacheManager - Cache entry added: key:247 (TTL: 30 minutes)
2026-05-09 21:24:34.930 [main] DEBUG c.a.system.util.CacheManager - Cache entry added: key:248 (TTL: 30 minutes)
2026-05-09 21:24:34.930 [main] DEBUG c.a.system.util.CacheManager - Cache entry added: key:249 (TTL: 30 minutes)
2026-05-09 21:24:34.930 [main] DEBUG c.a.system.util.CacheManager - Cache entry added: key:250 (TTL: 30 minutes)
2026-05-09 21:24:34.930 [main] DEBUG c.a.system.util.CacheManager - Cache entry added: key:251 (TTL: 30 minutes)
2026-05-09 21:24:34.930 [main] DEBUG c.a.system.util.CacheManager - Cache entry added: key:252 (TTL: 30 minutes)
2026-05-09 21:24:34.930 [main] DEBUG c.a.system.util.CacheManager - Cache entry added: key:253 (TTL: 30 minutes)
2026-05-09 21:24:34.930 [main] DEBUG c.a.system.util.CacheManager - Cache entry added: key:254 (TTL: 30 minutes)
2026-05-09 21:24:34.930 [main] DEBUG c.a.system.util.CacheManager - Cache entry added: key:255 (TTL: 30 minutes)
2026-05-09 21:24:34.930 [main] DEBUG c.a.system.util.CacheManager - Cache entry added: key:256 (TTL: 30 minutes)
2026-05-09 21:24:34.930 [main] DEBUG c.a.system.util.CacheManager - Cache entry added: key:257 (TTL: 30 minutes)
2026-05-09 21:24:34.930 [main] DEBUG c.a.system.util.CacheManager - Cache entry added: key:258 (TTL: 30 minutes)
2026-05-09 21:24:34.930 [main] DEBUG c.a.system.util.CacheManager - Cache entry added: key:259 (TTL: 30 minutes)
2026-05-09 21:24:34.930 [main] DEBUG c.a.system.util.CacheManager - Cache entry added: key:260 (TTL: 30 minutes)
2026-05-09 21:24:34.930 [main] DEBUG c.a.system.util.CacheManager - Cache entry added: key:261 (TTL: 30 minutes)
2026-05-09 21:24:34.930 [main] DEBUG c.a.system.util.CacheManager - Cache entry added: key:262 (TTL: 30 minutes)
2026-05-09 21:24:34.930 [main] DEBUG c.a.system.util.CacheManager - Cache entry added: key:263 (TTL: 30 minutes)
2026-05-09 21:24:34.930 [main] DEBUG c.a.system.util.CacheManager - Cache entry added: key:264 (TTL: 30 minutes)
2026-05-09 21:24:34.930 [main] DEBUG c.a.system.util.CacheManager - Cache entry added: key:265 (TTL: 30 minutes)
2026-05-09 21:24:34.930 [main] DEBUG c.a.system.util.CacheManager - Cache entry added: key:266 (TTL: 30 minutes)
2026-05-09 21:24:34.930 [main] DEBUG c.a.system.util.CacheManager - Cache entry added: key:267 (TTL: 30 minutes)
2026-05-09 21:24:34.931 [main] DEBUG c.a.system.util.CacheManager - Cache entry added: key:268 (TTL: 30 minutes)
2026-05-09 21:24:34.931 [main] DEBUG c.a.system.util.CacheManager - Cache entry added: key:269 (TTL: 30 minutes)
2026-05-09 21:24:34.931 [main] DEBUG c.a.system.util.CacheManager - Cache entry added: key:270 (TTL: 30 minutes)
2026-05-09 21:24:34.931 [main] DEBUG c.a.system.util.CacheManager - Cache entry added: key:271 (TTL: 30 minutes)
2026-05-09 21:24:34.931 [main] DEBUG c.a.system.util.CacheManager - Cache entry added: key:272 (TTL: 30 minutes)
2026-05-09 21:24:34.931 [main] DEBUG c.a.system.util.CacheManager - Cache entry added: key:273 (TTL: 30 minutes)
2026-05-09 21:24:34.931 [main] DEBUG c.a.system.util.CacheManager - Cache entry added: key:274 (TTL: 30 minutes)
2026-05-09 21:24:34.931 [main] DEBUG c.a.system.util.CacheManager - Cache entry added: key:275 (TTL: 30 minutes)
2026-05-09 21:24:34.931 [main] DEBUG c.a.system.util.CacheManager - Cache entry added: key:276 (TTL: 30 minutes)
2026-05-09 21:24:34.931 [main] DEBUG c.a.system.util.CacheManager - Cache entry added: key:277 (TTL: 30 minutes)
2026-05-09 21:24:34.931 [main] DEBUG c.a.system.util.CacheManager - Cache entry added: key:278 (TTL: 30 minutes)
2026-05-09 21:24:34.931 [main] DEBUG c.a.system.util.CacheManager - Cache entry added: key:279 (TTL: 30 minutes)
2026-05-09 21:24:34.931 [main] DEBUG c.a.system.util.CacheManager - Cache entry added: key:280 (TTL: 30 minutes)
2026-05-09 21:24:34.931 [main] DEBUG c.a.system.util.CacheManager - Cache entry added: key:281 (TTL: 30 minutes)
2026-05-09 21:24:34.931 [main] DEBUG c.a.system.util.CacheManager - Cache entry added: key:282 (TTL: 30 minutes)
2026-05-09 21:24:34.931 [main] DEBUG c.a.system.util.CacheManager - Cache entry added: key:283 (TTL: 30 minutes)
2026-05-09 21:24:34.931 [main] DEBUG c.a.system.util.CacheManager - Cache entry added: key:284 (TTL: 30 minutes)
2026-05-09 21:24:34.931 [main] DEBUG c.a.system.util.CacheManager - Cache entry added: key:285 (TTL: 30 minutes)
2026-05-09 21:24:34.931 [main] DEBUG c.a.system.util.CacheManager - Cache entry added: key:286 (TTL: 30 minutes)
2026-05-09 21:24:34.931 [main] DEBUG c.a.system.util.CacheManager - Cache entry added: key:287 (TTL: 30 minutes)
2026-05-09 21:24:34.931 [main] DEBUG c.a.system.util.CacheManager - Cache entry added: key:288 (TTL: 30 minutes)
2026-05-09 21:24:34.931 [main] DEBUG c.a.system.util.CacheManager - Cache entry added: key:289 (TTL: 30 minutes)
2026-05-09 21:24:34.931 [main] DEBUG c.a.system.util.CacheManager - Cache entry added: key:290 (TTL: 30 minutes)
2026-05-09 21:24:34.931 [main] DEBUG c.a.system.util.CacheManager - Cache entry added: key:291 (TTL: 30 minutes)
2026-05-09 21:24:34.931 [main] DEBUG c.a.system.util.CacheManager - Cache entry added: key:292 (TTL: 30 minutes)
2026-05-09 21:24:34.931 [main] DEBUG c.a.system.util.CacheManager - Cache entry added: key:293 (TTL: 30 minutes)
2026-05-09 21:24:34.931 [main] DEBUG c.a.system.util.CacheManager - Cache entry added: key:294 (TTL: 30 minutes)
2026-05-09 21:24:34.931 [main] DEBUG c.a.system.util.CacheManager - Cache entry added: key:295 (TTL: 30 minutes)
2026-05-09 21:24:34.931 [main] DEBUG c.a.system.util.CacheManager - Cache entry added: key:296 (TTL: 30 minutes)
2026-05-09 21:24:34.931 [main] DEBUG c.a.system.util.CacheManager - Cache entry added: key:297 (TTL: 30 minutes)
2026-05-09 21:24:34.931 [main] DEBUG c.a.system.util.CacheManager - Cache entry added: key:298 (TTL: 30 minutes)
2026-05-09 21:24:34.931 [main] DEBUG c.a.system.util.CacheManager - Cache entry added: key:299 (TTL: 30 minutes)
2026-05-09 21:24:34.931 [main] DEBUG c.a.system.util.CacheManager - Cache entry added: key:300 (TTL: 30 minutes)
2026-05-09 21:24:34.931 [main] DEBUG c.a.system.util.CacheManager - Cache entry added: key:301 (TTL: 30 minutes)
2026-05-09 21:24:34.931 [main] DEBUG c.a.system.util.CacheManager - Cache entry added: key:302 (TTL: 30 minutes)
2026-05-09 21:24:34.932 [main] DEBUG c.a.system.util.CacheManager - Cache entry added: key:303 (TTL: 30 minutes)
2026-05-09 21:24:34.932 [main] DEBUG c.a.system.util.CacheManager - Cache entry added: key:304 (TTL: 30 minutes)
2026-05-09 21:24:34.932 [main] DEBUG c.a.system.util.CacheManager - Cache entry added: key:305 (TTL: 30 minutes)
2026-05-09 21:24:34.932 [main] DEBUG c.a.system.util.CacheManager - Cache entry added: key:306 (TTL: 30 minutes)
2026-05-09 21:24:34.932 [main] DEBUG c.a.system.util.CacheManager - Cache entry added: key:307 (TTL: 30 minutes)
2026-05-09 21:24:34.932 [main] DEBUG c.a.system.util.CacheManager - Cache entry added: key:308 (TTL: 30 minutes)
2026-05-09 21:24:34.932 [main] DEBUG c.a.system.util.CacheManager - Cache entry added: key:309 (TTL: 30 minutes)
2026-05-09 21:24:34.932 [main] DEBUG c.a.system.util.CacheManager - Cache entry added: key:310 (TTL: 30 minutes)
2026-05-09 21:24:34.932 [main] DEBUG c.a.system.util.CacheManager - Cache entry added: key:311 (TTL: 30 minutes)
2026-05-09 21:24:34.932 [main] DEBUG c.a.system.util.CacheManager - Cache entry added: key:312 (TTL: 30 minutes)
2026-05-09 21:24:34.932 [main] DEBUG c.a.system.util.CacheManager - Cache entry added: key:313 (TTL: 30 minutes)
2026-05-09 21:24:34.932 [main] DEBUG c.a.system.util.CacheManager - Cache entry added: key:314 (TTL: 30 minutes)
2026-05-09 21:24:34.932 [main] DEBUG c.a.system.util.CacheManager - Cache entry added: key:315 (TTL: 30 minutes)
2026-05-09 21:24:34.932 [main] DEBUG c.a.system.util.CacheManager - Cache entry added: key:316 (TTL: 30 minutes)
2026-05-09 21:24:34.932 [main] DEBUG c.a.system.util.CacheManager - Cache entry added: key:317 (TTL: 30 minutes)
2026-05-09 21:24:34.932 [main] DEBUG c.a.system.util.CacheManager - Cache entry added: key:318 (TTL: 30 minutes)
2026-05-09 21:24:34.932 [main] DEBUG c.a.system.util.CacheManager - Cache entry added: key:319 (TTL: 30 minutes)
2026-05-09 21:24:34.932 [main] DEBUG c.a.system.util.CacheManager - Cache entry added: key:320 (TTL: 30 minutes)
2026-05-09 21:24:34.932 [main] DEBUG c.a.system.util.CacheManager - Cache entry added: key:321 (TTL: 30 minutes)
2026-05-09 21:24:34.932 [main] DEBUG c.a.system.util.CacheManager - Cache entry added: key:322 (TTL: 30 minutes)
2026-05-09 21:24:34.932 [main] DEBUG c.a.system.util.CacheManager - Cache entry added: key:323 (TTL: 30 minutes)
2026-05-09 21:24:34.932 [main] DEBUG c.a.system.util.CacheManager - Cache entry added: key:324 (TTL: 30 minutes)
2026-05-09 21:24:34.932 [main] DEBUG c.a.system.util.CacheManager - Cache entry added: key:325 (TTL: 30 minutes)
2026-05-09 21:24:34.932 [main] DEBUG c.a.system.util.CacheManager - Cache entry added: key:326 (TTL: 30 minutes)
2026-05-09 21:24:34.932 [main] DEBUG c.a.system.util.CacheManager - Cache entry added: key:327 (TTL: 30 minutes)
2026-05-09 21:24:34.932 [main] DEBUG c.a.system.util.CacheManager - Cache entry added: key:328 (TTL: 30 minutes)
2026-05-09 21:24:34.932 [main] DEBUG c.a.system.util.CacheManager - Cache entry added: key:329 (TTL: 30 minutes)
2026-05-09 21:24:34.932 [main] DEBUG c.a.system.util.CacheManager - Cache entry added: key:330 (TTL: 30 minutes)
2026-05-09 21:24:34.932 [main] DEBUG c.a.system.util.CacheManager - Cache entry added: key:331 (TTL: 30 minutes)
2026-05-09 21:24:34.932 [main] DEBUG c.a.system.util.CacheManager - Cache entry added: key:332 (TTL: 30 minutes)
2026-05-09 21:24:34.932 [main] DEBUG c.a.system.util.CacheManager - Cache entry added: key:333 (TTL: 30 minutes)
2026-05-09 21:24:34.932 [main] DEBUG c.a.system.util.CacheManager - Cache entry added: key:334 (TTL: 30 minutes)
2026-05-09 21:24:34.932 [main] DEBUG c.a.system.util.CacheManager - Cache entry added: key:335 (TTL: 30 minutes)
2026-05-09 21:24:34.932 [main] DEBUG c.a.system.util.CacheManager - Cache entry added: key:336 (TTL: 30 minutes)
2026-05-09 21:24:34.932 [main] DEBUG c.a.system.util.CacheManager - Cache entry added: key:337 (TTL: 30 minutes)
2026-05-09 21:24:34.933 [main] DEBUG c.a.system.util.CacheManager - Cache entry added: key:338 (TTL: 30 minutes)
2026-05-09 21:24:34.933 [main] DEBUG c.a.system.util.CacheManager - Cache entry added: key:339 (TTL: 30 minutes)
2026-05-09 21:24:34.933 [main] DEBUG c.a.system.util.CacheManager - Cache entry added: key:340 (TTL: 30 minutes)
2026-05-09 21:24:34.933 [main] DEBUG c.a.system.util.CacheManager - Cache entry added: key:341 (TTL: 30 minutes)
2026-05-09 21:24:34.933 [main] DEBUG c.a.system.util.CacheManager - Cache entry added: key:342 (TTL: 30 minutes)
2026-05-09 21:24:34.933 [main] DEBUG c.a.system.util.CacheManager - Cache entry added: key:343 (TTL: 30 minutes)
2026-05-09 21:24:34.933 [main] DEBUG c.a.system.util.CacheManager - Cache entry added: key:344 (TTL: 30 minutes)
2026-05-09 21:24:34.933 [main] DEBUG c.a.system.util.CacheManager - Cache entry added: key:345 (TTL: 30 minutes)
2026-05-09 21:24:34.933 [main] DEBUG c.a.system.util.CacheManager - Cache entry added: key:346 (TTL: 30 minutes)
2026-05-09 21:24:34.933 [main] DEBUG c.a.system.util.CacheManager - Cache entry added: key:347 (TTL: 30 minutes)
2026-05-09 21:24:34.933 [main] DEBUG c.a.system.util.CacheManager - Cache entry added: key:348 (TTL: 30 minutes)
2026-05-09 21:24:34.933 [main] DEBUG c.a.system.util.CacheManager - Cache entry added: key:349 (TTL: 30 minutes)
2026-05-09 21:24:34.933 [main] DEBUG c.a.system.util.CacheManager - Cache entry added: key:350 (TTL: 30 minutes)
2026-05-09 21:24:34.933 [main] DEBUG c.a.system.util.CacheManager - Cache entry added: key:351 (TTL: 30 minutes)
2026-05-09 21:24:34.933 [main] DEBUG c.a.system.util.CacheManager - Cache entry added: key:352 (TTL: 30 minutes)
2026-05-09 21:24:34.933 [main] DEBUG c.a.system.util.CacheManager - Cache entry added: key:353 (TTL: 30 minutes)
2026-05-09 21:24:34.933 [main] DEBUG c.a.system.util.CacheManager - Cache entry added: key:354 (TTL: 30 minutes)
2026-05-09 21:24:34.933 [main] DEBUG c.a.system.util.CacheManager - Cache entry added: key:355 (TTL: 30 minutes)
2026-05-09 21:24:34.933 [main] DEBUG c.a.system.util.CacheManager - Cache entry added: key:356 (TTL: 30 minutes)
2026-05-09 21:24:34.933 [main] DEBUG c.a.system.util.CacheManager - Cache entry added: key:357 (TTL: 30 minutes)
2026-05-09 21:24:34.933 [main] DEBUG c.a.system.util.CacheManager - Cache entry added: key:358 (TTL: 30 minutes)
2026-05-09 21:24:34.933 [main] DEBUG c.a.system.util.CacheManager - Cache entry added: key:359 (TTL: 30 minutes)
2026-05-09 21:24:34.933 [main] DEBUG c.a.system.util.CacheManager - Cache entry added: key:360 (TTL: 30 minutes)
2026-05-09 21:24:34.933 [main] DEBUG c.a.system.util.CacheManager - Cache entry added: key:361 (TTL: 30 minutes)
2026-05-09 21:24:34.933 [main] DEBUG c.a.system.util.CacheManager - Cache entry added: key:362 (TTL: 30 minutes)
2026-05-09 21:24:34.933 [main] DEBUG c.a.system.util.CacheManager - Cache entry added: key:363 (TTL: 30 minutes)
2026-05-09 21:24:34.933 [main] DEBUG c.a.system.util.CacheManager - Cache entry added: key:364 (TTL: 30 minutes)
2026-05-09 21:24:34.933 [main] DEBUG c.a.system.util.CacheManager - Cache entry added: key:365 (TTL: 30 minutes)
2026-05-09 21:24:34.933 [main] DEBUG c.a.system.util.CacheManager - Cache entry added: key:366 (TTL: 30 minutes)
2026-05-09 21:24:34.934 [main] DEBUG c.a.system.util.CacheManager - Cache entry added: key:367 (TTL: 30 minutes)
2026-05-09 21:24:34.934 [main] DEBUG c.a.system.util.CacheManager - Cache entry added: key:368 (TTL: 30 minutes)
2026-05-09 21:24:34.934 [main] DEBUG c.a.system.util.CacheManager - Cache entry added: key:369 (TTL: 30 minutes)
2026-05-09 21:24:34.934 [main] DEBUG c.a.system.util.CacheManager - Cache entry added: key:370 (TTL: 30 minutes)
2026-05-09 21:24:34.934 [main] DEBUG c.a.system.util.CacheManager - Cache entry added: key:371 (TTL: 30 minutes)
2026-05-09 21:24:34.934 [main] DEBUG c.a.system.util.CacheManager - Cache entry added: key:372 (TTL: 30 minutes)
2026-05-09 21:24:34.934 [main] DEBUG c.a.system.util.CacheManager - Cache entry added: key:373 (TTL: 30 minutes)
2026-05-09 21:24:34.934 [main] DEBUG c.a.system.util.CacheManager - Cache entry added: key:374 (TTL: 30 minutes)
2026-05-09 21:24:34.934 [main] DEBUG c.a.system.util.CacheManager - Cache entry added: key:375 (TTL: 30 minutes)
2026-05-09 21:24:34.934 [main] DEBUG c.a.system.util.CacheManager - Cache entry added: key:376 (TTL: 30 minutes)
2026-05-09 21:24:34.934 [main] DEBUG c.a.system.util.CacheManager - Cache entry added: key:377 (TTL: 30 minutes)
2026-05-09 21:24:34.934 [main] DEBUG c.a.system.util.CacheManager - Cache entry added: key:378 (TTL: 30 minutes)
2026-05-09 21:24:34.934 [main] DEBUG c.a.system.util.CacheManager - Cache entry added: key:379 (TTL: 30 minutes)
2026-05-09 21:24:34.934 [main] DEBUG c.a.system.util.CacheManager - Cache entry added: key:380 (TTL: 30 minutes)
2026-05-09 21:24:34.934 [main] DEBUG c.a.system.util.CacheManager - Cache entry added: key:381 (TTL: 30 minutes)
2026-05-09 21:24:34.934 [main] DEBUG c.a.system.util.CacheManager - Cache entry added: key:382 (TTL: 30 minutes)
2026-05-09 21:24:34.934 [main] DEBUG c.a.system.util.CacheManager - Cache entry added: key:383 (TTL: 30 minutes)
2026-05-09 21:24:34.934 [main] DEBUG c.a.system.util.CacheManager - Cache entry added: key:384 (TTL: 30 minutes)
2026-05-09 21:24:34.934 [main] DEBUG c.a.system.util.CacheManager - Cache entry added: key:385 (TTL: 30 minutes)
2026-05-09 21:24:34.934 [main] DEBUG c.a.system.util.CacheManager - Cache entry added: key:386 (TTL: 30 minutes)
2026-05-09 21:24:34.934 [main] DEBUG c.a.system.util.CacheManager - Cache entry added: key:387 (TTL: 30 minutes)
2026-05-09 21:24:34.934 [main] DEBUG c.a.system.util.CacheManager - Cache entry added: key:388 (TTL: 30 minutes)
2026-05-09 21:24:34.934 [main] DEBUG c.a.system.util.CacheManager - Cache entry added: key:389 (TTL: 30 minutes)
2026-05-09 21:24:34.934 [main] DEBUG c.a.system.util.CacheManager - Cache entry added: key:390 (TTL: 30 minutes)
2026-05-09 21:24:34.934 [main] DEBUG c.a.system.util.CacheManager - Cache entry added: key:391 (TTL: 30 minutes)
2026-05-09 21:24:34.934 [main] DEBUG c.a.system.util.CacheManager - Cache entry added: key:392 (TTL: 30 minutes)
2026-05-09 21:24:34.934 [main] DEBUG c.a.system.util.CacheManager - Cache entry added: key:393 (TTL: 30 minutes)
2026-05-09 21:24:34.934 [main] DEBUG c.a.system.util.CacheManager - Cache entry added: key:394 (TTL: 30 minutes)
2026-05-09 21:24:34.934 [main] DEBUG c.a.system.util.CacheManager - Cache entry added: key:395 (TTL: 30 minutes)
2026-05-09 21:24:34.934 [main] DEBUG c.a.system.util.CacheManager - Cache entry added: key:396 (TTL: 30 minutes)
2026-05-09 21:24:34.934 [main] DEBUG c.a.system.util.CacheManager - Cache entry added: key:397 (TTL: 30 minutes)
2026-05-09 21:24:34.934 [main] DEBUG c.a.system.util.CacheManager - Cache entry added: key:398 (TTL: 30 minutes)
2026-05-09 21:24:34.934 [main] DEBUG c.a.system.util.CacheManager - Cache entry added: key:399 (TTL: 30 minutes)
2026-05-09 21:24:34.934 [main] DEBUG c.a.system.util.CacheManager - Cache entry added: key:400 (TTL: 30 minutes)
2026-05-09 21:24:34.935 [main] DEBUG c.a.system.util.CacheManager - Cache entry added: key:401 (TTL: 30 minutes)
2026-05-09 21:24:34.935 [main] DEBUG c.a.system.util.CacheManager - Cache entry added: key:402 (TTL: 30 minutes)
2026-05-09 21:24:34.935 [main] DEBUG c.a.system.util.CacheManager - Cache entry added: key:403 (TTL: 30 minutes)
2026-05-09 21:24:34.935 [main] DEBUG c.a.system.util.CacheManager - Cache entry added: key:404 (TTL: 30 minutes)
2026-05-09 21:24:34.935 [main] DEBUG c.a.system.util.CacheManager - Cache entry added: key:405 (TTL: 30 minutes)
2026-05-09 21:24:34.935 [main] DEBUG c.a.system.util.CacheManager - Cache entry added: key:406 (TTL: 30 minutes)
2026-05-09 21:24:34.935 [main] DEBUG c.a.system.util.CacheManager - Cache entry added: key:407 (TTL: 30 minutes)
2026-05-09 21:24:34.935 [main] DEBUG c.a.system.util.CacheManager - Cache entry added: key:408 (TTL: 30 minutes)
2026-05-09 21:24:34.935 [main] DEBUG c.a.system.util.CacheManager - Cache entry added: key:409 (TTL: 30 minutes)
2026-05-09 21:24:34.935 [main] DEBUG c.a.system.util.CacheManager - Cache entry added: key:410 (TTL: 30 minutes)
2026-05-09 21:24:34.935 [main] DEBUG c.a.system.util.CacheManager - Cache entry added: key:411 (TTL: 30 minutes)
2026-05-09 21:24:34.935 [main] DEBUG c.a.system.util.CacheManager - Cache entry added: key:412 (TTL: 30 minutes)
2026-05-09 21:24:34.935 [main] DEBUG c.a.system.util.CacheManager - Cache entry added: key:413 (TTL: 30 minutes)
2026-05-09 21:24:34.935 [main] DEBUG c.a.system.util.CacheManager - Cache entry added: key:414 (TTL: 30 minutes)
2026-05-09 21:24:34.935 [main] DEBUG c.a.system.util.CacheManager - Cache entry added: key:415 (TTL: 30 minutes)
2026-05-09 21:24:34.935 [main] DEBUG c.a.system.util.CacheManager - Cache entry added: key:416 (TTL: 30 minutes)
2026-05-09 21:24:34.935 [main] DEBUG c.a.system.util.CacheManager - Cache entry added: key:417 (TTL: 30 minutes)
2026-05-09 21:24:34.935 [main] DEBUG c.a.system.util.CacheManager - Cache entry added: key:418 (TTL: 30 minutes)
2026-05-09 21:24:34.935 [main] DEBUG c.a.system.util.CacheManager - Cache entry added: key:419 (TTL: 30 minutes)
2026-05-09 21:24:34.935 [main] DEBUG c.a.system.util.CacheManager - Cache entry added: key:420 (TTL: 30 minutes)
2026-05-09 21:24:34.935 [main] DEBUG c.a.system.util.CacheManager - Cache entry added: key:421 (TTL: 30 minutes)
2026-05-09 21:24:34.935 [main] DEBUG c.a.system.util.CacheManager - Cache entry added: key:422 (TTL: 30 minutes)
2026-05-09 21:24:34.935 [main] DEBUG c.a.system.util.CacheManager - Cache entry added: key:423 (TTL: 30 minutes)
2026-05-09 21:24:34.935 [main] DEBUG c.a.system.util.CacheManager - Cache entry added: key:424 (TTL: 30 minutes)
2026-05-09 21:24:34.935 [main] DEBUG c.a.system.util.CacheManager - Cache entry added: key:425 (TTL: 30 minutes)
2026-05-09 21:24:34.935 [main] DEBUG c.a.system.util.CacheManager - Cache entry added: key:426 (TTL: 30 minutes)
2026-05-09 21:24:34.935 [main] DEBUG c.a.system.util.CacheManager - Cache entry added: key:427 (TTL: 30 minutes)
2026-05-09 21:24:34.935 [main] DEBUG c.a.system.util.CacheManager - Cache entry added: key:428 (TTL: 30 minutes)
2026-05-09 21:24:34.935 [main] DEBUG c.a.system.util.CacheManager - Cache entry added: key:429 (TTL: 30 minutes)
2026-05-09 21:24:34.935 [main] DEBUG c.a.system.util.CacheManager - Cache entry added: key:430 (TTL: 30 minutes)
2026-05-09 21:24:34.935 [main] DEBUG c.a.system.util.CacheManager - Cache entry added: key:431 (TTL: 30 minutes)
2026-05-09 21:24:34.935 [main] DEBUG c.a.system.util.CacheManager - Cache entry added: key:432 (TTL: 30 minutes)
2026-05-09 21:24:34.935 [main] DEBUG c.a.system.util.CacheManager - Cache entry added: key:433 (TTL: 30 minutes)
2026-05-09 21:24:34.935 [main] DEBUG c.a.system.util.CacheManager - Cache entry added: key:434 (TTL: 30 minutes)
2026-05-09 21:24:34.935 [main] DEBUG c.a.system.util.CacheManager - Cache entry added: key:435 (TTL: 30 minutes)
2026-05-09 21:24:34.936 [main] DEBUG c.a.system.util.CacheManager - Cache entry added: key:436 (TTL: 30 minutes)
2026-05-09 21:24:34.936 [main] DEBUG c.a.system.util.CacheManager - Cache entry added: key:437 (TTL: 30 minutes)
2026-05-09 21:24:34.936 [main] DEBUG c.a.system.util.CacheManager - Cache entry added: key:438 (TTL: 30 minutes)
2026-05-09 21:24:34.936 [main] DEBUG c.a.system.util.CacheManager - Cache entry added: key:439 (TTL: 30 minutes)
2026-05-09 21:24:34.936 [main] DEBUG c.a.system.util.CacheManager - Cache entry added: key:440 (TTL: 30 minutes)
2026-05-09 21:24:34.936 [main] DEBUG c.a.system.util.CacheManager - Cache entry added: key:441 (TTL: 30 minutes)
2026-05-09 21:24:34.936 [main] DEBUG c.a.system.util.CacheManager - Cache entry added: key:442 (TTL: 30 minutes)
2026-05-09 21:24:34.936 [main] DEBUG c.a.system.util.CacheManager - Cache entry added: key:443 (TTL: 30 minutes)
2026-05-09 21:24:34.936 [main] DEBUG c.a.system.util.CacheManager - Cache entry added: key:444 (TTL: 30 minutes)
2026-05-09 21:24:34.936 [main] DEBUG c.a.system.util.CacheManager - Cache entry added: key:445 (TTL: 30 minutes)
2026-05-09 21:24:34.936 [main] DEBUG c.a.system.util.CacheManager - Cache entry added: key:446 (TTL: 30 minutes)
2026-05-09 21:24:34.936 [main] DEBUG c.a.system.util.CacheManager - Cache entry added: key:447 (TTL: 30 minutes)
2026-05-09 21:24:34.936 [main] DEBUG c.a.system.util.CacheManager - Cache entry added: key:448 (TTL: 30 minutes)
2026-05-09 21:24:34.936 [main] DEBUG c.a.system.util.CacheManager - Cache entry added: key:449 (TTL: 30 minutes)
2026-05-09 21:24:34.936 [main] DEBUG c.a.system.util.CacheManager - Cache entry added: key:450 (TTL: 30 minutes)
2026-05-09 21:24:34.936 [main] DEBUG c.a.system.util.CacheManager - Cache entry added: key:451 (TTL: 30 minutes)
2026-05-09 21:24:34.936 [main] DEBUG c.a.system.util.CacheManager - Cache entry added: key:452 (TTL: 30 minutes)
2026-05-09 21:24:34.936 [main] DEBUG c.a.system.util.CacheManager - Cache entry added: key:453 (TTL: 30 minutes)
2026-05-09 21:24:34.936 [main] DEBUG c.a.system.util.CacheManager - Cache entry added: key:454 (TTL: 30 minutes)
2026-05-09 21:24:34.936 [main] DEBUG c.a.system.util.CacheManager - Cache entry added: key:455 (TTL: 30 minutes)
2026-05-09 21:24:34.936 [main] DEBUG c.a.system.util.CacheManager - Cache entry added: key:456 (TTL: 30 minutes)
2026-05-09 21:24:34.936 [main] DEBUG c.a.system.util.CacheManager - Cache entry added: key:457 (TTL: 30 minutes)
2026-05-09 21:24:34.936 [main] DEBUG c.a.system.util.CacheManager - Cache entry added: key:458 (TTL: 30 minutes)
2026-05-09 21:24:34.936 [main] DEBUG c.a.system.util.CacheManager - Cache entry added: key:459 (TTL: 30 minutes)
2026-05-09 21:24:34.936 [main] DEBUG c.a.system.util.CacheManager - Cache entry added: key:460 (TTL: 30 minutes)
2026-05-09 21:24:34.936 [main] DEBUG c.a.system.util.CacheManager - Cache entry added: key:461 (TTL: 30 minutes)
2026-05-09 21:24:34.936 [main] DEBUG c.a.system.util.CacheManager - Cache entry added: key:462 (TTL: 30 minutes)
2026-05-09 21:24:34.936 [main] DEBUG c.a.system.util.CacheManager - Cache entry added: key:463 (TTL: 30 minutes)
2026-05-09 21:24:34.936 [main] DEBUG c.a.system.util.CacheManager - Cache entry added: key:464 (TTL: 30 minutes)
2026-05-09 21:24:34.936 [main] DEBUG c.a.system.util.CacheManager - Cache entry added: key:465 (TTL: 30 minutes)
2026-05-09 21:24:34.937 [main] DEBUG c.a.system.util.CacheManager - Cache entry added: key:466 (TTL: 30 minutes)
2026-05-09 21:24:34.937 [main] DEBUG c.a.system.util.CacheManager - Cache entry added: key:467 (TTL: 30 minutes)
2026-05-09 21:24:34.937 [main] DEBUG c.a.system.util.CacheManager - Cache entry added: key:468 (TTL: 30 minutes)
2026-05-09 21:24:34.937 [main] DEBUG c.a.system.util.CacheManager - Cache entry added: key:469 (TTL: 30 minutes)
2026-05-09 21:24:34.937 [main] DEBUG c.a.system.util.CacheManager - Cache entry added: key:470 (TTL: 30 minutes)
2026-05-09 21:24:34.937 [main] DEBUG c.a.system.util.CacheManager - Cache entry added: key:471 (TTL: 30 minutes)
2026-05-09 21:24:34.937 [main] DEBUG c.a.system.util.CacheManager - Cache entry added: key:472 (TTL: 30 minutes)
2026-05-09 21:24:34.937 [main] DEBUG c.a.system.util.CacheManager - Cache entry added: key:473 (TTL: 30 minutes)
2026-05-09 21:24:34.937 [main] DEBUG c.a.system.util.CacheManager - Cache entry added: key:474 (TTL: 30 minutes)
2026-05-09 21:24:34.937 [main] DEBUG c.a.system.util.CacheManager - Cache entry added: key:475 (TTL: 30 minutes)
2026-05-09 21:24:34.937 [main] DEBUG c.a.system.util.CacheManager - Cache entry added: key:476 (TTL: 30 minutes)
2026-05-09 21:24:34.937 [main] DEBUG c.a.system.util.CacheManager - Cache entry added: key:477 (TTL: 30 minutes)
2026-05-09 21:24:34.937 [main] DEBUG c.a.system.util.CacheManager - Cache entry added: key:478 (TTL: 30 minutes)
2026-05-09 21:24:34.937 [main] DEBUG c.a.system.util.CacheManager - Cache entry added: key:479 (TTL: 30 minutes)
2026-05-09 21:24:34.937 [main] DEBUG c.a.system.util.CacheManager - Cache entry added: key:480 (TTL: 30 minutes)
2026-05-09 21:24:34.937 [main] DEBUG c.a.system.util.CacheManager - Cache entry added: key:481 (TTL: 30 minutes)
2026-05-09 21:24:34.937 [main] DEBUG c.a.system.util.CacheManager - Cache entry added: key:482 (TTL: 30 minutes)
2026-05-09 21:24:34.937 [main] DEBUG c.a.system.util.CacheManager - Cache entry added: key:483 (TTL: 30 minutes)
2026-05-09 21:24:34.937 [main] DEBUG c.a.system.util.CacheManager - Cache entry added: key:484 (TTL: 30 minutes)
2026-05-09 21:24:34.937 [main] DEBUG c.a.system.util.CacheManager - Cache entry added: key:485 (TTL: 30 minutes)
2026-05-09 21:24:34.937 [main] DEBUG c.a.system.util.CacheManager - Cache entry added: key:486 (TTL: 30 minutes)
2026-05-09 21:24:34.937 [main] DEBUG c.a.system.util.CacheManager - Cache entry added: key:487 (TTL: 30 minutes)
2026-05-09 21:24:34.937 [main] DEBUG c.a.system.util.CacheManager - Cache entry added: key:488 (TTL: 30 minutes)
2026-05-09 21:24:34.937 [main] DEBUG c.a.system.util.CacheManager - Cache entry added: key:489 (TTL: 30 minutes)
2026-05-09 21:24:34.937 [main] DEBUG c.a.system.util.CacheManager - Cache entry added: key:490 (TTL: 30 minutes)
2026-05-09 21:24:34.937 [main] DEBUG c.a.system.util.CacheManager - Cache entry added: key:491 (TTL: 30 minutes)
2026-05-09 21:24:34.937 [main] DEBUG c.a.system.util.CacheManager - Cache entry added: key:492 (TTL: 30 minutes)
2026-05-09 21:24:34.937 [main] DEBUG c.a.system.util.CacheManager - Cache entry added: key:493 (TTL: 30 minutes)
2026-05-09 21:24:34.937 [main] DEBUG c.a.system.util.CacheManager - Cache entry added: key:494 (TTL: 30 minutes)
2026-05-09 21:24:34.937 [main] DEBUG c.a.system.util.CacheManager - Cache entry added: key:495 (TTL: 30 minutes)
2026-05-09 21:24:34.937 [main] DEBUG c.a.system.util.CacheManager - Cache entry added: key:496 (TTL: 30 minutes)
2026-05-09 21:24:34.938 [main] DEBUG c.a.system.util.CacheManager - Cache entry added: key:497 (TTL: 30 minutes)
2026-05-09 21:24:34.938 [main] DEBUG c.a.system.util.CacheManager - Cache entry added: key:498 (TTL: 30 minutes)
2026-05-09 21:24:34.938 [main] DEBUG c.a.system.util.CacheManager - Cache entry added: key:499 (TTL: 30 minutes)
2026-05-09 21:24:34.938 [main] DEBUG c.a.system.util.CacheManager - Cache entry added: key:500 (TTL: 30 minutes)
2026-05-09 21:24:34.938 [main] DEBUG c.a.system.util.CacheManager - Cache entry added: key:501 (TTL: 30 minutes)
2026-05-09 21:24:34.938 [main] DEBUG c.a.system.util.CacheManager - Cache entry added: key:502 (TTL: 30 minutes)
2026-05-09 21:24:34.938 [main] DEBUG c.a.system.util.CacheManager - Cache entry added: key:503 (TTL: 30 minutes)
2026-05-09 21:24:34.938 [main] DEBUG c.a.system.util.CacheManager - Cache entry added: key:504 (TTL: 30 minutes)
2026-05-09 21:24:34.938 [main] DEBUG c.a.system.util.CacheManager - Cache entry added: key:505 (TTL: 30 minutes)
2026-05-09 21:24:34.938 [main] DEBUG c.a.system.util.CacheManager - Cache entry added: key:506 (TTL: 30 minutes)
2026-05-09 21:24:34.938 [main] DEBUG c.a.system.util.CacheManager - Cache entry added: key:507 (TTL: 30 minutes)
2026-05-09 21:24:34.938 [main] DEBUG c.a.system.util.CacheManager - Cache entry added: key:508 (TTL: 30 minutes)
2026-05-09 21:24:34.938 [main] DEBUG c.a.system.util.CacheManager - Cache entry added: key:509 (TTL: 30 minutes)
2026-05-09 21:24:34.938 [main] DEBUG c.a.system.util.CacheManager - Cache entry added: key:510 (TTL: 30 minutes)
2026-05-09 21:24:34.938 [main] DEBUG c.a.system.util.CacheManager - Cache entry added: key:511 (TTL: 30 minutes)
2026-05-09 21:24:34.938 [main] DEBUG c.a.system.util.CacheManager - Cache entry added: key:512 (TTL: 30 minutes)
2026-05-09 21:24:34.938 [main] DEBUG c.a.system.util.CacheManager - Cache entry added: key:513 (TTL: 30 minutes)
2026-05-09 21:24:34.938 [main] DEBUG c.a.system.util.CacheManager - Cache entry added: key:514 (TTL: 30 minutes)
2026-05-09 21:24:34.938 [main] DEBUG c.a.system.util.CacheManager - Cache entry added: key:515 (TTL: 30 minutes)
2026-05-09 21:24:34.938 [main] DEBUG c.a.system.util.CacheManager - Cache entry added: key:516 (TTL: 30 minutes)
2026-05-09 21:24:34.938 [main] DEBUG c.a.system.util.CacheManager - Cache entry added: key:517 (TTL: 30 minutes)
2026-05-09 21:24:34.938 [main] DEBUG c.a.system.util.CacheManager - Cache entry added: key:518 (TTL: 30 minutes)
2026-05-09 21:24:34.938 [main] DEBUG c.a.system.util.CacheManager - Cache entry added: key:519 (TTL: 30 minutes)
2026-05-09 21:24:34.938 [main] DEBUG c.a.system.util.CacheManager - Cache entry added: key:520 (TTL: 30 minutes)
2026-05-09 21:24:34.938 [main] DEBUG c.a.system.util.CacheManager - Cache entry added: key:521 (TTL: 30 minutes)
2026-05-09 21:24:34.938 [main] DEBUG c.a.system.util.CacheManager - Cache entry added: key:522 (TTL: 30 minutes)
2026-05-09 21:24:34.938 [main] DEBUG c.a.system.util.CacheManager - Cache entry added: key:523 (TTL: 30 minutes)
2026-05-09 21:24:34.938 [main] DEBUG c.a.system.util.CacheManager - Cache entry added: key:524 (TTL: 30 minutes)
2026-05-09 21:24:34.938 [main] DEBUG c.a.system.util.CacheManager - Cache entry added: key:525 (TTL: 30 minutes)
2026-05-09 21:24:34.938 [main] DEBUG c.a.system.util.CacheManager - Cache entry added: key:526 (TTL: 30 minutes)
2026-05-09 21:24:34.938 [main] DEBUG c.a.system.util.CacheManager - Cache entry added: key:527 (TTL: 30 minutes)
2026-05-09 21:24:34.938 [main] DEBUG c.a.system.util.CacheManager - Cache entry added: key:528 (TTL: 30 minutes)
2026-05-09 21:24:34.938 [main] DEBUG c.a.system.util.CacheManager - Cache entry added: key:529 (TTL: 30 minutes)
2026-05-09 21:24:34.938 [main] DEBUG c.a.system.util.CacheManager - Cache entry added: key:530 (TTL: 30 minutes)
2026-05-09 21:24:34.938 [main] DEBUG c.a.system.util.CacheManager - Cache entry added: key:531 (TTL: 30 minutes)
2026-05-09 21:24:34.938 [main] DEBUG c.a.system.util.CacheManager - Cache entry added: key:532 (TTL: 30 minutes)
2026-05-09 21:24:34.938 [main] DEBUG c.a.system.util.CacheManager - Cache entry added: key:533 (TTL: 30 minutes)
2026-05-09 21:24:34.939 [main] DEBUG c.a.system.util.CacheManager - Cache entry added: key:534 (TTL: 30 minutes)
2026-05-09 21:24:34.939 [main] DEBUG c.a.system.util.CacheManager - Cache entry added: key:535 (TTL: 30 minutes)
2026-05-09 21:24:34.939 [main] DEBUG c.a.system.util.CacheManager - Cache entry added: key:536 (TTL: 30 minutes)
2026-05-09 21:24:34.939 [main] DEBUG c.a.system.util.CacheManager - Cache entry added: key:537 (TTL: 30 minutes)
2026-05-09 21:24:34.939 [main] DEBUG c.a.system.util.CacheManager - Cache entry added: key:538 (TTL: 30 minutes)
2026-05-09 21:24:34.939 [main] DEBUG c.a.system.util.CacheManager - Cache entry added: key:539 (TTL: 30 minutes)
2026-05-09 21:24:34.939 [main] DEBUG c.a.system.util.CacheManager - Cache entry added: key:540 (TTL: 30 minutes)
2026-05-09 21:24:34.939 [main] DEBUG c.a.system.util.CacheManager - Cache entry added: key:541 (TTL: 30 minutes)
2026-05-09 21:24:34.939 [main] DEBUG c.a.system.util.CacheManager - Cache entry added: key:542 (TTL: 30 minutes)
2026-05-09 21:24:34.939 [main] DEBUG c.a.system.util.CacheManager - Cache entry added: key:543 (TTL: 30 minutes)
2026-05-09 21:24:34.939 [main] DEBUG c.a.system.util.CacheManager - Cache entry added: key:544 (TTL: 30 minutes)
2026-05-09 21:24:34.939 [main] DEBUG c.a.system.util.CacheManager - Cache entry added: key:545 (TTL: 30 minutes)
2026-05-09 21:24:34.939 [main] DEBUG c.a.system.util.CacheManager - Cache entry added: key:546 (TTL: 30 minutes)
2026-05-09 21:24:34.939 [main] DEBUG c.a.system.util.CacheManager - Cache entry added: key:547 (TTL: 30 minutes)
2026-05-09 21:24:34.939 [main] DEBUG c.a.system.util.CacheManager - Cache entry added: key:548 (TTL: 30 minutes)
2026-05-09 21:24:34.939 [main] DEBUG c.a.system.util.CacheManager - Cache entry added: key:549 (TTL: 30 minutes)
2026-05-09 21:24:34.939 [main] DEBUG c.a.system.util.CacheManager - Cache entry added: key:550 (TTL: 30 minutes)
2026-05-09 21:24:34.939 [main] DEBUG c.a.system.util.CacheManager - Cache entry added: key:551 (TTL: 30 minutes)
2026-05-09 21:24:34.939 [main] DEBUG c.a.system.util.CacheManager - Cache entry added: key:552 (TTL: 30 minutes)
2026-05-09 21:24:34.939 [main] DEBUG c.a.system.util.CacheManager - Cache entry added: key:553 (TTL: 30 minutes)
2026-05-09 21:24:34.939 [main] DEBUG c.a.system.util.CacheManager - Cache entry added: key:554 (TTL: 30 minutes)
2026-05-09 21:24:34.939 [main] DEBUG c.a.system.util.CacheManager - Cache entry added: key:555 (TTL: 30 minutes)
2026-05-09 21:24:34.939 [main] DEBUG c.a.system.util.CacheManager - Cache entry added: key:556 (TTL: 30 minutes)
2026-05-09 21:24:34.939 [main] DEBUG c.a.system.util.CacheManager - Cache entry added: key:557 (TTL: 30 minutes)
2026-05-09 21:24:34.939 [main] DEBUG c.a.system.util.CacheManager - Cache entry added: key:558 (TTL: 30 minutes)
2026-05-09 21:24:34.939 [main] DEBUG c.a.system.util.CacheManager - Cache entry added: key:559 (TTL: 30 minutes)
2026-05-09 21:24:34.939 [main] DEBUG c.a.system.util.CacheManager - Cache entry added: key:560 (TTL: 30 minutes)
2026-05-09 21:24:34.939 [main] DEBUG c.a.system.util.CacheManager - Cache entry added: key:561 (TTL: 30 minutes)
2026-05-09 21:24:34.939 [main] DEBUG c.a.system.util.CacheManager - Cache entry added: key:562 (TTL: 30 minutes)
2026-05-09 21:24:34.939 [main] DEBUG c.a.system.util.CacheManager - Cache entry added: key:563 (TTL: 30 minutes)
2026-05-09 21:24:34.939 [main] DEBUG c.a.system.util.CacheManager - Cache entry added: key:564 (TTL: 30 minutes)
2026-05-09 21:24:34.939 [main] DEBUG c.a.system.util.CacheManager - Cache entry added: key:565 (TTL: 30 minutes)
2026-05-09 21:24:34.939 [main] DEBUG c.a.system.util.CacheManager - Cache entry added: key:566 (TTL: 30 minutes)
2026-05-09 21:24:34.939 [main] DEBUG c.a.system.util.CacheManager - Cache entry added: key:567 (TTL: 30 minutes)
2026-05-09 21:24:34.939 [main] DEBUG c.a.system.util.CacheManager - Cache entry added: key:568 (TTL: 30 minutes)
2026-05-09 21:24:34.939 [main] DEBUG c.a.system.util.CacheManager - Cache entry added: key:569 (TTL: 30 minutes)
2026-05-09 21:24:34.940 [main] DEBUG c.a.system.util.CacheManager - Cache entry added: key:570 (TTL: 30 minutes)
2026-05-09 21:24:34.940 [main] DEBUG c.a.system.util.CacheManager - Cache entry added: key:571 (TTL: 30 minutes)
2026-05-09 21:24:34.940 [main] DEBUG c.a.system.util.CacheManager - Cache entry added: key:572 (TTL: 30 minutes)
2026-05-09 21:24:34.940 [main] DEBUG c.a.system.util.CacheManager - Cache entry added: key:573 (TTL: 30 minutes)
2026-05-09 21:24:34.940 [main] DEBUG c.a.system.util.CacheManager - Cache entry added: key:574 (TTL: 30 minutes)
2026-05-09 21:24:34.940 [main] DEBUG c.a.system.util.CacheManager - Cache entry added: key:575 (TTL: 30 minutes)
2026-05-09 21:24:34.940 [main] DEBUG c.a.system.util.CacheManager - Cache entry added: key:576 (TTL: 30 minutes)
2026-05-09 21:24:34.940 [main] DEBUG c.a.system.util.CacheManager - Cache entry added: key:577 (TTL: 30 minutes)
2026-05-09 21:24:34.940 [main] DEBUG c.a.system.util.CacheManager - Cache entry added: key:578 (TTL: 30 minutes)
2026-05-09 21:24:34.940 [main] DEBUG c.a.system.util.CacheManager - Cache entry added: key:579 (TTL: 30 minutes)
2026-05-09 21:24:34.940 [main] DEBUG c.a.system.util.CacheManager - Cache entry added: key:580 (TTL: 30 minutes)
2026-05-09 21:24:34.940 [main] DEBUG c.a.system.util.CacheManager - Cache entry added: key:581 (TTL: 30 minutes)
2026-05-09 21:24:34.940 [main] DEBUG c.a.system.util.CacheManager - Cache entry added: key:582 (TTL: 30 minutes)
2026-05-09 21:24:34.940 [main] DEBUG c.a.system.util.CacheManager - Cache entry added: key:583 (TTL: 30 minutes)
2026-05-09 21:24:34.940 [main] DEBUG c.a.system.util.CacheManager - Cache entry added: key:584 (TTL: 30 minutes)
2026-05-09 21:24:34.940 [main] DEBUG c.a.system.util.CacheManager - Cache entry added: key:585 (TTL: 30 minutes)
2026-05-09 21:24:34.940 [main] DEBUG c.a.system.util.CacheManager - Cache entry added: key:586 (TTL: 30 minutes)
2026-05-09 21:24:34.940 [main] DEBUG c.a.system.util.CacheManager - Cache entry added: key:587 (TTL: 30 minutes)
2026-05-09 21:24:34.940 [main] DEBUG c.a.system.util.CacheManager - Cache entry added: key:588 (TTL: 30 minutes)
2026-05-09 21:24:34.940 [main] DEBUG c.a.system.util.CacheManager - Cache entry added: key:589 (TTL: 30 minutes)
2026-05-09 21:24:34.940 [main] DEBUG c.a.system.util.CacheManager - Cache entry added: key:590 (TTL: 30 minutes)
2026-05-09 21:24:34.940 [main] DEBUG c.a.system.util.CacheManager - Cache entry added: key:591 (TTL: 30 minutes)
2026-05-09 21:24:34.940 [main] DEBUG c.a.system.util.CacheManager - Cache entry added: key:592 (TTL: 30 minutes)
2026-05-09 21:24:34.940 [main] DEBUG c.a.system.util.CacheManager - Cache entry added: key:593 (TTL: 30 minutes)
2026-05-09 21:24:34.940 [main] DEBUG c.a.system.util.CacheManager - Cache entry added: key:594 (TTL: 30 minutes)
2026-05-09 21:24:34.940 [main] DEBUG c.a.system.util.CacheManager - Cache entry added: key:595 (TTL: 30 minutes)
2026-05-09 21:24:34.940 [main] DEBUG c.a.system.util.CacheManager - Cache entry added: key:596 (TTL: 30 minutes)
2026-05-09 21:24:34.940 [main] DEBUG c.a.system.util.CacheManager - Cache entry added: key:597 (TTL: 30 minutes)
2026-05-09 21:24:34.940 [main] DEBUG c.a.system.util.CacheManager - Cache entry added: key:598 (TTL: 30 minutes)
2026-05-09 21:24:34.940 [main] DEBUG c.a.system.util.CacheManager - Cache entry added: key:599 (TTL: 30 minutes)
2026-05-09 21:24:34.940 [main] DEBUG c.a.system.util.CacheManager - Cache entry added: key:600 (TTL: 30 minutes)
2026-05-09 21:24:34.940 [main] DEBUG c.a.system.util.CacheManager - Cache entry added: key:601 (TTL: 30 minutes)
2026-05-09 21:24:34.940 [main] DEBUG c.a.system.util.CacheManager - Cache entry added: key:602 (TTL: 30 minutes)
2026-05-09 21:24:34.940 [main] DEBUG c.a.system.util.CacheManager - Cache entry added: key:603 (TTL: 30 minutes)
2026-05-09 21:24:34.941 [main] DEBUG c.a.system.util.CacheManager - Cache entry added: key:604 (TTL: 30 minutes)
2026-05-09 21:24:34.941 [main] DEBUG c.a.system.util.CacheManager - Cache entry added: key:605 (TTL: 30 minutes)
2026-05-09 21:24:34.941 [main] DEBUG c.a.system.util.CacheManager - Cache entry added: key:606 (TTL: 30 minutes)
2026-05-09 21:24:34.941 [main] DEBUG c.a.system.util.CacheManager - Cache entry added: key:607 (TTL: 30 minutes)
2026-05-09 21:24:34.941 [main] DEBUG c.a.system.util.CacheManager - Cache entry added: key:608 (TTL: 30 minutes)
2026-05-09 21:24:34.941 [main] DEBUG c.a.system.util.CacheManager - Cache entry added: key:609 (TTL: 30 minutes)
2026-05-09 21:24:34.941 [main] DEBUG c.a.system.util.CacheManager - Cache entry added: key:610 (TTL: 30 minutes)
2026-05-09 21:24:34.941 [main] DEBUG c.a.system.util.CacheManager - Cache entry added: key:611 (TTL: 30 minutes)
2026-05-09 21:24:34.941 [main] DEBUG c.a.system.util.CacheManager - Cache entry added: key:612 (TTL: 30 minutes)
2026-05-09 21:24:34.941 [main] DEBUG c.a.system.util.CacheManager - Cache entry added: key:613 (TTL: 30 minutes)
2026-05-09 21:24:34.941 [main] DEBUG c.a.system.util.CacheManager - Cache entry added: key:614 (TTL: 30 minutes)
2026-05-09 21:24:34.941 [main] DEBUG c.a.system.util.CacheManager - Cache entry added: key:615 (TTL: 30 minutes)
2026-05-09 21:24:34.941 [main] DEBUG c.a.system.util.CacheManager - Cache entry added: key:616 (TTL: 30 minutes)
2026-05-09 21:24:34.941 [main] DEBUG c.a.system.util.CacheManager - Cache entry added: key:617 (TTL: 30 minutes)
2026-05-09 21:24:34.941 [main] DEBUG c.a.system.util.CacheManager - Cache entry added: key:618 (TTL: 30 minutes)
2026-05-09 21:24:34.941 [main] DEBUG c.a.system.util.CacheManager - Cache entry added: key:619 (TTL: 30 minutes)
2026-05-09 21:24:34.941 [main] DEBUG c.a.system.util.CacheManager - Cache entry added: key:620 (TTL: 30 minutes)
2026-05-09 21:24:34.941 [main] DEBUG c.a.system.util.CacheManager - Cache entry added: key:621 (TTL: 30 minutes)
2026-05-09 21:24:34.941 [main] DEBUG c.a.system.util.CacheManager - Cache entry added: key:622 (TTL: 30 minutes)
2026-05-09 21:24:34.941 [main] DEBUG c.a.system.util.CacheManager - Cache entry added: key:623 (TTL: 30 minutes)
2026-05-09 21:24:34.941 [main] DEBUG c.a.system.util.CacheManager - Cache entry added: key:624 (TTL: 30 minutes)
2026-05-09 21:24:34.941 [main] DEBUG c.a.system.util.CacheManager - Cache entry added: key:625 (TTL: 30 minutes)
2026-05-09 21:24:34.941 [main] DEBUG c.a.system.util.CacheManager - Cache entry added: key:626 (TTL: 30 minutes)
2026-05-09 21:24:34.941 [main] DEBUG c.a.system.util.CacheManager - Cache entry added: key:627 (TTL: 30 minutes)
2026-05-09 21:24:34.941 [main] DEBUG c.a.system.util.CacheManager - Cache entry added: key:628 (TTL: 30 minutes)
2026-05-09 21:24:34.941 [main] DEBUG c.a.system.util.CacheManager - Cache entry added: key:629 (TTL: 30 minutes)
2026-05-09 21:24:34.941 [main] DEBUG c.a.system.util.CacheManager - Cache entry added: key:630 (TTL: 30 minutes)
2026-05-09 21:24:34.941 [main] DEBUG c.a.system.util.CacheManager - Cache entry added: key:631 (TTL: 30 minutes)
2026-05-09 21:24:34.941 [main] DEBUG c.a.system.util.CacheManager - Cache entry added: key:632 (TTL: 30 minutes)
2026-05-09 21:24:34.941 [main] DEBUG c.a.system.util.CacheManager - Cache entry added: key:633 (TTL: 30 minutes)
2026-05-09 21:24:34.941 [main] DEBUG c.a.system.util.CacheManager - Cache entry added: key:634 (TTL: 30 minutes)
2026-05-09 21:24:34.941 [main] DEBUG c.a.system.util.CacheManager - Cache entry added: key:635 (TTL: 30 minutes)
2026-05-09 21:24:34.941 [main] DEBUG c.a.system.util.CacheManager - Cache entry added: key:636 (TTL: 30 minutes)
2026-05-09 21:24:34.942 [main] DEBUG c.a.system.util.CacheManager - Cache entry added: key:637 (TTL: 30 minutes)
2026-05-09 21:24:34.942 [main] DEBUG c.a.system.util.CacheManager - Cache entry added: key:638 (TTL: 30 minutes)
2026-05-09 21:24:34.942 [main] DEBUG c.a.system.util.CacheManager - Cache entry added: key:639 (TTL: 30 minutes)
2026-05-09 21:24:34.942 [main] DEBUG c.a.system.util.CacheManager - Cache entry added: key:640 (TTL: 30 minutes)
2026-05-09 21:24:34.942 [main] DEBUG c.a.system.util.CacheManager - Cache entry added: key:641 (TTL: 30 minutes)
2026-05-09 21:24:34.942 [main] DEBUG c.a.system.util.CacheManager - Cache entry added: key:642 (TTL: 30 minutes)
2026-05-09 21:24:34.942 [main] DEBUG c.a.system.util.CacheManager - Cache entry added: key:643 (TTL: 30 minutes)
2026-05-09 21:24:34.942 [main] DEBUG c.a.system.util.CacheManager - Cache entry added: key:644 (TTL: 30 minutes)
2026-05-09 21:24:34.942 [main] DEBUG c.a.system.util.CacheManager - Cache entry added: key:645 (TTL: 30 minutes)
2026-05-09 21:24:34.942 [main] DEBUG c.a.system.util.CacheManager - Cache entry added: key:646 (TTL: 30 minutes)
2026-05-09 21:24:34.942 [main] DEBUG c.a.system.util.CacheManager - Cache entry added: key:647 (TTL: 30 minutes)
2026-05-09 21:24:34.942 [main] DEBUG c.a.system.util.CacheManager - Cache entry added: key:648 (TTL: 30 minutes)
2026-05-09 21:24:34.942 [main] DEBUG c.a.system.util.CacheManager - Cache entry added: key:649 (TTL: 30 minutes)
2026-05-09 21:24:34.942 [main] DEBUG c.a.system.util.CacheManager - Cache entry added: key:650 (TTL: 30 minutes)
2026-05-09 21:24:34.942 [main] DEBUG c.a.system.util.CacheManager - Cache entry added: key:651 (TTL: 30 minutes)
2026-05-09 21:24:34.942 [main] DEBUG c.a.system.util.CacheManager - Cache entry added: key:652 (TTL: 30 minutes)
2026-05-09 21:24:34.942 [main] DEBUG c.a.system.util.CacheManager - Cache entry added: key:653 (TTL: 30 minutes)
2026-05-09 21:24:34.942 [main] DEBUG c.a.system.util.CacheManager - Cache entry added: key:654 (TTL: 30 minutes)
2026-05-09 21:24:34.942 [main] DEBUG c.a.system.util.CacheManager - Cache entry added: key:655 (TTL: 30 minutes)
2026-05-09 21:24:34.942 [main] DEBUG c.a.system.util.CacheManager - Cache entry added: key:656 (TTL: 30 minutes)
2026-05-09 21:24:34.942 [main] DEBUG c.a.system.util.CacheManager - Cache entry added: key:657 (TTL: 30 minutes)
2026-05-09 21:24:34.942 [main] DEBUG c.a.system.util.CacheManager - Cache entry added: key:658 (TTL: 30 minutes)
2026-05-09 21:24:34.942 [main] DEBUG c.a.system.util.CacheManager - Cache entry added: key:659 (TTL: 30 minutes)
2026-05-09 21:24:34.942 [main] DEBUG c.a.system.util.CacheManager - Cache entry added: key:660 (TTL: 30 minutes)
2026-05-09 21:24:34.942 [main] DEBUG c.a.system.util.CacheManager - Cache entry added: key:661 (TTL: 30 minutes)
2026-05-09 21:24:34.942 [main] DEBUG c.a.system.util.CacheManager - Cache entry added: key:662 (TTL: 30 minutes)
2026-05-09 21:24:34.942 [main] DEBUG c.a.system.util.CacheManager - Cache entry added: key:663 (TTL: 30 minutes)
2026-05-09 21:24:34.942 [main] DEBUG c.a.system.util.CacheManager - Cache entry added: key:664 (TTL: 30 minutes)
2026-05-09 21:24:34.942 [main] DEBUG c.a.system.util.CacheManager - Cache entry added: key:665 (TTL: 30 minutes)
2026-05-09 21:24:34.942 [main] DEBUG c.a.system.util.CacheManager - Cache entry added: key:666 (TTL: 30 minutes)
2026-05-09 21:24:34.942 [main] DEBUG c.a.system.util.CacheManager - Cache entry added: key:667 (TTL: 30 minutes)
2026-05-09 21:24:34.942 [main] DEBUG c.a.system.util.CacheManager - Cache entry added: key:668 (TTL: 30 minutes)
2026-05-09 21:24:34.943 [main] DEBUG c.a.system.util.CacheManager - Cache entry added: key:669 (TTL: 30 minutes)
2026-05-09 21:24:34.943 [main] DEBUG c.a.system.util.CacheManager - Cache entry added: key:670 (TTL: 30 minutes)
2026-05-09 21:24:34.943 [main] DEBUG c.a.system.util.CacheManager - Cache entry added: key:671 (TTL: 30 minutes)
2026-05-09 21:24:34.943 [main] DEBUG c.a.system.util.CacheManager - Cache entry added: key:672 (TTL: 30 minutes)
2026-05-09 21:24:34.943 [main] DEBUG c.a.system.util.CacheManager - Cache entry added: key:673 (TTL: 30 minutes)
2026-05-09 21:24:34.943 [main] DEBUG c.a.system.util.CacheManager - Cache entry added: key:674 (TTL: 30 minutes)
2026-05-09 21:24:34.943 [main] DEBUG c.a.system.util.CacheManager - Cache entry added: key:675 (TTL: 30 minutes)
2026-05-09 21:24:34.943 [main] DEBUG c.a.system.util.CacheManager - Cache entry added: key:676 (TTL: 30 minutes)
2026-05-09 21:24:34.943 [main] DEBUG c.a.system.util.CacheManager - Cache entry added: key:677 (TTL: 30 minutes)
2026-05-09 21:24:34.943 [main] DEBUG c.a.system.util.CacheManager - Cache entry added: key:678 (TTL: 30 minutes)
2026-05-09 21:24:34.943 [main] DEBUG c.a.system.util.CacheManager - Cache entry added: key:679 (TTL: 30 minutes)
2026-05-09 21:24:34.943 [main] DEBUG c.a.system.util.CacheManager - Cache entry added: key:680 (TTL: 30 minutes)
2026-05-09 21:24:34.943 [main] DEBUG c.a.system.util.CacheManager - Cache entry added: key:681 (TTL: 30 minutes)
2026-05-09 21:24:34.943 [main] DEBUG c.a.system.util.CacheManager - Cache entry added: key:682 (TTL: 30 minutes)
2026-05-09 21:24:34.943 [main] DEBUG c.a.system.util.CacheManager - Cache entry added: key:683 (TTL: 30 minutes)
2026-05-09 21:24:34.943 [main] DEBUG c.a.system.util.CacheManager - Cache entry added: key:684 (TTL: 30 minutes)
2026-05-09 21:24:34.943 [main] DEBUG c.a.system.util.CacheManager - Cache entry added: key:685 (TTL: 30 minutes)
2026-05-09 21:24:34.943 [main] DEBUG c.a.system.util.CacheManager - Cache entry added: key:686 (TTL: 30 minutes)
2026-05-09 21:24:34.943 [main] DEBUG c.a.system.util.CacheManager - Cache entry added: key:687 (TTL: 30 minutes)
2026-05-09 21:24:34.943 [main] DEBUG c.a.system.util.CacheManager - Cache entry added: key:688 (TTL: 30 minutes)
2026-05-09 21:24:34.943 [main] DEBUG c.a.system.util.CacheManager - Cache entry added: key:689 (TTL: 30 minutes)
2026-05-09 21:24:34.943 [main] DEBUG c.a.system.util.CacheManager - Cache entry added: key:690 (TTL: 30 minutes)
2026-05-09 21:24:34.943 [main] DEBUG c.a.system.util.CacheManager - Cache entry added: key:691 (TTL: 30 minutes)
2026-05-09 21:24:34.943 [main] DEBUG c.a.system.util.CacheManager - Cache entry added: key:692 (TTL: 30 minutes)
2026-05-09 21:24:34.943 [main] DEBUG c.a.system.util.CacheManager - Cache entry added: key:693 (TTL: 30 minutes)
2026-05-09 21:24:34.943 [main] DEBUG c.a.system.util.CacheManager - Cache entry added: key:694 (TTL: 30 minutes)
2026-05-09 21:24:34.943 [main] DEBUG c.a.system.util.CacheManager - Cache entry added: key:695 (TTL: 30 minutes)
2026-05-09 21:24:34.943 [main] DEBUG c.a.system.util.CacheManager - Cache entry added: key:696 (TTL: 30 minutes)
2026-05-09 21:24:34.943 [main] DEBUG c.a.system.util.CacheManager - Cache entry added: key:697 (TTL: 30 minutes)
2026-05-09 21:24:34.943 [main] DEBUG c.a.system.util.CacheManager - Cache entry added: key:698 (TTL: 30 minutes)
2026-05-09 21:24:34.943 [main] DEBUG c.a.system.util.CacheManager - Cache entry added: key:699 (TTL: 30 minutes)
2026-05-09 21:24:34.943 [main] DEBUG c.a.system.util.CacheManager - Cache entry added: key:700 (TTL: 30 minutes)
2026-05-09 21:24:34.943 [main] DEBUG c.a.system.util.CacheManager - Cache entry added: key:701 (TTL: 30 minutes)
2026-05-09 21:24:34.943 [main] DEBUG c.a.system.util.CacheManager - Cache entry added: key:702 (TTL: 30 minutes)
2026-05-09 21:24:34.944 [main] DEBUG c.a.system.util.CacheManager - Cache entry added: key:703 (TTL: 30 minutes)
2026-05-09 21:24:34.944 [main] DEBUG c.a.system.util.CacheManager - Cache entry added: key:704 (TTL: 30 minutes)
2026-05-09 21:24:34.944 [main] DEBUG c.a.system.util.CacheManager - Cache entry added: key:705 (TTL: 30 minutes)
2026-05-09 21:24:34.944 [main] DEBUG c.a.system.util.CacheManager - Cache entry added: key:706 (TTL: 30 minutes)
2026-05-09 21:24:34.944 [main] DEBUG c.a.system.util.CacheManager - Cache entry added: key:707 (TTL: 30 minutes)
2026-05-09 21:24:34.944 [main] DEBUG c.a.system.util.CacheManager - Cache entry added: key:708 (TTL: 30 minutes)
2026-05-09 21:24:34.944 [main] DEBUG c.a.system.util.CacheManager - Cache entry added: key:709 (TTL: 30 minutes)
2026-05-09 21:24:34.944 [main] DEBUG c.a.system.util.CacheManager - Cache entry added: key:710 (TTL: 30 minutes)
2026-05-09 21:24:34.944 [main] DEBUG c.a.system.util.CacheManager - Cache entry added: key:711 (TTL: 30 minutes)
2026-05-09 21:24:34.944 [main] DEBUG c.a.system.util.CacheManager - Cache entry added: key:712 (TTL: 30 minutes)
2026-05-09 21:24:34.944 [main] DEBUG c.a.system.util.CacheManager - Cache entry added: key:713 (TTL: 30 minutes)
2026-05-09 21:24:34.944 [main] DEBUG c.a.system.util.CacheManager - Cache entry added: key:714 (TTL: 30 minutes)
2026-05-09 21:24:34.944 [main] DEBUG c.a.system.util.CacheManager - Cache entry added: key:715 (TTL: 30 minutes)
2026-05-09 21:24:34.944 [main] DEBUG c.a.system.util.CacheManager - Cache entry added: key:716 (TTL: 30 minutes)
2026-05-09 21:24:34.944 [main] DEBUG c.a.system.util.CacheManager - Cache entry added: key:717 (TTL: 30 minutes)
2026-05-09 21:24:34.944 [main] DEBUG c.a.system.util.CacheManager - Cache entry added: key:718 (TTL: 30 minutes)
2026-05-09 21:24:34.944 [main] DEBUG c.a.system.util.CacheManager - Cache entry added: key:719 (TTL: 30 minutes)
2026-05-09 21:24:34.944 [main] DEBUG c.a.system.util.CacheManager - Cache entry added: key:720 (TTL: 30 minutes)
2026-05-09 21:24:34.944 [main] DEBUG c.a.system.util.CacheManager - Cache entry added: key:721 (TTL: 30 minutes)
2026-05-09 21:24:34.944 [main] DEBUG c.a.system.util.CacheManager - Cache entry added: key:722 (TTL: 30 minutes)
2026-05-09 21:24:34.944 [main] DEBUG c.a.system.util.CacheManager - Cache entry added: key:723 (TTL: 30 minutes)
2026-05-09 21:24:34.944 [main] DEBUG c.a.system.util.CacheManager - Cache entry added: key:724 (TTL: 30 minutes)
2026-05-09 21:24:34.944 [main] DEBUG c.a.system.util.CacheManager - Cache entry added: key:725 (TTL: 30 minutes)
2026-05-09 21:24:34.944 [main] DEBUG c.a.system.util.CacheManager - Cache entry added: key:726 (TTL: 30 minutes)
2026-05-09 21:24:34.944 [main] DEBUG c.a.system.util.CacheManager - Cache entry added: key:727 (TTL: 30 minutes)
2026-05-09 21:24:34.944 [main] DEBUG c.a.system.util.CacheManager - Cache entry added: key:728 (TTL: 30 minutes)
2026-05-09 21:24:34.944 [main] DEBUG c.a.system.util.CacheManager - Cache entry added: key:729 (TTL: 30 minutes)
2026-05-09 21:24:34.944 [main] DEBUG c.a.system.util.CacheManager - Cache entry added: key:730 (TTL: 30 minutes)
2026-05-09 21:24:34.944 [main] DEBUG c.a.system.util.CacheManager - Cache entry added: key:731 (TTL: 30 minutes)
2026-05-09 21:24:34.944 [main] DEBUG c.a.system.util.CacheManager - Cache entry added: key:732 (TTL: 30 minutes)
2026-05-09 21:24:34.944 [main] DEBUG c.a.system.util.CacheManager - Cache entry added: key:733 (TTL: 30 minutes)
2026-05-09 21:24:34.944 [main] DEBUG c.a.system.util.CacheManager - Cache entry added: key:734 (TTL: 30 minutes)
2026-05-09 21:24:34.944 [main] DEBUG c.a.system.util.CacheManager - Cache entry added: key:735 (TTL: 30 minutes)
2026-05-09 21:24:34.944 [main] DEBUG c.a.system.util.CacheManager - Cache entry added: key:736 (TTL: 30 minutes)
2026-05-09 21:24:34.944 [main] DEBUG c.a.system.util.CacheManager - Cache entry added: key:737 (TTL: 30 minutes)
2026-05-09 21:24:34.944 [main] DEBUG c.a.system.util.CacheManager - Cache entry added: key:738 (TTL: 30 minutes)
2026-05-09 21:24:34.945 [main] DEBUG c.a.system.util.CacheManager - Cache entry added: key:739 (TTL: 30 minutes)
2026-05-09 21:24:34.945 [main] DEBUG c.a.system.util.CacheManager - Cache entry added: key:740 (TTL: 30 minutes)
2026-05-09 21:24:34.945 [main] DEBUG c.a.system.util.CacheManager - Cache entry added: key:741 (TTL: 30 minutes)
2026-05-09 21:24:34.945 [main] DEBUG c.a.system.util.CacheManager - Cache entry added: key:742 (TTL: 30 minutes)
2026-05-09 21:24:34.945 [main] DEBUG c.a.system.util.CacheManager - Cache entry added: key:743 (TTL: 30 minutes)
2026-05-09 21:24:34.945 [main] DEBUG c.a.system.util.CacheManager - Cache entry added: key:744 (TTL: 30 minutes)
2026-05-09 21:24:34.945 [main] DEBUG c.a.system.util.CacheManager - Cache entry added: key:745 (TTL: 30 minutes)
2026-05-09 21:24:34.945 [main] DEBUG c.a.system.util.CacheManager - Cache entry added: key:746 (TTL: 30 minutes)
2026-05-09 21:24:34.945 [main] DEBUG c.a.system.util.CacheManager - Cache entry added: key:747 (TTL: 30 minutes)
2026-05-09 21:24:34.945 [main] DEBUG c.a.system.util.CacheManager - Cache entry added: key:748 (TTL: 30 minutes)
2026-05-09 21:24:34.945 [main] DEBUG c.a.system.util.CacheManager - Cache entry added: key:749 (TTL: 30 minutes)
2026-05-09 21:24:34.945 [main] DEBUG c.a.system.util.CacheManager - Cache entry added: key:750 (TTL: 30 minutes)
2026-05-09 21:24:34.945 [main] DEBUG c.a.system.util.CacheManager - Cache entry added: key:751 (TTL: 30 minutes)
2026-05-09 21:24:34.945 [main] DEBUG c.a.system.util.CacheManager - Cache entry added: key:752 (TTL: 30 minutes)
2026-05-09 21:24:34.945 [main] DEBUG c.a.system.util.CacheManager - Cache entry added: key:753 (TTL: 30 minutes)
2026-05-09 21:24:34.945 [main] DEBUG c.a.system.util.CacheManager - Cache entry added: key:754 (TTL: 30 minutes)
2026-05-09 21:24:34.945 [main] DEBUG c.a.system.util.CacheManager - Cache entry added: key:755 (TTL: 30 minutes)
2026-05-09 21:24:34.945 [main] DEBUG c.a.system.util.CacheManager - Cache entry added: key:756 (TTL: 30 minutes)
2026-05-09 21:24:34.945 [main] DEBUG c.a.system.util.CacheManager - Cache entry added: key:757 (TTL: 30 minutes)
2026-05-09 21:24:34.945 [main] DEBUG c.a.system.util.CacheManager - Cache entry added: key:758 (TTL: 30 minutes)
2026-05-09 21:24:34.945 [main] DEBUG c.a.system.util.CacheManager - Cache entry added: key:759 (TTL: 30 minutes)
2026-05-09 21:24:34.945 [main] DEBUG c.a.system.util.CacheManager - Cache entry added: key:760 (TTL: 30 minutes)
2026-05-09 21:24:34.945 [main] DEBUG c.a.system.util.CacheManager - Cache entry added: key:761 (TTL: 30 minutes)
2026-05-09 21:24:34.945 [main] DEBUG c.a.system.util.CacheManager - Cache entry added: key:762 (TTL: 30 minutes)
2026-05-09 21:24:34.945 [main] DEBUG c.a.system.util.CacheManager - Cache entry added: key:763 (TTL: 30 minutes)
2026-05-09 21:24:34.945 [main] DEBUG c.a.system.util.CacheManager - Cache entry added: key:764 (TTL: 30 minutes)
2026-05-09 21:24:34.945 [main] DEBUG c.a.system.util.CacheManager - Cache entry added: key:765 (TTL: 30 minutes)
2026-05-09 21:24:34.945 [main] DEBUG c.a.system.util.CacheManager - Cache entry added: key:766 (TTL: 30 minutes)
2026-05-09 21:24:34.945 [main] DEBUG c.a.system.util.CacheManager - Cache entry added: key:767 (TTL: 30 minutes)
2026-05-09 21:24:34.945 [main] DEBUG c.a.system.util.CacheManager - Cache entry added: key:768 (TTL: 30 minutes)
2026-05-09 21:24:34.945 [main] DEBUG c.a.system.util.CacheManager - Cache entry added: key:769 (TTL: 30 minutes)
2026-05-09 21:24:34.945 [main] DEBUG c.a.system.util.CacheManager - Cache entry added: key:770 (TTL: 30 minutes)
2026-05-09 21:24:34.945 [main] DEBUG c.a.system.util.CacheManager - Cache entry added: key:771 (TTL: 30 minutes)
2026-05-09 21:24:34.945 [main] DEBUG c.a.system.util.CacheManager - Cache entry added: key:772 (TTL: 30 minutes)
2026-05-09 21:24:34.945 [main] DEBUG c.a.system.util.CacheManager - Cache entry added: key:773 (TTL: 30 minutes)
2026-05-09 21:24:34.945 [main] DEBUG c.a.system.util.CacheManager - Cache entry added: key:774 (TTL: 30 minutes)
2026-05-09 21:24:34.945 [main] DEBUG c.a.system.util.CacheManager - Cache entry added: key:775 (TTL: 30 minutes)
2026-05-09 21:24:34.945 [main] DEBUG c.a.system.util.CacheManager - Cache entry added: key:776 (TTL: 30 minutes)
2026-05-09 21:24:34.946 [main] DEBUG c.a.system.util.CacheManager - Cache entry added: key:777 (TTL: 30 minutes)
2026-05-09 21:24:34.946 [main] DEBUG c.a.system.util.CacheManager - Cache entry added: key:778 (TTL: 30 minutes)
2026-05-09 21:24:34.946 [main] DEBUG c.a.system.util.CacheManager - Cache entry added: key:779 (TTL: 30 minutes)
2026-05-09 21:24:34.946 [main] DEBUG c.a.system.util.CacheManager - Cache entry added: key:780 (TTL: 30 minutes)
2026-05-09 21:24:34.946 [main] DEBUG c.a.system.util.CacheManager - Cache entry added: key:781 (TTL: 30 minutes)
2026-05-09 21:24:34.946 [main] DEBUG c.a.system.util.CacheManager - Cache entry added: key:782 (TTL: 30 minutes)
2026-05-09 21:24:34.946 [main] DEBUG c.a.system.util.CacheManager - Cache entry added: key:783 (TTL: 30 minutes)
2026-05-09 21:24:34.946 [main] DEBUG c.a.system.util.CacheManager - Cache entry added: key:784 (TTL: 30 minutes)
2026-05-09 21:24:34.946 [main] DEBUG c.a.system.util.CacheManager - Cache entry added: key:785 (TTL: 30 minutes)
2026-05-09 21:24:34.946 [main] DEBUG c.a.system.util.CacheManager - Cache entry added: key:786 (TTL: 30 minutes)
2026-05-09 21:24:34.946 [main] DEBUG c.a.system.util.CacheManager - Cache entry added: key:787 (TTL: 30 minutes)
2026-05-09 21:24:34.946 [main] DEBUG c.a.system.util.CacheManager - Cache entry added: key:788 (TTL: 30 minutes)
2026-05-09 21:24:34.946 [main] DEBUG c.a.system.util.CacheManager - Cache entry added: key:789 (TTL: 30 minutes)
2026-05-09 21:24:34.946 [main] DEBUG c.a.system.util.CacheManager - Cache entry added: key:790 (TTL: 30 minutes)
2026-05-09 21:24:34.946 [main] DEBUG c.a.system.util.CacheManager - Cache entry added: key:791 (TTL: 30 minutes)
2026-05-09 21:24:34.946 [main] DEBUG c.a.system.util.CacheManager - Cache entry added: key:792 (TTL: 30 minutes)
2026-05-09 21:24:34.946 [main] DEBUG c.a.system.util.CacheManager - Cache entry added: key:793 (TTL: 30 minutes)
2026-05-09 21:24:34.946 [main] DEBUG c.a.system.util.CacheManager - Cache entry added: key:794 (TTL: 30 minutes)
2026-05-09 21:24:34.946 [main] DEBUG c.a.system.util.CacheManager - Cache entry added: key:795 (TTL: 30 minutes)
2026-05-09 21:24:34.946 [main] DEBUG c.a.system.util.CacheManager - Cache entry added: key:796 (TTL: 30 minutes)
2026-05-09 21:24:34.946 [main] DEBUG c.a.system.util.CacheManager - Cache entry added: key:797 (TTL: 30 minutes)
2026-05-09 21:24:34.946 [main] DEBUG c.a.system.util.CacheManager - Cache entry added: key:798 (TTL: 30 minutes)
2026-05-09 21:24:34.946 [main] DEBUG c.a.system.util.CacheManager - Cache entry added: key:799 (TTL: 30 minutes)
2026-05-09 21:24:34.946 [main] DEBUG c.a.system.util.CacheManager - Cache entry added: key:800 (TTL: 30 minutes)
2026-05-09 21:24:34.946 [main] DEBUG c.a.system.util.CacheManager - Cache entry added: key:801 (TTL: 30 minutes)
2026-05-09 21:24:34.946 [main] DEBUG c.a.system.util.CacheManager - Cache entry added: key:802 (TTL: 30 minutes)
2026-05-09 21:24:34.946 [main] DEBUG c.a.system.util.CacheManager - Cache entry added: key:803 (TTL: 30 minutes)
2026-05-09 21:24:34.946 [main] DEBUG c.a.system.util.CacheManager - Cache entry added: key:804 (TTL: 30 minutes)
2026-05-09 21:24:34.946 [main] DEBUG c.a.system.util.CacheManager - Cache entry added: key:805 (TTL: 30 minutes)
2026-05-09 21:24:34.946 [main] DEBUG c.a.system.util.CacheManager - Cache entry added: key:806 (TTL: 30 minutes)
2026-05-09 21:24:34.946 [main] DEBUG c.a.system.util.CacheManager - Cache entry added: key:807 (TTL: 30 minutes)
2026-05-09 21:24:34.946 [main] DEBUG c.a.system.util.CacheManager - Cache entry added: key:808 (TTL: 30 minutes)
2026-05-09 21:24:34.946 [main] DEBUG c.a.system.util.CacheManager - Cache entry added: key:809 (TTL: 30 minutes)
2026-05-09 21:24:34.947 [main] DEBUG c.a.system.util.CacheManager - Cache entry added: key:810 (TTL: 30 minutes)
2026-05-09 21:24:34.947 [main] DEBUG c.a.system.util.CacheManager - Cache entry added: key:811 (TTL: 30 minutes)
2026-05-09 21:24:34.947 [main] DEBUG c.a.system.util.CacheManager - Cache entry added: key:812 (TTL: 30 minutes)
2026-05-09 21:24:34.947 [main] DEBUG c.a.system.util.CacheManager - Cache entry added: key:813 (TTL: 30 minutes)
2026-05-09 21:24:34.947 [main] DEBUG c.a.system.util.CacheManager - Cache entry added: key:814 (TTL: 30 minutes)
2026-05-09 21:24:34.947 [main] DEBUG c.a.system.util.CacheManager - Cache entry added: key:815 (TTL: 30 minutes)
2026-05-09 21:24:34.947 [main] DEBUG c.a.system.util.CacheManager - Cache entry added: key:816 (TTL: 30 minutes)
2026-05-09 21:24:34.947 [main] DEBUG c.a.system.util.CacheManager - Cache entry added: key:817 (TTL: 30 minutes)
2026-05-09 21:24:34.947 [main] DEBUG c.a.system.util.CacheManager - Cache entry added: key:818 (TTL: 30 minutes)
2026-05-09 21:24:34.947 [main] DEBUG c.a.system.util.CacheManager - Cache entry added: key:819 (TTL: 30 minutes)
2026-05-09 21:24:34.947 [main] DEBUG c.a.system.util.CacheManager - Cache entry added: key:820 (TTL: 30 minutes)
2026-05-09 21:24:34.947 [main] DEBUG c.a.system.util.CacheManager - Cache entry added: key:821 (TTL: 30 minutes)
2026-05-09 21:24:34.947 [main] DEBUG c.a.system.util.CacheManager - Cache entry added: key:822 (TTL: 30 minutes)
2026-05-09 21:24:34.947 [main] DEBUG c.a.system.util.CacheManager - Cache entry added: key:823 (TTL: 30 minutes)
2026-05-09 21:24:34.947 [main] DEBUG c.a.system.util.CacheManager - Cache entry added: key:824 (TTL: 30 minutes)
2026-05-09 21:24:34.947 [main] DEBUG c.a.system.util.CacheManager - Cache entry added: key:825 (TTL: 30 minutes)
2026-05-09 21:24:34.947 [main] DEBUG c.a.system.util.CacheManager - Cache entry added: key:826 (TTL: 30 minutes)
2026-05-09 21:24:34.947 [main] DEBUG c.a.system.util.CacheManager - Cache entry added: key:827 (TTL: 30 minutes)
2026-05-09 21:24:34.947 [main] DEBUG c.a.system.util.CacheManager - Cache entry added: key:828 (TTL: 30 minutes)
2026-05-09 21:24:34.947 [main] DEBUG c.a.system.util.CacheManager - Cache entry added: key:829 (TTL: 30 minutes)
2026-05-09 21:24:34.947 [main] DEBUG c.a.system.util.CacheManager - Cache entry added: key:830 (TTL: 30 minutes)
2026-05-09 21:24:34.947 [main] DEBUG c.a.system.util.CacheManager - Cache entry added: key:831 (TTL: 30 minutes)
2026-05-09 21:24:34.947 [main] DEBUG c.a.system.util.CacheManager - Cache entry added: key:832 (TTL: 30 minutes)
2026-05-09 21:24:34.947 [main] DEBUG c.a.system.util.CacheManager - Cache entry added: key:833 (TTL: 30 minutes)
2026-05-09 21:24:34.947 [main] DEBUG c.a.system.util.CacheManager - Cache entry added: key:834 (TTL: 30 minutes)
2026-05-09 21:24:34.947 [main] DEBUG c.a.system.util.CacheManager - Cache entry added: key:835 (TTL: 30 minutes)
2026-05-09 21:24:34.947 [main] DEBUG c.a.system.util.CacheManager - Cache entry added: key:836 (TTL: 30 minutes)
2026-05-09 21:24:34.947 [main] DEBUG c.a.system.util.CacheManager - Cache entry added: key:837 (TTL: 30 minutes)
2026-05-09 21:24:34.947 [main] DEBUG c.a.system.util.CacheManager - Cache entry added: key:838 (TTL: 30 minutes)
2026-05-09 21:24:34.947 [main] DEBUG c.a.system.util.CacheManager - Cache entry added: key:839 (TTL: 30 minutes)
2026-05-09 21:24:34.947 [main] DEBUG c.a.system.util.CacheManager - Cache entry added: key:840 (TTL: 30 minutes)
2026-05-09 21:24:34.947 [main] DEBUG c.a.system.util.CacheManager - Cache entry added: key:841 (TTL: 30 minutes)
2026-05-09 21:24:34.947 [main] DEBUG c.a.system.util.CacheManager - Cache entry added: key:842 (TTL: 30 minutes)
2026-05-09 21:24:34.947 [main] DEBUG c.a.system.util.CacheManager - Cache entry added: key:843 (TTL: 30 minutes)
2026-05-09 21:24:34.947 [main] DEBUG c.a.system.util.CacheManager - Cache entry added: key:844 (TTL: 30 minutes)
2026-05-09 21:24:34.948 [main] DEBUG c.a.system.util.CacheManager - Cache entry added: key:845 (TTL: 30 minutes)
2026-05-09 21:24:34.948 [main] DEBUG c.a.system.util.CacheManager - Cache entry added: key:846 (TTL: 30 minutes)
2026-05-09 21:24:34.948 [main] DEBUG c.a.system.util.CacheManager - Cache entry added: key:847 (TTL: 30 minutes)
2026-05-09 21:24:34.948 [main] DEBUG c.a.system.util.CacheManager - Cache entry added: key:848 (TTL: 30 minutes)
2026-05-09 21:24:34.948 [main] DEBUG c.a.system.util.CacheManager - Cache entry added: key:849 (TTL: 30 minutes)
2026-05-09 21:24:34.948 [main] DEBUG c.a.system.util.CacheManager - Cache entry added: key:850 (TTL: 30 minutes)
2026-05-09 21:24:34.948 [main] DEBUG c.a.system.util.CacheManager - Cache entry added: key:851 (TTL: 30 minutes)
2026-05-09 21:24:34.948 [main] DEBUG c.a.system.util.CacheManager - Cache entry added: key:852 (TTL: 30 minutes)
2026-05-09 21:24:34.948 [main] DEBUG c.a.system.util.CacheManager - Cache entry added: key:853 (TTL: 30 minutes)
2026-05-09 21:24:34.948 [main] DEBUG c.a.system.util.CacheManager - Cache entry added: key:854 (TTL: 30 minutes)
2026-05-09 21:24:34.948 [main] DEBUG c.a.system.util.CacheManager - Cache entry added: key:855 (TTL: 30 minutes)
2026-05-09 21:24:34.948 [main] DEBUG c.a.system.util.CacheManager - Cache entry added: key:856 (TTL: 30 minutes)
2026-05-09 21:24:34.948 [main] DEBUG c.a.system.util.CacheManager - Cache entry added: key:857 (TTL: 30 minutes)
2026-05-09 21:24:34.948 [main] DEBUG c.a.system.util.CacheManager - Cache entry added: key:858 (TTL: 30 minutes)
2026-05-09 21:24:34.948 [main] DEBUG c.a.system.util.CacheManager - Cache entry added: key:859 (TTL: 30 minutes)
2026-05-09 21:24:34.948 [main] DEBUG c.a.system.util.CacheManager - Cache entry added: key:860 (TTL: 30 minutes)
2026-05-09 21:24:34.948 [main] DEBUG c.a.system.util.CacheManager - Cache entry added: key:861 (TTL: 30 minutes)
2026-05-09 21:24:34.948 [main] DEBUG c.a.system.util.CacheManager - Cache entry added: key:862 (TTL: 30 minutes)
2026-05-09 21:24:34.948 [main] DEBUG c.a.system.util.CacheManager - Cache entry added: key:863 (TTL: 30 minutes)
2026-05-09 21:24:34.948 [main] DEBUG c.a.system.util.CacheManager - Cache entry added: key:864 (TTL: 30 minutes)
2026-05-09 21:24:34.948 [main] DEBUG c.a.system.util.CacheManager - Cache entry added: key:865 (TTL: 30 minutes)
2026-05-09 21:24:34.948 [main] DEBUG c.a.system.util.CacheManager - Cache entry added: key:866 (TTL: 30 minutes)
2026-05-09 21:24:34.948 [main] DEBUG c.a.system.util.CacheManager - Cache entry added: key:867 (TTL: 30 minutes)
2026-05-09 21:24:34.948 [main] DEBUG c.a.system.util.CacheManager - Cache entry added: key:868 (TTL: 30 minutes)
2026-05-09 21:24:34.948 [main] DEBUG c.a.system.util.CacheManager - Cache entry added: key:869 (TTL: 30 minutes)
2026-05-09 21:24:34.948 [main] DEBUG c.a.system.util.CacheManager - Cache entry added: key:870 (TTL: 30 minutes)
2026-05-09 21:24:34.948 [main] DEBUG c.a.system.util.CacheManager - Cache entry added: key:871 (TTL: 30 minutes)
2026-05-09 21:24:34.949 [main] DEBUG c.a.system.util.CacheManager - Cache entry added: key:872 (TTL: 30 minutes)
2026-05-09 21:24:34.949 [main] DEBUG c.a.system.util.CacheManager - Cache entry added: key:873 (TTL: 30 minutes)
2026-05-09 21:24:34.949 [main] DEBUG c.a.system.util.CacheManager - Cache entry added: key:874 (TTL: 30 minutes)
2026-05-09 21:24:34.949 [main] DEBUG c.a.system.util.CacheManager - Cache entry added: key:875 (TTL: 30 minutes)
2026-05-09 21:24:34.949 [main] DEBUG c.a.system.util.CacheManager - Cache entry added: key:876 (TTL: 30 minutes)
2026-05-09 21:24:34.949 [main] DEBUG c.a.system.util.CacheManager - Cache entry added: key:877 (TTL: 30 minutes)
2026-05-09 21:24:34.949 [main] DEBUG c.a.system.util.CacheManager - Cache entry added: key:878 (TTL: 30 minutes)
2026-05-09 21:24:34.949 [main] DEBUG c.a.system.util.CacheManager - Cache entry added: key:879 (TTL: 30 minutes)
2026-05-09 21:24:34.949 [main] DEBUG c.a.system.util.CacheManager - Cache entry added: key:880 (TTL: 30 minutes)
2026-05-09 21:24:34.949 [main] DEBUG c.a.system.util.CacheManager - Cache entry added: key:881 (TTL: 30 minutes)
2026-05-09 21:24:34.949 [main] DEBUG c.a.system.util.CacheManager - Cache entry added: key:882 (TTL: 30 minutes)
2026-05-09 21:24:34.949 [main] DEBUG c.a.system.util.CacheManager - Cache entry added: key:883 (TTL: 30 minutes)
2026-05-09 21:24:34.949 [main] DEBUG c.a.system.util.CacheManager - Cache entry added: key:884 (TTL: 30 minutes)
2026-05-09 21:24:34.949 [main] DEBUG c.a.system.util.CacheManager - Cache entry added: key:885 (TTL: 30 minutes)
2026-05-09 21:24:34.949 [main] DEBUG c.a.system.util.CacheManager - Cache entry added: key:886 (TTL: 30 minutes)
2026-05-09 21:24:34.949 [main] DEBUG c.a.system.util.CacheManager - Cache entry added: key:887 (TTL: 30 minutes)
2026-05-09 21:24:34.949 [main] DEBUG c.a.system.util.CacheManager - Cache entry added: key:888 (TTL: 30 minutes)
2026-05-09 21:24:34.949 [main] DEBUG c.a.system.util.CacheManager - Cache entry added: key:889 (TTL: 30 minutes)
2026-05-09 21:24:34.949 [main] DEBUG c.a.system.util.CacheManager - Cache entry added: key:890 (TTL: 30 minutes)
2026-05-09 21:24:34.949 [main] DEBUG c.a.system.util.CacheManager - Cache entry added: key:891 (TTL: 30 minutes)
2026-05-09 21:24:34.949 [main] DEBUG c.a.system.util.CacheManager - Cache entry added: key:892 (TTL: 30 minutes)
2026-05-09 21:24:34.949 [main] DEBUG c.a.system.util.CacheManager - Cache entry added: key:893 (TTL: 30 minutes)
2026-05-09 21:24:34.949 [main] DEBUG c.a.system.util.CacheManager - Cache entry added: key:894 (TTL: 30 minutes)
2026-05-09 21:24:34.949 [main] DEBUG c.a.system.util.CacheManager - Cache entry added: key:895 (TTL: 30 minutes)
2026-05-09 21:24:34.949 [main] DEBUG c.a.system.util.CacheManager - Cache entry added: key:896 (TTL: 30 minutes)
2026-05-09 21:24:34.949 [main] DEBUG c.a.system.util.CacheManager - Cache entry added: key:897 (TTL: 30 minutes)
2026-05-09 21:24:34.949 [main] DEBUG c.a.system.util.CacheManager - Cache entry added: key:898 (TTL: 30 minutes)
2026-05-09 21:24:34.949 [main] DEBUG c.a.system.util.CacheManager - Cache entry added: key:899 (TTL: 30 minutes)
2026-05-09 21:24:34.949 [main] DEBUG c.a.system.util.CacheManager - Cache entry added: key:900 (TTL: 30 minutes)
2026-05-09 21:24:34.949 [main] DEBUG c.a.system.util.CacheManager - Cache entry added: key:901 (TTL: 30 minutes)
2026-05-09 21:24:34.949 [main] DEBUG c.a.system.util.CacheManager - Cache entry added: key:902 (TTL: 30 minutes)
2026-05-09 21:24:34.949 [main] DEBUG c.a.system.util.CacheManager - Cache entry added: key:903 (TTL: 30 minutes)
2026-05-09 21:24:34.949 [main] DEBUG c.a.system.util.CacheManager - Cache entry added: key:904 (TTL: 30 minutes)
2026-05-09 21:24:34.949 [main] DEBUG c.a.system.util.CacheManager - Cache entry added: key:905 (TTL: 30 minutes)
2026-05-09 21:24:34.950 [main] DEBUG c.a.system.util.CacheManager - Cache entry added: key:906 (TTL: 30 minutes)
2026-05-09 21:24:34.950 [main] DEBUG c.a.system.util.CacheManager - Cache entry added: key:907 (TTL: 30 minutes)
2026-05-09 21:24:34.950 [main] DEBUG c.a.system.util.CacheManager - Cache entry added: key:908 (TTL: 30 minutes)
2026-05-09 21:24:34.950 [main] DEBUG c.a.system.util.CacheManager - Cache entry added: key:909 (TTL: 30 minutes)
2026-05-09 21:24:34.950 [main] DEBUG c.a.system.util.CacheManager - Cache entry added: key:910 (TTL: 30 minutes)
2026-05-09 21:24:34.950 [main] DEBUG c.a.system.util.CacheManager - Cache entry added: key:911 (TTL: 30 minutes)
2026-05-09 21:24:34.950 [main] DEBUG c.a.system.util.CacheManager - Cache entry added: key:912 (TTL: 30 minutes)
2026-05-09 21:24:34.950 [main] DEBUG c.a.system.util.CacheManager - Cache entry added: key:913 (TTL: 30 minutes)
2026-05-09 21:24:34.950 [main] DEBUG c.a.system.util.CacheManager - Cache entry added: key:914 (TTL: 30 minutes)
2026-05-09 21:24:34.950 [main] DEBUG c.a.system.util.CacheManager - Cache entry added: key:915 (TTL: 30 minutes)
2026-05-09 21:24:34.950 [main] DEBUG c.a.system.util.CacheManager - Cache entry added: key:916 (TTL: 30 minutes)
2026-05-09 21:24:34.950 [main] DEBUG c.a.system.util.CacheManager - Cache entry added: key:917 (TTL: 30 minutes)
2026-05-09 21:24:34.950 [main] DEBUG c.a.system.util.CacheManager - Cache entry added: key:918 (TTL: 30 minutes)
2026-05-09 21:24:34.950 [main] DEBUG c.a.system.util.CacheManager - Cache entry added: key:919 (TTL: 30 minutes)
2026-05-09 21:24:34.950 [main] DEBUG c.a.system.util.CacheManager - Cache entry added: key:920 (TTL: 30 minutes)
2026-05-09 21:24:34.950 [main] DEBUG c.a.system.util.CacheManager - Cache entry added: key:921 (TTL: 30 minutes)
2026-05-09 21:24:34.950 [main] DEBUG c.a.system.util.CacheManager - Cache entry added: key:922 (TTL: 30 minutes)
2026-05-09 21:24:34.950 [main] DEBUG c.a.system.util.CacheManager - Cache entry added: key:923 (TTL: 30 minutes)
2026-05-09 21:24:34.950 [main] DEBUG c.a.system.util.CacheManager - Cache entry added: key:924 (TTL: 30 minutes)
2026-05-09 21:24:34.950 [main] DEBUG c.a.system.util.CacheManager - Cache entry added: key:925 (TTL: 30 minutes)
2026-05-09 21:24:34.950 [main] DEBUG c.a.system.util.CacheManager - Cache entry added: key:926 (TTL: 30 minutes)
2026-05-09 21:24:34.950 [main] DEBUG c.a.system.util.CacheManager - Cache entry added: key:927 (TTL: 30 minutes)
2026-05-09 21:24:34.950 [main] DEBUG c.a.system.util.CacheManager - Cache entry added: key:928 (TTL: 30 minutes)
2026-05-09 21:24:34.950 [main] DEBUG c.a.system.util.CacheManager - Cache entry added: key:929 (TTL: 30 minutes)
2026-05-09 21:24:34.950 [main] DEBUG c.a.system.util.CacheManager - Cache entry added: key:930 (TTL: 30 minutes)
2026-05-09 21:24:34.950 [main] DEBUG c.a.system.util.CacheManager - Cache entry added: key:931 (TTL: 30 minutes)
2026-05-09 21:24:34.951 [main] DEBUG c.a.system.util.CacheManager - Cache entry added: key:932 (TTL: 30 minutes)
2026-05-09 21:24:34.951 [main] DEBUG c.a.system.util.CacheManager - Cache entry added: key:933 (TTL: 30 minutes)
2026-05-09 21:24:34.951 [main] DEBUG c.a.system.util.CacheManager - Cache entry added: key:934 (TTL: 30 minutes)
2026-05-09 21:24:34.951 [main] DEBUG c.a.system.util.CacheManager - Cache entry added: key:935 (TTL: 30 minutes)
2026-05-09 21:24:34.951 [main] DEBUG c.a.system.util.CacheManager - Cache entry added: key:936 (TTL: 30 minutes)
2026-05-09 21:24:34.951 [main] DEBUG c.a.system.util.CacheManager - Cache entry added: key:937 (TTL: 30 minutes)
2026-05-09 21:24:34.951 [main] DEBUG c.a.system.util.CacheManager - Cache entry added: key:938 (TTL: 30 minutes)
2026-05-09 21:24:34.951 [main] DEBUG c.a.system.util.CacheManager - Cache entry added: key:939 (TTL: 30 minutes)
2026-05-09 21:24:34.951 [main] DEBUG c.a.system.util.CacheManager - Cache entry added: key:940 (TTL: 30 minutes)
2026-05-09 21:24:34.951 [main] DEBUG c.a.system.util.CacheManager - Cache entry added: key:941 (TTL: 30 minutes)
2026-05-09 21:24:34.951 [main] DEBUG c.a.system.util.CacheManager - Cache entry added: key:942 (TTL: 30 minutes)
2026-05-09 21:24:34.951 [main] DEBUG c.a.system.util.CacheManager - Cache entry added: key:943 (TTL: 30 minutes)
2026-05-09 21:24:34.951 [main] DEBUG c.a.system.util.CacheManager - Cache entry added: key:944 (TTL: 30 minutes)
2026-05-09 21:24:34.951 [main] DEBUG c.a.system.util.CacheManager - Cache entry added: key:945 (TTL: 30 minutes)
2026-05-09 21:24:34.951 [main] DEBUG c.a.system.util.CacheManager - Cache entry added: key:946 (TTL: 30 minutes)
2026-05-09 21:24:34.951 [main] DEBUG c.a.system.util.CacheManager - Cache entry added: key:947 (TTL: 30 minutes)
2026-05-09 21:24:34.951 [main] DEBUG c.a.system.util.CacheManager - Cache entry added: key:948 (TTL: 30 minutes)
2026-05-09 21:24:34.951 [main] DEBUG c.a.system.util.CacheManager - Cache entry added: key:949 (TTL: 30 minutes)
2026-05-09 21:24:34.951 [main] DEBUG c.a.system.util.CacheManager - Cache entry added: key:950 (TTL: 30 minutes)
2026-05-09 21:24:34.951 [main] DEBUG c.a.system.util.CacheManager - Cache entry added: key:951 (TTL: 30 minutes)
2026-05-09 21:24:34.951 [main] DEBUG c.a.system.util.CacheManager - Cache entry added: key:952 (TTL: 30 minutes)
2026-05-09 21:24:34.951 [main] DEBUG c.a.system.util.CacheManager - Cache entry added: key:953 (TTL: 30 minutes)
2026-05-09 21:24:34.952 [main] DEBUG c.a.system.util.CacheManager - Cache entry added: key:954 (TTL: 30 minutes)
2026-05-09 21:24:34.952 [main] DEBUG c.a.system.util.CacheManager - Cache entry added: key:955 (TTL: 30 minutes)
2026-05-09 21:24:34.953 [main] DEBUG c.a.system.util.CacheManager - Cache entry added: key:956 (TTL: 30 minutes)
2026-05-09 21:24:34.953 [main] DEBUG c.a.system.util.CacheManager - Cache entry added: key:957 (TTL: 30 minutes)
2026-05-09 21:24:34.953 [main] DEBUG c.a.system.util.CacheManager - Cache entry added: key:958 (TTL: 30 minutes)
2026-05-09 21:24:34.953 [main] DEBUG c.a.system.util.CacheManager - Cache entry added: key:959 (TTL: 30 minutes)
2026-05-09 21:24:34.953 [main] DEBUG c.a.system.util.CacheManager - Cache entry added: key:960 (TTL: 30 minutes)
2026-05-09 21:24:34.953 [main] DEBUG c.a.system.util.CacheManager - Cache entry added: key:961 (TTL: 30 minutes)
2026-05-09 21:24:34.953 [main] DEBUG c.a.system.util.CacheManager - Cache entry added: key:962 (TTL: 30 minutes)
2026-05-09 21:24:34.953 [main] DEBUG c.a.system.util.CacheManager - Cache entry added: key:963 (TTL: 30 minutes)
2026-05-09 21:24:34.953 [main] DEBUG c.a.system.util.CacheManager - Cache entry added: key:964 (TTL: 30 minutes)
2026-05-09 21:24:34.953 [main] DEBUG c.a.system.util.CacheManager - Cache entry added: key:965 (TTL: 30 minutes)
2026-05-09 21:24:34.953 [main] DEBUG c.a.system.util.CacheManager - Cache entry added: key:966 (TTL: 30 minutes)
2026-05-09 21:24:34.953 [main] DEBUG c.a.system.util.CacheManager - Cache entry added: key:967 (TTL: 30 minutes)
2026-05-09 21:24:34.953 [main] DEBUG c.a.system.util.CacheManager - Cache entry added: key:968 (TTL: 30 minutes)
2026-05-09 21:24:34.953 [main] DEBUG c.a.system.util.CacheManager - Cache entry added: key:969 (TTL: 30 minutes)
2026-05-09 21:24:34.953 [main] DEBUG c.a.system.util.CacheManager - Cache entry added: key:970 (TTL: 30 minutes)
2026-05-09 21:24:34.953 [main] DEBUG c.a.system.util.CacheManager - Cache entry added: key:971 (TTL: 30 minutes)
2026-05-09 21:24:34.953 [main] DEBUG c.a.system.util.CacheManager - Cache entry added: key:972 (TTL: 30 minutes)
2026-05-09 21:24:34.953 [main] DEBUG c.a.system.util.CacheManager - Cache entry added: key:973 (TTL: 30 minutes)
2026-05-09 21:24:34.953 [main] DEBUG c.a.system.util.CacheManager - Cache entry added: key:974 (TTL: 30 minutes)
2026-05-09 21:24:34.953 [main] DEBUG c.a.system.util.CacheManager - Cache entry added: key:975 (TTL: 30 minutes)
2026-05-09 21:24:34.953 [main] DEBUG c.a.system.util.CacheManager - Cache entry added: key:976 (TTL: 30 minutes)
2026-05-09 21:24:34.953 [main] DEBUG c.a.system.util.CacheManager - Cache entry added: key:977 (TTL: 30 minutes)
2026-05-09 21:24:34.953 [main] DEBUG c.a.system.util.CacheManager - Cache entry added: key:978 (TTL: 30 minutes)
2026-05-09 21:24:34.953 [main] DEBUG c.a.system.util.CacheManager - Cache entry added: key:979 (TTL: 30 minutes)
2026-05-09 21:24:34.953 [main] DEBUG c.a.system.util.CacheManager - Cache entry added: key:980 (TTL: 30 minutes)
2026-05-09 21:24:34.953 [main] DEBUG c.a.system.util.CacheManager - Cache entry added: key:981 (TTL: 30 minutes)
2026-05-09 21:24:34.953 [main] DEBUG c.a.system.util.CacheManager - Cache entry added: key:982 (TTL: 30 minutes)
2026-05-09 21:24:34.953 [main] DEBUG c.a.system.util.CacheManager - Cache entry added: key:983 (TTL: 30 minutes)
2026-05-09 21:24:34.953 [main] DEBUG c.a.system.util.CacheManager - Cache entry added: key:984 (TTL: 30 minutes)
2026-05-09 21:24:34.953 [main] DEBUG c.a.system.util.CacheManager - Cache entry added: key:985 (TTL: 30 minutes)
2026-05-09 21:24:34.953 [main] DEBUG c.a.system.util.CacheManager - Cache entry added: key:986 (TTL: 30 minutes)
2026-05-09 21:24:34.953 [main] DEBUG c.a.system.util.CacheManager - Cache entry added: key:987 (TTL: 30 minutes)
2026-05-09 21:24:34.954 [main] DEBUG c.a.system.util.CacheManager - Cache entry added: key:988 (TTL: 30 minutes)
2026-05-09 21:24:34.954 [main] DEBUG c.a.system.util.CacheManager - Cache entry added: key:989 (TTL: 30 minutes)
2026-05-09 21:24:34.954 [main] DEBUG c.a.system.util.CacheManager - Cache entry added: key:990 (TTL: 30 minutes)
2026-05-09 21:24:34.954 [main] DEBUG c.a.system.util.CacheManager - Cache entry added: key:991 (TTL: 30 minutes)
2026-05-09 21:24:34.954 [main] DEBUG c.a.system.util.CacheManager - Cache entry added: key:992 (TTL: 30 minutes)
2026-05-09 21:24:34.954 [main] DEBUG c.a.system.util.CacheManager - Cache entry added: key:993 (TTL: 30 minutes)
2026-05-09 21:24:34.954 [main] DEBUG c.a.system.util.CacheManager - Cache entry added: key:994 (TTL: 30 minutes)
2026-05-09 21:24:34.954 [main] DEBUG c.a.system.util.CacheManager - Cache entry added: key:995 (TTL: 30 minutes)
2026-05-09 21:24:34.954 [main] DEBUG c.a.system.util.CacheManager - Cache entry added: key:996 (TTL: 30 minutes)
2026-05-09 21:24:34.954 [main] DEBUG c.a.system.util.CacheManager - Cache entry added: key:997 (TTL: 30 minutes)
2026-05-09 21:24:34.955 [main] DEBUG c.a.system.util.CacheManager - LRU cache entry evicted: key1
2026-05-09 21:24:34.955 [main] DEBUG c.a.system.util.CacheManager - Cache entry added: key:998 (TTL: 30 minutes)
2026-05-09 21:24:34.956 [main] DEBUG c.a.system.util.CacheManager - LRU cache entry evicted: key2
2026-05-09 21:24:34.956 [main] DEBUG c.a.system.util.CacheManager - Cache entry added: key:999 (TTL: 30 minutes)
2026-05-09 21:24:34.966 [main] INFO  c.a.system.util.PerformanceMetrics - Performance metrics cleared
2026-05-09 21:24:34.971 [main] INFO  c.a.system.util.PerformanceMetrics - Performance metrics cleared
2026-05-09 21:24:34.972 [main] INFO  c.a.system.util.PerformanceMetrics - Performance metrics cleared
2026-05-09 21:24:34.973 [main] INFO  c.a.system.util.PerformanceMetrics - Performance metrics cleared
2026-05-09 21:24:34.974 [main] INFO  c.a.system.util.PerformanceMetrics - Performance metrics cleared
2026-05-09 21:24:34.976 [main] INFO  c.a.system.util.PerformanceMetrics - Performance metrics cleared
2026-05-09 21:24:34.977 [main] INFO  c.a.system.util.PerformanceMetrics - Performance metrics cleared
2026-05-09 21:24:34.980 [main] INFO  c.a.system.util.PerformanceMetrics - Performance metrics cleared
2026-05-09 21:24:34.981 [main] INFO  c.a.system.util.PerformanceMetrics - Performance metrics cleared
2026-05-09 21:24:34.983 [main] INFO  c.a.system.util.PerformanceMetrics - Performance metrics cleared
2026-05-09 21:24:35.036 [main] INFO  c.a.system.util.PerformanceMetrics - Performance metrics cleared
2026-05-09 21:24:35.040 [main] INFO  c.a.system.util.PerformanceMetrics - Performance metrics cleared
2026-05-09 21:24:35.046 [main] INFO  c.a.system.util.PerformanceMetrics - Performance metrics cleared
2026-05-09 21:24:35.062 [main] INFO  c.a.s.util.RegistrationAnalytics - Registration successful: user0 (Student) - 100ms
2026-05-09 21:24:35.062 [main] INFO  c.a.s.util.RegistrationAnalytics - Registration successful: user1 (Student) - 100ms
2026-05-09 21:24:35.062 [main] INFO  c.a.s.util.RegistrationAnalytics - Registration successful: user2 (Student) - 100ms
2026-05-09 21:24:35.062 [main] INFO  c.a.s.util.RegistrationAnalytics - Registration successful: user3 (Student) - 100ms
2026-05-09 21:24:35.062 [main] INFO  c.a.s.util.RegistrationAnalytics - Registration successful: user4 (Student) - 100ms
2026-05-09 21:24:35.062 [main] INFO  c.a.s.util.RegistrationAnalytics - Registration successful: user5 (Student) - 100ms
2026-05-09 21:24:35.062 [main] INFO  c.a.s.util.RegistrationAnalytics - Registration successful: user6 (Student) - 100ms
2026-05-09 21:24:35.062 [main] INFO  c.a.s.util.RegistrationAnalytics - Registration successful: user7 (Student) - 100ms
2026-05-09 21:24:35.063 [main] INFO  c.a.s.util.RegistrationAnalytics - Registration successful: user8 (Student) - 100ms
2026-05-09 21:24:35.064 [main] INFO  c.a.s.util.RegistrationAnalytics - Registration successful: user9 (Student) - 100ms
2026-05-09 21:24:35.064 [main] INFO  c.a.s.util.RegistrationAnalytics - Registration successful: user10 (Student) - 100ms
2026-05-09 21:24:35.064 [main] INFO  c.a.s.util.RegistrationAnalytics - Registration successful: user11 (Student) - 100ms
2026-05-09 21:24:35.064 [main] INFO  c.a.s.util.RegistrationAnalytics - Registration successful: user12 (Student) - 100ms
2026-05-09 21:24:35.064 [main] INFO  c.a.s.util.RegistrationAnalytics - Registration successful: user13 (Student) - 100ms
2026-05-09 21:24:35.064 [main] INFO  c.a.s.util.RegistrationAnalytics - Registration successful: user14 (Student) - 100ms
2026-05-09 21:24:35.064 [main] INFO  c.a.s.util.RegistrationAnalytics - Registration successful: user15 (Student) - 100ms
2026-05-09 21:24:35.064 [main] INFO  c.a.s.util.RegistrationAnalytics - Registration successful: user16 (Student) - 100ms
2026-05-09 21:24:35.065 [main] INFO  c.a.s.util.RegistrationAnalytics - Registration successful: user17 (Student) - 100ms
2026-05-09 21:24:35.066 [main] INFO  c.a.s.util.RegistrationAnalytics - Registration successful: user18 (Student) - 100ms
2026-05-09 21:24:35.066 [main] INFO  c.a.s.util.RegistrationAnalytics - Registration successful: user19 (Student) - 100ms
2026-05-09 21:24:35.073 [main] WARN  c.a.s.util.RegistrationAnalytics - Registration failed: user1 - Invalid email (100ms)
2026-05-09 21:24:35.073 [main] WARN  c.a.s.util.RegistrationAnalytics - Registration failed: user2 - Invalid email (100ms)
2026-05-09 21:24:35.073 [main] WARN  c.a.s.util.RegistrationAnalytics - Registration failed: user3 - Invalid email (100ms)
2026-05-09 21:24:35.073 [main] WARN  c.a.s.util.RegistrationAnalytics - Registration failed: user4 - Username too short (100ms)
2026-05-09 21:24:35.073 [main] WARN  c.a.s.util.RegistrationAnalytics - Registration failed: user5 - Username too short (100ms)
2026-05-09 21:24:35.073 [main] WARN  c.a.s.util.RegistrationAnalytics - Registration failed: user6 - Password too weak (100ms)
2026-05-09 21:24:35.079 [main] INFO  c.a.s.util.RegistrationAnalytics - Registration successful: user1 (Student) - 100ms
2026-05-09 21:24:35.079 [main] INFO  c.a.s.util.RegistrationAnalytics - Registration successful: user2 (Teacher) - 200ms
2026-05-09 21:24:35.093 [main] INFO  c.a.s.util.RegistrationAnalytics - Registration successful: user1 (Student) - 100ms
2026-05-09 21:24:35.094 [main] INFO  c.a.s.util.RegistrationAnalytics - Registration successful: user2 (Student) - 500ms
2026-05-09 21:24:35.096 [main] INFO  c.a.s.util.RegistrationAnalytics - Registration successful: user3 (Student) - 300ms
2026-05-09 21:24:35.097 [main] INFO  c.a.s.util.RegistrationAnalytics - Registration successful: teacher1 (Teacher) - 200ms
2026-05-09 21:24:35.099 [main] INFO  c.a.s.util.RegistrationAnalytics - Registration successful: user1 (Student) - 100ms
2026-05-09 21:24:35.099 [main] INFO  c.a.s.util.RegistrationAnalytics - Registration successful: user2 (Student) - 200ms
2026-05-09 21:24:35.100 [main] INFO  c.a.s.util.RegistrationAnalytics - Registration successful: user3 (Student) - 300ms
2026-05-09 21:24:35.107 [main] INFO  c.a.s.util.RegistrationAnalytics - Registration successful: user1 (Student) - 100ms
2026-05-09 21:24:35.107 [main] INFO  c.a.s.util.RegistrationAnalytics - Registration successful: user2 (Student) - 100ms
2026-05-09 21:24:35.107 [main] WARN  c.a.s.util.RegistrationAnalytics - Registration failed: user3 - Invalid email (100ms)
2026-05-09 21:24:35.109 [main] INFO  c.a.s.util.RegistrationAnalytics - Registration successful: user1 (Student) - 100ms
2026-05-09 21:24:35.109 [main] INFO  c.a.s.util.RegistrationAnalytics - Registration successful: user2 (Student) - 100ms
2026-05-09 21:24:35.109 [main] WARN  c.a.s.util.RegistrationAnalytics - Registration failed: user3 - Invalid email (100ms)
2026-05-09 21:24:35.112 [main] INFO  c.a.s.util.RegistrationAnalytics - Registration successful: user1 (Student) - 100ms
2026-05-09 21:24:35.112 [main] INFO  c.a.s.util.RegistrationAnalytics - Registration successful: user2 (Student) - 100ms
2026-05-09 21:24:35.114 [main] INFO  c.a.s.util.RegistrationAnalytics - Registration successful: user1 (Student) - 100ms
2026-05-09 21:24:35.114 [main] WARN  c.a.s.util.RegistrationAnalytics - Registration failed: user2 - Invalid email (100ms)
2026-05-09 21:24:35.114 [main] INFO  c.a.s.util.RegistrationAnalytics - Registration successful: user3 (Teacher) - 150ms
2026-05-09 21:24:35.115 [main] INFO  c.a.s.util.RegistrationAnalytics - Registration successful: user1 (Student) - 100ms
2026-05-09 21:24:35.115 [main] INFO  c.a.s.util.RegistrationAnalytics - Registration successful: user2 (Student) - 100ms
2026-05-09 21:24:35.116 [main] WARN  c.a.s.util.RegistrationAnalytics - Registration failed: user3 - Invalid email (100ms)
2026-05-09 21:24:35.122 [main] INFO  c.a.s.util.RegistrationAnalytics - Registration successful: user1 (Student) - 100ms
2026-05-09 21:24:35.122 [main] INFO  c.a.s.util.RegistrationAnalytics - Registration successful: user2 (Student) - 100ms
2026-05-09 21:24:35.122 [main] INFO  c.a.s.util.RegistrationAnalytics - Registration successful: user3 (Student) - 100ms
2026-05-09 21:24:35.123 [main] WARN  c.a.s.util.RegistrationAnalytics - Registration failed: user1 - Invalid email (100ms)
2026-05-09 21:24:35.123 [main] WARN  c.a.s.util.RegistrationAnalytics - Registration failed: user2 - Invalid email (100ms)
2026-05-09 21:24:35.126 [main] WARN  c.a.s.util.RegistrationAnalytics - Registration failed: user1 - Invalid email (100ms)
2026-05-09 21:24:35.129 [main] INFO  c.a.s.util.RegistrationAnalytics - Registration successful: user1 (Student) - 100ms
2026-05-09 21:24:35.129 [main] WARN  c.a.s.util.RegistrationAnalytics - Registration failed: user2 - Invalid email (100ms)
2026-05-09 21:24:35.129 [main] INFO  c.a.s.util.RegistrationAnalytics - Registration analytics reset
2026-05-09 21:24:35.130 [main] INFO  c.a.s.util.RegistrationAnalytics - Registration successful: user1 (Student) - 100ms
2026-05-09 21:24:35.131 [main] INFO  c.a.s.util.RegistrationAnalytics - Registration successful: user2 (Student) - 500ms
2026-05-09 21:24:35.131 [main] INFO  c.a.s.util.RegistrationAnalytics - Registration successful: user3 (Student) - 300ms
2026-05-09 21:24:35.133 [main] INFO  c.a.s.util.RegistrationAnalytics - Registration successful: user1 (Student) - 100ms
2026-05-09 21:24:35.133 [main] INFO  c.a.s.util.RegistrationAnalytics - Registration successful: user2 (Teacher) - 200ms
2026-05-09 21:24:35.133 [main] WARN  c.a.s.util.RegistrationAnalytics - Registration failed: user3 - Invalid email (150ms)
2026-05-09 21:24:35.140 [main] WARN  c.a.s.util.RegistrationAnalytics - Registration failed: user1 - Invalid email (100ms)
2026-05-09 21:24:35.141 [main] WARN  c.a.s.util.RegistrationAnalytics - Registration failed: user2 - Invalid email (100ms)
2026-05-09 21:24:35.141 [main] WARN  c.a.s.util.RegistrationAnalytics - Registration failed: user3 - Username too short (100ms)
2026-05-09 21:24:35.142 [main] INFO  c.a.s.util.RegistrationAnalytics - Registration successful: student1 (Student) - 150ms
2026-05-09 21:24:35.147 [main] INFO  c.a.system.util.SecurityUtil - Encryption key updated
2026-05-09 21:24:35.151 [main] INFO  c.a.system.util.SecurityUtil - Encryption key updated
2026-05-09 21:24:35.152 [main] INFO  c.a.system.util.SecurityUtil - Encryption key updated
2026-05-09 21:24:35.167 [main] INFO  c.a.system.util.SecurityUtil - Encryption key updated
2026-05-09 21:24:35.174 [main] INFO  c.a.system.util.SecurityUtil - Encryption key updated
2026-05-09 21:24:35.186 [main] INFO  c.a.system.util.SecurityUtil - Encryption key updated
2026-05-09 21:24:35.192 [main] INFO  c.a.system.util.SecurityUtil - Encryption key updated
2026-05-09 21:24:35.193 [main] INFO  c.a.system.util.SecurityUtil - Encryption key updated
2026-05-09 21:24:35.198 [main] INFO  c.a.system.util.SecurityUtil - Encryption key updated
2026-05-09 21:24:35.210 [main] INFO  c.a.system.util.SecurityUtil - Encryption key updated
2026-05-09 21:24:35.211 [main] INFO  c.a.system.util.SecurityUtil - Encryption key updated
2026-05-09 21:24:35.213 [main] INFO  c.a.system.util.SecurityUtil - Encryption key updated
2026-05-09 21:24:35.215 [main] INFO  c.a.system.util.SecurityUtil - Encryption key updated
2026-05-09 21:24:35.217 [main] INFO  c.a.system.util.SecurityUtil - Encryption key updated
2026-05-09 21:24:35.220 [main] INFO  c.a.system.util.SecurityUtil - Encryption key updated
2026-05-09 21:24:35.221 [main] ERROR c.a.system.util.SecurityUtil - Decryption failed for data
javax.crypto.BadPaddingException: Given final block not properly padded. Such issues can arise if a bad key is used during decryption.
	at java.base/com.sun.crypto.provider.CipherCore.unpad(CipherCore.java:861)
	at java.base/com.sun.crypto.provider.CipherCore.fillOutputBuffer(CipherCore.java:941)
	at java.base/com.sun.crypto.provider.CipherCore.doFinal(CipherCore.java:734)
	at java.base/com.sun.crypto.provider.AESCipher.engineDoFinal(AESCipher.java:446)
	at java.base/javax.crypto.Cipher.doFinal(Cipher.java:2244)
	at com.attendance.system.util.SecurityUtil.decryptData(SecurityUtil.java:275)
	at com.attendance.system.util.SecurityUtilTest.lambda$testDecryptionWithWrongKey$0(SecurityUtilTest.java:112)
	at org.junit.jupiter.api.AssertThrows.assertThrows(AssertThrows.java:53)
	at org.junit.jupiter.api.AssertThrows.assertThrows(AssertThrows.java:35)
	at org.junit.jupiter.api.Assertions.assertThrows(Assertions.java:3083)
	at com.attendance.system.util.SecurityUtilTest.testDecryptionWithWrongKey(SecurityUtilTest.java:111)
	at java.base/jdk.internal.reflect.DirectMethodHandleAccessor.invoke(DirectMethodHandleAccessor.java:103)
	at java.base/java.lang.reflect.Method.invoke(Method.java:580)
	at org.junit.platform.commons.util.ReflectionUtils.invokeMethod(ReflectionUtils.java:727)
	at org.junit.jupiter.engine.execution.MethodInvocation.proceed(MethodInvocation.java:60)
	at org.junit.jupiter.engine.execution.InvocationInterceptorChain$ValidatingInvocation.proceed(InvocationInterceptorChain.java:131)
	at org.junit.jupiter.engine.extension.TimeoutExtension.intercept(TimeoutExtension.java:156)
	at org.junit.jupiter.engine.extension.TimeoutExtension.interceptTestableMethod(TimeoutExtension.java:147)
	at org.junit.jupiter.engine.extension.TimeoutExtension.interceptTestMethod(TimeoutExtension.java:86)
	at org.junit.jupiter.engine.execution.InterceptingExecutableInvoker$ReflectiveInterceptorCall.lambda$ofVoidMethod$0(InterceptingExecutableInvoker.java:103)
	at org.junit.jupiter.engine.execution.InterceptingExecutableInvoker.lambda$invoke$0(InterceptingExecutableInvoker.java:93)
	at org.junit.jupiter.engine.execution.InvocationInterceptorChain$InterceptedInvocation.proceed(InvocationInterceptorChain.java:106)
	at org.junit.jupiter.engine.execution.InvocationInterceptorChain.proceed(InvocationInterceptorChain.java:64)
	at org.junit.jupiter.engine.execution.InvocationInterceptorChain.chainAndInvoke(InvocationInterceptorChain.java:45)
	at org.junit.jupiter.engine.execution.InvocationInterceptorChain.invoke(InvocationInterceptorChain.java:37)
	at org.junit.jupiter.engine.execution.InterceptingExecutableInvoker.invoke(InterceptingExecutableInvoker.java:92)
	at org.junit.jupiter.engine.execution.InterceptingExecutableInvoker.invoke(InterceptingExecutableInvoker.java:86)
	at org.junit.jupiter.engine.descriptor.TestMethodTestDescriptor.lambda$invokeTestMethod$7(TestMethodTestDescriptor.java:217)
	at org.junit.platform.engine.support.hierarchical.ThrowableCollector.execute(ThrowableCollector.java:73)
	at org.junit.jupiter.engine.descriptor.TestMethodTestDescriptor.invokeTestMethod(TestMethodTestDescriptor.java:213)
	at org.junit.jupiter.engine.descriptor.TestMethodTestDescriptor.execute(TestMethodTestDescriptor.java:138)
	at org.junit.jupiter.engine.descriptor.TestMethodTestDescriptor.execute(TestMethodTestDescriptor.java:68)
	at org.junit.platform.engine.support.hierarchical.NodeTestTask.lambda$executeRecursively$6(NodeTestTask.java:151)
	at org.junit.platform.engine.support.hierarchical.ThrowableCollector.execute(ThrowableCollector.java:73)
	at org.junit.platform.engine.support.hierarchical.NodeTestTask.lambda$executeRecursively$8(NodeTestTask.java:141)
	at org.junit.platform.engine.support.hierarchical.Node.around(Node.java:137)
	at org.junit.platform.engine.support.hierarchical.NodeTestTask.lambda$executeRecursively$9(NodeTestTask.java:139)
	at org.junit.platform.engine.support.hierarchical.ThrowableCollector.execute(ThrowableCollector.java:73)
	at org.junit.platform.engine.support.hierarchical.NodeTestTask.executeRecursively(NodeTestTask.java:138)
	at org.junit.platform.engine.support.hierarchical.NodeTestTask.execute(NodeTestTask.java:95)
	at java.base/java.util.ArrayList.forEach(ArrayList.java:1596)
	at org.junit.platform.engine.support.hierarchical.SameThreadHierarchicalTestExecutorService.invokeAll(SameThreadHierarchicalTestExecutorService.java:41)
	at org.junit.platform.engine.support.hierarchical.NodeTestTask.lambda$executeRecursively$6(NodeTestTask.java:155)
	at org.junit.platform.engine.support.hierarchical.ThrowableCollector.execute(ThrowableCollector.java:73)
	at org.junit.platform.engine.support.hierarchical.NodeTestTask.lambda$executeRecursively$8(NodeTestTask.java:141)
	at org.junit.platform.engine.support.hierarchical.Node.around(Node.java:137)
	at org.junit.platform.engine.support.hierarchical.NodeTestTask.lambda$executeRecursively$9(NodeTestTask.java:139)
	at org.junit.platform.engine.support.hierarchical.ThrowableCollector.execute(ThrowableCollector.java:73)
	at org.junit.platform.engine.support.hierarchical.NodeTestTask.executeRecursively(NodeTestTask.java:138)
	at org.junit.platform.engine.support.hierarchical.NodeTestTask.execute(NodeTestTask.java:95)
	at java.base/java.util.ArrayList.forEach(ArrayList.java:1596)
	at org.junit.platform.engine.support.hierarchical.SameThreadHierarchicalTestExecutorService.invokeAll(SameThreadHierarchicalTestExecutorService.java:41)
	at org.junit.platform.engine.support.hierarchical.NodeTestTask.lambda$executeRecursively$6(NodeTestTask.java:155)
	at org.junit.platform.engine.support.hierarchical.ThrowableCollector.execute(ThrowableCollector.java:73)
	at org.junit.platform.engine.support.hierarchical.NodeTestTask.lambda$executeRecursively$8(NodeTestTask.java:141)
	at org.junit.platform.engine.support.hierarchical.Node.around(Node.java:137)
	at org.junit.platform.engine.support.hierarchical.NodeTestTask.lambda$executeRecursively$9(NodeTestTask.java:139)
	at org.junit.platform.engine.support.hierarchical.ThrowableCollector.execute(ThrowableCollector.java:73)
	at org.junit.platform.engine.support.hierarchical.NodeTestTask.executeRecursively(NodeTestTask.java:138)
	at org.junit.platform.engine.support.hierarchical.NodeTestTask.execute(NodeTestTask.java:95)
	at org.junit.platform.engine.support.hierarchical.SameThreadHierarchicalTestExecutorService.submit(SameThreadHierarchicalTestExecutorService.java:35)
	at org.junit.platform.engine.support.hierarchical.HierarchicalTestExecutor.execute(HierarchicalTestExecutor.java:57)
	at org.junit.platform.engine.support.hierarchical.HierarchicalTestEngine.execute(HierarchicalTestEngine.java:54)
	at org.junit.platform.launcher.core.EngineExecutionOrchestrator.execute(EngineExecutionOrchestrator.java:147)
	at org.junit.platform.launcher.core.EngineExecutionOrchestrator.execute(EngineExecutionOrchestrator.java:127)
	at org.junit.platform.launcher.core.EngineExecutionOrchestrator.execute(EngineExecutionOrchestrator.java:90)
	at org.junit.platform.launcher.core.EngineExecutionOrchestrator.lambda$execute$0(EngineExecutionOrchestrator.java:55)
	at org.junit.platform.launcher.core.EngineExecutionOrchestrator.withInterceptedStreams(EngineExecutionOrchestrator.java:102)
	at org.junit.platform.launcher.core.EngineExecutionOrchestrator.execute(EngineExecutionOrchestrator.java:54)
	at org.junit.platform.launcher.core.DefaultLauncher.execute(DefaultLauncher.java:114)
	at org.junit.platform.launcher.core.DefaultLauncher.execute(DefaultLauncher.java:86)
	at org.junit.platform.launcher.core.DefaultLauncherSession$DelegatingLauncher.execute(DefaultLauncherSession.java:86)
	at org.apache.maven.surefire.junitplatform.LazyLauncher.execute(LazyLauncher.java:56)
	at org.apache.maven.surefire.junitplatform.JUnitPlatformProvider.execute(JUnitPlatformProvider.java:184)
	at org.apache.maven.surefire.junitplatform.JUnitPlatformProvider.invokeAllTests(JUnitPlatformProvider.java:148)
	at org.apache.maven.surefire.junitplatform.JUnitPlatformProvider.invoke(JUnitPlatformProvider.java:122)
	at org.apache.maven.surefire.booter.ForkedBooter.runSuitesInProcess(ForkedBooter.java:385)
	at org.apache.maven.surefire.booter.ForkedBooter.execute(ForkedBooter.java:162)
	at org.apache.maven.surefire.booter.ForkedBooter.run(ForkedBooter.java:507)
	at org.apache.maven.surefire.booter.ForkedBooter.main(ForkedBooter.java:495)
2026-05-09 21:24:35.223 [main] INFO  c.a.system.util.SecurityUtil - Encryption key updated
2026-05-09 21:24:36.840 [main] INFO  c.a.system.util.SecurityUtil - Encryption key updated
2026-05-09 21:24:36.842 [main] INFO  c.a.system.util.SecurityUtil - Encryption key updated
2026-05-09 21:24:36.843 [main] INFO  c.a.system.util.SecurityUtil - Encryption key updated
2026-05-09 21:24:36.844 [main] INFO  c.a.system.util.SecurityUtil - Encryption key updated
2026-05-09 21:24:36.846 [main] INFO  c.a.system.util.SecurityUtil - Encryption key updated
2026-05-09 21:24:36.848 [main] INFO  c.a.system.util.SecurityUtil - Encryption key updated
2026-05-09 21:24:36.849 [main] INFO  c.a.system.util.SecurityUtil - Encryption key updated
2026-05-09 21:24:37.283 [main] INFO  c.a.system.util.SecurityUtil - Encryption key updated
2026-05-09 21:24:37.285 [main] INFO  c.a.system.util.SecurityUtil - Encryption key updated
2026-05-09 21:24:37.285 [main] INFO  c.a.system.util.SecurityUtil - Encryption key updated
2026-05-09 21:24:37.287 [main] INFO  c.a.system.util.SecurityUtil - Encryption key updated
2026-05-09 21:24:37.289 [main] INFO  c.a.system.util.SecurityUtil - Encryption key updated
2026-05-09 21:24:37.291 [main] INFO  c.a.system.util.SecurityUtil - Encryption key updated
2026-05-09 21:24:37.291 [main] INFO  c.a.system.util.SecurityUtil - Encryption key updated
2026-05-09 21:24:37.293 [main] INFO  c.a.system.util.SecurityUtil - Encryption key updated
2026-05-09 21:24:38.483 [main] INFO  c.a.system.util.SecurityUtil - Encryption key updated
2026-05-09 21:24:38.484 [main] INFO  c.a.system.util.SecurityUtil - Encryption key updated
2026-05-09 21:24:38.486 [main] INFO  c.a.system.util.SecurityUtil - Encryption key updated
2026-05-09 21:24:38.488 [main] INFO  c.a.system.util.SecurityUtil - Encryption key updated
2026-05-09 21:24:38.489 [main] INFO  c.a.system.util.SecurityUtil - Encryption key updated
2026-05-09 21:24:38.490 [main] INFO  c.a.system.util.SecurityUtil - Encryption key updated
2026-05-09 21:24:38.492 [main] INFO  c.a.system.util.SecurityUtil - Encryption key updated
2026-05-09 21:24:38.494 [main] INFO  c.a.system.util.SecurityUtil - Encryption key updated
2026-05-09 21:24:38.496 [main] INFO  c.a.system.util.SecurityUtil - Encryption key updated
2026-05-09 21:24:38.498 [main] INFO  c.a.system.util.SecurityUtil - Encryption key updated
2026-05-09 21:24:38.504 [main] ERROR c.a.system.util.SystemLogger - System Error in TestContext - RuntimeException: Test error
java.lang.RuntimeException: Test error
	at com.attendance.system.util.SystemLoggerTest.testLogSystemError(SystemLoggerTest.java:64)
	at java.base/jdk.internal.reflect.DirectMethodHandleAccessor.invoke(DirectMethodHandleAccessor.java:103)
	at java.base/java.lang.reflect.Method.invoke(Method.java:580)
	at org.junit.platform.commons.util.ReflectionUtils.invokeMethod(ReflectionUtils.java:727)
	at org.junit.jupiter.engine.execution.MethodInvocation.proceed(MethodInvocation.java:60)
	at org.junit.jupiter.engine.execution.InvocationInterceptorChain$ValidatingInvocation.proceed(InvocationInterceptorChain.java:131)
	at org.junit.jupiter.engine.extension.TimeoutExtension.intercept(TimeoutExtension.java:156)
	at org.junit.jupiter.engine.extension.TimeoutExtension.interceptTestableMethod(TimeoutExtension.java:147)
	at org.junit.jupiter.engine.extension.TimeoutExtension.interceptTestMethod(TimeoutExtension.java:86)
	at org.junit.jupiter.engine.execution.InterceptingExecutableInvoker$ReflectiveInterceptorCall.lambda$ofVoidMethod$0(InterceptingExecutableInvoker.java:103)
	at org.junit.jupiter.engine.execution.InterceptingExecutableInvoker.lambda$invoke$0(InterceptingExecutableInvoker.java:93)
	at org.junit.jupiter.engine.execution.InvocationInterceptorChain$InterceptedInvocation.proceed(InvocationInterceptorChain.java:106)
	at org.junit.jupiter.engine.execution.InvocationInterceptorChain.proceed(InvocationInterceptorChain.java:64)
	at org.junit.jupiter.engine.execution.InvocationInterceptorChain.chainAndInvoke(InvocationInterceptorChain.java:45)
	at org.junit.jupiter.engine.execution.InvocationInterceptorChain.invoke(InvocationInterceptorChain.java:37)
	at org.junit.jupiter.engine.execution.InterceptingExecutableInvoker.invoke(InterceptingExecutableInvoker.java:92)
	at org.junit.jupiter.engine.execution.InterceptingExecutableInvoker.invoke(InterceptingExecutableInvoker.java:86)
	at org.junit.jupiter.engine.descriptor.TestMethodTestDescriptor.lambda$invokeTestMethod$7(TestMethodTestDescriptor.java:217)
	at org.junit.platform.engine.support.hierarchical.ThrowableCollector.execute(ThrowableCollector.java:73)
	at org.junit.jupiter.engine.descriptor.TestMethodTestDescriptor.invokeTestMethod(TestMethodTestDescriptor.java:213)
	at org.junit.jupiter.engine.descriptor.TestMethodTestDescriptor.execute(TestMethodTestDescriptor.java:138)
	at org.junit.jupiter.engine.descriptor.TestMethodTestDescriptor.execute(TestMethodTestDescriptor.java:68)
	at org.junit.platform.engine.support.hierarchical.NodeTestTask.lambda$executeRecursively$6(NodeTestTask.java:151)
	at org.junit.platform.engine.support.hierarchical.ThrowableCollector.execute(ThrowableCollector.java:73)
	at org.junit.platform.engine.support.hierarchical.NodeTestTask.lambda$executeRecursively$8(NodeTestTask.java:141)
	at org.junit.platform.engine.support.hierarchical.Node.around(Node.java:137)
	at org.junit.platform.engine.support.hierarchical.NodeTestTask.lambda$executeRecursively$9(NodeTestTask.java:139)
	at org.junit.platform.engine.support.hierarchical.ThrowableCollector.execute(ThrowableCollector.java:73)
	at org.junit.platform.engine.support.hierarchical.NodeTestTask.executeRecursively(NodeTestTask.java:138)
	at org.junit.platform.engine.support.hierarchical.NodeTestTask.execute(NodeTestTask.java:95)
	at java.base/java.util.ArrayList.forEach(ArrayList.java:1596)
	at org.junit.platform.engine.support.hierarchical.SameThreadHierarchicalTestExecutorService.invokeAll(SameThreadHierarchicalTestExecutorService.java:41)
	at org.junit.platform.engine.support.hierarchical.NodeTestTask.lambda$executeRecursively$6(NodeTestTask.java:155)
	at org.junit.platform.engine.support.hierarchical.ThrowableCollector.execute(ThrowableCollector.java:73)
	at org.junit.platform.engine.support.hierarchical.NodeTestTask.lambda$executeRecursively$8(NodeTestTask.java:141)
	at org.junit.platform.engine.support.hierarchical.Node.around(Node.java:137)
	at org.junit.platform.engine.support.hierarchical.NodeTestTask.lambda$executeRecursively$9(NodeTestTask.java:139)
	at org.junit.platform.engine.support.hierarchical.ThrowableCollector.execute(ThrowableCollector.java:73)
	at org.junit.platform.engine.support.hierarchical.NodeTestTask.executeRecursively(NodeTestTask.java:138)
	at org.junit.platform.engine.support.hierarchical.NodeTestTask.execute(NodeTestTask.java:95)
	at java.base/java.util.ArrayList.forEach(ArrayList.java:1596)
	at org.junit.platform.engine.support.hierarchical.SameThreadHierarchicalTestExecutorService.invokeAll(SameThreadHierarchicalTestExecutorService.java:41)
	at org.junit.platform.engine.support.hierarchical.NodeTestTask.lambda$executeRecursively$6(NodeTestTask.java:155)
	at org.junit.platform.engine.support.hierarchical.ThrowableCollector.execute(ThrowableCollector.java:73)
	at org.junit.platform.engine.support.hierarchical.NodeTestTask.lambda$executeRecursively$8(NodeTestTask.java:141)
	at org.junit.platform.engine.support.hierarchical.Node.around(Node.java:137)
	at org.junit.platform.engine.support.hierarchical.NodeTestTask.lambda$executeRecursively$9(NodeTestTask.java:139)
	at org.junit.platform.engine.support.hierarchical.ThrowableCollector.execute(ThrowableCollector.java:73)
	at org.junit.platform.engine.support.hierarchical.NodeTestTask.executeRecursively(NodeTestTask.java:138)
	at org.junit.platform.engine.support.hierarchical.NodeTestTask.execute(NodeTestTask.java:95)
	at org.junit.platform.engine.support.hierarchical.SameThreadHierarchicalTestExecutorService.submit(SameThreadHierarchicalTestExecutorService.java:35)
	at org.junit.platform.engine.support.hierarchical.HierarchicalTestExecutor.execute(HierarchicalTestExecutor.java:57)
	at org.junit.platform.engine.support.hierarchical.HierarchicalTestEngine.execute(HierarchicalTestEngine.java:54)
	at org.junit.platform.launcher.core.EngineExecutionOrchestrator.execute(EngineExecutionOrchestrator.java:147)
	at org.junit.platform.launcher.core.EngineExecutionOrchestrator.execute(EngineExecutionOrchestrator.java:127)
	at org.junit.platform.launcher.core.EngineExecutionOrchestrator.execute(EngineExecutionOrchestrator.java:90)
	at org.junit.platform.launcher.core.EngineExecutionOrchestrator.lambda$execute$0(EngineExecutionOrchestrator.java:55)
	at org.junit.platform.launcher.core.EngineExecutionOrchestrator.withInterceptedStreams(EngineExecutionOrchestrator.java:102)
	at org.junit.platform.launcher.core.EngineExecutionOrchestrator.execute(EngineExecutionOrchestrator.java:54)
	at org.junit.platform.launcher.core.DefaultLauncher.execute(DefaultLauncher.java:114)
	at org.junit.platform.launcher.core.DefaultLauncher.execute(DefaultLauncher.java:86)
	at org.junit.platform.launcher.core.DefaultLauncherSession$DelegatingLauncher.execute(DefaultLauncherSession.java:86)
	at org.apache.maven.surefire.junitplatform.LazyLauncher.execute(LazyLauncher.java:56)
	at org.apache.maven.surefire.junitplatform.JUnitPlatformProvider.execute(JUnitPlatformProvider.java:184)
	at org.apache.maven.surefire.junitplatform.JUnitPlatformProvider.invokeAllTests(JUnitPlatformProvider.java:148)
	at org.apache.maven.surefire.junitplatform.JUnitPlatformProvider.invoke(JUnitPlatformProvider.java:122)
	at org.apache.maven.surefire.booter.ForkedBooter.runSuitesInProcess(ForkedBooter.java:385)
	at org.apache.maven.surefire.booter.ForkedBooter.execute(ForkedBooter.java:162)
	at org.apache.maven.surefire.booter.ForkedBooter.run(ForkedBooter.java:507)
	at org.apache.maven.surefire.booter.ForkedBooter.main(ForkedBooter.java:495)
2026-05-09 21:24:38.507 [main] ERROR c.a.system.util.SystemLogger - System Error in TestContext - RuntimeException: Test error, Details: Additional error details
java.lang.RuntimeException: Test error
	at com.attendance.system.util.SystemLoggerTest.testLogSystemErrorWithDetails(SystemLoggerTest.java:73)
	at java.base/jdk.internal.reflect.DirectMethodHandleAccessor.invoke(DirectMethodHandleAccessor.java:103)
	at java.base/java.lang.reflect.Method.invoke(Method.java:580)
	at org.junit.platform.commons.util.ReflectionUtils.invokeMethod(ReflectionUtils.java:727)
	at org.junit.jupiter.engine.execution.MethodInvocation.proceed(MethodInvocation.java:60)
	at org.junit.jupiter.engine.execution.InvocationInterceptorChain$ValidatingInvocation.proceed(InvocationInterceptorChain.java:131)
	at org.junit.jupiter.engine.extension.TimeoutExtension.intercept(TimeoutExtension.java:156)
	at org.junit.jupiter.engine.extension.TimeoutExtension.interceptTestableMethod(TimeoutExtension.java:147)
	at org.junit.jupiter.engine.extension.TimeoutExtension.interceptTestMethod(TimeoutExtension.java:86)
	at org.junit.jupiter.engine.execution.InterceptingExecutableInvoker$ReflectiveInterceptorCall.lambda$ofVoidMethod$0(InterceptingExecutableInvoker.java:103)
	at org.junit.jupiter.engine.execution.InterceptingExecutableInvoker.lambda$invoke$0(InterceptingExecutableInvoker.java:93)
	at org.junit.jupiter.engine.execution.InvocationInterceptorChain$InterceptedInvocation.proceed(InvocationInterceptorChain.java:106)
	at org.junit.jupiter.engine.execution.InvocationInterceptorChain.proceed(InvocationInterceptorChain.java:64)
	at org.junit.jupiter.engine.execution.InvocationInterceptorChain.chainAndInvoke(InvocationInterceptorChain.java:45)
	at org.junit.jupiter.engine.execution.InvocationInterceptorChain.invoke(InvocationInterceptorChain.java:37)
	at org.junit.jupiter.engine.execution.InterceptingExecutableInvoker.invoke(InterceptingExecutableInvoker.java:92)
	at org.junit.jupiter.engine.execution.InterceptingExecutableInvoker.invoke(InterceptingExecutableInvoker.java:86)
	at org.junit.jupiter.engine.descriptor.TestMethodTestDescriptor.lambda$invokeTestMethod$7(TestMethodTestDescriptor.java:217)
	at org.junit.platform.engine.support.hierarchical.ThrowableCollector.execute(ThrowableCollector.java:73)
	at org.junit.jupiter.engine.descriptor.TestMethodTestDescriptor.invokeTestMethod(TestMethodTestDescriptor.java:213)
	at org.junit.jupiter.engine.descriptor.TestMethodTestDescriptor.execute(TestMethodTestDescriptor.java:138)
	at org.junit.jupiter.engine.descriptor.TestMethodTestDescriptor.execute(TestMethodTestDescriptor.java:68)
	at org.junit.platform.engine.support.hierarchical.NodeTestTask.lambda$executeRecursively$6(NodeTestTask.java:151)
	at org.junit.platform.engine.support.hierarchical.ThrowableCollector.execute(ThrowableCollector.java:73)
	at org.junit.platform.engine.support.hierarchical.NodeTestTask.lambda$executeRecursively$8(NodeTestTask.java:141)
	at org.junit.platform.engine.support.hierarchical.Node.around(Node.java:137)
	at org.junit.platform.engine.support.hierarchical.NodeTestTask.lambda$executeRecursively$9(NodeTestTask.java:139)
	at org.junit.platform.engine.support.hierarchical.ThrowableCollector.execute(ThrowableCollector.java:73)
	at org.junit.platform.engine.support.hierarchical.NodeTestTask.executeRecursively(NodeTestTask.java:138)
	at org.junit.platform.engine.support.hierarchical.NodeTestTask.execute(NodeTestTask.java:95)
	at java.base/java.util.ArrayList.forEach(ArrayList.java:1596)
	at org.junit.platform.engine.support.hierarchical.SameThreadHierarchicalTestExecutorService.invokeAll(SameThreadHierarchicalTestExecutorService.java:41)
	at org.junit.platform.engine.support.hierarchical.NodeTestTask.lambda$executeRecursively$6(NodeTestTask.java:155)
	at org.junit.platform.engine.support.hierarchical.ThrowableCollector.execute(ThrowableCollector.java:73)
	at org.junit.platform.engine.support.hierarchical.NodeTestTask.lambda$executeRecursively$8(NodeTestTask.java:141)
	at org.junit.platform.engine.support.hierarchical.Node.around(Node.java:137)
	at org.junit.platform.engine.support.hierarchical.NodeTestTask.lambda$executeRecursively$9(NodeTestTask.java:139)
	at org.junit.platform.engine.support.hierarchical.ThrowableCollector.execute(ThrowableCollector.java:73)
	at org.junit.platform.engine.support.hierarchical.NodeTestTask.executeRecursively(NodeTestTask.java:138)
	at org.junit.platform.engine.support.hierarchical.NodeTestTask.execute(NodeTestTask.java:95)
	at java.base/java.util.ArrayList.forEach(ArrayList.java:1596)
	at org.junit.platform.engine.support.hierarchical.SameThreadHierarchicalTestExecutorService.invokeAll(SameThreadHierarchicalTestExecutorService.java:41)
	at org.junit.platform.engine.support.hierarchical.NodeTestTask.lambda$executeRecursively$6(NodeTestTask.java:155)
	at org.junit.platform.engine.support.hierarchical.ThrowableCollector.execute(ThrowableCollector.java:73)
	at org.junit.platform.engine.support.hierarchical.NodeTestTask.lambda$executeRecursively$8(NodeTestTask.java:141)
	at org.junit.platform.engine.support.hierarchical.Node.around(Node.java:137)
	at org.junit.platform.engine.support.hierarchical.NodeTestTask.lambda$executeRecursively$9(NodeTestTask.java:139)
	at org.junit.platform.engine.support.hierarchical.ThrowableCollector.execute(ThrowableCollector.java:73)
	at org.junit.platform.engine.support.hierarchical.NodeTestTask.executeRecursively(NodeTestTask.java:138)
	at org.junit.platform.engine.support.hierarchical.NodeTestTask.execute(NodeTestTask.java:95)
	at org.junit.platform.engine.support.hierarchical.SameThreadHierarchicalTestExecutorService.submit(SameThreadHierarchicalTestExecutorService.java:35)
	at org.junit.platform.engine.support.hierarchical.HierarchicalTestExecutor.execute(HierarchicalTestExecutor.java:57)
	at org.junit.platform.engine.support.hierarchical.HierarchicalTestEngine.execute(HierarchicalTestEngine.java:54)
	at org.junit.platform.launcher.core.EngineExecutionOrchestrator.execute(EngineExecutionOrchestrator.java:147)
	at org.junit.platform.launcher.core.EngineExecutionOrchestrator.execute(EngineExecutionOrchestrator.java:127)
	at org.junit.platform.launcher.core.EngineExecutionOrchestrator.execute(EngineExecutionOrchestrator.java:90)
	at org.junit.platform.launcher.core.EngineExecutionOrchestrator.lambda$execute$0(EngineExecutionOrchestrator.java:55)
	at org.junit.platform.launcher.core.EngineExecutionOrchestrator.withInterceptedStreams(EngineExecutionOrchestrator.java:102)
	at org.junit.platform.launcher.core.EngineExecutionOrchestrator.execute(EngineExecutionOrchestrator.java:54)
	at org.junit.platform.launcher.core.DefaultLauncher.execute(DefaultLauncher.java:114)
	at org.junit.platform.launcher.core.DefaultLauncher.execute(DefaultLauncher.java:86)
	at org.junit.platform.launcher.core.DefaultLauncherSession$DelegatingLauncher.execute(DefaultLauncherSession.java:86)
	at org.apache.maven.surefire.junitplatform.LazyLauncher.execute(LazyLauncher.java:56)
	at org.apache.maven.surefire.junitplatform.JUnitPlatformProvider.execute(JUnitPlatformProvider.java:184)
	at org.apache.maven.surefire.junitplatform.JUnitPlatformProvider.invokeAllTests(JUnitPlatformProvider.java:148)
	at org.apache.maven.surefire.junitplatform.JUnitPlatformProvider.invoke(JUnitPlatformProvider.java:122)
	at org.apache.maven.surefire.booter.ForkedBooter.runSuitesInProcess(ForkedBooter.java:385)
	at org.apache.maven.surefire.booter.ForkedBooter.execute(ForkedBooter.java:162)
	at org.apache.maven.surefire.booter.ForkedBooter.run(ForkedBooter.java:507)
	at org.apache.maven.surefire.booter.ForkedBooter.main(ForkedBooter.java:495)
2026-05-09 21:24:38.515 [main] INFO  c.a.system.util.SystemLogger - RMI Call - Method: authenticateUser, Client: client123, Status: SUCCESS, Duration: 250 ms
2026-05-09 21:24:38.519 [main] INFO  c.a.system.util.SystemLogger - Connection Pool Event - Event: Connection acquired, Active: 5, Idle: 3
2026-05-09 21:24:38.552 [main] DEBUG c.a.system.util.SystemLogger - [SYSTEM] Debug message
2026-05-09 21:24:38.552 [main] INFO  c.a.system.util.SystemLogger - [SYSTEM] Info message
2026-05-09 21:24:38.552 [main] WARN  c.a.system.util.SystemLogger - [SYSTEM] Warn message
2026-05-09 21:24:38.552 [main] ERROR c.a.system.util.SystemLogger - [SYSTEM] Error message
2026-05-09 21:24:38.552 [main] ERROR c.a.system.util.SystemLogger - CRITICAL: [SYSTEM] Critical message
2026-05-09 21:24:38.556 [main] DEBUG c.a.system.util.SystemLogger - Database Operation - Query: SELECT * FROM users, Execution Time: 150 ms, Context: {operation=SELECT, table=users}
2026-05-09 21:24:38.565 [main] DEBUG c.a.system.util.SystemLogger - Database Operation - Query: SELECT * FROM users WHERE id = ?, Execution Time: 150 ms
2026-05-09 21:24:38.571 [main] INFO  c.a.system.util.SystemLogger - Notification Event - Type: LOW_ATTENDANCE_WARNING, Recipient: student123, Status: SENT
2026-05-09 21:24:38.574 [main] ERROR c.a.system.util.SystemLogger - [DATABASE] Database operation failed
java.lang.RuntimeException: Test error
	at com.attendance.system.util.SystemLoggerTest.testLogWithCategoryAndException(SystemLoggerTest.java:141)
	at java.base/jdk.internal.reflect.DirectMethodHandleAccessor.invoke(DirectMethodHandleAccessor.java:103)
	at java.base/java.lang.reflect.Method.invoke(Method.java:580)
	at org.junit.platform.commons.util.ReflectionUtils.invokeMethod(ReflectionUtils.java:727)
	at org.junit.jupiter.engine.execution.MethodInvocation.proceed(MethodInvocation.java:60)
	at org.junit.jupiter.engine.execution.InvocationInterceptorChain$ValidatingInvocation.proceed(InvocationInterceptorChain.java:131)
	at org.junit.jupiter.engine.extension.TimeoutExtension.intercept(TimeoutExtension.java:156)
	at org.junit.jupiter.engine.extension.TimeoutExtension.interceptTestableMethod(TimeoutExtension.java:147)
	at org.junit.jupiter.engine.extension.TimeoutExtension.interceptTestMethod(TimeoutExtension.java:86)
	at org.junit.jupiter.engine.execution.InterceptingExecutableInvoker$ReflectiveInterceptorCall.lambda$ofVoidMethod$0(InterceptingExecutableInvoker.java:103)
	at org.junit.jupiter.engine.execution.InterceptingExecutableInvoker.lambda$invoke$0(InterceptingExecutableInvoker.java:93)
	at org.junit.jupiter.engine.execution.InvocationInterceptorChain$InterceptedInvocation.proceed(InvocationInterceptorChain.java:106)
	at org.junit.jupiter.engine.execution.InvocationInterceptorChain.proceed(InvocationInterceptorChain.java:64)
	at org.junit.jupiter.engine.execution.InvocationInterceptorChain.chainAndInvoke(InvocationInterceptorChain.java:45)
	at org.junit.jupiter.engine.execution.InvocationInterceptorChain.invoke(InvocationInterceptorChain.java:37)
	at org.junit.jupiter.engine.execution.InterceptingExecutableInvoker.invoke(InterceptingExecutableInvoker.java:92)
	at org.junit.jupiter.engine.execution.InterceptingExecutableInvoker.invoke(InterceptingExecutableInvoker.java:86)
	at org.junit.jupiter.engine.descriptor.TestMethodTestDescriptor.lambda$invokeTestMethod$7(TestMethodTestDescriptor.java:217)
	at org.junit.platform.engine.support.hierarchical.ThrowableCollector.execute(ThrowableCollector.java:73)
	at org.junit.jupiter.engine.descriptor.TestMethodTestDescriptor.invokeTestMethod(TestMethodTestDescriptor.java:213)
	at org.junit.jupiter.engine.descriptor.TestMethodTestDescriptor.execute(TestMethodTestDescriptor.java:138)
	at org.junit.jupiter.engine.descriptor.TestMethodTestDescriptor.execute(TestMethodTestDescriptor.java:68)
	at org.junit.platform.engine.support.hierarchical.NodeTestTask.lambda$executeRecursively$6(NodeTestTask.java:151)
	at org.junit.platform.engine.support.hierarchical.ThrowableCollector.execute(ThrowableCollector.java:73)
	at org.junit.platform.engine.support.hierarchical.NodeTestTask.lambda$executeRecursively$8(NodeTestTask.java:141)
	at org.junit.platform.engine.support.hierarchical.Node.around(Node.java:137)
	at org.junit.platform.engine.support.hierarchical.NodeTestTask.lambda$executeRecursively$9(NodeTestTask.java:139)
	at org.junit.platform.engine.support.hierarchical.ThrowableCollector.execute(ThrowableCollector.java:73)
	at org.junit.platform.engine.support.hierarchical.NodeTestTask.executeRecursively(NodeTestTask.java:138)
	at org.junit.platform.engine.support.hierarchical.NodeTestTask.execute(NodeTestTask.java:95)
	at java.base/java.util.ArrayList.forEach(ArrayList.java:1596)
	at org.junit.platform.engine.support.hierarchical.SameThreadHierarchicalTestExecutorService.invokeAll(SameThreadHierarchicalTestExecutorService.java:41)
	at org.junit.platform.engine.support.hierarchical.NodeTestTask.lambda$executeRecursively$6(NodeTestTask.java:155)
	at org.junit.platform.engine.support.hierarchical.ThrowableCollector.execute(ThrowableCollector.java:73)
	at org.junit.platform.engine.support.hierarchical.NodeTestTask.lambda$executeRecursively$8(NodeTestTask.java:141)
	at org.junit.platform.engine.support.hierarchical.Node.around(Node.java:137)
	at org.junit.platform.engine.support.hierarchical.NodeTestTask.lambda$executeRecursively$9(NodeTestTask.java:139)
	at org.junit.platform.engine.support.hierarchical.ThrowableCollector.execute(ThrowableCollector.java:73)
	at org.junit.platform.engine.support.hierarchical.NodeTestTask.executeRecursively(NodeTestTask.java:138)
	at org.junit.platform.engine.support.hierarchical.NodeTestTask.execute(NodeTestTask.java:95)
	at java.base/java.util.ArrayList.forEach(ArrayList.java:1596)
	at org.junit.platform.engine.support.hierarchical.SameThreadHierarchicalTestExecutorService.invokeAll(SameThreadHierarchicalTestExecutorService.java:41)
	at org.junit.platform.engine.support.hierarchical.NodeTestTask.lambda$executeRecursively$6(NodeTestTask.java:155)
	at org.junit.platform.engine.support.hierarchical.ThrowableCollector.execute(ThrowableCollector.java:73)
	at org.junit.platform.engine.support.hierarchical.NodeTestTask.lambda$executeRecursively$8(NodeTestTask.java:141)
	at org.junit.platform.engine.support.hierarchical.Node.around(Node.java:137)
	at org.junit.platform.engine.support.hierarchical.NodeTestTask.lambda$executeRecursively$9(NodeTestTask.java:139)
	at org.junit.platform.engine.support.hierarchical.ThrowableCollector.execute(ThrowableCollector.java:73)
	at org.junit.platform.engine.support.hierarchical.NodeTestTask.executeRecursively(NodeTestTask.java:138)
	at org.junit.platform.engine.support.hierarchical.NodeTestTask.execute(NodeTestTask.java:95)
	at org.junit.platform.engine.support.hierarchical.SameThreadHierarchicalTestExecutorService.submit(SameThreadHierarchicalTestExecutorService.java:35)
	at org.junit.platform.engine.support.hierarchical.HierarchicalTestExecutor.execute(HierarchicalTestExecutor.java:57)
	at org.junit.platform.engine.support.hierarchical.HierarchicalTestEngine.execute(HierarchicalTestEngine.java:54)
	at org.junit.platform.launcher.core.EngineExecutionOrchestrator.execute(EngineExecutionOrchestrator.java:147)
	at org.junit.platform.launcher.core.EngineExecutionOrchestrator.execute(EngineExecutionOrchestrator.java:127)
	at org.junit.platform.launcher.core.EngineExecutionOrchestrator.execute(EngineExecutionOrchestrator.java:90)
	at org.junit.platform.launcher.core.EngineExecutionOrchestrator.lambda$execute$0(EngineExecutionOrchestrator.java:55)
	at org.junit.platform.launcher.core.EngineExecutionOrchestrator.withInterceptedStreams(EngineExecutionOrchestrator.java:102)
	at org.junit.platform.launcher.core.EngineExecutionOrchestrator.execute(EngineExecutionOrchestrator.java:54)
	at org.junit.platform.launcher.core.DefaultLauncher.execute(DefaultLauncher.java:114)
	at org.junit.platform.launcher.core.DefaultLauncher.execute(DefaultLauncher.java:86)
	at org.junit.platform.launcher.core.DefaultLauncherSession$DelegatingLauncher.execute(DefaultLauncherSession.java:86)
	at org.apache.maven.surefire.junitplatform.LazyLauncher.execute(LazyLauncher.java:56)
	at org.apache.maven.surefire.junitplatform.JUnitPlatformProvider.execute(JUnitPlatformProvider.java:184)
	at org.apache.maven.surefire.junitplatform.JUnitPlatformProvider.invokeAllTests(JUnitPlatformProvider.java:148)
	at org.apache.maven.surefire.junitplatform.JUnitPlatformProvider.invoke(JUnitPlatformProvider.java:122)
	at org.apache.maven.surefire.booter.ForkedBooter.runSuitesInProcess(ForkedBooter.java:385)
	at org.apache.maven.surefire.booter.ForkedBooter.execute(ForkedBooter.java:162)
	at org.apache.maven.surefire.booter.ForkedBooter.run(ForkedBooter.java:507)
	at org.apache.maven.surefire.booter.ForkedBooter.main(ForkedBooter.java:495)
2026-05-09 21:24:38.576 [main] INFO  c.a.system.util.SystemLogger - [AUTHENTICATION] Auth message
2026-05-09 21:24:38.576 [main] INFO  c.a.system.util.SystemLogger - [DATABASE] DB message
2026-05-09 21:24:38.576 [main] INFO  c.a.system.util.SystemLogger - [RMI] RMI message
2026-05-09 21:24:38.576 [main] INFO  c.a.system.util.SystemLogger - [BUSINESS_LOGIC] BL message
2026-05-09 21:24:38.576 [main] INFO  c.a.system.util.SystemLogger - [USER_INTERFACE] UI message
2026-05-09 21:24:38.576 [main] INFO  c.a.system.util.SystemLogger - [SYSTEM] System message
2026-05-09 21:24:38.576 [main] INFO  c.a.system.util.SystemLogger - [NOTIFICATION] Notification message
2026-05-09 21:24:38.579 [main] INFO  c.a.system.util.SystemLogger - [AUTHENTICATION] User authentication successful
2026-05-09 21:24:38.581 [main] INFO  c.a.system.util.SystemLogger - RMI Call - Method: authenticateUser, Client: client123, Status: SUCCESS
2026-05-09 21:24:38.594 [main] INFO  c.a.system.util.OverloadHandler - Request queue cleared
2026-05-09 21:24:38.594 [main] INFO  c.a.system.util.OverloadHandler - Max concurrent requests updated to: 10
2026-05-09 21:24:38.596 [main] INFO  c.a.system.util.OverloadHandler - Request queue cleared
2026-05-09 21:24:38.596 [main] INFO  c.a.system.util.OverloadHandler - Max concurrent requests updated to: 10
2026-05-09 21:24:38.598 [main] INFO  c.a.system.util.OverloadHandler - Request queue cleared
2026-05-09 21:24:38.598 [main] INFO  c.a.system.util.OverloadHandler - Max concurrent requests updated to: 10
2026-05-09 21:24:38.598 [main] INFO  c.a.system.util.OverloadHandler - Request queue cleared
2026-05-09 21:24:38.601 [main] INFO  c.a.system.util.OverloadHandler - Request queue cleared
2026-05-09 21:24:38.602 [main] INFO  c.a.system.util.OverloadHandler - Max concurrent requests updated to: 10
2026-05-09 21:24:38.602 [main] INFO  c.a.system.util.OverloadHandler - Max concurrent requests updated to: 1
2026-05-09 21:24:39.606 [main] INFO  c.a.system.util.OverloadHandler - Request queue cleared
2026-05-09 21:24:39.606 [main] INFO  c.a.system.util.OverloadHandler - Max concurrent requests updated to: 10
2026-05-09 21:24:39.606 [main] INFO  c.a.system.util.OverloadHandler - Max concurrent requests updated to: 1
2026-05-09 21:24:40.820 [pool-1-thread-2] DEBUG c.a.system.server.ServerLauncher - Server stats - Active connections: 0, Total requests: 0
2026-05-09 21:24:44.610 [main] INFO  c.a.system.util.OverloadHandler - Request queue cleared
2026-05-09 21:24:44.610 [main] INFO  c.a.system.util.OverloadHandler - Max concurrent requests updated to: 10
2026-05-09 21:24:45.112 [main] INFO  c.a.system.util.OverloadHandler - Request queue cleared
2026-05-09 21:24:45.112 [main] INFO  c.a.system.util.OverloadHandler - Max concurrent requests updated to: 10
2026-05-09 21:24:45.113 [main] INFO  c.a.system.util.OverloadHandler - Max concurrent requests updated to: 2
2026-05-09 21:24:45.316 [main] INFO  c.a.system.util.OverloadHandler - Request queue cleared
2026-05-09 21:24:45.316 [main] INFO  c.a.system.util.OverloadHandler - Max concurrent requests updated to: 10
2026-05-09 21:24:45.317 [main] INFO  c.a.system.util.OverloadHandler - Max concurrent requests updated to: 20
2026-05-09 21:24:45.317 [main] INFO  c.a.system.util.OverloadHandler - Max concurrent requests updated to: 50
2026-05-09 21:24:45.318 [main] INFO  c.a.system.util.OverloadHandler - Request queue cleared
2026-05-09 21:24:45.319 [main] INFO  c.a.system.util.OverloadHandler - Max concurrent requests updated to: 10
2026-05-09 21:24:45.321 [main] INFO  c.a.system.util.OverloadHandler - Request queue cleared
2026-05-09 21:24:45.321 [main] INFO  c.a.system.util.OverloadHandler - Max concurrent requests updated to: 10
2026-05-09 21:24:45.322 [main] INFO  c.a.system.util.OverloadHandler - Request queue cleared
2026-05-09 21:24:45.323 [main] INFO  c.a.system.util.OverloadHandler - Max concurrent requests updated to: 10
2026-05-09 21:24:45.332 [main] DEBUG c.a.system.util.SystemLogger - [SYSTEM] Circuit breaker 'TestBreaker' closed - operation successful
2026-05-09 21:24:45.333 [main] DEBUG c.a.system.util.SystemLogger - [SYSTEM] Circuit breaker 'TestBreaker' closed - operation successful
2026-05-09 21:24:45.336 [main] WARN  c.a.system.util.SystemLogger - [SYSTEM] Primary operation failed, executing fallback
java.lang.RuntimeException: Primary failed
	at com.attendance.system.util.ErrorHandlerTest.lambda$testExecuteWithFallbackPrimaryFailure$12(ErrorHandlerTest.java:178)
	at com.attendance.system.util.ErrorHandler.executeWithFallback(ErrorHandler.java:210)
	at com.attendance.system.util.ErrorHandlerTest.testExecuteWithFallbackPrimaryFailure(ErrorHandlerTest.java:182)
	at java.base/jdk.internal.reflect.DirectMethodHandleAccessor.invoke(DirectMethodHandleAccessor.java:103)
	at java.base/java.lang.reflect.Method.invoke(Method.java:580)
	at org.junit.platform.commons.util.ReflectionUtils.invokeMethod(ReflectionUtils.java:727)
	at org.junit.jupiter.engine.execution.MethodInvocation.proceed(MethodInvocation.java:60)
	at org.junit.jupiter.engine.execution.InvocationInterceptorChain$ValidatingInvocation.proceed(InvocationInterceptorChain.java:131)
	at org.junit.jupiter.engine.extension.TimeoutExtension.intercept(TimeoutExtension.java:156)
	at org.junit.jupiter.engine.extension.TimeoutExtension.interceptTestableMethod(TimeoutExtension.java:147)
	at org.junit.jupiter.engine.extension.TimeoutExtension.interceptTestMethod(TimeoutExtension.java:86)
	at org.junit.jupiter.engine.execution.InterceptingExecutableInvoker$ReflectiveInterceptorCall.lambda$ofVoidMethod$0(InterceptingExecutableInvoker.java:103)
	at org.junit.jupiter.engine.execution.InterceptingExecutableInvoker.lambda$invoke$0(InterceptingExecutableInvoker.java:93)
	at org.junit.jupiter.engine.execution.InvocationInterceptorChain$InterceptedInvocation.proceed(InvocationInterceptorChain.java:106)
	at org.junit.jupiter.engine.execution.InvocationInterceptorChain.proceed(InvocationInterceptorChain.java:64)
	at org.junit.jupiter.engine.execution.InvocationInterceptorChain.chainAndInvoke(InvocationInterceptorChain.java:45)
	at org.junit.jupiter.engine.execution.InvocationInterceptorChain.invoke(InvocationInterceptorChain.java:37)
	at org.junit.jupiter.engine.execution.InterceptingExecutableInvoker.invoke(InterceptingExecutableInvoker.java:92)
	at org.junit.jupiter.engine.execution.InterceptingExecutableInvoker.invoke(InterceptingExecutableInvoker.java:86)
	at org.junit.jupiter.engine.descriptor.TestMethodTestDescriptor.lambda$invokeTestMethod$7(TestMethodTestDescriptor.java:217)
	at org.junit.platform.engine.support.hierarchical.ThrowableCollector.execute(ThrowableCollector.java:73)
	at org.junit.jupiter.engine.descriptor.TestMethodTestDescriptor.invokeTestMethod(TestMethodTestDescriptor.java:213)
	at org.junit.jupiter.engine.descriptor.TestMethodTestDescriptor.execute(TestMethodTestDescriptor.java:138)
	at org.junit.jupiter.engine.descriptor.TestMethodTestDescriptor.execute(TestMethodTestDescriptor.java:68)
	at org.junit.platform.engine.support.hierarchical.NodeTestTask.lambda$executeRecursively$6(NodeTestTask.java:151)
	at org.junit.platform.engine.support.hierarchical.ThrowableCollector.execute(ThrowableCollector.java:73)
	at org.junit.platform.engine.support.hierarchical.NodeTestTask.lambda$executeRecursively$8(NodeTestTask.java:141)
	at org.junit.platform.engine.support.hierarchical.Node.around(Node.java:137)
	at org.junit.platform.engine.support.hierarchical.NodeTestTask.lambda$executeRecursively$9(NodeTestTask.java:139)
	at org.junit.platform.engine.support.hierarchical.ThrowableCollector.execute(ThrowableCollector.java:73)
	at org.junit.platform.engine.support.hierarchical.NodeTestTask.executeRecursively(NodeTestTask.java:138)
	at org.junit.platform.engine.support.hierarchical.NodeTestTask.execute(NodeTestTask.java:95)
	at java.base/java.util.ArrayList.forEach(ArrayList.java:1596)
	at org.junit.platform.engine.support.hierarchical.SameThreadHierarchicalTestExecutorService.invokeAll(SameThreadHierarchicalTestExecutorService.java:41)
	at org.junit.platform.engine.support.hierarchical.NodeTestTask.lambda$executeRecursively$6(NodeTestTask.java:155)
	at org.junit.platform.engine.support.hierarchical.ThrowableCollector.execute(ThrowableCollector.java:73)
	at org.junit.platform.engine.support.hierarchical.NodeTestTask.lambda$executeRecursively$8(NodeTestTask.java:141)
	at org.junit.platform.engine.support.hierarchical.Node.around(Node.java:137)
	at org.junit.platform.engine.support.hierarchical.NodeTestTask.lambda$executeRecursively$9(NodeTestTask.java:139)
	at org.junit.platform.engine.support.hierarchical.ThrowableCollector.execute(ThrowableCollector.java:73)
	at org.junit.platform.engine.support.hierarchical.NodeTestTask.executeRecursively(NodeTestTask.java:138)
	at org.junit.platform.engine.support.hierarchical.NodeTestTask.execute(NodeTestTask.java:95)
	at java.base/java.util.ArrayList.forEach(ArrayList.java:1596)
	at org.junit.platform.engine.support.hierarchical.SameThreadHierarchicalTestExecutorService.invokeAll(SameThreadHierarchicalTestExecutorService.java:41)
	at org.junit.platform.engine.support.hierarchical.NodeTestTask.lambda$executeRecursively$6(NodeTestTask.java:155)
	at org.junit.platform.engine.support.hierarchical.ThrowableCollector.execute(ThrowableCollector.java:73)
	at org.junit.platform.engine.support.hierarchical.NodeTestTask.lambda$executeRecursively$8(NodeTestTask.java:141)
	at org.junit.platform.engine.support.hierarchical.Node.around(Node.java:137)
	at org.junit.platform.engine.support.hierarchical.NodeTestTask.lambda$executeRecursively$9(NodeTestTask.java:139)
	at org.junit.platform.engine.support.hierarchical.ThrowableCollector.execute(ThrowableCollector.java:73)
	at org.junit.platform.engine.support.hierarchical.NodeTestTask.executeRecursively(NodeTestTask.java:138)
	at org.junit.platform.engine.support.hierarchical.NodeTestTask.execute(NodeTestTask.java:95)
	at org.junit.platform.engine.support.hierarchical.SameThreadHierarchicalTestExecutorService.submit(SameThreadHierarchicalTestExecutorService.java:35)
	at org.junit.platform.engine.support.hierarchical.HierarchicalTestExecutor.execute(HierarchicalTestExecutor.java:57)
	at org.junit.platform.engine.support.hierarchical.HierarchicalTestEngine.execute(HierarchicalTestEngine.java:54)
	at org.junit.platform.launcher.core.EngineExecutionOrchestrator.execute(EngineExecutionOrchestrator.java:147)
	at org.junit.platform.launcher.core.EngineExecutionOrchestrator.execute(EngineExecutionOrchestrator.java:127)
	at org.junit.platform.launcher.core.EngineExecutionOrchestrator.execute(EngineExecutionOrchestrator.java:90)
	at org.junit.platform.launcher.core.EngineExecutionOrchestrator.lambda$execute$0(EngineExecutionOrchestrator.java:55)
	at org.junit.platform.launcher.core.EngineExecutionOrchestrator.withInterceptedStreams(EngineExecutionOrchestrator.java:102)
	at org.junit.platform.launcher.core.EngineExecutionOrchestrator.execute(EngineExecutionOrchestrator.java:54)
	at org.junit.platform.launcher.core.DefaultLauncher.execute(DefaultLauncher.java:114)
	at org.junit.platform.launcher.core.DefaultLauncher.execute(DefaultLauncher.java:86)
	at org.junit.platform.launcher.core.DefaultLauncherSession$DelegatingLauncher.execute(DefaultLauncherSession.java:86)
	at org.apache.maven.surefire.junitplatform.LazyLauncher.execute(LazyLauncher.java:56)
	at org.apache.maven.surefire.junitplatform.JUnitPlatformProvider.execute(JUnitPlatformProvider.java:184)
	at org.apache.maven.surefire.junitplatform.JUnitPlatformProvider.invokeAllTests(JUnitPlatformProvider.java:148)
	at org.apache.maven.surefire.junitplatform.JUnitPlatformProvider.invoke(JUnitPlatformProvider.java:122)
	at org.apache.maven.surefire.booter.ForkedBooter.runSuitesInProcess(ForkedBooter.java:385)
	at org.apache.maven.surefire.booter.ForkedBooter.execute(ForkedBooter.java:162)
	at org.apache.maven.surefire.booter.ForkedBooter.run(ForkedBooter.java:507)
	at org.apache.maven.surefire.booter.ForkedBooter.main(ForkedBooter.java:495)
2026-05-09 21:24:45.346 [main] WARN  c.a.system.util.SystemLogger - [SYSTEM] Operation failed (attempt 1/4), retrying in 1000ms
java.lang.RuntimeException: Permanent failure
	at com.attendance.system.util.ErrorHandlerTest.lambda$testExecuteWithRetryFailure$2(ErrorHandlerTest.java:74)
	at com.attendance.system.util.ErrorHandler.executeWithRetry(ErrorHandler.java:136)
	at com.attendance.system.util.ErrorHandler.executeWithRetry(ErrorHandler.java:171)
	at com.attendance.system.util.ErrorHandlerTest.lambda$testExecuteWithRetryFailure$3(ErrorHandlerTest.java:77)
	at org.junit.jupiter.api.AssertThrows.assertThrows(AssertThrows.java:53)
	at org.junit.jupiter.api.AssertThrows.assertThrows(AssertThrows.java:35)
	at org.junit.jupiter.api.Assertions.assertThrows(Assertions.java:3083)
	at com.attendance.system.util.ErrorHandlerTest.testExecuteWithRetryFailure(ErrorHandlerTest.java:77)
	at java.base/jdk.internal.reflect.DirectMethodHandleAccessor.invoke(DirectMethodHandleAccessor.java:103)
	at java.base/java.lang.reflect.Method.invoke(Method.java:580)
	at org.junit.platform.commons.util.ReflectionUtils.invokeMethod(ReflectionUtils.java:727)
	at org.junit.jupiter.engine.execution.MethodInvocation.proceed(MethodInvocation.java:60)
	at org.junit.jupiter.engine.execution.InvocationInterceptorChain$ValidatingInvocation.proceed(InvocationInterceptorChain.java:131)
	at org.junit.jupiter.engine.extension.TimeoutExtension.intercept(TimeoutExtension.java:156)
	at org.junit.jupiter.engine.extension.TimeoutExtension.interceptTestableMethod(TimeoutExtension.java:147)
	at org.junit.jupiter.engine.extension.TimeoutExtension.interceptTestMethod(TimeoutExtension.java:86)
	at org.junit.jupiter.engine.execution.InterceptingExecutableInvoker$ReflectiveInterceptorCall.lambda$ofVoidMethod$0(InterceptingExecutableInvoker.java:103)
	at org.junit.jupiter.engine.execution.InterceptingExecutableInvoker.lambda$invoke$0(InterceptingExecutableInvoker.java:93)
	at org.junit.jupiter.engine.execution.InvocationInterceptorChain$InterceptedInvocation.proceed(InvocationInterceptorChain.java:106)
	at org.junit.jupiter.engine.execution.InvocationInterceptorChain.proceed(InvocationInterceptorChain.java:64)
	at org.junit.jupiter.engine.execution.InvocationInterceptorChain.chainAndInvoke(InvocationInterceptorChain.java:45)
	at org.junit.jupiter.engine.execution.InvocationInterceptorChain.invoke(InvocationInterceptorChain.java:37)
	at org.junit.jupiter.engine.execution.InterceptingExecutableInvoker.invoke(InterceptingExecutableInvoker.java:92)
	at org.junit.jupiter.engine.execution.InterceptingExecutableInvoker.invoke(InterceptingExecutableInvoker.java:86)
	at org.junit.jupiter.engine.descriptor.TestMethodTestDescriptor.lambda$invokeTestMethod$7(TestMethodTestDescriptor.java:217)
	at org.junit.platform.engine.support.hierarchical.ThrowableCollector.execute(ThrowableCollector.java:73)
	at org.junit.jupiter.engine.descriptor.TestMethodTestDescriptor.invokeTestMethod(TestMethodTestDescriptor.java:213)
	at org.junit.jupiter.engine.descriptor.TestMethodTestDescriptor.execute(TestMethodTestDescriptor.java:138)
	at org.junit.jupiter.engine.descriptor.TestMethodTestDescriptor.execute(TestMethodTestDescriptor.java:68)
	at org.junit.platform.engine.support.hierarchical.NodeTestTask.lambda$executeRecursively$6(NodeTestTask.java:151)
	at org.junit.platform.engine.support.hierarchical.ThrowableCollector.execute(ThrowableCollector.java:73)
	at org.junit.platform.engine.support.hierarchical.NodeTestTask.lambda$executeRecursively$8(NodeTestTask.java:141)
	at org.junit.platform.engine.support.hierarchical.Node.around(Node.java:137)
	at org.junit.platform.engine.support.hierarchical.NodeTestTask.lambda$executeRecursively$9(NodeTestTask.java:139)
	at org.junit.platform.engine.support.hierarchical.ThrowableCollector.execute(ThrowableCollector.java:73)
	at org.junit.platform.engine.support.hierarchical.NodeTestTask.executeRecursively(NodeTestTask.java:138)
	at org.junit.platform.engine.support.hierarchical.NodeTestTask.execute(NodeTestTask.java:95)
	at java.base/java.util.ArrayList.forEach(ArrayList.java:1596)
	at org.junit.platform.engine.support.hierarchical.SameThreadHierarchicalTestExecutorService.invokeAll(SameThreadHierarchicalTestExecutorService.java:41)
	at org.junit.platform.engine.support.hierarchical.NodeTestTask.lambda$executeRecursively$6(NodeTestTask.java:155)
	at org.junit.platform.engine.support.hierarchical.ThrowableCollector.execute(ThrowableCollector.java:73)
	at org.junit.platform.engine.support.hierarchical.NodeTestTask.lambda$executeRecursively$8(NodeTestTask.java:141)
	at org.junit.platform.engine.support.hierarchical.Node.around(Node.java:137)
	at org.junit.platform.engine.support.hierarchical.NodeTestTask.lambda$executeRecursively$9(NodeTestTask.java:139)
	at org.junit.platform.engine.support.hierarchical.ThrowableCollector.execute(ThrowableCollector.java:73)
	at org.junit.platform.engine.support.hierarchical.NodeTestTask.executeRecursively(NodeTestTask.java:138)
	at org.junit.platform.engine.support.hierarchical.NodeTestTask.execute(NodeTestTask.java:95)
	at java.base/java.util.ArrayList.forEach(ArrayList.java:1596)
	at org.junit.platform.engine.support.hierarchical.SameThreadHierarchicalTestExecutorService.invokeAll(SameThreadHierarchicalTestExecutorService.java:41)
	at org.junit.platform.engine.support.hierarchical.NodeTestTask.lambda$executeRecursively$6(NodeTestTask.java:155)
	at org.junit.platform.engine.support.hierarchical.ThrowableCollector.execute(ThrowableCollector.java:73)
	at org.junit.platform.engine.support.hierarchical.NodeTestTask.lambda$executeRecursively$8(NodeTestTask.java:141)
	at org.junit.platform.engine.support.hierarchical.Node.around(Node.java:137)
	at org.junit.platform.engine.support.hierarchical.NodeTestTask.lambda$executeRecursively$9(NodeTestTask.java:139)
	at org.junit.platform.engine.support.hierarchical.ThrowableCollector.execute(ThrowableCollector.java:73)
	at org.junit.platform.engine.support.hierarchical.NodeTestTask.executeRecursively(NodeTestTask.java:138)
	at org.junit.platform.engine.support.hierarchical.NodeTestTask.execute(NodeTestTask.java:95)
	at org.junit.platform.engine.support.hierarchical.SameThreadHierarchicalTestExecutorService.submit(SameThreadHierarchicalTestExecutorService.java:35)
	at org.junit.platform.engine.support.hierarchical.HierarchicalTestExecutor.execute(HierarchicalTestExecutor.java:57)
	at org.junit.platform.engine.support.hierarchical.HierarchicalTestEngine.execute(HierarchicalTestEngine.java:54)
	at org.junit.platform.launcher.core.EngineExecutionOrchestrator.execute(EngineExecutionOrchestrator.java:147)
	at org.junit.platform.launcher.core.EngineExecutionOrchestrator.execute(EngineExecutionOrchestrator.java:127)
	at org.junit.platform.launcher.core.EngineExecutionOrchestrator.execute(EngineExecutionOrchestrator.java:90)
	at org.junit.platform.launcher.core.EngineExecutionOrchestrator.lambda$execute$0(EngineExecutionOrchestrator.java:55)
	at org.junit.platform.launcher.core.EngineExecutionOrchestrator.withInterceptedStreams(EngineExecutionOrchestrator.java:102)
	at org.junit.platform.launcher.core.EngineExecutionOrchestrator.execute(EngineExecutionOrchestrator.java:54)
	at org.junit.platform.launcher.core.DefaultLauncher.execute(DefaultLauncher.java:114)
	at org.junit.platform.launcher.core.DefaultLauncher.execute(DefaultLauncher.java:86)
	at org.junit.platform.launcher.core.DefaultLauncherSession$DelegatingLauncher.execute(DefaultLauncherSession.java:86)
	at org.apache.maven.surefire.junitplatform.LazyLauncher.execute(LazyLauncher.java:56)
	at org.apache.maven.surefire.junitplatform.JUnitPlatformProvider.execute(JUnitPlatformProvider.java:184)
	at org.apache.maven.surefire.junitplatform.JUnitPlatformProvider.invokeAllTests(JUnitPlatformProvider.java:148)
	at org.apache.maven.surefire.junitplatform.JUnitPlatformProvider.invoke(JUnitPlatformProvider.java:122)
	at org.apache.maven.surefire.booter.ForkedBooter.runSuitesInProcess(ForkedBooter.java:385)
	at org.apache.maven.surefire.booter.ForkedBooter.execute(ForkedBooter.java:162)
	at org.apache.maven.surefire.booter.ForkedBooter.run(ForkedBooter.java:507)
	at org.apache.maven.surefire.booter.ForkedBooter.main(ForkedBooter.java:495)
2026-05-09 21:24:46.347 [main] WARN  c.a.system.util.SystemLogger - [SYSTEM] Operation failed (attempt 2/4), retrying in 2000ms
java.lang.RuntimeException: Permanent failure
	at com.attendance.system.util.ErrorHandlerTest.lambda$testExecuteWithRetryFailure$2(ErrorHandlerTest.java:74)
	at com.attendance.system.util.ErrorHandler.executeWithRetry(ErrorHandler.java:136)
	at com.attendance.system.util.ErrorHandler.executeWithRetry(ErrorHandler.java:171)
	at com.attendance.system.util.ErrorHandlerTest.lambda$testExecuteWithRetryFailure$3(ErrorHandlerTest.java:77)
	at org.junit.jupiter.api.AssertThrows.assertThrows(AssertThrows.java:53)
	at org.junit.jupiter.api.AssertThrows.assertThrows(AssertThrows.java:35)
	at org.junit.jupiter.api.Assertions.assertThrows(Assertions.java:3083)
	at com.attendance.system.util.ErrorHandlerTest.testExecuteWithRetryFailure(ErrorHandlerTest.java:77)
	at java.base/jdk.internal.reflect.DirectMethodHandleAccessor.invoke(DirectMethodHandleAccessor.java:103)
	at java.base/java.lang.reflect.Method.invoke(Method.java:580)
	at org.junit.platform.commons.util.ReflectionUtils.invokeMethod(ReflectionUtils.java:727)
	at org.junit.jupiter.engine.execution.MethodInvocation.proceed(MethodInvocation.java:60)
	at org.junit.jupiter.engine.execution.InvocationInterceptorChain$ValidatingInvocation.proceed(InvocationInterceptorChain.java:131)
	at org.junit.jupiter.engine.extension.TimeoutExtension.intercept(TimeoutExtension.java:156)
	at org.junit.jupiter.engine.extension.TimeoutExtension.interceptTestableMethod(TimeoutExtension.java:147)
	at org.junit.jupiter.engine.extension.TimeoutExtension.interceptTestMethod(TimeoutExtension.java:86)
	at org.junit.jupiter.engine.execution.InterceptingExecutableInvoker$ReflectiveInterceptorCall.lambda$ofVoidMethod$0(InterceptingExecutableInvoker.java:103)
	at org.junit.jupiter.engine.execution.InterceptingExecutableInvoker.lambda$invoke$0(InterceptingExecutableInvoker.java:93)
	at org.junit.jupiter.engine.execution.InvocationInterceptorChain$InterceptedInvocation.proceed(InvocationInterceptorChain.java:106)
	at org.junit.jupiter.engine.execution.InvocationInterceptorChain.proceed(InvocationInterceptorChain.java:64)
	at org.junit.jupiter.engine.execution.InvocationInterceptorChain.chainAndInvoke(InvocationInterceptorChain.java:45)
	at org.junit.jupiter.engine.execution.InvocationInterceptorChain.invoke(InvocationInterceptorChain.java:37)
	at org.junit.jupiter.engine.execution.InterceptingExecutableInvoker.invoke(InterceptingExecutableInvoker.java:92)
	at org.junit.jupiter.engine.execution.InterceptingExecutableInvoker.invoke(InterceptingExecutableInvoker.java:86)
	at org.junit.jupiter.engine.descriptor.TestMethodTestDescriptor.lambda$invokeTestMethod$7(TestMethodTestDescriptor.java:217)
	at org.junit.platform.engine.support.hierarchical.ThrowableCollector.execute(ThrowableCollector.java:73)
	at org.junit.jupiter.engine.descriptor.TestMethodTestDescriptor.invokeTestMethod(TestMethodTestDescriptor.java:213)
	at org.junit.jupiter.engine.descriptor.TestMethodTestDescriptor.execute(TestMethodTestDescriptor.java:138)
	at org.junit.jupiter.engine.descriptor.TestMethodTestDescriptor.execute(TestMethodTestDescriptor.java:68)
	at org.junit.platform.engine.support.hierarchical.NodeTestTask.lambda$executeRecursively$6(NodeTestTask.java:151)
	at org.junit.platform.engine.support.hierarchical.ThrowableCollector.execute(ThrowableCollector.java:73)
	at org.junit.platform.engine.support.hierarchical.NodeTestTask.lambda$executeRecursively$8(NodeTestTask.java:141)
	at org.junit.platform.engine.support.hierarchical.Node.around(Node.java:137)
	at org.junit.platform.engine.support.hierarchical.NodeTestTask.lambda$executeRecursively$9(NodeTestTask.java:139)
	at org.junit.platform.engine.support.hierarchical.ThrowableCollector.execute(ThrowableCollector.java:73)
	at org.junit.platform.engine.support.hierarchical.NodeTestTask.executeRecursively(NodeTestTask.java:138)
	at org.junit.platform.engine.support.hierarchical.NodeTestTask.execute(NodeTestTask.java:95)
	at java.base/java.util.ArrayList.forEach(ArrayList.java:1596)
	at org.junit.platform.engine.support.hierarchical.SameThreadHierarchicalTestExecutorService.invokeAll(SameThreadHierarchicalTestExecutorService.java:41)
	at org.junit.platform.engine.support.hierarchical.NodeTestTask.lambda$executeRecursively$6(NodeTestTask.java:155)
	at org.junit.platform.engine.support.hierarchical.ThrowableCollector.execute(ThrowableCollector.java:73)
	at org.junit.platform.engine.support.hierarchical.NodeTestTask.lambda$executeRecursively$8(NodeTestTask.java:141)
	at org.junit.platform.engine.support.hierarchical.Node.around(Node.java:137)
	at org.junit.platform.engine.support.hierarchical.NodeTestTask.lambda$executeRecursively$9(NodeTestTask.java:139)
	at org.junit.platform.engine.support.hierarchical.ThrowableCollector.execute(ThrowableCollector.java:73)
	at org.junit.platform.engine.support.hierarchical.NodeTestTask.executeRecursively(NodeTestTask.java:138)
	at org.junit.platform.engine.support.hierarchical.NodeTestTask.execute(NodeTestTask.java:95)
	at java.base/java.util.ArrayList.forEach(ArrayList.java:1596)
	at org.junit.platform.engine.support.hierarchical.SameThreadHierarchicalTestExecutorService.invokeAll(SameThreadHierarchicalTestExecutorService.java:41)
	at org.junit.platform.engine.support.hierarchical.NodeTestTask.lambda$executeRecursively$6(NodeTestTask.java:155)
	at org.junit.platform.engine.support.hierarchical.ThrowableCollector.execute(ThrowableCollector.java:73)
	at org.junit.platform.engine.support.hierarchical.NodeTestTask.lambda$executeRecursively$8(NodeTestTask.java:141)
	at org.junit.platform.engine.support.hierarchical.Node.around(Node.java:137)
	at org.junit.platform.engine.support.hierarchical.NodeTestTask.lambda$executeRecursively$9(NodeTestTask.java:139)
	at org.junit.platform.engine.support.hierarchical.ThrowableCollector.execute(ThrowableCollector.java:73)
	at org.junit.platform.engine.support.hierarchical.NodeTestTask.executeRecursively(NodeTestTask.java:138)
	at org.junit.platform.engine.support.hierarchical.NodeTestTask.execute(NodeTestTask.java:95)
	at org.junit.platform.engine.support.hierarchical.SameThreadHierarchicalTestExecutorService.submit(SameThreadHierarchicalTestExecutorService.java:35)
	at org.junit.platform.engine.support.hierarchical.HierarchicalTestExecutor.execute(HierarchicalTestExecutor.java:57)
	at org.junit.platform.engine.support.hierarchical.HierarchicalTestEngine.execute(HierarchicalTestEngine.java:54)
	at org.junit.platform.launcher.core.EngineExecutionOrchestrator.execute(EngineExecutionOrchestrator.java:147)
	at org.junit.platform.launcher.core.EngineExecutionOrchestrator.execute(EngineExecutionOrchestrator.java:127)
	at org.junit.platform.launcher.core.EngineExecutionOrchestrator.execute(EngineExecutionOrchestrator.java:90)
	at org.junit.platform.launcher.core.EngineExecutionOrchestrator.lambda$execute$0(EngineExecutionOrchestrator.java:55)
	at org.junit.platform.launcher.core.EngineExecutionOrchestrator.withInterceptedStreams(EngineExecutionOrchestrator.java:102)
	at org.junit.platform.launcher.core.EngineExecutionOrchestrator.execute(EngineExecutionOrchestrator.java:54)
	at org.junit.platform.launcher.core.DefaultLauncher.execute(DefaultLauncher.java:114)
	at org.junit.platform.launcher.core.DefaultLauncher.execute(DefaultLauncher.java:86)
	at org.junit.platform.launcher.core.DefaultLauncherSession$DelegatingLauncher.execute(DefaultLauncherSession.java:86)
	at org.apache.maven.surefire.junitplatform.LazyLauncher.execute(LazyLauncher.java:56)
	at org.apache.maven.surefire.junitplatform.JUnitPlatformProvider.execute(JUnitPlatformProvider.java:184)
	at org.apache.maven.surefire.junitplatform.JUnitPlatformProvider.invokeAllTests(JUnitPlatformProvider.java:148)
	at org.apache.maven.surefire.junitplatform.JUnitPlatformProvider.invoke(JUnitPlatformProvider.java:122)
	at org.apache.maven.surefire.booter.ForkedBooter.runSuitesInProcess(ForkedBooter.java:385)
	at org.apache.maven.surefire.booter.ForkedBooter.execute(ForkedBooter.java:162)
	at org.apache.maven.surefire.booter.ForkedBooter.run(ForkedBooter.java:507)
	at org.apache.maven.surefire.booter.ForkedBooter.main(ForkedBooter.java:495)
2026-05-09 21:24:48.348 [main] WARN  c.a.system.util.SystemLogger - [SYSTEM] Operation failed (attempt 3/4), retrying in 4000ms
java.lang.RuntimeException: Permanent failure
	at com.attendance.system.util.ErrorHandlerTest.lambda$testExecuteWithRetryFailure$2(ErrorHandlerTest.java:74)
	at com.attendance.system.util.ErrorHandler.executeWithRetry(ErrorHandler.java:136)
	at com.attendance.system.util.ErrorHandler.executeWithRetry(ErrorHandler.java:171)
	at com.attendance.system.util.ErrorHandlerTest.lambda$testExecuteWithRetryFailure$3(ErrorHandlerTest.java:77)
	at org.junit.jupiter.api.AssertThrows.assertThrows(AssertThrows.java:53)
	at org.junit.jupiter.api.AssertThrows.assertThrows(AssertThrows.java:35)
	at org.junit.jupiter.api.Assertions.assertThrows(Assertions.java:3083)
	at com.attendance.system.util.ErrorHandlerTest.testExecuteWithRetryFailure(ErrorHandlerTest.java:77)
	at java.base/jdk.internal.reflect.DirectMethodHandleAccessor.invoke(DirectMethodHandleAccessor.java:103)
	at java.base/java.lang.reflect.Method.invoke(Method.java:580)
	at org.junit.platform.commons.util.ReflectionUtils.invokeMethod(ReflectionUtils.java:727)
	at org.junit.jupiter.engine.execution.MethodInvocation.proceed(MethodInvocation.java:60)
	at org.junit.jupiter.engine.execution.InvocationInterceptorChain$ValidatingInvocation.proceed(InvocationInterceptorChain.java:131)
	at org.junit.jupiter.engine.extension.TimeoutExtension.intercept(TimeoutExtension.java:156)
	at org.junit.jupiter.engine.extension.TimeoutExtension.interceptTestableMethod(TimeoutExtension.java:147)
	at org.junit.jupiter.engine.extension.TimeoutExtension.interceptTestMethod(TimeoutExtension.java:86)
	at org.junit.jupiter.engine.execution.InterceptingExecutableInvoker$ReflectiveInterceptorCall.lambda$ofVoidMethod$0(InterceptingExecutableInvoker.java:103)
	at org.junit.jupiter.engine.execution.InterceptingExecutableInvoker.lambda$invoke$0(InterceptingExecutableInvoker.java:93)
	at org.junit.jupiter.engine.execution.InvocationInterceptorChain$InterceptedInvocation.proceed(InvocationInterceptorChain.java:106)
	at org.junit.jupiter.engine.execution.InvocationInterceptorChain.proceed(InvocationInterceptorChain.java:64)
	at org.junit.jupiter.engine.execution.InvocationInterceptorChain.chainAndInvoke(InvocationInterceptorChain.java:45)
	at org.junit.jupiter.engine.execution.InvocationInterceptorChain.invoke(InvocationInterceptorChain.java:37)
	at org.junit.jupiter.engine.execution.InterceptingExecutableInvoker.invoke(InterceptingExecutableInvoker.java:92)
	at org.junit.jupiter.engine.execution.InterceptingExecutableInvoker.invoke(InterceptingExecutableInvoker.java:86)
	at org.junit.jupiter.engine.descriptor.TestMethodTestDescriptor.lambda$invokeTestMethod$7(TestMethodTestDescriptor.java:217)
	at org.junit.platform.engine.support.hierarchical.ThrowableCollector.execute(ThrowableCollector.java:73)
	at org.junit.jupiter.engine.descriptor.TestMethodTestDescriptor.invokeTestMethod(TestMethodTestDescriptor.java:213)
	at org.junit.jupiter.engine.descriptor.TestMethodTestDescriptor.execute(TestMethodTestDescriptor.java:138)
	at org.junit.jupiter.engine.descriptor.TestMethodTestDescriptor.execute(TestMethodTestDescriptor.java:68)
	at org.junit.platform.engine.support.hierarchical.NodeTestTask.lambda$executeRecursively$6(NodeTestTask.java:151)
	at org.junit.platform.engine.support.hierarchical.ThrowableCollector.execute(ThrowableCollector.java:73)
	at org.junit.platform.engine.support.hierarchical.NodeTestTask.lambda$executeRecursively$8(NodeTestTask.java:141)
	at org.junit.platform.engine.support.hierarchical.Node.around(Node.java:137)
	at org.junit.platform.engine.support.hierarchical.NodeTestTask.lambda$executeRecursively$9(NodeTestTask.java:139)
	at org.junit.platform.engine.support.hierarchical.ThrowableCollector.execute(ThrowableCollector.java:73)
	at org.junit.platform.engine.support.hierarchical.NodeTestTask.executeRecursively(NodeTestTask.java:138)
	at org.junit.platform.engine.support.hierarchical.NodeTestTask.execute(NodeTestTask.java:95)
	at java.base/java.util.ArrayList.forEach(ArrayList.java:1596)
	at org.junit.platform.engine.support.hierarchical.SameThreadHierarchicalTestExecutorService.invokeAll(SameThreadHierarchicalTestExecutorService.java:41)
	at org.junit.platform.engine.support.hierarchical.NodeTestTask.lambda$executeRecursively$6(NodeTestTask.java:155)
	at org.junit.platform.engine.support.hierarchical.ThrowableCollector.execute(ThrowableCollector.java:73)
	at org.junit.platform.engine.support.hierarchical.NodeTestTask.lambda$executeRecursively$8(NodeTestTask.java:141)
	at org.junit.platform.engine.support.hierarchical.Node.around(Node.java:137)
	at org.junit.platform.engine.support.hierarchical.NodeTestTask.lambda$executeRecursively$9(NodeTestTask.java:139)
	at org.junit.platform.engine.support.hierarchical.ThrowableCollector.execute(ThrowableCollector.java:73)
	at org.junit.platform.engine.support.hierarchical.NodeTestTask.executeRecursively(NodeTestTask.java:138)
	at org.junit.platform.engine.support.hierarchical.NodeTestTask.execute(NodeTestTask.java:95)
	at java.base/java.util.ArrayList.forEach(ArrayList.java:1596)
	at org.junit.platform.engine.support.hierarchical.SameThreadHierarchicalTestExecutorService.invokeAll(SameThreadHierarchicalTestExecutorService.java:41)
	at org.junit.platform.engine.support.hierarchical.NodeTestTask.lambda$executeRecursively$6(NodeTestTask.java:155)
	at org.junit.platform.engine.support.hierarchical.ThrowableCollector.execute(ThrowableCollector.java:73)
	at org.junit.platform.engine.support.hierarchical.NodeTestTask.lambda$executeRecursively$8(NodeTestTask.java:141)
	at org.junit.platform.engine.support.hierarchical.Node.around(Node.java:137)
	at org.junit.platform.engine.support.hierarchical.NodeTestTask.lambda$executeRecursively$9(NodeTestTask.java:139)
	at org.junit.platform.engine.support.hierarchical.ThrowableCollector.execute(ThrowableCollector.java:73)
	at org.junit.platform.engine.support.hierarchical.NodeTestTask.executeRecursively(NodeTestTask.java:138)
	at org.junit.platform.engine.support.hierarchical.NodeTestTask.execute(NodeTestTask.java:95)
	at org.junit.platform.engine.support.hierarchical.SameThreadHierarchicalTestExecutorService.submit(SameThreadHierarchicalTestExecutorService.java:35)
	at org.junit.platform.engine.support.hierarchical.HierarchicalTestExecutor.execute(HierarchicalTestExecutor.java:57)
	at org.junit.platform.engine.support.hierarchical.HierarchicalTestEngine.execute(HierarchicalTestEngine.java:54)
	at org.junit.platform.launcher.core.EngineExecutionOrchestrator.execute(EngineExecutionOrchestrator.java:147)
	at org.junit.platform.launcher.core.EngineExecutionOrchestrator.execute(EngineExecutionOrchestrator.java:127)
	at org.junit.platform.launcher.core.EngineExecutionOrchestrator.execute(EngineExecutionOrchestrator.java:90)
	at org.junit.platform.launcher.core.EngineExecutionOrchestrator.lambda$execute$0(EngineExecutionOrchestrator.java:55)
	at org.junit.platform.launcher.core.EngineExecutionOrchestrator.withInterceptedStreams(EngineExecutionOrchestrator.java:102)
	at org.junit.platform.launcher.core.EngineExecutionOrchestrator.execute(EngineExecutionOrchestrator.java:54)
	at org.junit.platform.launcher.core.DefaultLauncher.execute(DefaultLauncher.java:114)
	at org.junit.platform.launcher.core.DefaultLauncher.execute(DefaultLauncher.java:86)
	at org.junit.platform.launcher.core.DefaultLauncherSession$DelegatingLauncher.execute(DefaultLauncherSession.java:86)
	at org.apache.maven.surefire.junitplatform.LazyLauncher.execute(LazyLauncher.java:56)
	at org.apache.maven.surefire.junitplatform.JUnitPlatformProvider.execute(JUnitPlatformProvider.java:184)
	at org.apache.maven.surefire.junitplatform.JUnitPlatformProvider.invokeAllTests(JUnitPlatformProvider.java:148)
	at org.apache.maven.surefire.junitplatform.JUnitPlatformProvider.invoke(JUnitPlatformProvider.java:122)
	at org.apache.maven.surefire.booter.ForkedBooter.runSuitesInProcess(ForkedBooter.java:385)
	at org.apache.maven.surefire.booter.ForkedBooter.execute(ForkedBooter.java:162)
	at org.apache.maven.surefire.booter.ForkedBooter.run(ForkedBooter.java:507)
	at org.apache.maven.surefire.booter.ForkedBooter.main(ForkedBooter.java:495)
2026-05-09 21:24:52.350 [main] ERROR c.a.system.util.SystemLogger - [SYSTEM] Operation failed after 4 attempts
java.lang.RuntimeException: Permanent failure
	at com.attendance.system.util.ErrorHandlerTest.lambda$testExecuteWithRetryFailure$2(ErrorHandlerTest.java:74)
	at com.attendance.system.util.ErrorHandler.executeWithRetry(ErrorHandler.java:136)
	at com.attendance.system.util.ErrorHandler.executeWithRetry(ErrorHandler.java:171)
	at com.attendance.system.util.ErrorHandlerTest.lambda$testExecuteWithRetryFailure$3(ErrorHandlerTest.java:77)
	at org.junit.jupiter.api.AssertThrows.assertThrows(AssertThrows.java:53)
	at org.junit.jupiter.api.AssertThrows.assertThrows(AssertThrows.java:35)
	at org.junit.jupiter.api.Assertions.assertThrows(Assertions.java:3083)
	at com.attendance.system.util.ErrorHandlerTest.testExecuteWithRetryFailure(ErrorHandlerTest.java:77)
	at java.base/jdk.internal.reflect.DirectMethodHandleAccessor.invoke(DirectMethodHandleAccessor.java:103)
	at java.base/java.lang.reflect.Method.invoke(Method.java:580)
	at org.junit.platform.commons.util.ReflectionUtils.invokeMethod(ReflectionUtils.java:727)
	at org.junit.jupiter.engine.execution.MethodInvocation.proceed(MethodInvocation.java:60)
	at org.junit.jupiter.engine.execution.InvocationInterceptorChain$ValidatingInvocation.proceed(InvocationInterceptorChain.java:131)
	at org.junit.jupiter.engine.extension.TimeoutExtension.intercept(TimeoutExtension.java:156)
	at org.junit.jupiter.engine.extension.TimeoutExtension.interceptTestableMethod(TimeoutExtension.java:147)
	at org.junit.jupiter.engine.extension.TimeoutExtension.interceptTestMethod(TimeoutExtension.java:86)
	at org.junit.jupiter.engine.execution.InterceptingExecutableInvoker$ReflectiveInterceptorCall.lambda$ofVoidMethod$0(InterceptingExecutableInvoker.java:103)
	at org.junit.jupiter.engine.execution.InterceptingExecutableInvoker.lambda$invoke$0(InterceptingExecutableInvoker.java:93)
	at org.junit.jupiter.engine.execution.InvocationInterceptorChain$InterceptedInvocation.proceed(InvocationInterceptorChain.java:106)
	at org.junit.jupiter.engine.execution.InvocationInterceptorChain.proceed(InvocationInterceptorChain.java:64)
	at org.junit.jupiter.engine.execution.InvocationInterceptorChain.chainAndInvoke(InvocationInterceptorChain.java:45)
	at org.junit.jupiter.engine.execution.InvocationInterceptorChain.invoke(InvocationInterceptorChain.java:37)
	at org.junit.jupiter.engine.execution.InterceptingExecutableInvoker.invoke(InterceptingExecutableInvoker.java:92)
	at org.junit.jupiter.engine.execution.InterceptingExecutableInvoker.invoke(InterceptingExecutableInvoker.java:86)
	at org.junit.jupiter.engine.descriptor.TestMethodTestDescriptor.lambda$invokeTestMethod$7(TestMethodTestDescriptor.java:217)
	at org.junit.platform.engine.support.hierarchical.ThrowableCollector.execute(ThrowableCollector.java:73)
	at org.junit.jupiter.engine.descriptor.TestMethodTestDescriptor.invokeTestMethod(TestMethodTestDescriptor.java:213)
	at org.junit.jupiter.engine.descriptor.TestMethodTestDescriptor.execute(TestMethodTestDescriptor.java:138)
	at org.junit.jupiter.engine.descriptor.TestMethodTestDescriptor.execute(TestMethodTestDescriptor.java:68)
	at org.junit.platform.engine.support.hierarchical.NodeTestTask.lambda$executeRecursively$6(NodeTestTask.java:151)
	at org.junit.platform.engine.support.hierarchical.ThrowableCollector.execute(ThrowableCollector.java:73)
	at org.junit.platform.engine.support.hierarchical.NodeTestTask.lambda$executeRecursively$8(NodeTestTask.java:141)
	at org.junit.platform.engine.support.hierarchical.Node.around(Node.java:137)
	at org.junit.platform.engine.support.hierarchical.NodeTestTask.lambda$executeRecursively$9(NodeTestTask.java:139)
	at org.junit.platform.engine.support.hierarchical.ThrowableCollector.execute(ThrowableCollector.java:73)
	at org.junit.platform.engine.support.hierarchical.NodeTestTask.executeRecursively(NodeTestTask.java:138)
	at org.junit.platform.engine.support.hierarchical.NodeTestTask.execute(NodeTestTask.java:95)
	at java.base/java.util.ArrayList.forEach(ArrayList.java:1596)
	at org.junit.platform.engine.support.hierarchical.SameThreadHierarchicalTestExecutorService.invokeAll(SameThreadHierarchicalTestExecutorService.java:41)
	at org.junit.platform.engine.support.hierarchical.NodeTestTask.lambda$executeRecursively$6(NodeTestTask.java:155)
	at org.junit.platform.engine.support.hierarchical.ThrowableCollector.execute(ThrowableCollector.java:73)
	at org.junit.platform.engine.support.hierarchical.NodeTestTask.lambda$executeRecursively$8(NodeTestTask.java:141)
	at org.junit.platform.engine.support.hierarchical.Node.around(Node.java:137)
	at org.junit.platform.engine.support.hierarchical.NodeTestTask.lambda$executeRecursively$9(NodeTestTask.java:139)
	at org.junit.platform.engine.support.hierarchical.ThrowableCollector.execute(ThrowableCollector.java:73)
	at org.junit.platform.engine.support.hierarchical.NodeTestTask.executeRecursively(NodeTestTask.java:138)
	at org.junit.platform.engine.support.hierarchical.NodeTestTask.execute(NodeTestTask.java:95)
	at java.base/java.util.ArrayList.forEach(ArrayList.java:1596)
	at org.junit.platform.engine.support.hierarchical.SameThreadHierarchicalTestExecutorService.invokeAll(SameThreadHierarchicalTestExecutorService.java:41)
	at org.junit.platform.engine.support.hierarchical.NodeTestTask.lambda$executeRecursively$6(NodeTestTask.java:155)
	at org.junit.platform.engine.support.hierarchical.ThrowableCollector.execute(ThrowableCollector.java:73)
	at org.junit.platform.engine.support.hierarchical.NodeTestTask.lambda$executeRecursively$8(NodeTestTask.java:141)
	at org.junit.platform.engine.support.hierarchical.Node.around(Node.java:137)
	at org.junit.platform.engine.support.hierarchical.NodeTestTask.lambda$executeRecursively$9(NodeTestTask.java:139)
	at org.junit.platform.engine.support.hierarchical.ThrowableCollector.execute(ThrowableCollector.java:73)
	at org.junit.platform.engine.support.hierarchical.NodeTestTask.executeRecursively(NodeTestTask.java:138)
	at org.junit.platform.engine.support.hierarchical.NodeTestTask.execute(NodeTestTask.java:95)
	at org.junit.platform.engine.support.hierarchical.SameThreadHierarchicalTestExecutorService.submit(SameThreadHierarchicalTestExecutorService.java:35)
	at org.junit.platform.engine.support.hierarchical.HierarchicalTestExecutor.execute(HierarchicalTestExecutor.java:57)
	at org.junit.platform.engine.support.hierarchical.HierarchicalTestEngine.execute(HierarchicalTestEngine.java:54)
	at org.junit.platform.launcher.core.EngineExecutionOrchestrator.execute(EngineExecutionOrchestrator.java:147)
	at org.junit.platform.launcher.core.EngineExecutionOrchestrator.execute(EngineExecutionOrchestrator.java:127)
	at org.junit.platform.launcher.core.EngineExecutionOrchestrator.execute(EngineExecutionOrchestrator.java:90)
	at org.junit.platform.launcher.core.EngineExecutionOrchestrator.lambda$execute$0(EngineExecutionOrchestrator.java:55)
	at org.junit.platform.launcher.core.EngineExecutionOrchestrator.withInterceptedStreams(EngineExecutionOrchestrator.java:102)
	at org.junit.platform.launcher.core.EngineExecutionOrchestrator.execute(EngineExecutionOrchestrator.java:54)
	at org.junit.platform.launcher.core.DefaultLauncher.execute(DefaultLauncher.java:114)
	at org.junit.platform.launcher.core.DefaultLauncher.execute(DefaultLauncher.java:86)
	at org.junit.platform.launcher.core.DefaultLauncherSession$DelegatingLauncher.execute(DefaultLauncherSession.java:86)
	at org.apache.maven.surefire.junitplatform.LazyLauncher.execute(LazyLauncher.java:56)
	at org.apache.maven.surefire.junitplatform.JUnitPlatformProvider.execute(JUnitPlatformProvider.java:184)
	at org.apache.maven.surefire.junitplatform.JUnitPlatformProvider.invokeAllTests(JUnitPlatformProvider.java:148)
	at org.apache.maven.surefire.junitplatform.JUnitPlatformProvider.invoke(JUnitPlatformProvider.java:122)
	at org.apache.maven.surefire.booter.ForkedBooter.runSuitesInProcess(ForkedBooter.java:385)
	at org.apache.maven.surefire.booter.ForkedBooter.execute(ForkedBooter.java:162)
	at org.apache.maven.surefire.booter.ForkedBooter.run(ForkedBooter.java:507)
	at org.apache.maven.surefire.booter.ForkedBooter.main(ForkedBooter.java:495)
2026-05-09 21:24:52.353 [main] WARN  c.a.system.util.SystemLogger - [SYSTEM] Operation failed (attempt 1/3), retrying in 100ms
java.lang.RuntimeException: Temporary failure
	at com.attendance.system.util.ErrorHandlerTest.lambda$testExecuteWithRetryCustomConfig$4(ErrorHandlerTest.java:88)
	at com.attendance.system.util.ErrorHandler.executeWithRetry(ErrorHandler.java:136)
	at com.attendance.system.util.ErrorHandlerTest.testExecuteWithRetryCustomConfig(ErrorHandlerTest.java:93)
	at java.base/jdk.internal.reflect.DirectMethodHandleAccessor.invoke(DirectMethodHandleAccessor.java:103)
	at java.base/java.lang.reflect.Method.invoke(Method.java:580)
	at org.junit.platform.commons.util.ReflectionUtils.invokeMethod(ReflectionUtils.java:727)
	at org.junit.jupiter.engine.execution.MethodInvocation.proceed(MethodInvocation.java:60)
	at org.junit.jupiter.engine.execution.InvocationInterceptorChain$ValidatingInvocation.proceed(InvocationInterceptorChain.java:131)
	at org.junit.jupiter.engine.extension.TimeoutExtension.intercept(TimeoutExtension.java:156)
	at org.junit.jupiter.engine.extension.TimeoutExtension.interceptTestableMethod(TimeoutExtension.java:147)
	at org.junit.jupiter.engine.extension.TimeoutExtension.interceptTestMethod(TimeoutExtension.java:86)
	at org.junit.jupiter.engine.execution.InterceptingExecutableInvoker$ReflectiveInterceptorCall.lambda$ofVoidMethod$0(InterceptingExecutableInvoker.java:103)
	at org.junit.jupiter.engine.execution.InterceptingExecutableInvoker.lambda$invoke$0(InterceptingExecutableInvoker.java:93)
	at org.junit.jupiter.engine.execution.InvocationInterceptorChain$InterceptedInvocation.proceed(InvocationInterceptorChain.java:106)
	at org.junit.jupiter.engine.execution.InvocationInterceptorChain.proceed(InvocationInterceptorChain.java:64)
	at org.junit.jupiter.engine.execution.InvocationInterceptorChain.chainAndInvoke(InvocationInterceptorChain.java:45)
	at org.junit.jupiter.engine.execution.InvocationInterceptorChain.invoke(InvocationInterceptorChain.java:37)
	at org.junit.jupiter.engine.execution.InterceptingExecutableInvoker.invoke(InterceptingExecutableInvoker.java:92)
	at org.junit.jupiter.engine.execution.InterceptingExecutableInvoker.invoke(InterceptingExecutableInvoker.java:86)
	at org.junit.jupiter.engine.descriptor.TestMethodTestDescriptor.lambda$invokeTestMethod$7(TestMethodTestDescriptor.java:217)
	at org.junit.platform.engine.support.hierarchical.ThrowableCollector.execute(ThrowableCollector.java:73)
	at org.junit.jupiter.engine.descriptor.TestMethodTestDescriptor.invokeTestMethod(TestMethodTestDescriptor.java:213)
	at org.junit.jupiter.engine.descriptor.TestMethodTestDescriptor.execute(TestMethodTestDescriptor.java:138)
	at org.junit.jupiter.engine.descriptor.TestMethodTestDescriptor.execute(TestMethodTestDescriptor.java:68)
	at org.junit.platform.engine.support.hierarchical.NodeTestTask.lambda$executeRecursively$6(NodeTestTask.java:151)
	at org.junit.platform.engine.support.hierarchical.ThrowableCollector.execute(ThrowableCollector.java:73)
	at org.junit.platform.engine.support.hierarchical.NodeTestTask.lambda$executeRecursively$8(NodeTestTask.java:141)
	at org.junit.platform.engine.support.hierarchical.Node.around(Node.java:137)
	at org.junit.platform.engine.support.hierarchical.NodeTestTask.lambda$executeRecursively$9(NodeTestTask.java:139)
	at org.junit.platform.engine.support.hierarchical.ThrowableCollector.execute(ThrowableCollector.java:73)
	at org.junit.platform.engine.support.hierarchical.NodeTestTask.executeRecursively(NodeTestTask.java:138)
	at org.junit.platform.engine.support.hierarchical.NodeTestTask.execute(NodeTestTask.java:95)
	at java.base/java.util.ArrayList.forEach(ArrayList.java:1596)
	at org.junit.platform.engine.support.hierarchical.SameThreadHierarchicalTestExecutorService.invokeAll(SameThreadHierarchicalTestExecutorService.java:41)
	at org.junit.platform.engine.support.hierarchical.NodeTestTask.lambda$executeRecursively$6(NodeTestTask.java:155)
	at org.junit.platform.engine.support.hierarchical.ThrowableCollector.execute(ThrowableCollector.java:73)
	at org.junit.platform.engine.support.hierarchical.NodeTestTask.lambda$executeRecursively$8(NodeTestTask.java:141)
	at org.junit.platform.engine.support.hierarchical.Node.around(Node.java:137)
	at org.junit.platform.engine.support.hierarchical.NodeTestTask.lambda$executeRecursively$9(NodeTestTask.java:139)
	at org.junit.platform.engine.support.hierarchical.ThrowableCollector.execute(ThrowableCollector.java:73)
	at org.junit.platform.engine.support.hierarchical.NodeTestTask.executeRecursively(NodeTestTask.java:138)
	at org.junit.platform.engine.support.hierarchical.NodeTestTask.execute(NodeTestTask.java:95)
	at java.base/java.util.ArrayList.forEach(ArrayList.java:1596)
	at org.junit.platform.engine.support.hierarchical.SameThreadHierarchicalTestExecutorService.invokeAll(SameThreadHierarchicalTestExecutorService.java:41)
	at org.junit.platform.engine.support.hierarchical.NodeTestTask.lambda$executeRecursively$6(NodeTestTask.java:155)
	at org.junit.platform.engine.support.hierarchical.ThrowableCollector.execute(ThrowableCollector.java:73)
	at org.junit.platform.engine.support.hierarchical.NodeTestTask.lambda$executeRecursively$8(NodeTestTask.java:141)
	at org.junit.platform.engine.support.hierarchical.Node.around(Node.java:137)
	at org.junit.platform.engine.support.hierarchical.NodeTestTask.lambda$executeRecursively$9(NodeTestTask.java:139)
	at org.junit.platform.engine.support.hierarchical.ThrowableCollector.execute(ThrowableCollector.java:73)
	at org.junit.platform.engine.support.hierarchical.NodeTestTask.executeRecursively(NodeTestTask.java:138)
	at org.junit.platform.engine.support.hierarchical.NodeTestTask.execute(NodeTestTask.java:95)
	at org.junit.platform.engine.support.hierarchical.SameThreadHierarchicalTestExecutorService.submit(SameThreadHierarchicalTestExecutorService.java:35)
	at org.junit.platform.engine.support.hierarchical.HierarchicalTestExecutor.execute(HierarchicalTestExecutor.java:57)
	at org.junit.platform.engine.support.hierarchical.HierarchicalTestEngine.execute(HierarchicalTestEngine.java:54)
	at org.junit.platform.launcher.core.EngineExecutionOrchestrator.execute(EngineExecutionOrchestrator.java:147)
	at org.junit.platform.launcher.core.EngineExecutionOrchestrator.execute(EngineExecutionOrchestrator.java:127)
	at org.junit.platform.launcher.core.EngineExecutionOrchestrator.execute(EngineExecutionOrchestrator.java:90)
	at org.junit.platform.launcher.core.EngineExecutionOrchestrator.lambda$execute$0(EngineExecutionOrchestrator.java:55)
	at org.junit.platform.launcher.core.EngineExecutionOrchestrator.withInterceptedStreams(EngineExecutionOrchestrator.java:102)
	at org.junit.platform.launcher.core.EngineExecutionOrchestrator.execute(EngineExecutionOrchestrator.java:54)
	at org.junit.platform.launcher.core.DefaultLauncher.execute(DefaultLauncher.java:114)
	at org.junit.platform.launcher.core.DefaultLauncher.execute(DefaultLauncher.java:86)
	at org.junit.platform.launcher.core.DefaultLauncherSession$DelegatingLauncher.execute(DefaultLauncherSession.java:86)
	at org.apache.maven.surefire.junitplatform.LazyLauncher.execute(LazyLauncher.java:56)
	at org.apache.maven.surefire.junitplatform.JUnitPlatformProvider.execute(JUnitPlatformProvider.java:184)
	at org.apache.maven.surefire.junitplatform.JUnitPlatformProvider.invokeAllTests(JUnitPlatformProvider.java:148)
	at org.apache.maven.surefire.junitplatform.JUnitPlatformProvider.invoke(JUnitPlatformProvider.java:122)
	at org.apache.maven.surefire.booter.ForkedBooter.runSuitesInProcess(ForkedBooter.java:385)
	at org.apache.maven.surefire.booter.ForkedBooter.execute(ForkedBooter.java:162)
	at org.apache.maven.surefire.booter.ForkedBooter.run(ForkedBooter.java:507)
	at org.apache.maven.surefire.booter.ForkedBooter.main(ForkedBooter.java:495)
2026-05-09 21:24:52.454 [main] INFO  c.a.system.util.SystemLogger - [SYSTEM] Operation succeeded after 1 retries
2026-05-09 21:24:52.459 [main] ERROR c.a.system.util.SystemLogger - System Error in Database Operation: CreateUser - DatabaseException: A record with this email already exists, Details: Duplicate entry for field: email
com.attendance.system.exception.DatabaseException: A record with this email already exists
	at com.attendance.system.exception.DatabaseException.duplicateEntry(DatabaseException.java:41)
	at com.attendance.system.util.ErrorHandlerTest.testHandleDatabaseExceptionDuplicateEntry(ErrorHandlerTest.java:250)
	at java.base/jdk.internal.reflect.DirectMethodHandleAccessor.invoke(DirectMethodHandleAccessor.java:103)
	at java.base/java.lang.reflect.Method.invoke(Method.java:580)
	at org.junit.platform.commons.util.ReflectionUtils.invokeMethod(ReflectionUtils.java:727)
	at org.junit.jupiter.engine.execution.MethodInvocation.proceed(MethodInvocation.java:60)
	at org.junit.jupiter.engine.execution.InvocationInterceptorChain$ValidatingInvocation.proceed(InvocationInterceptorChain.java:131)
	at org.junit.jupiter.engine.extension.TimeoutExtension.intercept(TimeoutExtension.java:156)
	at org.junit.jupiter.engine.extension.TimeoutExtension.interceptTestableMethod(TimeoutExtension.java:147)
	at org.junit.jupiter.engine.extension.TimeoutExtension.interceptTestMethod(TimeoutExtension.java:86)
	at org.junit.jupiter.engine.execution.InterceptingExecutableInvoker$ReflectiveInterceptorCall.lambda$ofVoidMethod$0(InterceptingExecutableInvoker.java:103)
	at org.junit.jupiter.engine.execution.InterceptingExecutableInvoker.lambda$invoke$0(InterceptingExecutableInvoker.java:93)
	at org.junit.jupiter.engine.execution.InvocationInterceptorChain$InterceptedInvocation.proceed(InvocationInterceptorChain.java:106)
	at org.junit.jupiter.engine.execution.InvocationInterceptorChain.proceed(InvocationInterceptorChain.java:64)
	at org.junit.jupiter.engine.execution.InvocationInterceptorChain.chainAndInvoke(InvocationInterceptorChain.java:45)
	at org.junit.jupiter.engine.execution.InvocationInterceptorChain.invoke(InvocationInterceptorChain.java:37)
	at org.junit.jupiter.engine.execution.InterceptingExecutableInvoker.invoke(InterceptingExecutableInvoker.java:92)
	at org.junit.jupiter.engine.execution.InterceptingExecutableInvoker.invoke(InterceptingExecutableInvoker.java:86)
	at org.junit.jupiter.engine.descriptor.TestMethodTestDescriptor.lambda$invokeTestMethod$7(TestMethodTestDescriptor.java:217)
	at org.junit.platform.engine.support.hierarchical.ThrowableCollector.execute(ThrowableCollector.java:73)
	at org.junit.jupiter.engine.descriptor.TestMethodTestDescriptor.invokeTestMethod(TestMethodTestDescriptor.java:213)
	at org.junit.jupiter.engine.descriptor.TestMethodTestDescriptor.execute(TestMethodTestDescriptor.java:138)
	at org.junit.jupiter.engine.descriptor.TestMethodTestDescriptor.execute(TestMethodTestDescriptor.java:68)
	at org.junit.platform.engine.support.hierarchical.NodeTestTask.lambda$executeRecursively$6(NodeTestTask.java:151)
	at org.junit.platform.engine.support.hierarchical.ThrowableCollector.execute(ThrowableCollector.java:73)
	at org.junit.platform.engine.support.hierarchical.NodeTestTask.lambda$executeRecursively$8(NodeTestTask.java:141)
	at org.junit.platform.engine.support.hierarchical.Node.around(Node.java:137)
	at org.junit.platform.engine.support.hierarchical.NodeTestTask.lambda$executeRecursively$9(NodeTestTask.java:139)
	at org.junit.platform.engine.support.hierarchical.ThrowableCollector.execute(ThrowableCollector.java:73)
	at org.junit.platform.engine.support.hierarchical.NodeTestTask.executeRecursively(NodeTestTask.java:138)
	at org.junit.platform.engine.support.hierarchical.NodeTestTask.execute(NodeTestTask.java:95)
	at java.base/java.util.ArrayList.forEach(ArrayList.java:1596)
	at org.junit.platform.engine.support.hierarchical.SameThreadHierarchicalTestExecutorService.invokeAll(SameThreadHierarchicalTestExecutorService.java:41)
	at org.junit.platform.engine.support.hierarchical.NodeTestTask.lambda$executeRecursively$6(NodeTestTask.java:155)
	at org.junit.platform.engine.support.hierarchical.ThrowableCollector.execute(ThrowableCollector.java:73)
	at org.junit.platform.engine.support.hierarchical.NodeTestTask.lambda$executeRecursively$8(NodeTestTask.java:141)
	at org.junit.platform.engine.support.hierarchical.Node.around(Node.java:137)
	at org.junit.platform.engine.support.hierarchical.NodeTestTask.lambda$executeRecursively$9(NodeTestTask.java:139)
	at org.junit.platform.engine.support.hierarchical.ThrowableCollector.execute(ThrowableCollector.java:73)
	at org.junit.platform.engine.support.hierarchical.NodeTestTask.executeRecursively(NodeTestTask.java:138)
	at org.junit.platform.engine.support.hierarchical.NodeTestTask.execute(NodeTestTask.java:95)
	at java.base/java.util.ArrayList.forEach(ArrayList.java:1596)
	at org.junit.platform.engine.support.hierarchical.SameThreadHierarchicalTestExecutorService.invokeAll(SameThreadHierarchicalTestExecutorService.java:41)
	at org.junit.platform.engine.support.hierarchical.NodeTestTask.lambda$executeRecursively$6(NodeTestTask.java:155)
	at org.junit.platform.engine.support.hierarchical.ThrowableCollector.execute(ThrowableCollector.java:73)
	at org.junit.platform.engine.support.hierarchical.NodeTestTask.lambda$executeRecursively$8(NodeTestTask.java:141)
	at org.junit.platform.engine.support.hierarchical.Node.around(Node.java:137)
	at org.junit.platform.engine.support.hierarchical.NodeTestTask.lambda$executeRecursively$9(NodeTestTask.java:139)
	at org.junit.platform.engine.support.hierarchical.ThrowableCollector.execute(ThrowableCollector.java:73)
	at org.junit.platform.engine.support.hierarchical.NodeTestTask.executeRecursively(NodeTestTask.java:138)
	at org.junit.platform.engine.support.hierarchical.NodeTestTask.execute(NodeTestTask.java:95)
	at org.junit.platform.engine.support.hierarchical.SameThreadHierarchicalTestExecutorService.submit(SameThreadHierarchicalTestExecutorService.java:35)
	at org.junit.platform.engine.support.hierarchical.HierarchicalTestExecutor.execute(HierarchicalTestExecutor.java:57)
	at org.junit.platform.engine.support.hierarchical.HierarchicalTestEngine.execute(HierarchicalTestEngine.java:54)
	at org.junit.platform.launcher.core.EngineExecutionOrchestrator.execute(EngineExecutionOrchestrator.java:147)
	at org.junit.platform.launcher.core.EngineExecutionOrchestrator.execute(EngineExecutionOrchestrator.java:127)
	at org.junit.platform.launcher.core.EngineExecutionOrchestrator.execute(EngineExecutionOrchestrator.java:90)
	at org.junit.platform.launcher.core.EngineExecutionOrchestrator.lambda$execute$0(EngineExecutionOrchestrator.java:55)
	at org.junit.platform.launcher.core.EngineExecutionOrchestrator.withInterceptedStreams(EngineExecutionOrchestrator.java:102)
	at org.junit.platform.launcher.core.EngineExecutionOrchestrator.execute(EngineExecutionOrchestrator.java:54)
	at org.junit.platform.launcher.core.DefaultLauncher.execute(DefaultLauncher.java:114)
	at org.junit.platform.launcher.core.DefaultLauncher.execute(DefaultLauncher.java:86)
	at org.junit.platform.launcher.core.DefaultLauncherSession$DelegatingLauncher.execute(DefaultLauncherSession.java:86)
	at org.apache.maven.surefire.junitplatform.LazyLauncher.execute(LazyLauncher.java:56)
	at org.apache.maven.surefire.junitplatform.JUnitPlatformProvider.execute(JUnitPlatformProvider.java:184)
	at org.apache.maven.surefire.junitplatform.JUnitPlatformProvider.invokeAllTests(JUnitPlatformProvider.java:148)
	at org.apache.maven.surefire.junitplatform.JUnitPlatformProvider.invoke(JUnitPlatformProvider.java:122)
	at org.apache.maven.surefire.booter.ForkedBooter.runSuitesInProcess(ForkedBooter.java:385)
	at org.apache.maven.surefire.booter.ForkedBooter.execute(ForkedBooter.java:162)
	at org.apache.maven.surefire.booter.ForkedBooter.run(ForkedBooter.java:507)
	at org.apache.maven.surefire.booter.ForkedBooter.main(ForkedBooter.java:495)
2026-05-09 21:24:52.459 [main] WARN  c.a.system.util.SystemLogger - [DATABASE] Duplicate entry detected: A record with this email already exists
2026-05-09 21:24:52.462 [main] ERROR c.a.system.util.SystemLogger - System Error in Database Operation: TestOperation - DatabaseException: Unable to connect to database, Details: Database connection failed: Connection failed
com.attendance.system.exception.DatabaseException: Unable to connect to database
	at com.attendance.system.exception.DatabaseException.connectionFailed(DatabaseException.java:29)
	at com.attendance.system.util.ErrorHandlerTest.testHandleDatabaseException(ErrorHandlerTest.java:208)
	at java.base/jdk.internal.reflect.DirectMethodHandleAccessor.invoke(DirectMethodHandleAccessor.java:103)
	at java.base/java.lang.reflect.Method.invoke(Method.java:580)
	at org.junit.platform.commons.util.ReflectionUtils.invokeMethod(ReflectionUtils.java:727)
	at org.junit.jupiter.engine.execution.MethodInvocation.proceed(MethodInvocation.java:60)
	at org.junit.jupiter.engine.execution.InvocationInterceptorChain$ValidatingInvocation.proceed(InvocationInterceptorChain.java:131)
	at org.junit.jupiter.engine.extension.TimeoutExtension.intercept(TimeoutExtension.java:156)
	at org.junit.jupiter.engine.extension.TimeoutExtension.interceptTestableMethod(TimeoutExtension.java:147)
	at org.junit.jupiter.engine.extension.TimeoutExtension.interceptTestMethod(TimeoutExtension.java:86)
	at org.junit.jupiter.engine.execution.InterceptingExecutableInvoker$ReflectiveInterceptorCall.lambda$ofVoidMethod$0(InterceptingExecutableInvoker.java:103)
	at org.junit.jupiter.engine.execution.InterceptingExecutableInvoker.lambda$invoke$0(InterceptingExecutableInvoker.java:93)
	at org.junit.jupiter.engine.execution.InvocationInterceptorChain$InterceptedInvocation.proceed(InvocationInterceptorChain.java:106)
	at org.junit.jupiter.engine.execution.InvocationInterceptorChain.proceed(InvocationInterceptorChain.java:64)
	at org.junit.jupiter.engine.execution.InvocationInterceptorChain.chainAndInvoke(InvocationInterceptorChain.java:45)
	at org.junit.jupiter.engine.execution.InvocationInterceptorChain.invoke(InvocationInterceptorChain.java:37)
	at org.junit.jupiter.engine.execution.InterceptingExecutableInvoker.invoke(InterceptingExecutableInvoker.java:92)
	at org.junit.jupiter.engine.execution.InterceptingExecutableInvoker.invoke(InterceptingExecutableInvoker.java:86)
	at org.junit.jupiter.engine.descriptor.TestMethodTestDescriptor.lambda$invokeTestMethod$7(TestMethodTestDescriptor.java:217)
	at org.junit.platform.engine.support.hierarchical.ThrowableCollector.execute(ThrowableCollector.java:73)
	at org.junit.jupiter.engine.descriptor.TestMethodTestDescriptor.invokeTestMethod(TestMethodTestDescriptor.java:213)
	at org.junit.jupiter.engine.descriptor.TestMethodTestDescriptor.execute(TestMethodTestDescriptor.java:138)
	at org.junit.jupiter.engine.descriptor.TestMethodTestDescriptor.execute(TestMethodTestDescriptor.java:68)
	at org.junit.platform.engine.support.hierarchical.NodeTestTask.lambda$executeRecursively$6(NodeTestTask.java:151)
	at org.junit.platform.engine.support.hierarchical.ThrowableCollector.execute(ThrowableCollector.java:73)
	at org.junit.platform.engine.support.hierarchical.NodeTestTask.lambda$executeRecursively$8(NodeTestTask.java:141)
	at org.junit.platform.engine.support.hierarchical.Node.around(Node.java:137)
	at org.junit.platform.engine.support.hierarchical.NodeTestTask.lambda$executeRecursively$9(NodeTestTask.java:139)
	at org.junit.platform.engine.support.hierarchical.ThrowableCollector.execute(ThrowableCollector.java:73)
	at org.junit.platform.engine.support.hierarchical.NodeTestTask.executeRecursively(NodeTestTask.java:138)
	at org.junit.platform.engine.support.hierarchical.NodeTestTask.execute(NodeTestTask.java:95)
	at java.base/java.util.ArrayList.forEach(ArrayList.java:1596)
	at org.junit.platform.engine.support.hierarchical.SameThreadHierarchicalTestExecutorService.invokeAll(SameThreadHierarchicalTestExecutorService.java:41)
	at org.junit.platform.engine.support.hierarchical.NodeTestTask.lambda$executeRecursively$6(NodeTestTask.java:155)
	at org.junit.platform.engine.support.hierarchical.ThrowableCollector.execute(ThrowableCollector.java:73)
	at org.junit.platform.engine.support.hierarchical.NodeTestTask.lambda$executeRecursively$8(NodeTestTask.java:141)
	at org.junit.platform.engine.support.hierarchical.Node.around(Node.java:137)
	at org.junit.platform.engine.support.hierarchical.NodeTestTask.lambda$executeRecursively$9(NodeTestTask.java:139)
	at org.junit.platform.engine.support.hierarchical.ThrowableCollector.execute(ThrowableCollector.java:73)
	at org.junit.platform.engine.support.hierarchical.NodeTestTask.executeRecursively(NodeTestTask.java:138)
	at org.junit.platform.engine.support.hierarchical.NodeTestTask.execute(NodeTestTask.java:95)
	at java.base/java.util.ArrayList.forEach(ArrayList.java:1596)
	at org.junit.platform.engine.support.hierarchical.SameThreadHierarchicalTestExecutorService.invokeAll(SameThreadHierarchicalTestExecutorService.java:41)
	at org.junit.platform.engine.support.hierarchical.NodeTestTask.lambda$executeRecursively$6(NodeTestTask.java:155)
	at org.junit.platform.engine.support.hierarchical.ThrowableCollector.execute(ThrowableCollector.java:73)
	at org.junit.platform.engine.support.hierarchical.NodeTestTask.lambda$executeRecursively$8(NodeTestTask.java:141)
	at org.junit.platform.engine.support.hierarchical.Node.around(Node.java:137)
	at org.junit.platform.engine.support.hierarchical.NodeTestTask.lambda$executeRecursively$9(NodeTestTask.java:139)
	at org.junit.platform.engine.support.hierarchical.ThrowableCollector.execute(ThrowableCollector.java:73)
	at org.junit.platform.engine.support.hierarchical.NodeTestTask.executeRecursively(NodeTestTask.java:138)
	at org.junit.platform.engine.support.hierarchical.NodeTestTask.execute(NodeTestTask.java:95)
	at org.junit.platform.engine.support.hierarchical.SameThreadHierarchicalTestExecutorService.submit(SameThreadHierarchicalTestExecutorService.java:35)
	at org.junit.platform.engine.support.hierarchical.HierarchicalTestExecutor.execute(HierarchicalTestExecutor.java:57)
	at org.junit.platform.engine.support.hierarchical.HierarchicalTestEngine.execute(HierarchicalTestEngine.java:54)
	at org.junit.platform.launcher.core.EngineExecutionOrchestrator.execute(EngineExecutionOrchestrator.java:147)
	at org.junit.platform.launcher.core.EngineExecutionOrchestrator.execute(EngineExecutionOrchestrator.java:127)
	at org.junit.platform.launcher.core.EngineExecutionOrchestrator.execute(EngineExecutionOrchestrator.java:90)
	at org.junit.platform.launcher.core.EngineExecutionOrchestrator.lambda$execute$0(EngineExecutionOrchestrator.java:55)
	at org.junit.platform.launcher.core.EngineExecutionOrchestrator.withInterceptedStreams(EngineExecutionOrchestrator.java:102)
	at org.junit.platform.launcher.core.EngineExecutionOrchestrator.execute(EngineExecutionOrchestrator.java:54)
	at org.junit.platform.launcher.core.DefaultLauncher.execute(DefaultLauncher.java:114)
	at org.junit.platform.launcher.core.DefaultLauncher.execute(DefaultLauncher.java:86)
	at org.junit.platform.launcher.core.DefaultLauncherSession$DelegatingLauncher.execute(DefaultLauncherSession.java:86)
	at org.apache.maven.surefire.junitplatform.LazyLauncher.execute(LazyLauncher.java:56)
	at org.apache.maven.surefire.junitplatform.JUnitPlatformProvider.execute(JUnitPlatformProvider.java:184)
	at org.apache.maven.surefire.junitplatform.JUnitPlatformProvider.invokeAllTests(JUnitPlatformProvider.java:148)
	at org.apache.maven.surefire.junitplatform.JUnitPlatformProvider.invoke(JUnitPlatformProvider.java:122)
	at org.apache.maven.surefire.booter.ForkedBooter.runSuitesInProcess(ForkedBooter.java:385)
	at org.apache.maven.surefire.booter.ForkedBooter.execute(ForkedBooter.java:162)
	at org.apache.maven.surefire.booter.ForkedBooter.run(ForkedBooter.java:507)
	at org.apache.maven.surefire.booter.ForkedBooter.main(ForkedBooter.java:495)
Caused by: java.lang.RuntimeException: Connection failed
	... 70 common frames omitted
2026-05-09 21:24:52.468 [main] WARN  c.a.system.util.SystemLogger - [SYSTEM] Primary operation failed, executing fallback
java.lang.RuntimeException: Primary failed
	at com.attendance.system.util.ErrorHandlerTest.lambda$testExecuteWithFallbackBothFail$14(ErrorHandlerTest.java:189)
	at com.attendance.system.util.ErrorHandler.executeWithFallback(ErrorHandler.java:210)
	at com.attendance.system.util.ErrorHandlerTest.lambda$testExecuteWithFallbackBothFail$16(ErrorHandlerTest.java:195)
	at org.junit.jupiter.api.AssertThrows.assertThrows(AssertThrows.java:53)
	at org.junit.jupiter.api.AssertThrows.assertThrows(AssertThrows.java:35)
	at org.junit.jupiter.api.Assertions.assertThrows(Assertions.java:3083)
	at com.attendance.system.util.ErrorHandlerTest.testExecuteWithFallbackBothFail(ErrorHandlerTest.java:195)
	at java.base/jdk.internal.reflect.DirectMethodHandleAccessor.invoke(DirectMethodHandleAccessor.java:103)
	at java.base/java.lang.reflect.Method.invoke(Method.java:580)
	at org.junit.platform.commons.util.ReflectionUtils.invokeMethod(ReflectionUtils.java:727)
	at org.junit.jupiter.engine.execution.MethodInvocation.proceed(MethodInvocation.java:60)
	at org.junit.jupiter.engine.execution.InvocationInterceptorChain$ValidatingInvocation.proceed(InvocationInterceptorChain.java:131)
	at org.junit.jupiter.engine.extension.TimeoutExtension.intercept(TimeoutExtension.java:156)
	at org.junit.jupiter.engine.extension.TimeoutExtension.interceptTestableMethod(TimeoutExtension.java:147)
	at org.junit.jupiter.engine.extension.TimeoutExtension.interceptTestMethod(TimeoutExtension.java:86)
	at org.junit.jupiter.engine.execution.InterceptingExecutableInvoker$ReflectiveInterceptorCall.lambda$ofVoidMethod$0(InterceptingExecutableInvoker.java:103)
	at org.junit.jupiter.engine.execution.InterceptingExecutableInvoker.lambda$invoke$0(InterceptingExecutableInvoker.java:93)
	at org.junit.jupiter.engine.execution.InvocationInterceptorChain$InterceptedInvocation.proceed(InvocationInterceptorChain.java:106)
	at org.junit.jupiter.engine.execution.InvocationInterceptorChain.proceed(InvocationInterceptorChain.java:64)
	at org.junit.jupiter.engine.execution.InvocationInterceptorChain.chainAndInvoke(InvocationInterceptorChain.java:45)
	at org.junit.jupiter.engine.execution.InvocationInterceptorChain.invoke(InvocationInterceptorChain.java:37)
	at org.junit.jupiter.engine.execution.InterceptingExecutableInvoker.invoke(InterceptingExecutableInvoker.java:92)
	at org.junit.jupiter.engine.execution.InterceptingExecutableInvoker.invoke(InterceptingExecutableInvoker.java:86)
	at org.junit.jupiter.engine.descriptor.TestMethodTestDescriptor.lambda$invokeTestMethod$7(TestMethodTestDescriptor.java:217)
	at org.junit.platform.engine.support.hierarchical.ThrowableCollector.execute(ThrowableCollector.java:73)
	at org.junit.jupiter.engine.descriptor.TestMethodTestDescriptor.invokeTestMethod(TestMethodTestDescriptor.java:213)
	at org.junit.jupiter.engine.descriptor.TestMethodTestDescriptor.execute(TestMethodTestDescriptor.java:138)
	at org.junit.jupiter.engine.descriptor.TestMethodTestDescriptor.execute(TestMethodTestDescriptor.java:68)
	at org.junit.platform.engine.support.hierarchical.NodeTestTask.lambda$executeRecursively$6(NodeTestTask.java:151)
	at org.junit.platform.engine.support.hierarchical.ThrowableCollector.execute(ThrowableCollector.java:73)
	at org.junit.platform.engine.support.hierarchical.NodeTestTask.lambda$executeRecursively$8(NodeTestTask.java:141)
	at org.junit.platform.engine.support.hierarchical.Node.around(Node.java:137)
	at org.junit.platform.engine.support.hierarchical.NodeTestTask.lambda$executeRecursively$9(NodeTestTask.java:139)
	at org.junit.platform.engine.support.hierarchical.ThrowableCollector.execute(ThrowableCollector.java:73)
	at org.junit.platform.engine.support.hierarchical.NodeTestTask.executeRecursively(NodeTestTask.java:138)
	at org.junit.platform.engine.support.hierarchical.NodeTestTask.execute(NodeTestTask.java:95)
	at java.base/java.util.ArrayList.forEach(ArrayList.java:1596)
	at org.junit.platform.engine.support.hierarchical.SameThreadHierarchicalTestExecutorService.invokeAll(SameThreadHierarchicalTestExecutorService.java:41)
	at org.junit.platform.engine.support.hierarchical.NodeTestTask.lambda$executeRecursively$6(NodeTestTask.java:155)
	at org.junit.platform.engine.support.hierarchical.ThrowableCollector.execute(ThrowableCollector.java:73)
	at org.junit.platform.engine.support.hierarchical.NodeTestTask.lambda$executeRecursively$8(NodeTestTask.java:141)
	at org.junit.platform.engine.support.hierarchical.Node.around(Node.java:137)
	at org.junit.platform.engine.support.hierarchical.NodeTestTask.lambda$executeRecursively$9(NodeTestTask.java:139)
	at org.junit.platform.engine.support.hierarchical.ThrowableCollector.execute(ThrowableCollector.java:73)
	at org.junit.platform.engine.support.hierarchical.NodeTestTask.executeRecursively(NodeTestTask.java:138)
	at org.junit.platform.engine.support.hierarchical.NodeTestTask.execute(NodeTestTask.java:95)
	at java.base/java.util.ArrayList.forEach(ArrayList.java:1596)
	at org.junit.platform.engine.support.hierarchical.SameThreadHierarchicalTestExecutorService.invokeAll(SameThreadHierarchicalTestExecutorService.java:41)
	at org.junit.platform.engine.support.hierarchical.NodeTestTask.lambda$executeRecursively$6(NodeTestTask.java:155)
	at org.junit.platform.engine.support.hierarchical.ThrowableCollector.execute(ThrowableCollector.java:73)
	at org.junit.platform.engine.support.hierarchical.NodeTestTask.lambda$executeRecursively$8(NodeTestTask.java:141)
	at org.junit.platform.engine.support.hierarchical.Node.around(Node.java:137)
	at org.junit.platform.engine.support.hierarchical.NodeTestTask.lambda$executeRecursively$9(NodeTestTask.java:139)
	at org.junit.platform.engine.support.hierarchical.ThrowableCollector.execute(ThrowableCollector.java:73)
	at org.junit.platform.engine.support.hierarchical.NodeTestTask.executeRecursively(NodeTestTask.java:138)
	at org.junit.platform.engine.support.hierarchical.NodeTestTask.execute(NodeTestTask.java:95)
	at org.junit.platform.engine.support.hierarchical.SameThreadHierarchicalTestExecutorService.submit(SameThreadHierarchicalTestExecutorService.java:35)
	at org.junit.platform.engine.support.hierarchical.HierarchicalTestExecutor.execute(HierarchicalTestExecutor.java:57)
	at org.junit.platform.engine.support.hierarchical.HierarchicalTestEngine.execute(HierarchicalTestEngine.java:54)
	at org.junit.platform.launcher.core.EngineExecutionOrchestrator.execute(EngineExecutionOrchestrator.java:147)
	at org.junit.platform.launcher.core.EngineExecutionOrchestrator.execute(EngineExecutionOrchestrator.java:127)
	at org.junit.platform.launcher.core.EngineExecutionOrchestrator.execute(EngineExecutionOrchestrator.java:90)
	at org.junit.platform.launcher.core.EngineExecutionOrchestrator.lambda$execute$0(EngineExecutionOrchestrator.java:55)
	at org.junit.platform.launcher.core.EngineExecutionOrchestrator.withInterceptedStreams(EngineExecutionOrchestrator.java:102)
	at org.junit.platform.launcher.core.EngineExecutionOrchestrator.execute(EngineExecutionOrchestrator.java:54)
	at org.junit.platform.launcher.core.DefaultLauncher.execute(DefaultLauncher.java:114)
	at org.junit.platform.launcher.core.DefaultLauncher.execute(DefaultLauncher.java:86)
	at org.junit.platform.launcher.core.DefaultLauncherSession$DelegatingLauncher.execute(DefaultLauncherSession.java:86)
	at org.apache.maven.surefire.junitplatform.LazyLauncher.execute(LazyLauncher.java:56)
	at org.apache.maven.surefire.junitplatform.JUnitPlatformProvider.execute(JUnitPlatformProvider.java:184)
	at org.apache.maven.surefire.junitplatform.JUnitPlatformProvider.invokeAllTests(JUnitPlatformProvider.java:148)
	at org.apache.maven.surefire.junitplatform.JUnitPlatformProvider.invoke(JUnitPlatformProvider.java:122)
	at org.apache.maven.surefire.booter.ForkedBooter.runSuitesInProcess(ForkedBooter.java:385)
	at org.apache.maven.surefire.booter.ForkedBooter.execute(ForkedBooter.java:162)
	at org.apache.maven.surefire.booter.ForkedBooter.run(ForkedBooter.java:507)
	at org.apache.maven.surefire.booter.ForkedBooter.main(ForkedBooter.java:495)
2026-05-09 21:24:52.469 [main] ERROR c.a.system.util.SystemLogger - [SYSTEM] Fallback operation also failed
java.lang.RuntimeException: Fallback failed
	at com.attendance.system.util.ErrorHandlerTest.lambda$testExecuteWithFallbackBothFail$15(ErrorHandlerTest.java:192)
	at com.attendance.system.util.ErrorHandler.executeWithFallback(ErrorHandler.java:215)
	at com.attendance.system.util.ErrorHandlerTest.lambda$testExecuteWithFallbackBothFail$16(ErrorHandlerTest.java:195)
	at org.junit.jupiter.api.AssertThrows.assertThrows(AssertThrows.java:53)
	at org.junit.jupiter.api.AssertThrows.assertThrows(AssertThrows.java:35)
	at org.junit.jupiter.api.Assertions.assertThrows(Assertions.java:3083)
	at com.attendance.system.util.ErrorHandlerTest.testExecuteWithFallbackBothFail(ErrorHandlerTest.java:195)
	at java.base/jdk.internal.reflect.DirectMethodHandleAccessor.invoke(DirectMethodHandleAccessor.java:103)
	at java.base/java.lang.reflect.Method.invoke(Method.java:580)
	at org.junit.platform.commons.util.ReflectionUtils.invokeMethod(ReflectionUtils.java:727)
	at org.junit.jupiter.engine.execution.MethodInvocation.proceed(MethodInvocation.java:60)
	at org.junit.jupiter.engine.execution.InvocationInterceptorChain$ValidatingInvocation.proceed(InvocationInterceptorChain.java:131)
	at org.junit.jupiter.engine.extension.TimeoutExtension.intercept(TimeoutExtension.java:156)
	at org.junit.jupiter.engine.extension.TimeoutExtension.interceptTestableMethod(TimeoutExtension.java:147)
	at org.junit.jupiter.engine.extension.TimeoutExtension.interceptTestMethod(TimeoutExtension.java:86)
	at org.junit.jupiter.engine.execution.InterceptingExecutableInvoker$ReflectiveInterceptorCall.lambda$ofVoidMethod$0(InterceptingExecutableInvoker.java:103)
	at org.junit.jupiter.engine.execution.InterceptingExecutableInvoker.lambda$invoke$0(InterceptingExecutableInvoker.java:93)
	at org.junit.jupiter.engine.execution.InvocationInterceptorChain$InterceptedInvocation.proceed(InvocationInterceptorChain.java:106)
	at org.junit.jupiter.engine.execution.InvocationInterceptorChain.proceed(InvocationInterceptorChain.java:64)
	at org.junit.jupiter.engine.execution.InvocationInterceptorChain.chainAndInvoke(InvocationInterceptorChain.java:45)
	at org.junit.jupiter.engine.execution.InvocationInterceptorChain.invoke(InvocationInterceptorChain.java:37)
	at org.junit.jupiter.engine.execution.InterceptingExecutableInvoker.invoke(InterceptingExecutableInvoker.java:92)
	at org.junit.jupiter.engine.execution.InterceptingExecutableInvoker.invoke(InterceptingExecutableInvoker.java:86)
	at org.junit.jupiter.engine.descriptor.TestMethodTestDescriptor.lambda$invokeTestMethod$7(TestMethodTestDescriptor.java:217)
	at org.junit.platform.engine.support.hierarchical.ThrowableCollector.execute(ThrowableCollector.java:73)
	at org.junit.jupiter.engine.descriptor.TestMethodTestDescriptor.invokeTestMethod(TestMethodTestDescriptor.java:213)
	at org.junit.jupiter.engine.descriptor.TestMethodTestDescriptor.execute(TestMethodTestDescriptor.java:138)
	at org.junit.jupiter.engine.descriptor.TestMethodTestDescriptor.execute(TestMethodTestDescriptor.java:68)
	at org.junit.platform.engine.support.hierarchical.NodeTestTask.lambda$executeRecursively$6(NodeTestTask.java:151)
	at org.junit.platform.engine.support.hierarchical.ThrowableCollector.execute(ThrowableCollector.java:73)
	at org.junit.platform.engine.support.hierarchical.NodeTestTask.lambda$executeRecursively$8(NodeTestTask.java:141)
	at org.junit.platform.engine.support.hierarchical.Node.around(Node.java:137)
	at org.junit.platform.engine.support.hierarchical.NodeTestTask.lambda$executeRecursively$9(NodeTestTask.java:139)
	at org.junit.platform.engine.support.hierarchical.ThrowableCollector.execute(ThrowableCollector.java:73)
	at org.junit.platform.engine.support.hierarchical.NodeTestTask.executeRecursively(NodeTestTask.java:138)
	at org.junit.platform.engine.support.hierarchical.NodeTestTask.execute(NodeTestTask.java:95)
	at java.base/java.util.ArrayList.forEach(ArrayList.java:1596)
	at org.junit.platform.engine.support.hierarchical.SameThreadHierarchicalTestExecutorService.invokeAll(SameThreadHierarchicalTestExecutorService.java:41)
	at org.junit.platform.engine.support.hierarchical.NodeTestTask.lambda$executeRecursively$6(NodeTestTask.java:155)
	at org.junit.platform.engine.support.hierarchical.ThrowableCollector.execute(ThrowableCollector.java:73)
	at org.junit.platform.engine.support.hierarchical.NodeTestTask.lambda$executeRecursively$8(NodeTestTask.java:141)
	at org.junit.platform.engine.support.hierarchical.Node.around(Node.java:137)
	at org.junit.platform.engine.support.hierarchical.NodeTestTask.lambda$executeRecursively$9(NodeTestTask.java:139)
	at org.junit.platform.engine.support.hierarchical.ThrowableCollector.execute(ThrowableCollector.java:73)
	at org.junit.platform.engine.support.hierarchical.NodeTestTask.executeRecursively(NodeTestTask.java:138)
	at org.junit.platform.engine.support.hierarchical.NodeTestTask.execute(NodeTestTask.java:95)
	at java.base/java.util.ArrayList.forEach(ArrayList.java:1596)
	at org.junit.platform.engine.support.hierarchical.SameThreadHierarchicalTestExecutorService.invokeAll(SameThreadHierarchicalTestExecutorService.java:41)
	at org.junit.platform.engine.support.hierarchical.NodeTestTask.lambda$executeRecursively$6(NodeTestTask.java:155)
	at org.junit.platform.engine.support.hierarchical.ThrowableCollector.execute(ThrowableCollector.java:73)
	at org.junit.platform.engine.support.hierarchical.NodeTestTask.lambda$executeRecursively$8(NodeTestTask.java:141)
	at org.junit.platform.engine.support.hierarchical.Node.around(Node.java:137)
	at org.junit.platform.engine.support.hierarchical.NodeTestTask.lambda$executeRecursively$9(NodeTestTask.java:139)
	at org.junit.platform.engine.support.hierarchical.ThrowableCollector.execute(ThrowableCollector.java:73)
	at org.junit.platform.engine.support.hierarchical.NodeTestTask.executeRecursively(NodeTestTask.java:138)
	at org.junit.platform.engine.support.hierarchical.NodeTestTask.execute(NodeTestTask.java:95)
	at org.junit.platform.engine.support.hierarchical.SameThreadHierarchicalTestExecutorService.submit(SameThreadHierarchicalTestExecutorService.java:35)
	at org.junit.platform.engine.support.hierarchical.HierarchicalTestExecutor.execute(HierarchicalTestExecutor.java:57)
	at org.junit.platform.engine.support.hierarchical.HierarchicalTestEngine.execute(HierarchicalTestEngine.java:54)
	at org.junit.platform.launcher.core.EngineExecutionOrchestrator.execute(EngineExecutionOrchestrator.java:147)
	at org.junit.platform.launcher.core.EngineExecutionOrchestrator.execute(EngineExecutionOrchestrator.java:127)
	at org.junit.platform.launcher.core.EngineExecutionOrchestrator.execute(EngineExecutionOrchestrator.java:90)
	at org.junit.platform.launcher.core.EngineExecutionOrchestrator.lambda$execute$0(EngineExecutionOrchestrator.java:55)
	at org.junit.platform.launcher.core.EngineExecutionOrchestrator.withInterceptedStreams(EngineExecutionOrchestrator.java:102)
	at org.junit.platform.launcher.core.EngineExecutionOrchestrator.execute(EngineExecutionOrchestrator.java:54)
	at org.junit.platform.launcher.core.DefaultLauncher.execute(DefaultLauncher.java:114)
	at org.junit.platform.launcher.core.DefaultLauncher.execute(DefaultLauncher.java:86)
	at org.junit.platform.launcher.core.DefaultLauncherSession$DelegatingLauncher.execute(DefaultLauncherSession.java:86)
	at org.apache.maven.surefire.junitplatform.LazyLauncher.execute(LazyLauncher.java:56)
	at org.apache.maven.surefire.junitplatform.JUnitPlatformProvider.execute(JUnitPlatformProvider.java:184)
	at org.apache.maven.surefire.junitplatform.JUnitPlatformProvider.invokeAllTests(JUnitPlatformProvider.java:148)
	at org.apache.maven.surefire.junitplatform.JUnitPlatformProvider.invoke(JUnitPlatformProvider.java:122)
	at org.apache.maven.surefire.booter.ForkedBooter.runSuitesInProcess(ForkedBooter.java:385)
	at org.apache.maven.surefire.booter.ForkedBooter.execute(ForkedBooter.java:162)
	at org.apache.maven.surefire.booter.ForkedBooter.run(ForkedBooter.java:507)
	at org.apache.maven.surefire.booter.ForkedBooter.main(ForkedBooter.java:495)
2026-05-09 21:24:52.472 [main] ERROR c.a.system.util.SystemLogger - System Error in Database Operation: GetUser - DatabaseException: User not found, Details: User with identifier '123' not found
com.attendance.system.exception.DatabaseException: User not found
	at com.attendance.system.exception.DatabaseException.recordNotFound(DatabaseException.java:47)
	at com.attendance.system.util.ErrorHandlerTest.testHandleDatabaseExceptionRecordNotFound(ErrorHandlerTest.java:261)
	at java.base/jdk.internal.reflect.DirectMethodHandleAccessor.invoke(DirectMethodHandleAccessor.java:103)
	at java.base/java.lang.reflect.Method.invoke(Method.java:580)
	at org.junit.platform.commons.util.ReflectionUtils.invokeMethod(ReflectionUtils.java:727)
	at org.junit.jupiter.engine.execution.MethodInvocation.proceed(MethodInvocation.java:60)
	at org.junit.jupiter.engine.execution.InvocationInterceptorChain$ValidatingInvocation.proceed(InvocationInterceptorChain.java:131)
	at org.junit.jupiter.engine.extension.TimeoutExtension.intercept(TimeoutExtension.java:156)
	at org.junit.jupiter.engine.extension.TimeoutExtension.interceptTestableMethod(TimeoutExtension.java:147)
	at org.junit.jupiter.engine.extension.TimeoutExtension.interceptTestMethod(TimeoutExtension.java:86)
	at org.junit.jupiter.engine.execution.InterceptingExecutableInvoker$ReflectiveInterceptorCall.lambda$ofVoidMethod$0(InterceptingExecutableInvoker.java:103)
	at org.junit.jupiter.engine.execution.InterceptingExecutableInvoker.lambda$invoke$0(InterceptingExecutableInvoker.java:93)
	at org.junit.jupiter.engine.execution.InvocationInterceptorChain$InterceptedInvocation.proceed(InvocationInterceptorChain.java:106)
	at org.junit.jupiter.engine.execution.InvocationInterceptorChain.proceed(InvocationInterceptorChain.java:64)
	at org.junit.jupiter.engine.execution.InvocationInterceptorChain.chainAndInvoke(InvocationInterceptorChain.java:45)
	at org.junit.jupiter.engine.execution.InvocationInterceptorChain.invoke(InvocationInterceptorChain.java:37)
	at org.junit.jupiter.engine.execution.InterceptingExecutableInvoker.invoke(InterceptingExecutableInvoker.java:92)
	at org.junit.jupiter.engine.execution.InterceptingExecutableInvoker.invoke(InterceptingExecutableInvoker.java:86)
	at org.junit.jupiter.engine.descriptor.TestMethodTestDescriptor.lambda$invokeTestMethod$7(TestMethodTestDescriptor.java:217)
	at org.junit.platform.engine.support.hierarchical.ThrowableCollector.execute(ThrowableCollector.java:73)
	at org.junit.jupiter.engine.descriptor.TestMethodTestDescriptor.invokeTestMethod(TestMethodTestDescriptor.java:213)
	at org.junit.jupiter.engine.descriptor.TestMethodTestDescriptor.execute(TestMethodTestDescriptor.java:138)
	at org.junit.jupiter.engine.descriptor.TestMethodTestDescriptor.execute(TestMethodTestDescriptor.java:68)
	at org.junit.platform.engine.support.hierarchical.NodeTestTask.lambda$executeRecursively$6(NodeTestTask.java:151)
	at org.junit.platform.engine.support.hierarchical.ThrowableCollector.execute(ThrowableCollector.java:73)
	at org.junit.platform.engine.support.hierarchical.NodeTestTask.lambda$executeRecursively$8(NodeTestTask.java:141)
	at org.junit.platform.engine.support.hierarchical.Node.around(Node.java:137)
	at org.junit.platform.engine.support.hierarchical.NodeTestTask.lambda$executeRecursively$9(NodeTestTask.java:139)
	at org.junit.platform.engine.support.hierarchical.ThrowableCollector.execute(ThrowableCollector.java:73)
	at org.junit.platform.engine.support.hierarchical.NodeTestTask.executeRecursively(NodeTestTask.java:138)
	at org.junit.platform.engine.support.hierarchical.NodeTestTask.execute(NodeTestTask.java:95)
	at java.base/java.util.ArrayList.forEach(ArrayList.java:1596)
	at org.junit.platform.engine.support.hierarchical.SameThreadHierarchicalTestExecutorService.invokeAll(SameThreadHierarchicalTestExecutorService.java:41)
	at org.junit.platform.engine.support.hierarchical.NodeTestTask.lambda$executeRecursively$6(NodeTestTask.java:155)
	at org.junit.platform.engine.support.hierarchical.ThrowableCollector.execute(ThrowableCollector.java:73)
	at org.junit.platform.engine.support.hierarchical.NodeTestTask.lambda$executeRecursively$8(NodeTestTask.java:141)
	at org.junit.platform.engine.support.hierarchical.Node.around(Node.java:137)
	at org.junit.platform.engine.support.hierarchical.NodeTestTask.lambda$executeRecursively$9(NodeTestTask.java:139)
	at org.junit.platform.engine.support.hierarchical.ThrowableCollector.execute(ThrowableCollector.java:73)
	at org.junit.platform.engine.support.hierarchical.NodeTestTask.executeRecursively(NodeTestTask.java:138)
	at org.junit.platform.engine.support.hierarchical.NodeTestTask.execute(NodeTestTask.java:95)
	at java.base/java.util.ArrayList.forEach(ArrayList.java:1596)
	at org.junit.platform.engine.support.hierarchical.SameThreadHierarchicalTestExecutorService.invokeAll(SameThreadHierarchicalTestExecutorService.java:41)
	at org.junit.platform.engine.support.hierarchical.NodeTestTask.lambda$executeRecursively$6(NodeTestTask.java:155)
	at org.junit.platform.engine.support.hierarchical.ThrowableCollector.execute(ThrowableCollector.java:73)
	at org.junit.platform.engine.support.hierarchical.NodeTestTask.lambda$executeRecursively$8(NodeTestTask.java:141)
	at org.junit.platform.engine.support.hierarchical.Node.around(Node.java:137)
	at org.junit.platform.engine.support.hierarchical.NodeTestTask.lambda$executeRecursively$9(NodeTestTask.java:139)
	at org.junit.platform.engine.support.hierarchical.ThrowableCollector.execute(ThrowableCollector.java:73)
	at org.junit.platform.engine.support.hierarchical.NodeTestTask.executeRecursively(NodeTestTask.java:138)
	at org.junit.platform.engine.support.hierarchical.NodeTestTask.execute(NodeTestTask.java:95)
	at org.junit.platform.engine.support.hierarchical.SameThreadHierarchicalTestExecutorService.submit(SameThreadHierarchicalTestExecutorService.java:35)
	at org.junit.platform.engine.support.hierarchical.HierarchicalTestExecutor.execute(HierarchicalTestExecutor.java:57)
	at org.junit.platform.engine.support.hierarchical.HierarchicalTestEngine.execute(HierarchicalTestEngine.java:54)
	at org.junit.platform.launcher.core.EngineExecutionOrchestrator.execute(EngineExecutionOrchestrator.java:147)
	at org.junit.platform.launcher.core.EngineExecutionOrchestrator.execute(EngineExecutionOrchestrator.java:127)
	at org.junit.platform.launcher.core.EngineExecutionOrchestrator.execute(EngineExecutionOrchestrator.java:90)
	at org.junit.platform.launcher.core.EngineExecutionOrchestrator.lambda$execute$0(EngineExecutionOrchestrator.java:55)
	at org.junit.platform.launcher.core.EngineExecutionOrchestrator.withInterceptedStreams(EngineExecutionOrchestrator.java:102)
	at org.junit.platform.launcher.core.EngineExecutionOrchestrator.execute(EngineExecutionOrchestrator.java:54)
	at org.junit.platform.launcher.core.DefaultLauncher.execute(DefaultLauncher.java:114)
	at org.junit.platform.launcher.core.DefaultLauncher.execute(DefaultLauncher.java:86)
	at org.junit.platform.launcher.core.DefaultLauncherSession$DelegatingLauncher.execute(DefaultLauncherSession.java:86)
	at org.apache.maven.surefire.junitplatform.LazyLauncher.execute(LazyLauncher.java:56)
	at org.apache.maven.surefire.junitplatform.JUnitPlatformProvider.execute(JUnitPlatformProvider.java:184)
	at org.apache.maven.surefire.junitplatform.JUnitPlatformProvider.invokeAllTests(JUnitPlatformProvider.java:148)
	at org.apache.maven.surefire.junitplatform.JUnitPlatformProvider.invoke(JUnitPlatformProvider.java:122)
	at org.apache.maven.surefire.booter.ForkedBooter.runSuitesInProcess(ForkedBooter.java:385)
	at org.apache.maven.surefire.booter.ForkedBooter.execute(ForkedBooter.java:162)
	at org.apache.maven.surefire.booter.ForkedBooter.run(ForkedBooter.java:507)
	at org.apache.maven.surefire.booter.ForkedBooter.main(ForkedBooter.java:495)
2026-05-09 21:24:52.473 [main] DEBUG c.a.system.util.SystemLogger - [DATABASE] Record not found: User not found
2026-05-09 21:24:52.636 [main] INFO  c.a.system.util.SystemLogger - [SYSTEM] Circuit breaker 'TestBreaker' half-open - attempting recovery
2026-05-09 21:24:52.639 [main] WARN  c.a.system.util.SystemLogger - [SYSTEM] Operation failed (attempt 1/4), retrying in 1000ms
java.lang.RuntimeException: Temporary failure
	at com.attendance.system.util.ErrorHandlerTest.lambda$testExecuteWithRetryEventualSuccess$1(ErrorHandlerTest.java:60)
	at com.attendance.system.util.ErrorHandler.executeWithRetry(ErrorHandler.java:136)
	at com.attendance.system.util.ErrorHandler.executeWithRetry(ErrorHandler.java:171)
	at com.attendance.system.util.ErrorHandlerTest.testExecuteWithRetryEventualSuccess(ErrorHandlerTest.java:65)
	at java.base/jdk.internal.reflect.DirectMethodHandleAccessor.invoke(DirectMethodHandleAccessor.java:103)
	at java.base/java.lang.reflect.Method.invoke(Method.java:580)
	at org.junit.platform.commons.util.ReflectionUtils.invokeMethod(ReflectionUtils.java:727)
	at org.junit.jupiter.engine.execution.MethodInvocation.proceed(MethodInvocation.java:60)
	at org.junit.jupiter.engine.execution.InvocationInterceptorChain$ValidatingInvocation.proceed(InvocationInterceptorChain.java:131)
	at org.junit.jupiter.engine.extension.TimeoutExtension.intercept(TimeoutExtension.java:156)
	at org.junit.jupiter.engine.extension.TimeoutExtension.interceptTestableMethod(TimeoutExtension.java:147)
	at org.junit.jupiter.engine.extension.TimeoutExtension.interceptTestMethod(TimeoutExtension.java:86)
	at org.junit.jupiter.engine.execution.InterceptingExecutableInvoker$ReflectiveInterceptorCall.lambda$ofVoidMethod$0(InterceptingExecutableInvoker.java:103)
	at org.junit.jupiter.engine.execution.InterceptingExecutableInvoker.lambda$invoke$0(InterceptingExecutableInvoker.java:93)
	at org.junit.jupiter.engine.execution.InvocationInterceptorChain$InterceptedInvocation.proceed(InvocationInterceptorChain.java:106)
	at org.junit.jupiter.engine.execution.InvocationInterceptorChain.proceed(InvocationInterceptorChain.java:64)
	at org.junit.jupiter.engine.execution.InvocationInterceptorChain.chainAndInvoke(InvocationInterceptorChain.java:45)
	at org.junit.jupiter.engine.execution.InvocationInterceptorChain.invoke(InvocationInterceptorChain.java:37)
	at org.junit.jupiter.engine.execution.InterceptingExecutableInvoker.invoke(InterceptingExecutableInvoker.java:92)
	at org.junit.jupiter.engine.execution.InterceptingExecutableInvoker.invoke(InterceptingExecutableInvoker.java:86)
	at org.junit.jupiter.engine.descriptor.TestMethodTestDescriptor.lambda$invokeTestMethod$7(TestMethodTestDescriptor.java:217)
	at org.junit.platform.engine.support.hierarchical.ThrowableCollector.execute(ThrowableCollector.java:73)
	at org.junit.jupiter.engine.descriptor.TestMethodTestDescriptor.invokeTestMethod(TestMethodTestDescriptor.java:213)
	at org.junit.jupiter.engine.descriptor.TestMethodTestDescriptor.execute(TestMethodTestDescriptor.java:138)
	at org.junit.jupiter.engine.descriptor.TestMethodTestDescriptor.execute(TestMethodTestDescriptor.java:68)
	at org.junit.platform.engine.support.hierarchical.NodeTestTask.lambda$executeRecursively$6(NodeTestTask.java:151)
	at org.junit.platform.engine.support.hierarchical.ThrowableCollector.execute(ThrowableCollector.java:73)
	at org.junit.platform.engine.support.hierarchical.NodeTestTask.lambda$executeRecursively$8(NodeTestTask.java:141)
	at org.junit.platform.engine.support.hierarchical.Node.around(Node.java:137)
	at org.junit.platform.engine.support.hierarchical.NodeTestTask.lambda$executeRecursively$9(NodeTestTask.java:139)
	at org.junit.platform.engine.support.hierarchical.ThrowableCollector.execute(ThrowableCollector.java:73)
	at org.junit.platform.engine.support.hierarchical.NodeTestTask.executeRecursively(NodeTestTask.java:138)
	at org.junit.platform.engine.support.hierarchical.NodeTestTask.execute(NodeTestTask.java:95)
	at java.base/java.util.ArrayList.forEach(ArrayList.java:1596)
	at org.junit.platform.engine.support.hierarchical.SameThreadHierarchicalTestExecutorService.invokeAll(SameThreadHierarchicalTestExecutorService.java:41)
	at org.junit.platform.engine.support.hierarchical.NodeTestTask.lambda$executeRecursively$6(NodeTestTask.java:155)
	at org.junit.platform.engine.support.hierarchical.ThrowableCollector.execute(ThrowableCollector.java:73)
	at org.junit.platform.engine.support.hierarchical.NodeTestTask.lambda$executeRecursively$8(NodeTestTask.java:141)
	at org.junit.platform.engine.support.hierarchical.Node.around(Node.java:137)
	at org.junit.platform.engine.support.hierarchical.NodeTestTask.lambda$executeRecursively$9(NodeTestTask.java:139)
	at org.junit.platform.engine.support.hierarchical.ThrowableCollector.execute(ThrowableCollector.java:73)
	at org.junit.platform.engine.support.hierarchical.NodeTestTask.executeRecursively(NodeTestTask.java:138)
	at org.junit.platform.engine.support.hierarchical.NodeTestTask.execute(NodeTestTask.java:95)
	at java.base/java.util.ArrayList.forEach(ArrayList.java:1596)
	at org.junit.platform.engine.support.hierarchical.SameThreadHierarchicalTestExecutorService.invokeAll(SameThreadHierarchicalTestExecutorService.java:41)
	at org.junit.platform.engine.support.hierarchical.NodeTestTask.lambda$executeRecursively$6(NodeTestTask.java:155)
	at org.junit.platform.engine.support.hierarchical.ThrowableCollector.execute(ThrowableCollector.java:73)
	at org.junit.platform.engine.support.hierarchical.NodeTestTask.lambda$executeRecursively$8(NodeTestTask.java:141)
	at org.junit.platform.engine.support.hierarchical.Node.around(Node.java:137)
	at org.junit.platform.engine.support.hierarchical.NodeTestTask.lambda$executeRecursively$9(NodeTestTask.java:139)
	at org.junit.platform.engine.support.hierarchical.ThrowableCollector.execute(ThrowableCollector.java:73)
	at org.junit.platform.engine.support.hierarchical.NodeTestTask.executeRecursively(NodeTestTask.java:138)
	at org.junit.platform.engine.support.hierarchical.NodeTestTask.execute(NodeTestTask.java:95)
	at org.junit.platform.engine.support.hierarchical.SameThreadHierarchicalTestExecutorService.submit(SameThreadHierarchicalTestExecutorService.java:35)
	at org.junit.platform.engine.support.hierarchical.HierarchicalTestExecutor.execute(HierarchicalTestExecutor.java:57)
	at org.junit.platform.engine.support.hierarchical.HierarchicalTestEngine.execute(HierarchicalTestEngine.java:54)
	at org.junit.platform.launcher.core.EngineExecutionOrchestrator.execute(EngineExecutionOrchestrator.java:147)
	at org.junit.platform.launcher.core.EngineExecutionOrchestrator.execute(EngineExecutionOrchestrator.java:127)
	at org.junit.platform.launcher.core.EngineExecutionOrchestrator.execute(EngineExecutionOrchestrator.java:90)
	at org.junit.platform.launcher.core.EngineExecutionOrchestrator.lambda$execute$0(EngineExecutionOrchestrator.java:55)
	at org.junit.platform.launcher.core.EngineExecutionOrchestrator.withInterceptedStreams(EngineExecutionOrchestrator.java:102)
	at org.junit.platform.launcher.core.EngineExecutionOrchestrator.execute(EngineExecutionOrchestrator.java:54)
	at org.junit.platform.launcher.core.DefaultLauncher.execute(DefaultLauncher.java:114)
	at org.junit.platform.launcher.core.DefaultLauncher.execute(DefaultLauncher.java:86)
	at org.junit.platform.launcher.core.DefaultLauncherSession$DelegatingLauncher.execute(DefaultLauncherSession.java:86)
	at org.apache.maven.surefire.junitplatform.LazyLauncher.execute(LazyLauncher.java:56)
	at org.apache.maven.surefire.junitplatform.JUnitPlatformProvider.execute(JUnitPlatformProvider.java:184)
	at org.apache.maven.surefire.junitplatform.JUnitPlatformProvider.invokeAllTests(JUnitPlatformProvider.java:148)
	at org.apache.maven.surefire.junitplatform.JUnitPlatformProvider.invoke(JUnitPlatformProvider.java:122)
	at org.apache.maven.surefire.booter.ForkedBooter.runSuitesInProcess(ForkedBooter.java:385)
	at org.apache.maven.surefire.booter.ForkedBooter.execute(ForkedBooter.java:162)
	at org.apache.maven.surefire.booter.ForkedBooter.run(ForkedBooter.java:507)
	at org.apache.maven.surefire.booter.ForkedBooter.main(ForkedBooter.java:495)
2026-05-09 21:24:53.641 [main] WARN  c.a.system.util.SystemLogger - [SYSTEM] Operation failed (attempt 2/4), retrying in 2000ms
java.lang.RuntimeException: Temporary failure
	at com.attendance.system.util.ErrorHandlerTest.lambda$testExecuteWithRetryEventualSuccess$1(ErrorHandlerTest.java:60)
	at com.attendance.system.util.ErrorHandler.executeWithRetry(ErrorHandler.java:136)
	at com.attendance.system.util.ErrorHandler.executeWithRetry(ErrorHandler.java:171)
	at com.attendance.system.util.ErrorHandlerTest.testExecuteWithRetryEventualSuccess(ErrorHandlerTest.java:65)
	at java.base/jdk.internal.reflect.DirectMethodHandleAccessor.invoke(DirectMethodHandleAccessor.java:103)
	at java.base/java.lang.reflect.Method.invoke(Method.java:580)
	at org.junit.platform.commons.util.ReflectionUtils.invokeMethod(ReflectionUtils.java:727)
	at org.junit.jupiter.engine.execution.MethodInvocation.proceed(MethodInvocation.java:60)
	at org.junit.jupiter.engine.execution.InvocationInterceptorChain$ValidatingInvocation.proceed(InvocationInterceptorChain.java:131)
	at org.junit.jupiter.engine.extension.TimeoutExtension.intercept(TimeoutExtension.java:156)
	at org.junit.jupiter.engine.extension.TimeoutExtension.interceptTestableMethod(TimeoutExtension.java:147)
	at org.junit.jupiter.engine.extension.TimeoutExtension.interceptTestMethod(TimeoutExtension.java:86)
	at org.junit.jupiter.engine.execution.InterceptingExecutableInvoker$ReflectiveInterceptorCall.lambda$ofVoidMethod$0(InterceptingExecutableInvoker.java:103)
	at org.junit.jupiter.engine.execution.InterceptingExecutableInvoker.lambda$invoke$0(InterceptingExecutableInvoker.java:93)
	at org.junit.jupiter.engine.execution.InvocationInterceptorChain$InterceptedInvocation.proceed(InvocationInterceptorChain.java:106)
	at org.junit.jupiter.engine.execution.InvocationInterceptorChain.proceed(InvocationInterceptorChain.java:64)
	at org.junit.jupiter.engine.execution.InvocationInterceptorChain.chainAndInvoke(InvocationInterceptorChain.java:45)
	at org.junit.jupiter.engine.execution.InvocationInterceptorChain.invoke(InvocationInterceptorChain.java:37)
	at org.junit.jupiter.engine.execution.InterceptingExecutableInvoker.invoke(InterceptingExecutableInvoker.java:92)
	at org.junit.jupiter.engine.execution.InterceptingExecutableInvoker.invoke(InterceptingExecutableInvoker.java:86)
	at org.junit.jupiter.engine.descriptor.TestMethodTestDescriptor.lambda$invokeTestMethod$7(TestMethodTestDescriptor.java:217)
	at org.junit.platform.engine.support.hierarchical.ThrowableCollector.execute(ThrowableCollector.java:73)
	at org.junit.jupiter.engine.descriptor.TestMethodTestDescriptor.invokeTestMethod(TestMethodTestDescriptor.java:213)
	at org.junit.jupiter.engine.descriptor.TestMethodTestDescriptor.execute(TestMethodTestDescriptor.java:138)
	at org.junit.jupiter.engine.descriptor.TestMethodTestDescriptor.execute(TestMethodTestDescriptor.java:68)
	at org.junit.platform.engine.support.hierarchical.NodeTestTask.lambda$executeRecursively$6(NodeTestTask.java:151)
	at org.junit.platform.engine.support.hierarchical.ThrowableCollector.execute(ThrowableCollector.java:73)
	at org.junit.platform.engine.support.hierarchical.NodeTestTask.lambda$executeRecursively$8(NodeTestTask.java:141)
	at org.junit.platform.engine.support.hierarchical.Node.around(Node.java:137)
	at org.junit.platform.engine.support.hierarchical.NodeTestTask.lambda$executeRecursively$9(NodeTestTask.java:139)
	at org.junit.platform.engine.support.hierarchical.ThrowableCollector.execute(ThrowableCollector.java:73)
	at org.junit.platform.engine.support.hierarchical.NodeTestTask.executeRecursively(NodeTestTask.java:138)
	at org.junit.platform.engine.support.hierarchical.NodeTestTask.execute(NodeTestTask.java:95)
	at java.base/java.util.ArrayList.forEach(ArrayList.java:1596)
	at org.junit.platform.engine.support.hierarchical.SameThreadHierarchicalTestExecutorService.invokeAll(SameThreadHierarchicalTestExecutorService.java:41)
	at org.junit.platform.engine.support.hierarchical.NodeTestTask.lambda$executeRecursively$6(NodeTestTask.java:155)
	at org.junit.platform.engine.support.hierarchical.ThrowableCollector.execute(ThrowableCollector.java:73)
	at org.junit.platform.engine.support.hierarchical.NodeTestTask.lambda$executeRecursively$8(NodeTestTask.java:141)
	at org.junit.platform.engine.support.hierarchical.Node.around(Node.java:137)
	at org.junit.platform.engine.support.hierarchical.NodeTestTask.lambda$executeRecursively$9(NodeTestTask.java:139)
	at org.junit.platform.engine.support.hierarchical.ThrowableCollector.execute(ThrowableCollector.java:73)
	at org.junit.platform.engine.support.hierarchical.NodeTestTask.executeRecursively(NodeTestTask.java:138)
	at org.junit.platform.engine.support.hierarchical.NodeTestTask.execute(NodeTestTask.java:95)
	at java.base/java.util.ArrayList.forEach(ArrayList.java:1596)
	at org.junit.platform.engine.support.hierarchical.SameThreadHierarchicalTestExecutorService.invokeAll(SameThreadHierarchicalTestExecutorService.java:41)
	at org.junit.platform.engine.support.hierarchical.NodeTestTask.lambda$executeRecursively$6(NodeTestTask.java:155)
	at org.junit.platform.engine.support.hierarchical.ThrowableCollector.execute(ThrowableCollector.java:73)
	at org.junit.platform.engine.support.hierarchical.NodeTestTask.lambda$executeRecursively$8(NodeTestTask.java:141)
	at org.junit.platform.engine.support.hierarchical.Node.around(Node.java:137)
	at org.junit.platform.engine.support.hierarchical.NodeTestTask.lambda$executeRecursively$9(NodeTestTask.java:139)
	at org.junit.platform.engine.support.hierarchical.ThrowableCollector.execute(ThrowableCollector.java:73)
	at org.junit.platform.engine.support.hierarchical.NodeTestTask.executeRecursively(NodeTestTask.java:138)
	at org.junit.platform.engine.support.hierarchical.NodeTestTask.execute(NodeTestTask.java:95)
	at org.junit.platform.engine.support.hierarchical.SameThreadHierarchicalTestExecutorService.submit(SameThreadHierarchicalTestExecutorService.java:35)
	at org.junit.platform.engine.support.hierarchical.HierarchicalTestExecutor.execute(HierarchicalTestExecutor.java:57)
	at org.junit.platform.engine.support.hierarchical.HierarchicalTestEngine.execute(HierarchicalTestEngine.java:54)
	at org.junit.platform.launcher.core.EngineExecutionOrchestrator.execute(EngineExecutionOrchestrator.java:147)
	at org.junit.platform.launcher.core.EngineExecutionOrchestrator.execute(EngineExecutionOrchestrator.java:127)
	at org.junit.platform.launcher.core.EngineExecutionOrchestrator.execute(EngineExecutionOrchestrator.java:90)
	at org.junit.platform.launcher.core.EngineExecutionOrchestrator.lambda$execute$0(EngineExecutionOrchestrator.java:55)
	at org.junit.platform.launcher.core.EngineExecutionOrchestrator.withInterceptedStreams(EngineExecutionOrchestrator.java:102)
	at org.junit.platform.launcher.core.EngineExecutionOrchestrator.execute(EngineExecutionOrchestrator.java:54)
	at org.junit.platform.launcher.core.DefaultLauncher.execute(DefaultLauncher.java:114)
	at org.junit.platform.launcher.core.DefaultLauncher.execute(DefaultLauncher.java:86)
	at org.junit.platform.launcher.core.DefaultLauncherSession$DelegatingLauncher.execute(DefaultLauncherSession.java:86)
	at org.apache.maven.surefire.junitplatform.LazyLauncher.execute(LazyLauncher.java:56)
	at org.apache.maven.surefire.junitplatform.JUnitPlatformProvider.execute(JUnitPlatformProvider.java:184)
	at org.apache.maven.surefire.junitplatform.JUnitPlatformProvider.invokeAllTests(JUnitPlatformProvider.java:148)
	at org.apache.maven.surefire.junitplatform.JUnitPlatformProvider.invoke(JUnitPlatformProvider.java:122)
	at org.apache.maven.surefire.booter.ForkedBooter.runSuitesInProcess(ForkedBooter.java:385)
	at org.apache.maven.surefire.booter.ForkedBooter.execute(ForkedBooter.java:162)
	at org.apache.maven.surefire.booter.ForkedBooter.run(ForkedBooter.java:507)
	at org.apache.maven.surefire.booter.ForkedBooter.main(ForkedBooter.java:495)
2026-05-09 21:24:55.641 [main] INFO  c.a.system.util.SystemLogger - [SYSTEM] Operation succeeded after 2 retries
2026-05-09 21:24:55.644 [main] WARN  c.a.system.util.SystemLogger - [BUSINESS_LOGIC] Validation failed in UserCreation: email is required
2026-05-09 21:24:55.644 [main] DEBUG c.a.system.util.SystemLogger - [BUSINESS_LOGIC] Validation error - Field: email, Message: email is required
2026-05-09 21:24:55.656 [main] INFO  c.a.system.util.MaintenanceManager - Maintenance mode enabled: Test (estimated duration: 30 minutes)
2026-05-09 21:24:55.657 [main] DEBUG c.a.system.util.MaintenanceManager - Maintenance event recorded: MAINTENANCE_STARTED - Test
2026-05-09 21:24:55.664 [main] INFO  c.a.system.util.MaintenanceManager - Backup created: Backup 1 (ID: f2189d41-0411-4101-86e5-ff8938aae1f7)
2026-05-09 21:24:55.664 [main] DEBUG c.a.system.util.MaintenanceManager - Maintenance event recorded: BACKUP_CREATED - Backup 1
2026-05-09 21:24:55.666 [main] INFO  c.a.system.util.MaintenanceManager - Backup created: Backup 2 (ID: ac7c02a3-f6f4-4706-ac1e-a29a648e225d)
2026-05-09 21:24:55.666 [main] DEBUG c.a.system.util.MaintenanceManager - Maintenance event recorded: BACKUP_CREATED - Backup 2
2026-05-09 21:24:55.668 [main] INFO  c.a.system.util.MaintenanceManager - Backup created: Test backup (ID: 9fa507d6-c6db-424a-a588-d846fb9e03e5)
2026-05-09 21:24:55.668 [main] DEBUG c.a.system.util.MaintenanceManager - Maintenance event recorded: BACKUP_CREATED - Test backup
2026-05-09 21:24:55.672 [main] WARN  c.a.system.util.MaintenanceManager - Maintenance mode already enabled
2026-05-09 21:24:55.672 [main] INFO  c.a.system.util.MaintenanceManager - Maintenance mode disabled. Duration: 0 minutes
2026-05-09 21:24:55.672 [main] DEBUG c.a.system.util.MaintenanceManager - Maintenance event recorded: MAINTENANCE_ENDED - Maintenance completed
2026-05-09 21:24:55.672 [main] INFO  c.a.system.util.MaintenanceManager - Maintenance history cleared
2026-05-09 21:24:55.673 [main] INFO  c.a.system.util.MaintenanceManager - Maintenance mode enabled: System update (estimated duration: 30 minutes)
2026-05-09 21:24:55.674 [main] DEBUG c.a.system.util.MaintenanceManager - Maintenance event recorded: MAINTENANCE_STARTED - System update
2026-05-09 21:24:55.676 [main] WARN  c.a.system.util.MaintenanceManager - Maintenance mode already enabled
2026-05-09 21:24:55.676 [main] WARN  c.a.system.util.MaintenanceManager - Maintenance mode already enabled
2026-05-09 21:24:55.678 [main] WARN  c.a.system.util.MaintenanceManager - Maintenance mode already enabled
2026-05-09 21:24:55.678 [main] ERROR c.a.system.util.MaintenanceManager - Cannot initiate update while in maintenance mode
2026-05-09 21:24:55.680 [main] INFO  c.a.system.util.MaintenanceManager - Backup created: Test backup (ID: 71b56d44-fbdd-456a-9bcb-19b6dbe8dd1d)
2026-05-09 21:24:55.680 [main] DEBUG c.a.system.util.MaintenanceManager - Maintenance event recorded: BACKUP_CREATED - Test backup
2026-05-09 21:24:55.680 [main] INFO  c.a.system.util.MaintenanceManager - Backup deleted: 71b56d44-fbdd-456a-9bcb-19b6dbe8dd1d
2026-05-09 21:24:55.680 [main] DEBUG c.a.system.util.MaintenanceManager - Maintenance event recorded: BACKUP_DELETED - Deleted backup: Test backup
2026-05-09 21:24:55.682 [main] WARN  c.a.system.util.MaintenanceManager - Maintenance mode already enabled
2026-05-09 21:24:55.682 [main] INFO  c.a.system.util.MaintenanceManager - Maintenance mode disabled. Duration: 0 minutes
2026-05-09 21:24:55.682 [main] DEBUG c.a.system.util.MaintenanceManager - Maintenance event recorded: MAINTENANCE_ENDED - Maintenance completed
2026-05-09 21:24:55.684 [main] INFO  c.a.system.util.MaintenanceManager - Maintenance scheduled for 2026-05-09T21:29:55.683698157 with reason: Scheduled maintenance
2026-05-09 21:24:55.684 [main] DEBUG c.a.system.util.MaintenanceManager - Maintenance event recorded: MAINTENANCE_SCHEDULED - Scheduled maintenance at 2026-05-09T21:29:55.683698157
2026-05-09 21:24:55.684 [main] INFO  c.a.system.util.MaintenanceManager - Scheduled maintenance cancelled
2026-05-09 21:24:55.684 [main] DEBUG c.a.system.util.MaintenanceManager - Maintenance event recorded: MAINTENANCE_CANCELLED - Scheduled maintenance was cancelled
2026-05-09 21:24:55.689 [main] INFO  c.a.system.util.MaintenanceManager - Backup created: Pre-update backup for v2.0.0 (ID: e38b6960-3d64-4964-aaab-7b2658d063c9)
2026-05-09 21:24:55.689 [main] DEBUG c.a.system.util.MaintenanceManager - Maintenance event recorded: BACKUP_CREATED - Pre-update backup for v2.0.0
2026-05-09 21:24:55.689 [main] INFO  c.a.system.util.MaintenanceManager - System update initiated: 1.0.0 -> 2.0.0
2026-05-09 21:24:55.689 [main] DEBUG c.a.system.util.MaintenanceManager - Maintenance event recorded: UPDATE_INITIATED - Major update
2026-05-09 21:24:55.691 [main] INFO  c.a.system.util.MaintenanceManager - Maintenance scheduled for 2026-05-09T21:29:55.690956487 with reason: Scheduled maintenance
2026-05-09 21:24:55.691 [main] DEBUG c.a.system.util.MaintenanceManager - Maintenance event recorded: MAINTENANCE_SCHEDULED - Scheduled maintenance at 2026-05-09T21:29:55.690956487
2026-05-09 21:24:55.694 [main] ERROR c.a.system.util.MaintenanceManager - Cannot schedule maintenance in the past
2026-05-09 21:24:55.695 [main] INFO  c.a.system.util.MaintenanceManager - Maintenance mode enabled: Test (estimated duration: 30 minutes)
2026-05-09 21:24:55.695 [main] DEBUG c.a.system.util.MaintenanceManager - Maintenance event recorded: MAINTENANCE_STARTED - Test
2026-05-09 21:24:55.695 [main] INFO  c.a.system.util.MaintenanceManager - Maintenance mode disabled. Duration: 0 minutes
2026-05-09 21:24:55.696 [main] DEBUG c.a.system.util.MaintenanceManager - Maintenance event recorded: MAINTENANCE_ENDED - Maintenance completed
2026-05-09 21:24:55.698 [main] INFO  c.a.system.util.MaintenanceManager - System update completed. New version: 2.0.0
2026-05-09 21:24:55.698 [main] DEBUG c.a.system.util.MaintenanceManager - Maintenance event recorded: UPDATE_COMPLETED - System updated to version: 2.0.0
2026-05-09 21:24:55.699 [main] INFO  c.a.system.util.MaintenanceManager - Backup created: Backup 1 (ID: f1082406-925a-462e-8699-a8f36d84ebd2)
2026-05-09 21:24:55.699 [main] DEBUG c.a.system.util.MaintenanceManager - Maintenance event recorded: BACKUP_CREATED - Backup 1
2026-05-09 21:24:55.699 [main] INFO  c.a.system.util.MaintenanceManager - Backup created: Backup 2 (ID: ef4b77eb-17fc-497e-8e59-e747504b2104)
2026-05-09 21:24:55.700 [main] DEBUG c.a.system.util.MaintenanceManager - Maintenance event recorded: BACKUP_CREATED - Backup 2
2026-05-09 21:24:55.700 [main] INFO  c.a.system.util.MaintenanceManager - Backup created: Backup 3 (ID: c1b7bbb9-610b-4841-8bca-3c3e31aa562a)
2026-05-09 21:24:55.700 [main] DEBUG c.a.system.util.MaintenanceManager - Maintenance event recorded: BACKUP_CREATED - Backup 3
2026-05-09 21:24:55.702 [main] INFO  c.a.system.util.MaintenanceManager - Maintenance mode enabled: Test (estimated duration: 30 minutes)
2026-05-09 21:24:55.703 [main] DEBUG c.a.system.util.MaintenanceManager - Maintenance event recorded: MAINTENANCE_STARTED - Test
2026-05-09 21:24:55.703 [main] INFO  c.a.system.util.MaintenanceManager - Maintenance mode disabled. Duration: 0 minutes
2026-05-09 21:24:55.703 [main] DEBUG c.a.system.util.MaintenanceManager - Maintenance event recorded: MAINTENANCE_ENDED - Maintenance completed
2026-05-09 21:24:55.708 [main] INFO  c.a.system.util.MaintenanceManager - Maintenance mode enabled: Test maintenance (estimated duration: 45 minutes)
2026-05-09 21:24:55.709 [main] DEBUG c.a.system.util.MaintenanceManager - Maintenance event recorded: MAINTENANCE_STARTED - Test maintenance
2026-05-09 21:24:55.715 [main] INFO  c.a.system.util.MaintenanceManager - Backup created: Test backup (ID: b724fecd-f915-4fee-be21-927ccb44aeb0)
2026-05-09 21:24:55.715 [main] DEBUG c.a.system.util.MaintenanceManager - Maintenance event recorded: BACKUP_CREATED - Test backup
2026-05-09 21:24:55.723 [main] INFO  c.a.system.server.AttendanceServer - AttendanceServer initialized with injected dependencies
2026-05-09 21:24:55.725 [main] DEBUG c.a.system.server.AttendanceServer - Executing method: registerUser
2026-05-09 21:24:55.725 [main] DEBUG c.a.system.server.AttendanceServer - Registration request for user: jane.smith (Teacher)
2026-05-09 21:24:56.123 [main] INFO  c.a.system.server.AttendanceServer - User registered successfully: jane.smith (Teacher)
2026-05-09 21:24:56.123 [main] DEBUG c.a.system.server.AttendanceServer - Method registerUser completed in 398 ms
2026-05-09 21:24:56.139 [main] INFO  c.a.system.server.AttendanceServer - AttendanceServer initialized with injected dependencies
2026-05-09 21:24:56.140 [main] DEBUG c.a.system.server.AttendanceServer - Executing method: registerUser
2026-05-09 21:24:56.140 [main] DEBUG c.a.system.server.AttendanceServer - Registration request for user: existing.user (Student)
2026-05-09 21:24:56.534 [main] DEBUG c.a.system.server.AttendanceServer - Method registerUser completed in 394 ms
2026-05-09 21:24:56.537 [main] INFO  c.a.system.server.AttendanceServer - AttendanceServer initialized with injected dependencies
2026-05-09 21:24:56.538 [main] DEBUG c.a.system.server.AttendanceServer - Executing method: registerUser
2026-05-09 21:24:56.538 [main] DEBUG c.a.system.server.AttendanceServer - Registration request for user: newuser (Student)
2026-05-09 21:24:56.929 [main] WARN  c.a.system.server.AttendanceServer - Method registerUser failed: Connection failed
2026-05-09 21:24:56.931 [main] INFO  c.a.system.server.AttendanceServer - AttendanceServer initialized with injected dependencies
2026-05-09 21:24:56.932 [main] DEBUG c.a.system.server.AttendanceServer - Executing method: registerUser
2026-05-09 21:24:56.932 [main] DEBUG c.a.system.server.AttendanceServer - Registration request for user: abc (Student)
2026-05-09 21:24:57.320 [main] INFO  c.a.system.server.AttendanceServer - User registered successfully: abc (Student)
2026-05-09 21:24:57.320 [main] DEBUG c.a.system.server.AttendanceServer - Method registerUser completed in 388 ms
2026-05-09 21:24:57.322 [main] INFO  c.a.system.server.AttendanceServer - AttendanceServer initialized with injected dependencies
2026-05-09 21:24:57.323 [main] DEBUG c.a.system.server.AttendanceServer - Executing method: registerUser
2026-05-09 21:24:57.323 [main] DEBUG c.a.system.server.AttendanceServer - Registration request for user: aaaaaaaaaaaaaaaaaaaaaaaaaaaaaaaaaaaaaaaaaaaaaaaaaa (Student)
2026-05-09 21:24:57.665 [pool-3-thread-1] INFO  c.a.system.util.MaintenanceManager - Backup completed: f2189d41-0411-4101-86e5-ff8938aae1f7
2026-05-09 21:24:57.667 [pool-3-thread-2] INFO  c.a.system.util.MaintenanceManager - Backup completed: ac7c02a3-f6f4-4706-ac1e-a29a648e225d
2026-05-09 21:24:57.669 [pool-3-thread-1] INFO  c.a.system.util.MaintenanceManager - Backup completed: 9fa507d6-c6db-424a-a588-d846fb9e03e5
2026-05-09 21:24:57.680 [pool-3-thread-2] INFO  c.a.system.util.MaintenanceManager - Backup completed: 71b56d44-fbdd-456a-9bcb-19b6dbe8dd1d
2026-05-09 21:24:57.689 [pool-3-thread-1] INFO  c.a.system.util.MaintenanceManager - Backup completed: e38b6960-3d64-4964-aaab-7b2658d063c9
2026-05-09 21:24:57.700 [pool-3-thread-1] INFO  c.a.system.util.MaintenanceManager - Backup completed: ef4b77eb-17fc-497e-8e59-e747504b2104
2026-05-09 21:24:57.700 [pool-3-thread-1] INFO  c.a.system.util.MaintenanceManager - Backup completed: c1b7bbb9-610b-4841-8bca-3c3e31aa562a
2026-05-09 21:24:57.700 [pool-3-thread-2] INFO  c.a.system.util.MaintenanceManager - Backup completed: f1082406-925a-462e-8699-a8f36d84ebd2
2026-05-09 21:24:57.716 [pool-3-thread-1] INFO  c.a.system.util.MaintenanceManager - Backup completed: b724fecd-f915-4fee-be21-927ccb44aeb0
2026-05-09 21:24:57.716 [main] INFO  c.a.system.server.AttendanceServer - User registered successfully: aaaaaaaaaaaaaaaaaaaaaaaaaaaaaaaaaaaaaaaaaaaaaaaaaa (Student)
2026-05-09 21:24:57.716 [main] DEBUG c.a.system.server.AttendanceServer - Method registerUser completed in 393 ms
2026-05-09 21:24:57.718 [main] INFO  c.a.system.server.AttendanceServer - AttendanceServer initialized with injected dependencies
2026-05-09 21:24:57.719 [main] DEBUG c.a.system.server.AttendanceServer - Executing method: registerUser
2026-05-09 21:24:57.719 [main] DEBUG c.a.system.server.AttendanceServer - Registration request for user: testuser (Student)
2026-05-09 21:24:58.119 [main] INFO  c.a.system.server.AttendanceServer - User registered successfully: testuser (Student)
2026-05-09 21:24:58.119 [main] DEBUG c.a.system.server.AttendanceServer - Method registerUser completed in 400 ms
2026-05-09 21:24:58.122 [main] INFO  c.a.system.server.AttendanceServer - AttendanceServer initialized with injected dependencies
2026-05-09 21:24:58.125 [Thread-8] DEBUG c.a.system.server.AttendanceServer - Executing method: registerUser
2026-05-09 21:24:58.125 [Thread-9] DEBUG c.a.system.server.AttendanceServer - Executing method: registerUser
2026-05-09 21:24:58.125 [Thread-8] DEBUG c.a.system.server.AttendanceServer - Registration request for user: concurrent (Student)
2026-05-09 21:24:58.125 [Thread-9] DEBUG c.a.system.server.AttendanceServer - Registration request for user: concurrent (Student)
2026-05-09 21:24:58.536 [Thread-8] INFO  c.a.system.server.AttendanceServer - User registered successfully: concurrent (Student)
2026-05-09 21:24:58.536 [Thread-8] DEBUG c.a.system.server.AttendanceServer - Method registerUser completed in 411 ms
2026-05-09 21:24:58.537 [Thread-9] INFO  c.a.system.server.AttendanceServer - User registered successfully: concurrent (Student)
2026-05-09 21:24:58.538 [Thread-9] DEBUG c.a.system.server.AttendanceServer - Method registerUser completed in 413 ms
2026-05-09 21:24:58.542 [main] INFO  c.a.system.server.AttendanceServer - AttendanceServer initialized with injected dependencies
2026-05-09 21:24:58.543 [main] DEBUG c.a.system.server.AttendanceServer - Executing method: registerUser
2026-05-09 21:24:58.543 [main] DEBUG c.a.system.server.AttendanceServer - Registration request for user: testuser (Student)
2026-05-09 21:24:58.938 [main] INFO  c.a.system.server.AttendanceServer - User registered successfully: testuser (Student)
2026-05-09 21:24:58.939 [main] DEBUG c.a.system.server.AttendanceServer - Method registerUser completed in 396 ms
2026-05-09 21:24:58.942 [main] INFO  c.a.system.server.AttendanceServer - AttendanceServer initialized with injected dependencies
2026-05-09 21:24:58.943 [main] DEBUG c.a.system.server.AttendanceServer - Executing method: registerUser
2026-05-09 21:24:58.943 [main] DEBUG c.a.system.server.AttendanceServer - Registration request for user: john.doe (Student)
2026-05-09 21:24:59.345 [main] INFO  c.a.system.server.AttendanceServer - User registered successfully: john.doe (Student)
2026-05-09 21:24:59.345 [main] DEBUG c.a.system.server.AttendanceServer - Method registerUser completed in 402 ms
2026-05-09 21:24:59.348 [main] INFO  c.a.system.server.AttendanceServer - AttendanceServer initialized with injected dependencies
2026-05-09 21:24:59.350 [main] DEBUG c.a.system.server.AttendanceServer - Executing method: registerUser
2026-05-09 21:24:59.350 [main] DEBUG c.a.system.server.AttendanceServer - Registration request for user: testuser (Student)
2026-05-09 21:24:59.792 [main] INFO  c.a.system.server.AttendanceServer - User registered successfully: testuser (Student)
2026-05-09 21:24:59.792 [main] DEBUG c.a.system.server.AttendanceServer - Method registerUser completed in 442 ms
2026-05-09 21:25:40.820 [pool-1-thread-2] DEBUG c.a.system.server.ServerLauncher - Server stats - Active connections: 0, Total requests: 0
2026-05-09 21:26:40.820 [pool-1-thread-2] DEBUG c.a.system.server.ServerLauncher - Server stats - Active connections: 0, Total requests: 0
2026-05-09 21:27:40.821 [pool-1-thread-2] DEBUG c.a.system.server.ServerLauncher - Server stats - Active connections: 0, Total requests: 0
2026-05-09 21:28:40.820 [pool-1-thread-2] DEBUG c.a.system.server.ServerLauncher - Server stats - Active connections: 0, Total requests: 0
2026-05-09 21:29:40.820 [pool-1-thread-2] DEBUG c.a.system.server.ServerLauncher - Server stats - Active connections: 0, Total requests: 0
2026-05-09 21:30:40.820 [pool-1-thread-2] DEBUG c.a.system.server.ServerLauncher - Server stats - Active connections: 0, Total requests: 0
2026-05-09 21:31:40.820 [pool-1-thread-2] DEBUG c.a.system.server.ServerLauncher - Server stats - Active connections: 0, Total requests: 0
2026-05-09 21:31:44.962 [Thread-1] INFO  c.a.system.server.ServerLauncher - Shutdown hook triggered
2026-05-09 21:31:44.962 [Thread-1] INFO  c.a.system.server.ServerLauncher - Stopping Student Attendance System Server...
2026-05-09 21:31:44.962 [Thread-1] INFO  c.a.system.server.ServerLauncher - Service unbound from registry
2026-05-09 21:31:44.963 [Thread-1] INFO  c.a.system.server.ServerLauncher - Server unexported
2026-05-09 21:31:44.964 [Thread-1] INFO  com.zaxxer.hikari.HikariDataSource - HikariPool-2 - Shutdown initiated...
2026-05-09 21:31:44.977 [Thread-1] INFO  com.zaxxer.hikari.HikariDataSource - HikariPool-2 - Shutdown completed.
2026-05-09 21:31:44.977 [Thread-1] INFO  c.a.system.dao.DatabaseManager - Database connection pool closed
2026-05-09 21:31:44.977 [Thread-1] INFO  c.a.system.server.ServerLauncher - Database connections closed
2026-05-09 21:31:44.977 [Thread-1] INFO  c.a.system.server.ServerLauncher - Server stopped successfully
2026-05-09 21:31:49.578 [com.attendance.system.server.ServerLauncher.main()] INFO  c.a.system.server.ServerLauncher - Starting Student Attendance System Server...
2026-05-09 21:31:49.580 [com.attendance.system.server.ServerLauncher.main()] INFO  c.a.system.server.ServerLauncher - Initializing database connection...
2026-05-09 21:31:49.612 [com.attendance.system.server.ServerLauncher.main()] INFO  com.zaxxer.hikari.HikariDataSource - HikariPool-1 - Starting...
2026-05-09 21:31:49.928 [com.attendance.system.server.ServerLauncher.main()] INFO  com.zaxxer.hikari.pool.HikariPool - HikariPool-1 - Added connection com.mysql.cj.jdbc.ConnectionImpl@4a1c854e
2026-05-09 21:31:49.932 [com.attendance.system.server.ServerLauncher.main()] INFO  com.zaxxer.hikari.HikariDataSource - HikariPool-1 - Start completed.
2026-05-09 21:31:49.932 [com.attendance.system.server.ServerLauncher.main()] INFO  c.a.system.dao.DatabaseManager - Database connection pool initialized successfully
2026-05-09 21:31:49.943 [com.attendance.system.server.ServerLauncher.main()] DEBUG c.a.system.dao.DatabaseManager - Database connection test successful
2026-05-09 21:31:49.959 [com.attendance.system.server.ServerLauncher.main()] INFO  com.zaxxer.hikari.HikariDataSource - HikariPool-2 - Starting...
2026-05-09 21:31:49.966 [com.attendance.system.server.ServerLauncher.main()] INFO  com.zaxxer.hikari.pool.HikariPool - HikariPool-2 - Added connection com.mysql.cj.jdbc.ConnectionImpl@3b13d790
2026-05-09 21:31:49.967 [com.attendance.system.server.ServerLauncher.main()] INFO  com.zaxxer.hikari.HikariDataSource - HikariPool-2 - Start completed.
2026-05-09 21:31:49.968 [com.attendance.system.server.ServerLauncher.main()] INFO  c.a.system.dao.DatabaseManager - Database connection pool initialized successfully
2026-05-09 21:31:49.970 [com.attendance.system.server.ServerLauncher.main()] DEBUG c.a.system.dao.DatabaseManager - Database connection test successful
2026-05-09 21:31:49.973 [com.attendance.system.server.ServerLauncher.main()] DEBUG c.a.system.dao.DatabaseManager - Database connection test successful
2026-05-09 21:31:49.975 [com.attendance.system.server.ServerLauncher.main()] INFO  c.a.system.server.ServerLauncher - Database connection established successfully
2026-05-09 21:31:49.977 [com.attendance.system.server.ServerLauncher.main()] DEBUG c.a.system.server.ServerLauncher - Setting up RMI system properties...
2026-05-09 21:31:49.978 [com.attendance.system.server.ServerLauncher.main()] INFO  c.a.system.server.ServerLauncher - RMI server hostname set to: localhost
2026-05-09 21:31:49.979 [com.attendance.system.server.ServerLauncher.main()] INFO  c.a.system.server.ServerLauncher - Setting up RMI registry on port 1100...
2026-05-09 21:31:50.025 [com.attendance.system.server.ServerLauncher.main()] INFO  c.a.system.server.ServerLauncher - Created new RMI registry on port 1100
2026-05-09 21:31:50.026 [com.attendance.system.server.ServerLauncher.main()] INFO  c.a.system.server.ServerLauncher - Creating and exporting attendance server...
2026-05-09 21:31:50.085 [com.attendance.system.server.ServerLauncher.main()] INFO  c.a.system.server.AttendanceServer - AttendanceServer initialized successfully
2026-05-09 21:31:50.085 [com.attendance.system.server.ServerLauncher.main()] INFO  c.a.system.server.AttendanceServer - Encryption enabled: false
2026-05-09 21:31:50.085 [com.attendance.system.server.ServerLauncher.main()] INFO  c.a.system.server.AttendanceServer - Max concurrent users: 100
2026-05-09 21:31:50.086 [com.attendance.system.server.ServerLauncher.main()] INFO  c.a.system.server.ServerLauncher - Attendance server created and exported successfully
2026-05-09 21:31:50.086 [com.attendance.system.server.ServerLauncher.main()] INFO  c.a.system.server.ServerLauncher - Binding server to registry with name 'AttendanceService'...
2026-05-09 21:31:50.086 [com.attendance.system.server.ServerLauncher.main()] INFO  c.a.system.server.ServerLauncher - Server bound to registry successfully
2026-05-09 21:31:50.086 [com.attendance.system.server.ServerLauncher.main()] INFO  c.a.system.server.ServerLauncher - Starting maintenance tasks...
2026-05-09 21:31:50.090 [com.attendance.system.server.ServerLauncher.main()] INFO  c.a.system.server.ServerLauncher - Maintenance tasks started
2026-05-09 21:31:50.091 [com.attendance.system.server.ServerLauncher.main()] INFO  c.a.system.server.ServerLauncher - Server started successfully!
2026-05-09 21:31:50.091 [com.attendance.system.server.ServerLauncher.main()] INFO  c.a.system.server.ServerLauncher - Service name: AttendanceService
2026-05-09 21:31:50.091 [com.attendance.system.server.ServerLauncher.main()] INFO  c.a.system.server.ServerLauncher - RMI registry port: 1100
2026-05-09 21:31:50.092 [com.attendance.system.server.ServerLauncher.main()] INFO  c.a.system.server.ServerLauncher - Server listening on port: 0
2026-05-09 21:31:50.092 [com.attendance.system.server.ServerLauncher.main()] INFO  c.a.system.server.ServerLauncher - Server is ready to accept client connections.
2026-05-09 21:32:14.223 [AWT-EventQueue-0] INFO  c.a.system.client.AttendanceGUI - GUI initialized successfully
2026-05-09 21:32:14.228 [ForkJoinPool.commonPool-worker-2] INFO  c.a.system.client.AttendanceGUI - Attempting to connect to server: rmi://localhost:1100/AttendanceService
2026-05-09 21:32:14.686 [AWT-EventQueue-0] INFO  c.a.system.client.AttendanceGUI - Successfully connected to server
2026-05-09 21:32:50.090 [pool-1-thread-2] DEBUG c.a.system.server.ServerLauncher - Server stats - Active connections: 0, Total requests: 0
2026-05-09 21:33:43.446 [RMI TCP Connection(3)-127.0.0.1] DEBUG c.a.system.server.AttendanceServer - Executing method: registerUser
2026-05-09 21:33:43.447 [RMI TCP Connection(3)-127.0.0.1] DEBUG c.a.system.server.AttendanceServer - Registration request for user: wolde (Student)
2026-05-09 21:33:43.485 [RMI TCP Connection(3)-127.0.0.1] WARN  c.a.system.server.AttendanceServer - Method registerUser failed: Email address already exists
2026-05-09 21:33:43.523 [ForkJoinPool.commonPool-worker-1] ERROR c.a.system.client.RegistrationFrame - Remote service error during registration
java.rmi.ServerException: RemoteException occurred in server thread; nested exception is: 
	java.rmi.RemoteException: Email address already exists; nested exception is: 
	AttendanceSystemException{errorCode='VALIDATION_ERROR', userMessage='Email address already exists', technicalDetails='Email address already exists'}
	at java.rmi/sun.rmi.server.UnicastServerRef.dispatch(UnicastServerRef.java:392)
	at java.rmi/sun.rmi.transport.Transport$1.run(Transport.java:200)
	at java.rmi/sun.rmi.transport.Transport$1.run(Transport.java:197)
	at java.base/java.security.AccessController.doPrivileged(AccessController.java:714)
	at java.rmi/sun.rmi.transport.Transport.serviceCall(Transport.java:196)
	at java.rmi/sun.rmi.transport.tcp.TCPTransport.handleMessages(TCPTransport.java:598)
	at java.rmi/sun.rmi.transport.tcp.TCPTransport$ConnectionHandler.run0(TCPTransport.java:844)
	at java.rmi/sun.rmi.transport.tcp.TCPTransport$ConnectionHandler.lambda$run$0(TCPTransport.java:721)
	at java.base/java.security.AccessController.doPrivileged(AccessController.java:400)
	at java.rmi/sun.rmi.transport.tcp.TCPTransport$ConnectionHandler.run(TCPTransport.java:720)
	at java.base/java.util.concurrent.ThreadPoolExecutor.runWorker(ThreadPoolExecutor.java:1144)
	at java.base/java.util.concurrent.ThreadPoolExecutor$Worker.run(ThreadPoolExecutor.java:642)
	at java.base/java.lang.Thread.run(Thread.java:1583)
	at java.rmi/sun.rmi.transport.StreamRemoteCall.exceptionReceivedFromServer(StreamRemoteCall.java:304)
	at java.rmi/sun.rmi.transport.StreamRemoteCall.executeCall(StreamRemoteCall.java:280)
	at java.rmi/sun.rmi.server.UnicastRef.invoke(UnicastRef.java:166)
	at java.rmi/java.rmi.server.RemoteObjectInvocationHandler.invokeRemoteMethod(RemoteObjectInvocationHandler.java:215)
	at java.rmi/java.rmi.server.RemoteObjectInvocationHandler.invoke(RemoteObjectInvocationHandler.java:160)
	at jdk.proxy3/jdk.proxy3.$Proxy25.registerUser(Unknown Source)
	at com.attendance.system.client.RegistrationFrame.lambda$performRegistration$9(RegistrationFrame.java:938)
	at java.base/java.util.concurrent.CompletableFuture$AsyncRun.run(CompletableFuture.java:1804)
	at java.base/java.util.concurrent.CompletableFuture$AsyncRun.exec(CompletableFuture.java:1796)
	at java.base/java.util.concurrent.ForkJoinTask.doExec(ForkJoinTask.java:387)
	at java.base/java.util.concurrent.ForkJoinPool$WorkQueue.topLevelExec(ForkJoinPool.java:1312)
	at java.base/java.util.concurrent.ForkJoinPool.scan(ForkJoinPool.java:1843)
	at java.base/java.util.concurrent.ForkJoinPool.runWorker(ForkJoinPool.java:1808)
	at java.base/java.util.concurrent.ForkJoinWorkerThread.run(ForkJoinWorkerThread.java:188)
Caused by: java.rmi.RemoteException: Email address already exists; nested exception is: 
	AttendanceSystemException{errorCode='VALIDATION_ERROR', userMessage='Email address already exists', technicalDetails='Email address already exists'}
	at com.attendance.system.server.AttendanceServer.executeWithErrorHandling(AttendanceServer.java:1332)
	at com.attendance.system.server.AttendanceServer.registerUser(AttendanceServer.java:192)
	at java.base/jdk.internal.reflect.DirectMethodHandleAccessor.invoke(DirectMethodHandleAccessor.java:103)
	at java.base/java.lang.reflect.Method.invoke(Method.java:580)
	at java.rmi/sun.rmi.server.UnicastServerRef.dispatch(UnicastServerRef.java:360)
	at java.rmi/sun.rmi.transport.Transport$1.run(Transport.java:200)
	at java.rmi/sun.rmi.transport.Transport$1.run(Transport.java:197)
	at java.base/java.security.AccessController.doPrivileged(AccessController.java:714)
	at java.rmi/sun.rmi.transport.Transport.serviceCall(Transport.java:196)
	at java.rmi/sun.rmi.transport.tcp.TCPTransport.handleMessages(TCPTransport.java:598)
	at java.rmi/sun.rmi.transport.tcp.TCPTransport$ConnectionHandler.run0(TCPTransport.java:844)
	at java.rmi/sun.rmi.transport.tcp.TCPTransport$ConnectionHandler.lambda$run$0(TCPTransport.java:721)
	at java.base/java.security.AccessController.doPrivileged(AccessController.java:400)
	at java.rmi/sun.rmi.transport.tcp.TCPTransport$ConnectionHandler.run(TCPTransport.java:720)
	at java.base/java.util.concurrent.ThreadPoolExecutor.runWorker(ThreadPoolExecutor.java:1144)
	at java.base/java.util.concurrent.ThreadPoolExecutor$Worker.run(ThreadPoolExecutor.java:642)
	at java.base/java.lang.Thread.run(Thread.java:1583)
Caused by: com.attendance.system.exception.ValidationException: Email address already exists
	at com.attendance.system.server.AttendanceServer.lambda$registerUser$4(AttendanceServer.java:294)
	at com.attendance.system.server.AttendanceServer.executeWithErrorHandling(AttendanceServer.java:1317)
	... 16 common frames omitted
2026-05-09 21:33:50.090 [pool-1-thread-2] DEBUG c.a.system.server.ServerLauncher - Server stats - Active connections: 0, Total requests: 1
2026-05-09 21:34:01.544 [RMI TCP Connection(4)-127.0.0.1] DEBUG c.a.system.server.AttendanceServer - Executing method: registerUser
2026-05-09 21:34:01.546 [RMI TCP Connection(4)-127.0.0.1] DEBUG c.a.system.server.AttendanceServer - Registration request for user: wolde (Student)
2026-05-09 21:34:01.573 [RMI TCP Connection(4)-127.0.0.1] WARN  c.a.system.server.AttendanceServer - Method registerUser failed: Email address already exists
2026-05-09 21:34:01.627 [ForkJoinPool.commonPool-worker-1] ERROR c.a.system.client.RegistrationFrame - Remote service error during registration
java.rmi.ServerException: RemoteException occurred in server thread; nested exception is: 
	java.rmi.RemoteException: Email address already exists; nested exception is: 
	AttendanceSystemException{errorCode='VALIDATION_ERROR', userMessage='Email address already exists', technicalDetails='Email address already exists'}
	at java.rmi/sun.rmi.server.UnicastServerRef.dispatch(UnicastServerRef.java:392)
	at java.rmi/sun.rmi.transport.Transport$1.run(Transport.java:200)
	at java.rmi/sun.rmi.transport.Transport$1.run(Transport.java:197)
	at java.base/java.security.AccessController.doPrivileged(AccessController.java:714)
	at java.rmi/sun.rmi.transport.Transport.serviceCall(Transport.java:196)
	at java.rmi/sun.rmi.transport.tcp.TCPTransport.handleMessages(TCPTransport.java:598)
	at java.rmi/sun.rmi.transport.tcp.TCPTransport$ConnectionHandler.run0(TCPTransport.java:844)
	at java.rmi/sun.rmi.transport.tcp.TCPTransport$ConnectionHandler.lambda$run$0(TCPTransport.java:721)
	at java.base/java.security.AccessController.doPrivileged(AccessController.java:400)
	at java.rmi/sun.rmi.transport.tcp.TCPTransport$ConnectionHandler.run(TCPTransport.java:720)
	at java.base/java.util.concurrent.ThreadPoolExecutor.runWorker(ThreadPoolExecutor.java:1144)
	at java.base/java.util.concurrent.ThreadPoolExecutor$Worker.run(ThreadPoolExecutor.java:642)
	at java.base/java.lang.Thread.run(Thread.java:1583)
	at java.rmi/sun.rmi.transport.StreamRemoteCall.exceptionReceivedFromServer(StreamRemoteCall.java:304)
	at java.rmi/sun.rmi.transport.StreamRemoteCall.executeCall(StreamRemoteCall.java:280)
	at java.rmi/sun.rmi.server.UnicastRef.invoke(UnicastRef.java:166)
	at java.rmi/java.rmi.server.RemoteObjectInvocationHandler.invokeRemoteMethod(RemoteObjectInvocationHandler.java:215)
	at java.rmi/java.rmi.server.RemoteObjectInvocationHandler.invoke(RemoteObjectInvocationHandler.java:160)
	at jdk.proxy3/jdk.proxy3.$Proxy25.registerUser(Unknown Source)
	at com.attendance.system.client.RegistrationFrame.lambda$performRegistration$9(RegistrationFrame.java:938)
	at java.base/java.util.concurrent.CompletableFuture$AsyncRun.run(CompletableFuture.java:1804)
	at java.base/java.util.concurrent.CompletableFuture$AsyncRun.exec(CompletableFuture.java:1796)
	at java.base/java.util.concurrent.ForkJoinTask.doExec(ForkJoinTask.java:387)
	at java.base/java.util.concurrent.ForkJoinPool$WorkQueue.topLevelExec(ForkJoinPool.java:1312)
	at java.base/java.util.concurrent.ForkJoinPool.scan(ForkJoinPool.java:1843)
	at java.base/java.util.concurrent.ForkJoinPool.runWorker(ForkJoinPool.java:1808)
	at java.base/java.util.concurrent.ForkJoinWorkerThread.run(ForkJoinWorkerThread.java:188)
Caused by: java.rmi.RemoteException: Email address already exists; nested exception is: 
	AttendanceSystemException{errorCode='VALIDATION_ERROR', userMessage='Email address already exists', technicalDetails='Email address already exists'}
	at com.attendance.system.server.AttendanceServer.executeWithErrorHandling(AttendanceServer.java:1332)
	at com.attendance.system.server.AttendanceServer.registerUser(AttendanceServer.java:192)
	at java.base/jdk.internal.reflect.DirectMethodHandleAccessor.invoke(DirectMethodHandleAccessor.java:103)
	at java.base/java.lang.reflect.Method.invoke(Method.java:580)
	at java.rmi/sun.rmi.server.UnicastServerRef.dispatch(UnicastServerRef.java:360)
	at java.rmi/sun.rmi.transport.Transport$1.run(Transport.java:200)
	at java.rmi/sun.rmi.transport.Transport$1.run(Transport.java:197)
	at java.base/java.security.AccessController.doPrivileged(AccessController.java:714)
	at java.rmi/sun.rmi.transport.Transport.serviceCall(Transport.java:196)
	at java.rmi/sun.rmi.transport.tcp.TCPTransport.handleMessages(TCPTransport.java:598)
	at java.rmi/sun.rmi.transport.tcp.TCPTransport$ConnectionHandler.run0(TCPTransport.java:844)
	at java.rmi/sun.rmi.transport.tcp.TCPTransport$ConnectionHandler.lambda$run$0(TCPTransport.java:721)
	at java.base/java.security.AccessController.doPrivileged(AccessController.java:400)
	at java.rmi/sun.rmi.transport.tcp.TCPTransport$ConnectionHandler.run(TCPTransport.java:720)
	at java.base/java.util.concurrent.ThreadPoolExecutor.runWorker(ThreadPoolExecutor.java:1144)
	at java.base/java.util.concurrent.ThreadPoolExecutor$Worker.run(ThreadPoolExecutor.java:642)
	at java.base/java.lang.Thread.run(Thread.java:1583)
Caused by: com.attendance.system.exception.ValidationException: Email address already exists
	at com.attendance.system.server.AttendanceServer.lambda$registerUser$4(AttendanceServer.java:294)
	at com.attendance.system.server.AttendanceServer.executeWithErrorHandling(AttendanceServer.java:1317)
	... 16 common frames omitted
2026-05-09 21:34:02.447 [RMI TCP Connection(5)-127.0.0.1] DEBUG c.a.system.server.AttendanceServer - Executing method: registerUser
2026-05-09 21:34:02.448 [RMI TCP Connection(5)-127.0.0.1] DEBUG c.a.system.server.AttendanceServer - Registration request for user: wolde (Student)
2026-05-09 21:34:02.464 [RMI TCP Connection(5)-127.0.0.1] WARN  c.a.system.server.AttendanceServer - Method registerUser failed: Email address already exists
2026-05-09 21:34:02.486 [ForkJoinPool.commonPool-worker-1] ERROR c.a.system.client.RegistrationFrame - Remote service error during registration
java.rmi.ServerException: RemoteException occurred in server thread; nested exception is: 
	java.rmi.RemoteException: Email address already exists; nested exception is: 
	AttendanceSystemException{errorCode='VALIDATION_ERROR', userMessage='Email address already exists', technicalDetails='Email address already exists'}
	at java.rmi/sun.rmi.server.UnicastServerRef.dispatch(UnicastServerRef.java:392)
	at java.rmi/sun.rmi.transport.Transport$1.run(Transport.java:200)
	at java.rmi/sun.rmi.transport.Transport$1.run(Transport.java:197)
	at java.base/java.security.AccessController.doPrivileged(AccessController.java:714)
	at java.rmi/sun.rmi.transport.Transport.serviceCall(Transport.java:196)
	at java.rmi/sun.rmi.transport.tcp.TCPTransport.handleMessages(TCPTransport.java:598)
	at java.rmi/sun.rmi.transport.tcp.TCPTransport$ConnectionHandler.run0(TCPTransport.java:844)
	at java.rmi/sun.rmi.transport.tcp.TCPTransport$ConnectionHandler.lambda$run$0(TCPTransport.java:721)
	at java.base/java.security.AccessController.doPrivileged(AccessController.java:400)
	at java.rmi/sun.rmi.transport.tcp.TCPTransport$ConnectionHandler.run(TCPTransport.java:720)
	at java.base/java.util.concurrent.ThreadPoolExecutor.runWorker(ThreadPoolExecutor.java:1144)
	at java.base/java.util.concurrent.ThreadPoolExecutor$Worker.run(ThreadPoolExecutor.java:642)
	at java.base/java.lang.Thread.run(Thread.java:1583)
	at java.rmi/sun.rmi.transport.StreamRemoteCall.exceptionReceivedFromServer(StreamRemoteCall.java:304)
	at java.rmi/sun.rmi.transport.StreamRemoteCall.executeCall(StreamRemoteCall.java:280)
	at java.rmi/sun.rmi.server.UnicastRef.invoke(UnicastRef.java:166)
	at java.rmi/java.rmi.server.RemoteObjectInvocationHandler.invokeRemoteMethod(RemoteObjectInvocationHandler.java:215)
	at java.rmi/java.rmi.server.RemoteObjectInvocationHandler.invoke(RemoteObjectInvocationHandler.java:160)
	at jdk.proxy3/jdk.proxy3.$Proxy25.registerUser(Unknown Source)
	at com.attendance.system.client.RegistrationFrame.lambda$performRegistration$9(RegistrationFrame.java:938)
	at java.base/java.util.concurrent.CompletableFuture$AsyncRun.run(CompletableFuture.java:1804)
	at java.base/java.util.concurrent.CompletableFuture$AsyncRun.exec(CompletableFuture.java:1796)
	at java.base/java.util.concurrent.ForkJoinTask.doExec(ForkJoinTask.java:387)
	at java.base/java.util.concurrent.ForkJoinPool$WorkQueue.topLevelExec(ForkJoinPool.java:1312)
	at java.base/java.util.concurrent.ForkJoinPool.scan(ForkJoinPool.java:1843)
	at java.base/java.util.concurrent.ForkJoinPool.runWorker(ForkJoinPool.java:1808)
	at java.base/java.util.concurrent.ForkJoinWorkerThread.run(ForkJoinWorkerThread.java:188)
Caused by: java.rmi.RemoteException: Email address already exists; nested exception is: 
	AttendanceSystemException{errorCode='VALIDATION_ERROR', userMessage='Email address already exists', technicalDetails='Email address already exists'}
	at com.attendance.system.server.AttendanceServer.executeWithErrorHandling(AttendanceServer.java:1332)
	at com.attendance.system.server.AttendanceServer.registerUser(AttendanceServer.java:192)
	at java.base/jdk.internal.reflect.DirectMethodHandleAccessor.invoke(DirectMethodHandleAccessor.java:103)
	at java.base/java.lang.reflect.Method.invoke(Method.java:580)
	at java.rmi/sun.rmi.server.UnicastServerRef.dispatch(UnicastServerRef.java:360)
	at java.rmi/sun.rmi.transport.Transport$1.run(Transport.java:200)
	at java.rmi/sun.rmi.transport.Transport$1.run(Transport.java:197)
	at java.base/java.security.AccessController.doPrivileged(AccessController.java:714)
	at java.rmi/sun.rmi.transport.Transport.serviceCall(Transport.java:196)
	at java.rmi/sun.rmi.transport.tcp.TCPTransport.handleMessages(TCPTransport.java:598)
	at java.rmi/sun.rmi.transport.tcp.TCPTransport$ConnectionHandler.run0(TCPTransport.java:844)
	at java.rmi/sun.rmi.transport.tcp.TCPTransport$ConnectionHandler.lambda$run$0(TCPTransport.java:721)
	at java.base/java.security.AccessController.doPrivileged(AccessController.java:400)
	at java.rmi/sun.rmi.transport.tcp.TCPTransport$ConnectionHandler.run(TCPTransport.java:720)
	at java.base/java.util.concurrent.ThreadPoolExecutor.runWorker(ThreadPoolExecutor.java:1144)
	at java.base/java.util.concurrent.ThreadPoolExecutor$Worker.run(ThreadPoolExecutor.java:642)
	at java.base/java.lang.Thread.run(Thread.java:1583)
Caused by: com.attendance.system.exception.ValidationException: Email address already exists
	at com.attendance.system.server.AttendanceServer.lambda$registerUser$4(AttendanceServer.java:294)
	at com.attendance.system.server.AttendanceServer.executeWithErrorHandling(AttendanceServer.java:1317)
	... 16 common frames omitted
2026-05-09 21:34:02.776 [RMI TCP Connection(6)-127.0.0.1] DEBUG c.a.system.server.AttendanceServer - Executing method: registerUser
2026-05-09 21:34:02.779 [RMI TCP Connection(6)-127.0.0.1] DEBUG c.a.system.server.AttendanceServer - Registration request for user: wolde (Student)
2026-05-09 21:34:02.792 [RMI TCP Connection(6)-127.0.0.1] WARN  c.a.system.server.AttendanceServer - Method registerUser failed: Email address already exists
2026-05-09 21:34:02.809 [ForkJoinPool.commonPool-worker-1] ERROR c.a.system.client.RegistrationFrame - Remote service error during registration
java.rmi.ServerException: RemoteException occurred in server thread; nested exception is: 
	java.rmi.RemoteException: Email address already exists; nested exception is: 
	AttendanceSystemException{errorCode='VALIDATION_ERROR', userMessage='Email address already exists', technicalDetails='Email address already exists'}
	at java.rmi/sun.rmi.server.UnicastServerRef.dispatch(UnicastServerRef.java:392)
	at java.rmi/sun.rmi.transport.Transport$1.run(Transport.java:200)
	at java.rmi/sun.rmi.transport.Transport$1.run(Transport.java:197)
	at java.base/java.security.AccessController.doPrivileged(AccessController.java:714)
	at java.rmi/sun.rmi.transport.Transport.serviceCall(Transport.java:196)
	at java.rmi/sun.rmi.transport.tcp.TCPTransport.handleMessages(TCPTransport.java:598)
	at java.rmi/sun.rmi.transport.tcp.TCPTransport$ConnectionHandler.run0(TCPTransport.java:844)
	at java.rmi/sun.rmi.transport.tcp.TCPTransport$ConnectionHandler.lambda$run$0(TCPTransport.java:721)
	at java.base/java.security.AccessController.doPrivileged(AccessController.java:400)
	at java.rmi/sun.rmi.transport.tcp.TCPTransport$ConnectionHandler.run(TCPTransport.java:720)
	at java.base/java.util.concurrent.ThreadPoolExecutor.runWorker(ThreadPoolExecutor.java:1144)
	at java.base/java.util.concurrent.ThreadPoolExecutor$Worker.run(ThreadPoolExecutor.java:642)
	at java.base/java.lang.Thread.run(Thread.java:1583)
	at java.rmi/sun.rmi.transport.StreamRemoteCall.exceptionReceivedFromServer(StreamRemoteCall.java:304)
	at java.rmi/sun.rmi.transport.StreamRemoteCall.executeCall(StreamRemoteCall.java:280)
	at java.rmi/sun.rmi.server.UnicastRef.invoke(UnicastRef.java:166)
	at java.rmi/java.rmi.server.RemoteObjectInvocationHandler.invokeRemoteMethod(RemoteObjectInvocationHandler.java:215)
	at java.rmi/java.rmi.server.RemoteObjectInvocationHandler.invoke(RemoteObjectInvocationHandler.java:160)
	at jdk.proxy3/jdk.proxy3.$Proxy25.registerUser(Unknown Source)
	at com.attendance.system.client.RegistrationFrame.lambda$performRegistration$9(RegistrationFrame.java:938)
	at java.base/java.util.concurrent.CompletableFuture$AsyncRun.run(CompletableFuture.java:1804)
	at java.base/java.util.concurrent.CompletableFuture$AsyncRun.exec(CompletableFuture.java:1796)
	at java.base/java.util.concurrent.ForkJoinTask.doExec(ForkJoinTask.java:387)
	at java.base/java.util.concurrent.ForkJoinPool$WorkQueue.topLevelExec(ForkJoinPool.java:1312)
	at java.base/java.util.concurrent.ForkJoinPool.scan(ForkJoinPool.java:1843)
	at java.base/java.util.concurrent.ForkJoinPool.runWorker(ForkJoinPool.java:1808)
	at java.base/java.util.concurrent.ForkJoinWorkerThread.run(ForkJoinWorkerThread.java:188)
Caused by: java.rmi.RemoteException: Email address already exists; nested exception is: 
	AttendanceSystemException{errorCode='VALIDATION_ERROR', userMessage='Email address already exists', technicalDetails='Email address already exists'}
	at com.attendance.system.server.AttendanceServer.executeWithErrorHandling(AttendanceServer.java:1332)
	at com.attendance.system.server.AttendanceServer.registerUser(AttendanceServer.java:192)
	at java.base/jdk.internal.reflect.DirectMethodHandleAccessor.invoke(DirectMethodHandleAccessor.java:103)
	at java.base/java.lang.reflect.Method.invoke(Method.java:580)
	at java.rmi/sun.rmi.server.UnicastServerRef.dispatch(UnicastServerRef.java:360)
	at java.rmi/sun.rmi.transport.Transport$1.run(Transport.java:200)
	at java.rmi/sun.rmi.transport.Transport$1.run(Transport.java:197)
	at java.base/java.security.AccessController.doPrivileged(AccessController.java:714)
	at java.rmi/sun.rmi.transport.Transport.serviceCall(Transport.java:196)
	at java.rmi/sun.rmi.transport.tcp.TCPTransport.handleMessages(TCPTransport.java:598)
	at java.rmi/sun.rmi.transport.tcp.TCPTransport$ConnectionHandler.run0(TCPTransport.java:844)
	at java.rmi/sun.rmi.transport.tcp.TCPTransport$ConnectionHandler.lambda$run$0(TCPTransport.java:721)
	at java.base/java.security.AccessController.doPrivileged(AccessController.java:400)
	at java.rmi/sun.rmi.transport.tcp.TCPTransport$ConnectionHandler.run(TCPTransport.java:720)
	at java.base/java.util.concurrent.ThreadPoolExecutor.runWorker(ThreadPoolExecutor.java:1144)
	at java.base/java.util.concurrent.ThreadPoolExecutor$Worker.run(ThreadPoolExecutor.java:642)
	at java.base/java.lang.Thread.run(Thread.java:1583)
Caused by: com.attendance.system.exception.ValidationException: Email address already exists
	at com.attendance.system.server.AttendanceServer.lambda$registerUser$4(AttendanceServer.java:294)
	at com.attendance.system.server.AttendanceServer.executeWithErrorHandling(AttendanceServer.java:1317)
	... 16 common frames omitted
2026-05-09 21:34:03.551 [RMI TCP Connection(7)-127.0.0.1] DEBUG c.a.system.server.AttendanceServer - Executing method: registerUser
2026-05-09 21:34:03.551 [RMI TCP Connection(7)-127.0.0.1] DEBUG c.a.system.server.AttendanceServer - Registration request for user: wolde (Student)
2026-05-09 21:34:03.562 [RMI TCP Connection(7)-127.0.0.1] WARN  c.a.system.server.AttendanceServer - Method registerUser failed: Email address already exists
2026-05-09 21:34:03.570 [ForkJoinPool.commonPool-worker-1] ERROR c.a.system.client.RegistrationFrame - Remote service error during registration
java.rmi.ServerException: RemoteException occurred in server thread; nested exception is: 
	java.rmi.RemoteException: Email address already exists; nested exception is: 
	AttendanceSystemException{errorCode='VALIDATION_ERROR', userMessage='Email address already exists', technicalDetails='Email address already exists'}
	at java.rmi/sun.rmi.server.UnicastServerRef.dispatch(UnicastServerRef.java:392)
	at java.rmi/sun.rmi.transport.Transport$1.run(Transport.java:200)
	at java.rmi/sun.rmi.transport.Transport$1.run(Transport.java:197)
	at java.base/java.security.AccessController.doPrivileged(AccessController.java:714)
	at java.rmi/sun.rmi.transport.Transport.serviceCall(Transport.java:196)
	at java.rmi/sun.rmi.transport.tcp.TCPTransport.handleMessages(TCPTransport.java:598)
	at java.rmi/sun.rmi.transport.tcp.TCPTransport$ConnectionHandler.run0(TCPTransport.java:844)
	at java.rmi/sun.rmi.transport.tcp.TCPTransport$ConnectionHandler.lambda$run$0(TCPTransport.java:721)
	at java.base/java.security.AccessController.doPrivileged(AccessController.java:400)
	at java.rmi/sun.rmi.transport.tcp.TCPTransport$ConnectionHandler.run(TCPTransport.java:720)
	at java.base/java.util.concurrent.ThreadPoolExecutor.runWorker(ThreadPoolExecutor.java:1144)
	at java.base/java.util.concurrent.ThreadPoolExecutor$Worker.run(ThreadPoolExecutor.java:642)
	at java.base/java.lang.Thread.run(Thread.java:1583)
	at java.rmi/sun.rmi.transport.StreamRemoteCall.exceptionReceivedFromServer(StreamRemoteCall.java:304)
	at java.rmi/sun.rmi.transport.StreamRemoteCall.executeCall(StreamRemoteCall.java:280)
	at java.rmi/sun.rmi.server.UnicastRef.invoke(UnicastRef.java:166)
	at java.rmi/java.rmi.server.RemoteObjectInvocationHandler.invokeRemoteMethod(RemoteObjectInvocationHandler.java:215)
	at java.rmi/java.rmi.server.RemoteObjectInvocationHandler.invoke(RemoteObjectInvocationHandler.java:160)
	at jdk.proxy3/jdk.proxy3.$Proxy25.registerUser(Unknown Source)
	at com.attendance.system.client.RegistrationFrame.lambda$performRegistration$9(RegistrationFrame.java:938)
	at java.base/java.util.concurrent.CompletableFuture$AsyncRun.run(CompletableFuture.java:1804)
	at java.base/java.util.concurrent.CompletableFuture$AsyncRun.exec(CompletableFuture.java:1796)
	at java.base/java.util.concurrent.ForkJoinTask.doExec(ForkJoinTask.java:387)
	at java.base/java.util.concurrent.ForkJoinPool$WorkQueue.topLevelExec(ForkJoinPool.java:1312)
	at java.base/java.util.concurrent.ForkJoinPool.scan(ForkJoinPool.java:1843)
	at java.base/java.util.concurrent.ForkJoinPool.runWorker(ForkJoinPool.java:1808)
	at java.base/java.util.concurrent.ForkJoinWorkerThread.run(ForkJoinWorkerThread.java:188)
Caused by: java.rmi.RemoteException: Email address already exists; nested exception is: 
	AttendanceSystemException{errorCode='VALIDATION_ERROR', userMessage='Email address already exists', technicalDetails='Email address already exists'}
	at com.attendance.system.server.AttendanceServer.executeWithErrorHandling(AttendanceServer.java:1332)
	at com.attendance.system.server.AttendanceServer.registerUser(AttendanceServer.java:192)
	at java.base/jdk.internal.reflect.DirectMethodHandleAccessor.invoke(DirectMethodHandleAccessor.java:103)
	at java.base/java.lang.reflect.Method.invoke(Method.java:580)
	at java.rmi/sun.rmi.server.UnicastServerRef.dispatch(UnicastServerRef.java:360)
	at java.rmi/sun.rmi.transport.Transport$1.run(Transport.java:200)
	at java.rmi/sun.rmi.transport.Transport$1.run(Transport.java:197)
	at java.base/java.security.AccessController.doPrivileged(AccessController.java:714)
	at java.rmi/sun.rmi.transport.Transport.serviceCall(Transport.java:196)
	at java.rmi/sun.rmi.transport.tcp.TCPTransport.handleMessages(TCPTransport.java:598)
	at java.rmi/sun.rmi.transport.tcp.TCPTransport$ConnectionHandler.run0(TCPTransport.java:844)
	at java.rmi/sun.rmi.transport.tcp.TCPTransport$ConnectionHandler.lambda$run$0(TCPTransport.java:721)
	at java.base/java.security.AccessController.doPrivileged(AccessController.java:400)
	at java.rmi/sun.rmi.transport.tcp.TCPTransport$ConnectionHandler.run(TCPTransport.java:720)
	at java.base/java.util.concurrent.ThreadPoolExecutor.runWorker(ThreadPoolExecutor.java:1144)
	at java.base/java.util.concurrent.ThreadPoolExecutor$Worker.run(ThreadPoolExecutor.java:642)
	at java.base/java.lang.Thread.run(Thread.java:1583)
Caused by: com.attendance.system.exception.ValidationException: Email address already exists
	at com.attendance.system.server.AttendanceServer.lambda$registerUser$4(AttendanceServer.java:294)
	at com.attendance.system.server.AttendanceServer.executeWithErrorHandling(AttendanceServer.java:1317)
	... 16 common frames omitted
2026-05-09 21:34:03.917 [RMI TCP Connection(8)-127.0.0.1] DEBUG c.a.system.server.AttendanceServer - Executing method: registerUser
2026-05-09 21:34:03.918 [RMI TCP Connection(8)-127.0.0.1] DEBUG c.a.system.server.AttendanceServer - Registration request for user: wolde (Student)
2026-05-09 21:34:03.929 [RMI TCP Connection(8)-127.0.0.1] WARN  c.a.system.server.AttendanceServer - Method registerUser failed: Email address already exists
2026-05-09 21:34:03.950 [ForkJoinPool.commonPool-worker-1] ERROR c.a.system.client.RegistrationFrame - Remote service error during registration
java.rmi.ServerException: RemoteException occurred in server thread; nested exception is: 
	java.rmi.RemoteException: Email address already exists; nested exception is: 
	AttendanceSystemException{errorCode='VALIDATION_ERROR', userMessage='Email address already exists', technicalDetails='Email address already exists'}
	at java.rmi/sun.rmi.server.UnicastServerRef.dispatch(UnicastServerRef.java:392)
	at java.rmi/sun.rmi.transport.Transport$1.run(Transport.java:200)
	at java.rmi/sun.rmi.transport.Transport$1.run(Transport.java:197)
	at java.base/java.security.AccessController.doPrivileged(AccessController.java:714)
	at java.rmi/sun.rmi.transport.Transport.serviceCall(Transport.java:196)
	at java.rmi/sun.rmi.transport.tcp.TCPTransport.handleMessages(TCPTransport.java:598)
	at java.rmi/sun.rmi.transport.tcp.TCPTransport$ConnectionHandler.run0(TCPTransport.java:844)
	at java.rmi/sun.rmi.transport.tcp.TCPTransport$ConnectionHandler.lambda$run$0(TCPTransport.java:721)
	at java.base/java.security.AccessController.doPrivileged(AccessController.java:400)
	at java.rmi/sun.rmi.transport.tcp.TCPTransport$ConnectionHandler.run(TCPTransport.java:720)
	at java.base/java.util.concurrent.ThreadPoolExecutor.runWorker(ThreadPoolExecutor.java:1144)
	at java.base/java.util.concurrent.ThreadPoolExecutor$Worker.run(ThreadPoolExecutor.java:642)
	at java.base/java.lang.Thread.run(Thread.java:1583)
	at java.rmi/sun.rmi.transport.StreamRemoteCall.exceptionReceivedFromServer(StreamRemoteCall.java:304)
	at java.rmi/sun.rmi.transport.StreamRemoteCall.executeCall(StreamRemoteCall.java:280)
	at java.rmi/sun.rmi.server.UnicastRef.invoke(UnicastRef.java:166)
	at java.rmi/java.rmi.server.RemoteObjectInvocationHandler.invokeRemoteMethod(RemoteObjectInvocationHandler.java:215)
	at java.rmi/java.rmi.server.RemoteObjectInvocationHandler.invoke(RemoteObjectInvocationHandler.java:160)
	at jdk.proxy3/jdk.proxy3.$Proxy25.registerUser(Unknown Source)
	at com.attendance.system.client.RegistrationFrame.lambda$performRegistration$9(RegistrationFrame.java:938)
	at java.base/java.util.concurrent.CompletableFuture$AsyncRun.run(CompletableFuture.java:1804)
	at java.base/java.util.concurrent.CompletableFuture$AsyncRun.exec(CompletableFuture.java:1796)
	at java.base/java.util.concurrent.ForkJoinTask.doExec(ForkJoinTask.java:387)
	at java.base/java.util.concurrent.ForkJoinPool$WorkQueue.topLevelExec(ForkJoinPool.java:1312)
	at java.base/java.util.concurrent.ForkJoinPool.scan(ForkJoinPool.java:1843)
	at java.base/java.util.concurrent.ForkJoinPool.runWorker(ForkJoinPool.java:1808)
	at java.base/java.util.concurrent.ForkJoinWorkerThread.run(ForkJoinWorkerThread.java:188)
Caused by: java.rmi.RemoteException: Email address already exists; nested exception is: 
	AttendanceSystemException{errorCode='VALIDATION_ERROR', userMessage='Email address already exists', technicalDetails='Email address already exists'}
	at com.attendance.system.server.AttendanceServer.executeWithErrorHandling(AttendanceServer.java:1332)
	at com.attendance.system.server.AttendanceServer.registerUser(AttendanceServer.java:192)
	at java.base/jdk.internal.reflect.DirectMethodHandleAccessor.invoke(DirectMethodHandleAccessor.java:103)
	at java.base/java.lang.reflect.Method.invoke(Method.java:580)
	at java.rmi/sun.rmi.server.UnicastServerRef.dispatch(UnicastServerRef.java:360)
	at java.rmi/sun.rmi.transport.Transport$1.run(Transport.java:200)
	at java.rmi/sun.rmi.transport.Transport$1.run(Transport.java:197)
	at java.base/java.security.AccessController.doPrivileged(AccessController.java:714)
	at java.rmi/sun.rmi.transport.Transport.serviceCall(Transport.java:196)
	at java.rmi/sun.rmi.transport.tcp.TCPTransport.handleMessages(TCPTransport.java:598)
	at java.rmi/sun.rmi.transport.tcp.TCPTransport$ConnectionHandler.run0(TCPTransport.java:844)
	at java.rmi/sun.rmi.transport.tcp.TCPTransport$ConnectionHandler.lambda$run$0(TCPTransport.java:721)
	at java.base/java.security.AccessController.doPrivileged(AccessController.java:400)
	at java.rmi/sun.rmi.transport.tcp.TCPTransport$ConnectionHandler.run(TCPTransport.java:720)
	at java.base/java.util.concurrent.ThreadPoolExecutor.runWorker(ThreadPoolExecutor.java:1144)
	at java.base/java.util.concurrent.ThreadPoolExecutor$Worker.run(ThreadPoolExecutor.java:642)
	at java.base/java.lang.Thread.run(Thread.java:1583)
Caused by: com.attendance.system.exception.ValidationException: Email address already exists
	at com.attendance.system.server.AttendanceServer.lambda$registerUser$4(AttendanceServer.java:294)
	at com.attendance.system.server.AttendanceServer.executeWithErrorHandling(AttendanceServer.java:1317)
	... 16 common frames omitted
2026-05-09 21:34:05.276 [RMI TCP Connection(9)-127.0.0.1] DEBUG c.a.system.server.AttendanceServer - Executing method: registerUser
2026-05-09 21:34:05.278 [RMI TCP Connection(9)-127.0.0.1] DEBUG c.a.system.server.AttendanceServer - Registration request for user: wolde (Student)
2026-05-09 21:34:05.313 [RMI TCP Connection(9)-127.0.0.1] WARN  c.a.system.server.AttendanceServer - Method registerUser failed: Email address already exists
2026-05-09 21:34:05.334 [ForkJoinPool.commonPool-worker-1] ERROR c.a.system.client.RegistrationFrame - Remote service error during registration
java.rmi.ServerException: RemoteException occurred in server thread; nested exception is: 
	java.rmi.RemoteException: Email address already exists; nested exception is: 
	AttendanceSystemException{errorCode='VALIDATION_ERROR', userMessage='Email address already exists', technicalDetails='Email address already exists'}
	at java.rmi/sun.rmi.server.UnicastServerRef.dispatch(UnicastServerRef.java:392)
	at java.rmi/sun.rmi.transport.Transport$1.run(Transport.java:200)
	at java.rmi/sun.rmi.transport.Transport$1.run(Transport.java:197)
	at java.base/java.security.AccessController.doPrivileged(AccessController.java:714)
	at java.rmi/sun.rmi.transport.Transport.serviceCall(Transport.java:196)
	at java.rmi/sun.rmi.transport.tcp.TCPTransport.handleMessages(TCPTransport.java:598)
	at java.rmi/sun.rmi.transport.tcp.TCPTransport$ConnectionHandler.run0(TCPTransport.java:844)
	at java.rmi/sun.rmi.transport.tcp.TCPTransport$ConnectionHandler.lambda$run$0(TCPTransport.java:721)
	at java.base/java.security.AccessController.doPrivileged(AccessController.java:400)
	at java.rmi/sun.rmi.transport.tcp.TCPTransport$ConnectionHandler.run(TCPTransport.java:720)
	at java.base/java.util.concurrent.ThreadPoolExecutor.runWorker(ThreadPoolExecutor.java:1144)
	at java.base/java.util.concurrent.ThreadPoolExecutor$Worker.run(ThreadPoolExecutor.java:642)
	at java.base/java.lang.Thread.run(Thread.java:1583)
	at java.rmi/sun.rmi.transport.StreamRemoteCall.exceptionReceivedFromServer(StreamRemoteCall.java:304)
	at java.rmi/sun.rmi.transport.StreamRemoteCall.executeCall(StreamRemoteCall.java:280)
	at java.rmi/sun.rmi.server.UnicastRef.invoke(UnicastRef.java:166)
	at java.rmi/java.rmi.server.RemoteObjectInvocationHandler.invokeRemoteMethod(RemoteObjectInvocationHandler.java:215)
	at java.rmi/java.rmi.server.RemoteObjectInvocationHandler.invoke(RemoteObjectInvocationHandler.java:160)
	at jdk.proxy3/jdk.proxy3.$Proxy25.registerUser(Unknown Source)
	at com.attendance.system.client.RegistrationFrame.lambda$performRegistration$9(RegistrationFrame.java:938)
	at java.base/java.util.concurrent.CompletableFuture$AsyncRun.run(CompletableFuture.java:1804)
	at java.base/java.util.concurrent.CompletableFuture$AsyncRun.exec(CompletableFuture.java:1796)
	at java.base/java.util.concurrent.ForkJoinTask.doExec(ForkJoinTask.java:387)
	at java.base/java.util.concurrent.ForkJoinPool$WorkQueue.topLevelExec(ForkJoinPool.java:1312)
	at java.base/java.util.concurrent.ForkJoinPool.scan(ForkJoinPool.java:1843)
	at java.base/java.util.concurrent.ForkJoinPool.runWorker(ForkJoinPool.java:1808)
	at java.base/java.util.concurrent.ForkJoinWorkerThread.run(ForkJoinWorkerThread.java:188)
Caused by: java.rmi.RemoteException: Email address already exists; nested exception is: 
	AttendanceSystemException{errorCode='VALIDATION_ERROR', userMessage='Email address already exists', technicalDetails='Email address already exists'}
	at com.attendance.system.server.AttendanceServer.executeWithErrorHandling(AttendanceServer.java:1332)
	at com.attendance.system.server.AttendanceServer.registerUser(AttendanceServer.java:192)
	at java.base/jdk.internal.reflect.DirectMethodHandleAccessor.invoke(DirectMethodHandleAccessor.java:103)
	at java.base/java.lang.reflect.Method.invoke(Method.java:580)
	at java.rmi/sun.rmi.server.UnicastServerRef.dispatch(UnicastServerRef.java:360)
	at java.rmi/sun.rmi.transport.Transport$1.run(Transport.java:200)
	at java.rmi/sun.rmi.transport.Transport$1.run(Transport.java:197)
	at java.base/java.security.AccessController.doPrivileged(AccessController.java:714)
	at java.rmi/sun.rmi.transport.Transport.serviceCall(Transport.java:196)
	at java.rmi/sun.rmi.transport.tcp.TCPTransport.handleMessages(TCPTransport.java:598)
	at java.rmi/sun.rmi.transport.tcp.TCPTransport$ConnectionHandler.run0(TCPTransport.java:844)
	at java.rmi/sun.rmi.transport.tcp.TCPTransport$ConnectionHandler.lambda$run$0(TCPTransport.java:721)
	at java.base/java.security.AccessController.doPrivileged(AccessController.java:400)
	at java.rmi/sun.rmi.transport.tcp.TCPTransport$ConnectionHandler.run(TCPTransport.java:720)
	at java.base/java.util.concurrent.ThreadPoolExecutor.runWorker(ThreadPoolExecutor.java:1144)
	at java.base/java.util.concurrent.ThreadPoolExecutor$Worker.run(ThreadPoolExecutor.java:642)
	at java.base/java.lang.Thread.run(Thread.java:1583)
Caused by: com.attendance.system.exception.ValidationException: Email address already exists
	at com.attendance.system.server.AttendanceServer.lambda$registerUser$4(AttendanceServer.java:294)
	at com.attendance.system.server.AttendanceServer.executeWithErrorHandling(AttendanceServer.java:1317)
	... 16 common frames omitted
2026-05-09 21:34:05.579 [RMI TCP Connection(10)-127.0.0.1] DEBUG c.a.system.server.AttendanceServer - Executing method: registerUser
2026-05-09 21:34:05.581 [RMI TCP Connection(10)-127.0.0.1] DEBUG c.a.system.server.AttendanceServer - Registration request for user: wolde (Student)
2026-05-09 21:34:05.613 [RMI TCP Connection(10)-127.0.0.1] WARN  c.a.system.server.AttendanceServer - Method registerUser failed: Email address already exists
2026-05-09 21:34:05.670 [ForkJoinPool.commonPool-worker-1] ERROR c.a.system.client.RegistrationFrame - Remote service error during registration
java.rmi.ServerException: RemoteException occurred in server thread; nested exception is: 
	java.rmi.RemoteException: Email address already exists; nested exception is: 
	AttendanceSystemException{errorCode='VALIDATION_ERROR', userMessage='Email address already exists', technicalDetails='Email address already exists'}
	at java.rmi/sun.rmi.server.UnicastServerRef.dispatch(UnicastServerRef.java:392)
	at java.rmi/sun.rmi.transport.Transport$1.run(Transport.java:200)
	at java.rmi/sun.rmi.transport.Transport$1.run(Transport.java:197)
	at java.base/java.security.AccessController.doPrivileged(AccessController.java:714)
	at java.rmi/sun.rmi.transport.Transport.serviceCall(Transport.java:196)
	at java.rmi/sun.rmi.transport.tcp.TCPTransport.handleMessages(TCPTransport.java:598)
	at java.rmi/sun.rmi.transport.tcp.TCPTransport$ConnectionHandler.run0(TCPTransport.java:844)
	at java.rmi/sun.rmi.transport.tcp.TCPTransport$ConnectionHandler.lambda$run$0(TCPTransport.java:721)
	at java.base/java.security.AccessController.doPrivileged(AccessController.java:400)
	at java.rmi/sun.rmi.transport.tcp.TCPTransport$ConnectionHandler.run(TCPTransport.java:720)
	at java.base/java.util.concurrent.ThreadPoolExecutor.runWorker(ThreadPoolExecutor.java:1144)
	at java.base/java.util.concurrent.ThreadPoolExecutor$Worker.run(ThreadPoolExecutor.java:642)
	at java.base/java.lang.Thread.run(Thread.java:1583)
	at java.rmi/sun.rmi.transport.StreamRemoteCall.exceptionReceivedFromServer(StreamRemoteCall.java:304)
	at java.rmi/sun.rmi.transport.StreamRemoteCall.executeCall(StreamRemoteCall.java:280)
	at java.rmi/sun.rmi.server.UnicastRef.invoke(UnicastRef.java:166)
	at java.rmi/java.rmi.server.RemoteObjectInvocationHandler.invokeRemoteMethod(RemoteObjectInvocationHandler.java:215)
	at java.rmi/java.rmi.server.RemoteObjectInvocationHandler.invoke(RemoteObjectInvocationHandler.java:160)
	at jdk.proxy3/jdk.proxy3.$Proxy25.registerUser(Unknown Source)
	at com.attendance.system.client.RegistrationFrame.lambda$performRegistration$9(RegistrationFrame.java:938)
	at java.base/java.util.concurrent.CompletableFuture$AsyncRun.run(CompletableFuture.java:1804)
	at java.base/java.util.concurrent.CompletableFuture$AsyncRun.exec(CompletableFuture.java:1796)
	at java.base/java.util.concurrent.ForkJoinTask.doExec(ForkJoinTask.java:387)
	at java.base/java.util.concurrent.ForkJoinPool$WorkQueue.topLevelExec(ForkJoinPool.java:1312)
	at java.base/java.util.concurrent.ForkJoinPool.scan(ForkJoinPool.java:1843)
	at java.base/java.util.concurrent.ForkJoinPool.runWorker(ForkJoinPool.java:1808)
	at java.base/java.util.concurrent.ForkJoinWorkerThread.run(ForkJoinWorkerThread.java:188)
Caused by: java.rmi.RemoteException: Email address already exists; nested exception is: 
	AttendanceSystemException{errorCode='VALIDATION_ERROR', userMessage='Email address already exists', technicalDetails='Email address already exists'}
	at com.attendance.system.server.AttendanceServer.executeWithErrorHandling(AttendanceServer.java:1332)
	at com.attendance.system.server.AttendanceServer.registerUser(AttendanceServer.java:192)
	at java.base/jdk.internal.reflect.DirectMethodHandleAccessor.invoke(DirectMethodHandleAccessor.java:103)
	at java.base/java.lang.reflect.Method.invoke(Method.java:580)
	at java.rmi/sun.rmi.server.UnicastServerRef.dispatch(UnicastServerRef.java:360)
	at java.rmi/sun.rmi.transport.Transport$1.run(Transport.java:200)
	at java.rmi/sun.rmi.transport.Transport$1.run(Transport.java:197)
	at java.base/java.security.AccessController.doPrivileged(AccessController.java:714)
	at java.rmi/sun.rmi.transport.Transport.serviceCall(Transport.java:196)
	at java.rmi/sun.rmi.transport.tcp.TCPTransport.handleMessages(TCPTransport.java:598)
	at java.rmi/sun.rmi.transport.tcp.TCPTransport$ConnectionHandler.run0(TCPTransport.java:844)
	at java.rmi/sun.rmi.transport.tcp.TCPTransport$ConnectionHandler.lambda$run$0(TCPTransport.java:721)
	at java.base/java.security.AccessController.doPrivileged(AccessController.java:400)
	at java.rmi/sun.rmi.transport.tcp.TCPTransport$ConnectionHandler.run(TCPTransport.java:720)
	at java.base/java.util.concurrent.ThreadPoolExecutor.runWorker(ThreadPoolExecutor.java:1144)
	at java.base/java.util.concurrent.ThreadPoolExecutor$Worker.run(ThreadPoolExecutor.java:642)
	at java.base/java.lang.Thread.run(Thread.java:1583)
Caused by: com.attendance.system.exception.ValidationException: Email address already exists
	at com.attendance.system.server.AttendanceServer.lambda$registerUser$4(AttendanceServer.java:294)
	at com.attendance.system.server.AttendanceServer.executeWithErrorHandling(AttendanceServer.java:1317)
	... 16 common frames omitted
2026-05-09 21:34:07.198 [RMI TCP Connection(11)-127.0.0.1] DEBUG c.a.system.server.AttendanceServer - Executing method: registerUser
2026-05-09 21:34:07.200 [RMI TCP Connection(11)-127.0.0.1] DEBUG c.a.system.server.AttendanceServer - Registration request for user: wolde (Student)
2026-05-09 21:34:07.224 [RMI TCP Connection(11)-127.0.0.1] WARN  c.a.system.server.AttendanceServer - Method registerUser failed: Email address already exists
2026-05-09 21:34:07.254 [ForkJoinPool.commonPool-worker-1] ERROR c.a.system.client.RegistrationFrame - Remote service error during registration
java.rmi.ServerException: RemoteException occurred in server thread; nested exception is: 
	java.rmi.RemoteException: Email address already exists; nested exception is: 
	AttendanceSystemException{errorCode='VALIDATION_ERROR', userMessage='Email address already exists', technicalDetails='Email address already exists'}
	at java.rmi/sun.rmi.server.UnicastServerRef.dispatch(UnicastServerRef.java:392)
	at java.rmi/sun.rmi.transport.Transport$1.run(Transport.java:200)
	at java.rmi/sun.rmi.transport.Transport$1.run(Transport.java:197)
	at java.base/java.security.AccessController.doPrivileged(AccessController.java:714)
	at java.rmi/sun.rmi.transport.Transport.serviceCall(Transport.java:196)
	at java.rmi/sun.rmi.transport.tcp.TCPTransport.handleMessages(TCPTransport.java:598)
	at java.rmi/sun.rmi.transport.tcp.TCPTransport$ConnectionHandler.run0(TCPTransport.java:844)
	at java.rmi/sun.rmi.transport.tcp.TCPTransport$ConnectionHandler.lambda$run$0(TCPTransport.java:721)
	at java.base/java.security.AccessController.doPrivileged(AccessController.java:400)
	at java.rmi/sun.rmi.transport.tcp.TCPTransport$ConnectionHandler.run(TCPTransport.java:720)
	at java.base/java.util.concurrent.ThreadPoolExecutor.runWorker(ThreadPoolExecutor.java:1144)
	at java.base/java.util.concurrent.ThreadPoolExecutor$Worker.run(ThreadPoolExecutor.java:642)
	at java.base/java.lang.Thread.run(Thread.java:1583)
	at java.rmi/sun.rmi.transport.StreamRemoteCall.exceptionReceivedFromServer(StreamRemoteCall.java:304)
	at java.rmi/sun.rmi.transport.StreamRemoteCall.executeCall(StreamRemoteCall.java:280)
	at java.rmi/sun.rmi.server.UnicastRef.invoke(UnicastRef.java:166)
	at java.rmi/java.rmi.server.RemoteObjectInvocationHandler.invokeRemoteMethod(RemoteObjectInvocationHandler.java:215)
	at java.rmi/java.rmi.server.RemoteObjectInvocationHandler.invoke(RemoteObjectInvocationHandler.java:160)
	at jdk.proxy3/jdk.proxy3.$Proxy25.registerUser(Unknown Source)
	at com.attendance.system.client.RegistrationFrame.lambda$performRegistration$9(RegistrationFrame.java:938)
	at java.base/java.util.concurrent.CompletableFuture$AsyncRun.run(CompletableFuture.java:1804)
	at java.base/java.util.concurrent.CompletableFuture$AsyncRun.exec(CompletableFuture.java:1796)
	at java.base/java.util.concurrent.ForkJoinTask.doExec(ForkJoinTask.java:387)
	at java.base/java.util.concurrent.ForkJoinPool$WorkQueue.topLevelExec(ForkJoinPool.java:1312)
	at java.base/java.util.concurrent.ForkJoinPool.scan(ForkJoinPool.java:1843)
	at java.base/java.util.concurrent.ForkJoinPool.runWorker(ForkJoinPool.java:1808)
	at java.base/java.util.concurrent.ForkJoinWorkerThread.run(ForkJoinWorkerThread.java:188)
Caused by: java.rmi.RemoteException: Email address already exists; nested exception is: 
	AttendanceSystemException{errorCode='VALIDATION_ERROR', userMessage='Email address already exists', technicalDetails='Email address already exists'}
	at com.attendance.system.server.AttendanceServer.executeWithErrorHandling(AttendanceServer.java:1332)
	at com.attendance.system.server.AttendanceServer.registerUser(AttendanceServer.java:192)
	at java.base/jdk.internal.reflect.DirectMethodHandleAccessor.invoke(DirectMethodHandleAccessor.java:103)
	at java.base/java.lang.reflect.Method.invoke(Method.java:580)
	at java.rmi/sun.rmi.server.UnicastServerRef.dispatch(UnicastServerRef.java:360)
	at java.rmi/sun.rmi.transport.Transport$1.run(Transport.java:200)
	at java.rmi/sun.rmi.transport.Transport$1.run(Transport.java:197)
	at java.base/java.security.AccessController.doPrivileged(AccessController.java:714)
	at java.rmi/sun.rmi.transport.Transport.serviceCall(Transport.java:196)
	at java.rmi/sun.rmi.transport.tcp.TCPTransport.handleMessages(TCPTransport.java:598)
	at java.rmi/sun.rmi.transport.tcp.TCPTransport$ConnectionHandler.run0(TCPTransport.java:844)
	at java.rmi/sun.rmi.transport.tcp.TCPTransport$ConnectionHandler.lambda$run$0(TCPTransport.java:721)
	at java.base/java.security.AccessController.doPrivileged(AccessController.java:400)
	at java.rmi/sun.rmi.transport.tcp.TCPTransport$ConnectionHandler.run(TCPTransport.java:720)
	at java.base/java.util.concurrent.ThreadPoolExecutor.runWorker(ThreadPoolExecutor.java:1144)
	at java.base/java.util.concurrent.ThreadPoolExecutor$Worker.run(ThreadPoolExecutor.java:642)
	at java.base/java.lang.Thread.run(Thread.java:1583)
Caused by: com.attendance.system.exception.ValidationException: Email address already exists
	at com.attendance.system.server.AttendanceServer.lambda$registerUser$4(AttendanceServer.java:294)
	at com.attendance.system.server.AttendanceServer.executeWithErrorHandling(AttendanceServer.java:1317)
	... 16 common frames omitted
2026-05-09 21:34:50.090 [pool-1-thread-2] DEBUG c.a.system.server.ServerLauncher - Server stats - Active connections: 0, Total requests: 9
2026-05-09 21:35:50.090 [pool-1-thread-2] DEBUG c.a.system.server.ServerLauncher - Server stats - Active connections: 0, Total requests: 9
2026-05-09 21:36:50.090 [pool-1-thread-2] DEBUG c.a.system.server.ServerLauncher - Server stats - Active connections: 0, Total requests: 9
2026-05-09 21:37:50.090 [pool-1-thread-2] DEBUG c.a.system.server.ServerLauncher - Server stats - Active connections: 0, Total requests: 9
