2026-05-07 02:01:12.826 [main] ERROR com.zaxxer.hikari.pool.HikariPool - HikariPool-1 - Exception during pool initialization.
java.sql.SQLException: Access denied for user 'attendance_user'@'localhost' (using password: YES)
	at com.mysql.cj.jdbc.exceptions.SQLError.createSQLException(SQLError.java:130)
	at com.mysql.cj.jdbc.exceptions.SQLExceptionsMapping.translateException(SQLExceptionsMapping.java:122)
	at com.mysql.cj.jdbc.ConnectionImpl.createNewIO(ConnectionImpl.java:825)
	at com.mysql.cj.jdbc.ConnectionImpl.<init>(ConnectionImpl.java:446)
	at com.mysql.cj.jdbc.ConnectionImpl.getInstance(ConnectionImpl.java:239)
	at com.mysql.cj.jdbc.NonRegisteringDriver.connect(NonRegisteringDriver.java:188)
	at com.zaxxer.hikari.util.DriverDataSource.getConnection(DriverDataSource.java:138)
	at com.zaxxer.hikari.pool.PoolBase.newConnection(PoolBase.java:359)
	at com.zaxxer.hikari.pool.PoolBase.newPoolEntry(PoolBase.java:201)
	at com.zaxxer.hikari.pool.HikariPool.createPoolEntry(HikariPool.java:470)
	at com.zaxxer.hikari.pool.HikariPool.checkFailFast(HikariPool.java:561)
	at com.zaxxer.hikari.pool.HikariPool.<init>(HikariPool.java:100)
	at com.zaxxer.hikari.HikariDataSource.<init>(HikariDataSource.java:81)
	at com.attendance.system.dao.DatabaseManager.initializeConnectionPool(DatabaseManager.java:91)
	at com.attendance.system.dao.DatabaseManager.<init>(DatabaseManager.java:27)
	at com.attendance.system.dao.DatabaseManager.getInstance(DatabaseManager.java:32)
	at com.attendance.system.dao.DatabaseManager.main(DatabaseManager.java:323)
2026-05-07 02:01:12.830 [main] ERROR c.a.system.dao.DatabaseManager - Failed to initialize database connection pool
com.zaxxer.hikari.pool.HikariPool$PoolInitializationException: Failed to initialize pool: Access denied for user 'attendance_user'@'localhost' (using password: YES)
	at com.zaxxer.hikari.pool.HikariPool.throwPoolInitializationException(HikariPool.java:596)
	at com.zaxxer.hikari.pool.HikariPool.checkFailFast(HikariPool.java:582)
	at com.zaxxer.hikari.pool.HikariPool.<init>(HikariPool.java:100)
	at com.zaxxer.hikari.HikariDataSource.<init>(HikariDataSource.java:81)
	at com.attendance.system.dao.DatabaseManager.initializeConnectionPool(DatabaseManager.java:91)
	at com.attendance.system.dao.DatabaseManager.<init>(DatabaseManager.java:27)
	at com.attendance.system.dao.DatabaseManager.getInstance(DatabaseManager.java:32)
	at com.attendance.system.dao.DatabaseManager.main(DatabaseManager.java:323)
Caused by: java.sql.SQLException: Access denied for user 'attendance_user'@'localhost' (using password: YES)
	at com.mysql.cj.jdbc.exceptions.SQLError.createSQLException(SQLError.java:130)
	at com.mysql.cj.jdbc.exceptions.SQLExceptionsMapping.translateException(SQLExceptionsMapping.java:122)
	at com.mysql.cj.jdbc.ConnectionImpl.createNewIO(ConnectionImpl.java:825)
	at com.mysql.cj.jdbc.ConnectionImpl.<init>(ConnectionImpl.java:446)
	at com.mysql.cj.jdbc.ConnectionImpl.getInstance(ConnectionImpl.java:239)
	at com.mysql.cj.jdbc.NonRegisteringDriver.connect(NonRegisteringDriver.java:188)
	at com.zaxxer.hikari.util.DriverDataSource.getConnection(DriverDataSource.java:138)
	at com.zaxxer.hikari.pool.PoolBase.newConnection(PoolBase.java:359)
	at com.zaxxer.hikari.pool.PoolBase.newPoolEntry(PoolBase.java:201)
	at com.zaxxer.hikari.pool.HikariPool.createPoolEntry(HikariPool.java:470)
	at com.zaxxer.hikari.pool.HikariPool.checkFailFast(HikariPool.java:561)
	... 6 common frames omitted
2026-05-07 02:01:15.151 [main] ERROR com.zaxxer.hikari.pool.HikariPool - HikariPool-1 - Exception during pool initialization.
java.sql.SQLException: Access denied for user 'attendance_user'@'localhost' (using password: YES)
	at com.mysql.cj.jdbc.exceptions.SQLError.createSQLException(SQLError.java:130)
	at com.mysql.cj.jdbc.exceptions.SQLExceptionsMapping.translateException(SQLExceptionsMapping.java:122)
	at com.mysql.cj.jdbc.ConnectionImpl.createNewIO(ConnectionImpl.java:825)
	at com.mysql.cj.jdbc.ConnectionImpl.<init>(ConnectionImpl.java:446)
	at com.mysql.cj.jdbc.ConnectionImpl.getInstance(ConnectionImpl.java:239)
	at com.mysql.cj.jdbc.NonRegisteringDriver.connect(NonRegisteringDriver.java:188)
	at com.zaxxer.hikari.util.DriverDataSource.getConnection(DriverDataSource.java:138)
	at com.zaxxer.hikari.pool.PoolBase.newConnection(PoolBase.java:359)
	at com.zaxxer.hikari.pool.PoolBase.newPoolEntry(PoolBase.java:201)
	at com.zaxxer.hikari.pool.HikariPool.createPoolEntry(HikariPool.java:470)
	at com.zaxxer.hikari.pool.HikariPool.checkFailFast(HikariPool.java:561)
	at com.zaxxer.hikari.pool.HikariPool.<init>(HikariPool.java:100)
	at com.zaxxer.hikari.HikariDataSource.<init>(HikariDataSource.java:81)
	at com.attendance.system.dao.DatabaseManager.initializeConnectionPool(DatabaseManager.java:91)
	at com.attendance.system.dao.DatabaseManager.<init>(DatabaseManager.java:27)
	at com.attendance.system.dao.DatabaseManager.getInstance(DatabaseManager.java:32)
	at com.attendance.system.server.ServerLauncher.initializeDatabase(ServerLauncher.java:163)
	at com.attendance.system.server.ServerLauncher.start(ServerLauncher.java:71)
	at com.attendance.system.server.ServerLauncher.main(ServerLauncher.java:365)
2026-05-07 02:01:15.160 [main] ERROR c.a.system.dao.DatabaseManager - Failed to initialize database connection pool
com.zaxxer.hikari.pool.HikariPool$PoolInitializationException: Failed to initialize pool: Access denied for user 'attendance_user'@'localhost' (using password: YES)
	at com.zaxxer.hikari.pool.HikariPool.throwPoolInitializationException(HikariPool.java:596)
	at com.zaxxer.hikari.pool.HikariPool.checkFailFast(HikariPool.java:582)
	at com.zaxxer.hikari.pool.HikariPool.<init>(HikariPool.java:100)
	at com.zaxxer.hikari.HikariDataSource.<init>(HikariDataSource.java:81)
	at com.attendance.system.dao.DatabaseManager.initializeConnectionPool(DatabaseManager.java:91)
	at com.attendance.system.dao.DatabaseManager.<init>(DatabaseManager.java:27)
	at com.attendance.system.dao.DatabaseManager.getInstance(DatabaseManager.java:32)
	at com.attendance.system.server.ServerLauncher.initializeDatabase(ServerLauncher.java:163)
	at com.attendance.system.server.ServerLauncher.start(ServerLauncher.java:71)
	at com.attendance.system.server.ServerLauncher.main(ServerLauncher.java:365)
Caused by: java.sql.SQLException: Access denied for user 'attendance_user'@'localhost' (using password: YES)
	at com.mysql.cj.jdbc.exceptions.SQLError.createSQLException(SQLError.java:130)
	at com.mysql.cj.jdbc.exceptions.SQLExceptionsMapping.translateException(SQLExceptionsMapping.java:122)
	at com.mysql.cj.jdbc.ConnectionImpl.createNewIO(ConnectionImpl.java:825)
	at com.mysql.cj.jdbc.ConnectionImpl.<init>(ConnectionImpl.java:446)
	at com.mysql.cj.jdbc.ConnectionImpl.getInstance(ConnectionImpl.java:239)
	at com.mysql.cj.jdbc.NonRegisteringDriver.connect(NonRegisteringDriver.java:188)
	at com.zaxxer.hikari.util.DriverDataSource.getConnection(DriverDataSource.java:138)
	at com.zaxxer.hikari.pool.PoolBase.newConnection(PoolBase.java:359)
	at com.zaxxer.hikari.pool.PoolBase.newPoolEntry(PoolBase.java:201)
	at com.zaxxer.hikari.pool.HikariPool.createPoolEntry(HikariPool.java:470)
	at com.zaxxer.hikari.pool.HikariPool.checkFailFast(HikariPool.java:561)
	... 8 common frames omitted
2026-05-07 02:01:15.164 [main] ERROR c.a.system.server.ServerLauncher - Failed to initialize database
java.lang.RuntimeException: Database initialization failed
	at com.attendance.system.dao.DatabaseManager.initializeConnectionPool(DatabaseManager.java:102)
	at com.attendance.system.dao.DatabaseManager.<init>(DatabaseManager.java:27)
	at com.attendance.system.dao.DatabaseManager.getInstance(DatabaseManager.java:32)
	at com.attendance.system.server.ServerLauncher.initializeDatabase(ServerLauncher.java:163)
	at com.attendance.system.server.ServerLauncher.start(ServerLauncher.java:71)
	at com.attendance.system.server.ServerLauncher.main(ServerLauncher.java:365)
Caused by: com.zaxxer.hikari.pool.HikariPool$PoolInitializationException: Failed to initialize pool: Access denied for user 'attendance_user'@'localhost' (using password: YES)
	at com.zaxxer.hikari.pool.HikariPool.throwPoolInitializationException(HikariPool.java:596)
	at com.zaxxer.hikari.pool.HikariPool.checkFailFast(HikariPool.java:582)
	at com.zaxxer.hikari.pool.HikariPool.<init>(HikariPool.java:100)
	at com.zaxxer.hikari.HikariDataSource.<init>(HikariDataSource.java:81)
	at com.attendance.system.dao.DatabaseManager.initializeConnectionPool(DatabaseManager.java:91)
	... 5 common frames omitted
Caused by: java.sql.SQLException: Access denied for user 'attendance_user'@'localhost' (using password: YES)
	at com.mysql.cj.jdbc.exceptions.SQLError.createSQLException(SQLError.java:130)
	at com.mysql.cj.jdbc.exceptions.SQLExceptionsMapping.translateException(SQLExceptionsMapping.java:122)
	at com.mysql.cj.jdbc.ConnectionImpl.createNewIO(ConnectionImpl.java:825)
	at com.mysql.cj.jdbc.ConnectionImpl.<init>(ConnectionImpl.java:446)
	at com.mysql.cj.jdbc.ConnectionImpl.getInstance(ConnectionImpl.java:239)
	at com.mysql.cj.jdbc.NonRegisteringDriver.connect(NonRegisteringDriver.java:188)
	at com.zaxxer.hikari.util.DriverDataSource.getConnection(DriverDataSource.java:138)
	at com.zaxxer.hikari.pool.PoolBase.newConnection(PoolBase.java:359)
	at com.zaxxer.hikari.pool.PoolBase.newPoolEntry(PoolBase.java:201)
	at com.zaxxer.hikari.pool.HikariPool.createPoolEntry(HikariPool.java:470)
	at com.zaxxer.hikari.pool.HikariPool.checkFailFast(HikariPool.java:561)
	... 8 common frames omitted
2026-05-07 02:01:15.170 [main] ERROR c.a.system.server.ServerLauncher - Failed to start server
java.lang.Exception: Database initialization failed
	at com.attendance.system.server.ServerLauncher.initializeDatabase(ServerLauncher.java:168)
	at com.attendance.system.server.ServerLauncher.start(ServerLauncher.java:71)
	at com.attendance.system.server.ServerLauncher.main(ServerLauncher.java:365)
Caused by: java.lang.RuntimeException: Database initialization failed
	at com.attendance.system.dao.DatabaseManager.initializeConnectionPool(DatabaseManager.java:102)
	at com.attendance.system.dao.DatabaseManager.<init>(DatabaseManager.java:27)
	at com.attendance.system.dao.DatabaseManager.getInstance(DatabaseManager.java:32)
	at com.attendance.system.server.ServerLauncher.initializeDatabase(ServerLauncher.java:163)
	... 2 common frames omitted
Caused by: com.zaxxer.hikari.pool.HikariPool$PoolInitializationException: Failed to initialize pool: Access denied for user 'attendance_user'@'localhost' (using password: YES)
	at com.zaxxer.hikari.pool.HikariPool.throwPoolInitializationException(HikariPool.java:596)
	at com.zaxxer.hikari.pool.HikariPool.checkFailFast(HikariPool.java:582)
	at com.zaxxer.hikari.pool.HikariPool.<init>(HikariPool.java:100)
	at com.zaxxer.hikari.HikariDataSource.<init>(HikariDataSource.java:81)
	at com.attendance.system.dao.DatabaseManager.initializeConnectionPool(DatabaseManager.java:91)
	... 5 common frames omitted
Caused by: java.sql.SQLException: Access denied for user 'attendance_user'@'localhost' (using password: YES)
	at com.mysql.cj.jdbc.exceptions.SQLError.createSQLException(SQLError.java:130)
	at com.mysql.cj.jdbc.exceptions.SQLExceptionsMapping.translateException(SQLExceptionsMapping.java:122)
	at com.mysql.cj.jdbc.ConnectionImpl.createNewIO(ConnectionImpl.java:825)
	at com.mysql.cj.jdbc.ConnectionImpl.<init>(ConnectionImpl.java:446)
	at com.mysql.cj.jdbc.ConnectionImpl.getInstance(ConnectionImpl.java:239)
	at com.mysql.cj.jdbc.NonRegisteringDriver.connect(NonRegisteringDriver.java:188)
	at com.zaxxer.hikari.util.DriverDataSource.getConnection(DriverDataSource.java:138)
	at com.zaxxer.hikari.pool.PoolBase.newConnection(PoolBase.java:359)
	at com.zaxxer.hikari.pool.PoolBase.newPoolEntry(PoolBase.java:201)
	at com.zaxxer.hikari.pool.HikariPool.createPoolEntry(HikariPool.java:470)
	at com.zaxxer.hikari.pool.HikariPool.checkFailFast(HikariPool.java:561)
	... 8 common frames omitted
2026-05-07 02:01:16.200 [main] ERROR com.zaxxer.hikari.pool.HikariPool - HikariPool-2 - Exception during pool initialization.
java.sql.SQLException: Access denied for user 'attendance_user'@'localhost' (using password: YES)
	at com.mysql.cj.jdbc.exceptions.SQLError.createSQLException(SQLError.java:130)
	at com.mysql.cj.jdbc.exceptions.SQLExceptionsMapping.translateException(SQLExceptionsMapping.java:122)
	at com.mysql.cj.jdbc.ConnectionImpl.createNewIO(ConnectionImpl.java:825)
	at com.mysql.cj.jdbc.ConnectionImpl.<init>(ConnectionImpl.java:446)
	at com.mysql.cj.jdbc.ConnectionImpl.getInstance(ConnectionImpl.java:239)
	at com.mysql.cj.jdbc.NonRegisteringDriver.connect(NonRegisteringDriver.java:188)
	at com.zaxxer.hikari.util.DriverDataSource.getConnection(DriverDataSource.java:138)
	at com.zaxxer.hikari.pool.PoolBase.newConnection(PoolBase.java:359)
	at com.zaxxer.hikari.pool.PoolBase.newPoolEntry(PoolBase.java:201)
	at com.zaxxer.hikari.pool.HikariPool.createPoolEntry(HikariPool.java:470)
	at com.zaxxer.hikari.pool.HikariPool.checkFailFast(HikariPool.java:561)
	at com.zaxxer.hikari.pool.HikariPool.<init>(HikariPool.java:100)
	at com.zaxxer.hikari.HikariDataSource.<init>(HikariDataSource.java:81)
	at com.attendance.system.dao.DatabaseManager.initializeConnectionPool(DatabaseManager.java:91)
	at com.attendance.system.dao.DatabaseManager.<init>(DatabaseManager.java:27)
	at com.attendance.system.dao.DatabaseManager.getInstance(DatabaseManager.java:32)
	at com.attendance.system.server.ServerLauncher.cleanup(ServerLauncher.java:342)
	at com.attendance.system.server.ServerLauncher.start(ServerLauncher.java:99)
	at com.attendance.system.server.ServerLauncher.main(ServerLauncher.java:365)
2026-05-07 02:01:16.202 [main] ERROR c.a.system.dao.DatabaseManager - Failed to initialize database connection pool
com.zaxxer.hikari.pool.HikariPool$PoolInitializationException: Failed to initialize pool: Access denied for user 'attendance_user'@'localhost' (using password: YES)
	at com.zaxxer.hikari.pool.HikariPool.throwPoolInitializationException(HikariPool.java:596)
	at com.zaxxer.hikari.pool.HikariPool.checkFailFast(HikariPool.java:582)
	at com.zaxxer.hikari.pool.HikariPool.<init>(HikariPool.java:100)
	at com.zaxxer.hikari.HikariDataSource.<init>(HikariDataSource.java:81)
	at com.attendance.system.dao.DatabaseManager.initializeConnectionPool(DatabaseManager.java:91)
	at com.attendance.system.dao.DatabaseManager.<init>(DatabaseManager.java:27)
	at com.attendance.system.dao.DatabaseManager.getInstance(DatabaseManager.java:32)
	at com.attendance.system.server.ServerLauncher.cleanup(ServerLauncher.java:342)
	at com.attendance.system.server.ServerLauncher.start(ServerLauncher.java:99)
	at com.attendance.system.server.ServerLauncher.main(ServerLauncher.java:365)
Caused by: java.sql.SQLException: Access denied for user 'attendance_user'@'localhost' (using password: YES)
	at com.mysql.cj.jdbc.exceptions.SQLError.createSQLException(SQLError.java:130)
	at com.mysql.cj.jdbc.exceptions.SQLExceptionsMapping.translateException(SQLExceptionsMapping.java:122)
	at com.mysql.cj.jdbc.ConnectionImpl.createNewIO(ConnectionImpl.java:825)
	at com.mysql.cj.jdbc.ConnectionImpl.<init>(ConnectionImpl.java:446)
	at com.mysql.cj.jdbc.ConnectionImpl.getInstance(ConnectionImpl.java:239)
	at com.mysql.cj.jdbc.NonRegisteringDriver.connect(NonRegisteringDriver.java:188)
	at com.zaxxer.hikari.util.DriverDataSource.getConnection(DriverDataSource.java:138)
	at com.zaxxer.hikari.pool.PoolBase.newConnection(PoolBase.java:359)
	at com.zaxxer.hikari.pool.PoolBase.newPoolEntry(PoolBase.java:201)
	at com.zaxxer.hikari.pool.HikariPool.createPoolEntry(HikariPool.java:470)
	at com.zaxxer.hikari.pool.HikariPool.checkFailFast(HikariPool.java:561)
	... 8 common frames omitted
2026-05-07 02:01:16.204 [main] ERROR c.a.system.server.ServerLauncher - Server startup failed
java.lang.Exception: Database initialization failed
	at com.attendance.system.server.ServerLauncher.initializeDatabase(ServerLauncher.java:168)
	at com.attendance.system.server.ServerLauncher.start(ServerLauncher.java:71)
	at com.attendance.system.server.ServerLauncher.main(ServerLauncher.java:365)
Caused by: java.lang.RuntimeException: Database initialization failed
	at com.attendance.system.dao.DatabaseManager.initializeConnectionPool(DatabaseManager.java:102)
	at com.attendance.system.dao.DatabaseManager.<init>(DatabaseManager.java:27)
	at com.attendance.system.dao.DatabaseManager.getInstance(DatabaseManager.java:32)
	at com.attendance.system.server.ServerLauncher.initializeDatabase(ServerLauncher.java:163)
	... 2 common frames omitted
Caused by: com.zaxxer.hikari.pool.HikariPool$PoolInitializationException: Failed to initialize pool: Access denied for user 'attendance_user'@'localhost' (using password: YES)
	at com.zaxxer.hikari.pool.HikariPool.throwPoolInitializationException(HikariPool.java:596)
	at com.zaxxer.hikari.pool.HikariPool.checkFailFast(HikariPool.java:582)
	at com.zaxxer.hikari.pool.HikariPool.<init>(HikariPool.java:100)
	at com.zaxxer.hikari.HikariDataSource.<init>(HikariDataSource.java:81)
	at com.attendance.system.dao.DatabaseManager.initializeConnectionPool(DatabaseManager.java:91)
	... 5 common frames omitted
Caused by: java.sql.SQLException: Access denied for user 'attendance_user'@'localhost' (using password: YES)
	at com.mysql.cj.jdbc.exceptions.SQLError.createSQLException(SQLError.java:130)
	at com.mysql.cj.jdbc.exceptions.SQLExceptionsMapping.translateException(SQLExceptionsMapping.java:122)
	at com.mysql.cj.jdbc.ConnectionImpl.createNewIO(ConnectionImpl.java:825)
	at com.mysql.cj.jdbc.ConnectionImpl.<init>(ConnectionImpl.java:446)
	at com.mysql.cj.jdbc.ConnectionImpl.getInstance(ConnectionImpl.java:239)
	at com.mysql.cj.jdbc.NonRegisteringDriver.connect(NonRegisteringDriver.java:188)
	at com.zaxxer.hikari.util.DriverDataSource.getConnection(DriverDataSource.java:138)
	at com.zaxxer.hikari.pool.PoolBase.newConnection(PoolBase.java:359)
	at com.zaxxer.hikari.pool.PoolBase.newPoolEntry(PoolBase.java:201)
	at com.zaxxer.hikari.pool.HikariPool.createPoolEntry(HikariPool.java:470)
	at com.zaxxer.hikari.pool.HikariPool.checkFailFast(HikariPool.java:561)
	... 8 common frames omitted
2026-05-07 02:04:56.046 [com.attendance.system.server.ServerLauncher.main()] ERROR c.a.system.server.ServerLauncher - Failed to create RMI registry on port 1099
java.rmi.server.ExportException: Port already in use: 1099; nested exception is: 
	java.net.BindException: Address already in use
	at java.rmi/sun.rmi.transport.tcp.TCPTransport.listen(TCPTransport.java:356)
	at java.rmi/sun.rmi.transport.tcp.TCPTransport.exportObject(TCPTransport.java:251)
	at java.rmi/sun.rmi.transport.tcp.TCPEndpoint.exportObject(TCPEndpoint.java:415)
	at java.rmi/sun.rmi.transport.LiveRef.exportObject(LiveRef.java:147)
	at java.rmi/sun.rmi.server.UnicastServerRef.exportObject(UnicastServerRef.java:235)
	at java.rmi/sun.rmi.registry.RegistryImpl.setup(RegistryImpl.java:223)
	at java.rmi/sun.rmi.registry.RegistryImpl.<init>(RegistryImpl.java:208)
	at java.rmi/java.rmi.registry.LocateRegistry.createRegistry(LocateRegistry.java:203)
	at com.attendance.system.server.ServerLauncher.setupRMIRegistry(ServerLauncher.java:208)
	at com.attendance.system.server.ServerLauncher.start(ServerLauncher.java:77)
	at com.attendance.system.server.ServerLauncher.main(ServerLauncher.java:365)
	at org.codehaus.mojo.exec.ExecJavaMojo$1.run(ExecJavaMojo.java:279)
	at java.base/java.lang.Thread.run(Thread.java:1583)
Caused by: java.net.BindException: Address already in use
	at java.base/sun.nio.ch.Net.bind0(Native Method)
	at java.base/sun.nio.ch.Net.bind(Net.java:577)
	at java.base/sun.nio.ch.Net.bind(Net.java:566)
	at java.base/sun.nio.ch.NioSocketImpl.bind(NioSocketImpl.java:636)
	at java.base/java.net.ServerSocket.bind(ServerSocket.java:391)
	at java.base/java.net.ServerSocket.<init>(ServerSocket.java:278)
	at java.base/java.net.ServerSocket.<init>(ServerSocket.java:171)
	at java.rmi/sun.rmi.transport.tcp.TCPDirectSocketFactory.createServerSocket(TCPDirectSocketFactory.java:45)
	at java.rmi/sun.rmi.transport.tcp.TCPEndpoint.newServerSocket(TCPEndpoint.java:672)
	at java.rmi/sun.rmi.transport.tcp.TCPTransport.listen(TCPTransport.java:344)
	... 12 common frames omitted
2026-05-07 02:04:56.053 [com.attendance.system.server.ServerLauncher.main()] ERROR c.a.system.server.ServerLauncher - Failed to start server
java.rmi.server.ExportException: Port already in use: 1099; nested exception is: 
	java.net.BindException: Address already in use
	at java.rmi/sun.rmi.transport.tcp.TCPTransport.listen(TCPTransport.java:356)
	at java.rmi/sun.rmi.transport.tcp.TCPTransport.exportObject(TCPTransport.java:251)
	at java.rmi/sun.rmi.transport.tcp.TCPEndpoint.exportObject(TCPEndpoint.java:415)
	at java.rmi/sun.rmi.transport.LiveRef.exportObject(LiveRef.java:147)
	at java.rmi/sun.rmi.server.UnicastServerRef.exportObject(UnicastServerRef.java:235)
	at java.rmi/sun.rmi.registry.RegistryImpl.setup(RegistryImpl.java:223)
	at java.rmi/sun.rmi.registry.RegistryImpl.<init>(RegistryImpl.java:208)
	at java.rmi/java.rmi.registry.LocateRegistry.createRegistry(LocateRegistry.java:203)
	at com.attendance.system.server.ServerLauncher.setupRMIRegistry(ServerLauncher.java:208)
	at com.attendance.system.server.ServerLauncher.start(ServerLauncher.java:77)
	at com.attendance.system.server.ServerLauncher.main(ServerLauncher.java:365)
	at org.codehaus.mojo.exec.ExecJavaMojo$1.run(ExecJavaMojo.java:279)
	at java.base/java.lang.Thread.run(Thread.java:1583)
Caused by: java.net.BindException: Address already in use
	at java.base/sun.nio.ch.Net.bind0(Native Method)
	at java.base/sun.nio.ch.Net.bind(Net.java:577)
	at java.base/sun.nio.ch.Net.bind(Net.java:566)
	at java.base/sun.nio.ch.NioSocketImpl.bind(NioSocketImpl.java:636)
	at java.base/java.net.ServerSocket.bind(ServerSocket.java:391)
	at java.base/java.net.ServerSocket.<init>(ServerSocket.java:278)
	at java.base/java.net.ServerSocket.<init>(ServerSocket.java:171)
	at java.rmi/sun.rmi.transport.tcp.TCPDirectSocketFactory.createServerSocket(TCPDirectSocketFactory.java:45)
	at java.rmi/sun.rmi.transport.tcp.TCPEndpoint.newServerSocket(TCPEndpoint.java:672)
	at java.rmi/sun.rmi.transport.tcp.TCPTransport.listen(TCPTransport.java:344)
	... 12 common frames omitted
2026-05-07 02:04:56.074 [com.attendance.system.server.ServerLauncher.main()] ERROR c.a.system.server.ServerLauncher - Server startup failed
java.rmi.server.ExportException: Port already in use: 1099; nested exception is: 
	java.net.BindException: Address already in use
	at java.rmi/sun.rmi.transport.tcp.TCPTransport.listen(TCPTransport.java:356)
	at java.rmi/sun.rmi.transport.tcp.TCPTransport.exportObject(TCPTransport.java:251)
	at java.rmi/sun.rmi.transport.tcp.TCPEndpoint.exportObject(TCPEndpoint.java:415)
	at java.rmi/sun.rmi.transport.LiveRef.exportObject(LiveRef.java:147)
	at java.rmi/sun.rmi.server.UnicastServerRef.exportObject(UnicastServerRef.java:235)
	at java.rmi/sun.rmi.registry.RegistryImpl.setup(RegistryImpl.java:223)
	at java.rmi/sun.rmi.registry.RegistryImpl.<init>(RegistryImpl.java:208)
	at java.rmi/java.rmi.registry.LocateRegistry.createRegistry(LocateRegistry.java:203)
	at com.attendance.system.server.ServerLauncher.setupRMIRegistry(ServerLauncher.java:208)
	at com.attendance.system.server.ServerLauncher.start(ServerLauncher.java:77)
	at com.attendance.system.server.ServerLauncher.main(ServerLauncher.java:365)
	at org.codehaus.mojo.exec.ExecJavaMojo$1.run(ExecJavaMojo.java:279)
	at java.base/java.lang.Thread.run(Thread.java:1583)
Caused by: java.net.BindException: Address already in use
	at java.base/sun.nio.ch.Net.bind0(Native Method)
	at java.base/sun.nio.ch.Net.bind(Net.java:577)
	at java.base/sun.nio.ch.Net.bind(Net.java:566)
	at java.base/sun.nio.ch.NioSocketImpl.bind(NioSocketImpl.java:636)
	at java.base/java.net.ServerSocket.bind(ServerSocket.java:391)
	at java.base/java.net.ServerSocket.<init>(ServerSocket.java:278)
	at java.base/java.net.ServerSocket.<init>(ServerSocket.java:171)
	at java.rmi/sun.rmi.transport.tcp.TCPDirectSocketFactory.createServerSocket(TCPDirectSocketFactory.java:45)
	at java.rmi/sun.rmi.transport.tcp.TCPEndpoint.newServerSocket(TCPEndpoint.java:672)
	at java.rmi/sun.rmi.transport.tcp.TCPTransport.listen(TCPTransport.java:344)
	... 12 common frames omitted
2026-05-07 02:07:01.846 [RMI TCP Connection(2)-127.0.0.1] ERROR c.a.system.util.SecurityUtil - Decryption failed for data
java.lang.IllegalArgumentException: Last unit does not have enough valid bits
	at java.base/java.util.Base64$Decoder.decode0(Base64.java:872)
	at java.base/java.util.Base64$Decoder.decode(Base64.java:570)
	at java.base/java.util.Base64$Decoder.decode(Base64.java:593)
	at com.attendance.system.util.SecurityUtil.decryptData(SecurityUtil.java:252)
	at com.attendance.system.util.SecurityUtil.decryptData(SecurityUtil.java:235)
	at com.attendance.system.util.SecurityUtil.decrypt(SecurityUtil.java:479)
	at com.attendance.system.server.AttendanceServer.lambda$authenticateUser$0(AttendanceServer.java:111)
	at com.attendance.system.server.AttendanceServer.executeWithErrorHandling(AttendanceServer.java:1139)
	at com.attendance.system.server.AttendanceServer.authenticateUser(AttendanceServer.java:104)
	at java.base/jdk.internal.reflect.DirectMethodHandleAccessor.invoke(DirectMethodHandleAccessor.java:103)
	at java.base/java.lang.reflect.Method.invoke(Method.java:580)
	at java.rmi/sun.rmi.server.UnicastServerRef.dispatch(UnicastServerRef.java:360)
	at java.rmi/sun.rmi.transport.Transport$1.run(Transport.java:200)
	at java.rmi/sun.rmi.transport.Transport$1.run(Transport.java:197)
	at java.base/java.security.AccessController.doPrivileged(AccessController.java:714)
	at java.rmi/sun.rmi.transport.Transport.serviceCall(Transport.java:196)
	at java.rmi/sun.rmi.transport.tcp.TCPTransport.handleMessages(TCPTransport.java:598)
	at java.rmi/sun.rmi.transport.tcp.TCPTransport$ConnectionHandler.run0(TCPTransport.java:844)
	at java.rmi/sun.rmi.transport.tcp.TCPTransport$ConnectionHandler.lambda$run$0(TCPTransport.java:721)
	at java.base/java.security.AccessController.doPrivileged(AccessController.java:400)
	at java.rmi/sun.rmi.transport.tcp.TCPTransport$ConnectionHandler.run(TCPTransport.java:720)
	at java.base/java.util.concurrent.ThreadPoolExecutor.runWorker(ThreadPoolExecutor.java:1144)
	at java.base/java.util.concurrent.ThreadPoolExecutor$Worker.run(ThreadPoolExecutor.java:642)
	at java.base/java.lang.Thread.run(Thread.java:1583)
2026-05-07 02:07:01.854 [RMI TCP Connection(2)-127.0.0.1] ERROR c.a.system.server.AttendanceServer - Unexpected error in method authenticateUser
java.lang.RuntimeException: Decryption failed
	at com.attendance.system.util.SecurityUtil.decryptData(SecurityUtil.java:280)
	at com.attendance.system.util.SecurityUtil.decryptData(SecurityUtil.java:235)
	at com.attendance.system.util.SecurityUtil.decrypt(SecurityUtil.java:479)
	at com.attendance.system.server.AttendanceServer.lambda$authenticateUser$0(AttendanceServer.java:111)
	at com.attendance.system.server.AttendanceServer.executeWithErrorHandling(AttendanceServer.java:1139)
	at com.attendance.system.server.AttendanceServer.authenticateUser(AttendanceServer.java:104)
	at java.base/jdk.internal.reflect.DirectMethodHandleAccessor.invoke(DirectMethodHandleAccessor.java:103)
	at java.base/java.lang.reflect.Method.invoke(Method.java:580)
	at java.rmi/sun.rmi.server.UnicastServerRef.dispatch(UnicastServerRef.java:360)
	at java.rmi/sun.rmi.transport.Transport$1.run(Transport.java:200)
	at java.rmi/sun.rmi.transport.Transport$1.run(Transport.java:197)
	at java.base/java.security.AccessController.doPrivileged(AccessController.java:714)
	at java.rmi/sun.rmi.transport.Transport.serviceCall(Transport.java:196)
	at java.rmi/sun.rmi.transport.tcp.TCPTransport.handleMessages(TCPTransport.java:598)
	at java.rmi/sun.rmi.transport.tcp.TCPTransport$ConnectionHandler.run0(TCPTransport.java:844)
	at java.rmi/sun.rmi.transport.tcp.TCPTransport$ConnectionHandler.lambda$run$0(TCPTransport.java:721)
	at java.base/java.security.AccessController.doPrivileged(AccessController.java:400)
	at java.rmi/sun.rmi.transport.tcp.TCPTransport$ConnectionHandler.run(TCPTransport.java:720)
	at java.base/java.util.concurrent.ThreadPoolExecutor.runWorker(ThreadPoolExecutor.java:1144)
	at java.base/java.util.concurrent.ThreadPoolExecutor$Worker.run(ThreadPoolExecutor.java:642)
	at java.base/java.lang.Thread.run(Thread.java:1583)
Caused by: java.lang.IllegalArgumentException: Last unit does not have enough valid bits
	at java.base/java.util.Base64$Decoder.decode0(Base64.java:872)
	at java.base/java.util.Base64$Decoder.decode(Base64.java:570)
	at java.base/java.util.Base64$Decoder.decode(Base64.java:593)
	at com.attendance.system.util.SecurityUtil.decryptData(SecurityUtil.java:252)
	... 20 common frames omitted
2026-05-07 02:12:00.311 [com.attendance.system.server.ServerLauncher.main()] ERROR c.a.system.server.ServerLauncher - Failed to create RMI registry on port 1099
java.rmi.server.ExportException: Port already in use: 1099; nested exception is: 
	java.net.BindException: Address already in use
	at java.rmi/sun.rmi.transport.tcp.TCPTransport.listen(TCPTransport.java:356)
	at java.rmi/sun.rmi.transport.tcp.TCPTransport.exportObject(TCPTransport.java:251)
	at java.rmi/sun.rmi.transport.tcp.TCPEndpoint.exportObject(TCPEndpoint.java:415)
	at java.rmi/sun.rmi.transport.LiveRef.exportObject(LiveRef.java:147)
	at java.rmi/sun.rmi.server.UnicastServerRef.exportObject(UnicastServerRef.java:235)
	at java.rmi/sun.rmi.registry.RegistryImpl.setup(RegistryImpl.java:223)
	at java.rmi/sun.rmi.registry.RegistryImpl.<init>(RegistryImpl.java:208)
	at java.rmi/java.rmi.registry.LocateRegistry.createRegistry(LocateRegistry.java:203)
	at com.attendance.system.server.ServerLauncher.setupRMIRegistry(ServerLauncher.java:208)
	at com.attendance.system.server.ServerLauncher.start(ServerLauncher.java:77)
	at com.attendance.system.server.ServerLauncher.main(ServerLauncher.java:365)
	at org.codehaus.mojo.exec.ExecJavaMojo$1.run(ExecJavaMojo.java:279)
	at java.base/java.lang.Thread.run(Thread.java:1583)
Caused by: java.net.BindException: Address already in use
	at java.base/sun.nio.ch.Net.bind0(Native Method)
	at java.base/sun.nio.ch.Net.bind(Net.java:577)
	at java.base/sun.nio.ch.Net.bind(Net.java:566)
	at java.base/sun.nio.ch.NioSocketImpl.bind(NioSocketImpl.java:636)
	at java.base/java.net.ServerSocket.bind(ServerSocket.java:391)
	at java.base/java.net.ServerSocket.<init>(ServerSocket.java:278)
	at java.base/java.net.ServerSocket.<init>(ServerSocket.java:171)
	at java.rmi/sun.rmi.transport.tcp.TCPDirectSocketFactory.createServerSocket(TCPDirectSocketFactory.java:45)
	at java.rmi/sun.rmi.transport.tcp.TCPEndpoint.newServerSocket(TCPEndpoint.java:672)
	at java.rmi/sun.rmi.transport.tcp.TCPTransport.listen(TCPTransport.java:344)
	... 12 common frames omitted
2026-05-07 02:12:00.322 [com.attendance.system.server.ServerLauncher.main()] ERROR c.a.system.server.ServerLauncher - Failed to start server
java.rmi.server.ExportException: Port already in use: 1099; nested exception is: 
	java.net.BindException: Address already in use
	at java.rmi/sun.rmi.transport.tcp.TCPTransport.listen(TCPTransport.java:356)
	at java.rmi/sun.rmi.transport.tcp.TCPTransport.exportObject(TCPTransport.java:251)
	at java.rmi/sun.rmi.transport.tcp.TCPEndpoint.exportObject(TCPEndpoint.java:415)
	at java.rmi/sun.rmi.transport.LiveRef.exportObject(LiveRef.java:147)
	at java.rmi/sun.rmi.server.UnicastServerRef.exportObject(UnicastServerRef.java:235)
	at java.rmi/sun.rmi.registry.RegistryImpl.setup(RegistryImpl.java:223)
	at java.rmi/sun.rmi.registry.RegistryImpl.<init>(RegistryImpl.java:208)
	at java.rmi/java.rmi.registry.LocateRegistry.createRegistry(LocateRegistry.java:203)
	at com.attendance.system.server.ServerLauncher.setupRMIRegistry(ServerLauncher.java:208)
	at com.attendance.system.server.ServerLauncher.start(ServerLauncher.java:77)
	at com.attendance.system.server.ServerLauncher.main(ServerLauncher.java:365)
	at org.codehaus.mojo.exec.ExecJavaMojo$1.run(ExecJavaMojo.java:279)
	at java.base/java.lang.Thread.run(Thread.java:1583)
Caused by: java.net.BindException: Address already in use
	at java.base/sun.nio.ch.Net.bind0(Native Method)
	at java.base/sun.nio.ch.Net.bind(Net.java:577)
	at java.base/sun.nio.ch.Net.bind(Net.java:566)
	at java.base/sun.nio.ch.NioSocketImpl.bind(NioSocketImpl.java:636)
	at java.base/java.net.ServerSocket.bind(ServerSocket.java:391)
	at java.base/java.net.ServerSocket.<init>(ServerSocket.java:278)
	at java.base/java.net.ServerSocket.<init>(ServerSocket.java:171)
	at java.rmi/sun.rmi.transport.tcp.TCPDirectSocketFactory.createServerSocket(TCPDirectSocketFactory.java:45)
	at java.rmi/sun.rmi.transport.tcp.TCPEndpoint.newServerSocket(TCPEndpoint.java:672)
	at java.rmi/sun.rmi.transport.tcp.TCPTransport.listen(TCPTransport.java:344)
	... 12 common frames omitted
2026-05-07 02:12:00.354 [com.attendance.system.server.ServerLauncher.main()] ERROR c.a.system.server.ServerLauncher - Server startup failed
java.rmi.server.ExportException: Port already in use: 1099; nested exception is: 
	java.net.BindException: Address already in use
	at java.rmi/sun.rmi.transport.tcp.TCPTransport.listen(TCPTransport.java:356)
	at java.rmi/sun.rmi.transport.tcp.TCPTransport.exportObject(TCPTransport.java:251)
	at java.rmi/sun.rmi.transport.tcp.TCPEndpoint.exportObject(TCPEndpoint.java:415)
	at java.rmi/sun.rmi.transport.LiveRef.exportObject(LiveRef.java:147)
	at java.rmi/sun.rmi.server.UnicastServerRef.exportObject(UnicastServerRef.java:235)
	at java.rmi/sun.rmi.registry.RegistryImpl.setup(RegistryImpl.java:223)
	at java.rmi/sun.rmi.registry.RegistryImpl.<init>(RegistryImpl.java:208)
	at java.rmi/java.rmi.registry.LocateRegistry.createRegistry(LocateRegistry.java:203)
	at com.attendance.system.server.ServerLauncher.setupRMIRegistry(ServerLauncher.java:208)
	at com.attendance.system.server.ServerLauncher.start(ServerLauncher.java:77)
	at com.attendance.system.server.ServerLauncher.main(ServerLauncher.java:365)
	at org.codehaus.mojo.exec.ExecJavaMojo$1.run(ExecJavaMojo.java:279)
	at java.base/java.lang.Thread.run(Thread.java:1583)
Caused by: java.net.BindException: Address already in use
	at java.base/sun.nio.ch.Net.bind0(Native Method)
	at java.base/sun.nio.ch.Net.bind(Net.java:577)
	at java.base/sun.nio.ch.Net.bind(Net.java:566)
	at java.base/sun.nio.ch.NioSocketImpl.bind(NioSocketImpl.java:636)
	at java.base/java.net.ServerSocket.bind(ServerSocket.java:391)
	at java.base/java.net.ServerSocket.<init>(ServerSocket.java:278)
	at java.base/java.net.ServerSocket.<init>(ServerSocket.java:171)
	at java.rmi/sun.rmi.transport.tcp.TCPDirectSocketFactory.createServerSocket(TCPDirectSocketFactory.java:45)
	at java.rmi/sun.rmi.transport.tcp.TCPEndpoint.newServerSocket(TCPEndpoint.java:672)
	at java.rmi/sun.rmi.transport.tcp.TCPTransport.listen(TCPTransport.java:344)
	... 12 common frames omitted
2026-05-07 02:15:36.587 [RMI TCP Connection(3)-127.0.0.1] ERROR c.a.system.util.SecurityUtil - Decryption failed for data
java.lang.IllegalArgumentException: Last unit does not have enough valid bits
	at java.base/java.util.Base64$Decoder.decode0(Base64.java:872)
	at java.base/java.util.Base64$Decoder.decode(Base64.java:570)
	at java.base/java.util.Base64$Decoder.decode(Base64.java:593)
	at com.attendance.system.util.SecurityUtil.decryptData(SecurityUtil.java:252)
	at com.attendance.system.util.SecurityUtil.decryptData(SecurityUtil.java:235)
	at com.attendance.system.util.SecurityUtil.decrypt(SecurityUtil.java:479)
	at com.attendance.system.server.AttendanceServer.lambda$registerUser$4(AttendanceServer.java:189)
	at com.attendance.system.server.AttendanceServer.executeWithErrorHandling(AttendanceServer.java:1139)
	at com.attendance.system.server.AttendanceServer.registerUser(AttendanceServer.java:182)
	at java.base/jdk.internal.reflect.DirectMethodHandleAccessor.invoke(DirectMethodHandleAccessor.java:103)
	at java.base/java.lang.reflect.Method.invoke(Method.java:580)
	at java.rmi/sun.rmi.server.UnicastServerRef.dispatch(UnicastServerRef.java:360)
	at java.rmi/sun.rmi.transport.Transport$1.run(Transport.java:200)
	at java.rmi/sun.rmi.transport.Transport$1.run(Transport.java:197)
	at java.base/java.security.AccessController.doPrivileged(AccessController.java:714)
	at java.rmi/sun.rmi.transport.Transport.serviceCall(Transport.java:196)
	at java.rmi/sun.rmi.transport.tcp.TCPTransport.handleMessages(TCPTransport.java:598)
	at java.rmi/sun.rmi.transport.tcp.TCPTransport$ConnectionHandler.run0(TCPTransport.java:844)
	at java.rmi/sun.rmi.transport.tcp.TCPTransport$ConnectionHandler.lambda$run$0(TCPTransport.java:721)
	at java.base/java.security.AccessController.doPrivileged(AccessController.java:400)
	at java.rmi/sun.rmi.transport.tcp.TCPTransport$ConnectionHandler.run(TCPTransport.java:720)
	at java.base/java.util.concurrent.ThreadPoolExecutor.runWorker(ThreadPoolExecutor.java:1144)
	at java.base/java.util.concurrent.ThreadPoolExecutor$Worker.run(ThreadPoolExecutor.java:642)
	at java.base/java.lang.Thread.run(Thread.java:1583)
2026-05-07 02:15:36.596 [RMI TCP Connection(3)-127.0.0.1] ERROR c.a.system.server.AttendanceServer - Unexpected error in method registerUser
java.lang.RuntimeException: Decryption failed
	at com.attendance.system.util.SecurityUtil.decryptData(SecurityUtil.java:280)
	at com.attendance.system.util.SecurityUtil.decryptData(SecurityUtil.java:235)
	at com.attendance.system.util.SecurityUtil.decrypt(SecurityUtil.java:479)
	at com.attendance.system.server.AttendanceServer.lambda$registerUser$4(AttendanceServer.java:189)
	at com.attendance.system.server.AttendanceServer.executeWithErrorHandling(AttendanceServer.java:1139)
	at com.attendance.system.server.AttendanceServer.registerUser(AttendanceServer.java:182)
	at java.base/jdk.internal.reflect.DirectMethodHandleAccessor.invoke(DirectMethodHandleAccessor.java:103)
	at java.base/java.lang.reflect.Method.invoke(Method.java:580)
	at java.rmi/sun.rmi.server.UnicastServerRef.dispatch(UnicastServerRef.java:360)
	at java.rmi/sun.rmi.transport.Transport$1.run(Transport.java:200)
	at java.rmi/sun.rmi.transport.Transport$1.run(Transport.java:197)
	at java.base/java.security.AccessController.doPrivileged(AccessController.java:714)
	at java.rmi/sun.rmi.transport.Transport.serviceCall(Transport.java:196)
	at java.rmi/sun.rmi.transport.tcp.TCPTransport.handleMessages(TCPTransport.java:598)
	at java.rmi/sun.rmi.transport.tcp.TCPTransport$ConnectionHandler.run0(TCPTransport.java:844)
	at java.rmi/sun.rmi.transport.tcp.TCPTransport$ConnectionHandler.lambda$run$0(TCPTransport.java:721)
	at java.base/java.security.AccessController.doPrivileged(AccessController.java:400)
	at java.rmi/sun.rmi.transport.tcp.TCPTransport$ConnectionHandler.run(TCPTransport.java:720)
	at java.base/java.util.concurrent.ThreadPoolExecutor.runWorker(ThreadPoolExecutor.java:1144)
	at java.base/java.util.concurrent.ThreadPoolExecutor$Worker.run(ThreadPoolExecutor.java:642)
	at java.base/java.lang.Thread.run(Thread.java:1583)
Caused by: java.lang.IllegalArgumentException: Last unit does not have enough valid bits
	at java.base/java.util.Base64$Decoder.decode0(Base64.java:872)
	at java.base/java.util.Base64$Decoder.decode(Base64.java:570)
	at java.base/java.util.Base64$Decoder.decode(Base64.java:593)
	at com.attendance.system.util.SecurityUtil.decryptData(SecurityUtil.java:252)
	... 20 common frames omitted
2026-05-07 02:15:36.646 [ForkJoinPool.commonPool-worker-1] ERROR c.a.system.client.RegistrationFrame - Remote service error during registration
java.rmi.ServerException: RemoteException occurred in server thread; nested exception is: 
	java.rmi.RemoteException: Unexpected server error in registerUser; nested exception is: 
	java.lang.RuntimeException: Decryption failed
	at java.rmi/sun.rmi.server.UnicastServerRef.dispatch(UnicastServerRef.java:392)
	at java.rmi/sun.rmi.transport.Transport$1.run(Transport.java:200)
	at java.rmi/sun.rmi.transport.Transport$1.run(Transport.java:197)
	at java.base/java.security.AccessController.doPrivileged(AccessController.java:714)
	at java.rmi/sun.rmi.transport.Transport.serviceCall(Transport.java:196)
	at java.rmi/sun.rmi.transport.tcp.TCPTransport.handleMessages(TCPTransport.java:598)
	at java.rmi/sun.rmi.transport.tcp.TCPTransport$ConnectionHandler.run0(TCPTransport.java:844)
	at java.rmi/sun.rmi.transport.tcp.TCPTransport$ConnectionHandler.lambda$run$0(TCPTransport.java:721)
	at java.base/java.security.AccessController.doPrivileged(AccessController.java:400)
	at java.rmi/sun.rmi.transport.tcp.TCPTransport$ConnectionHandler.run(TCPTransport.java:720)
	at java.base/java.util.concurrent.ThreadPoolExecutor.runWorker(ThreadPoolExecutor.java:1144)
	at java.base/java.util.concurrent.ThreadPoolExecutor$Worker.run(ThreadPoolExecutor.java:642)
	at java.base/java.lang.Thread.run(Thread.java:1583)
	at java.rmi/sun.rmi.transport.StreamRemoteCall.exceptionReceivedFromServer(StreamRemoteCall.java:304)
	at java.rmi/sun.rmi.transport.StreamRemoteCall.executeCall(StreamRemoteCall.java:280)
	at java.rmi/sun.rmi.server.UnicastRef.invoke(UnicastRef.java:166)
	at java.rmi/java.rmi.server.RemoteObjectInvocationHandler.invokeRemoteMethod(RemoteObjectInvocationHandler.java:215)
	at java.rmi/java.rmi.server.RemoteObjectInvocationHandler.invoke(RemoteObjectInvocationHandler.java:160)
	at jdk.proxy3/jdk.proxy3.$Proxy25.registerUser(Unknown Source)
	at com.attendance.system.client.RegistrationFrame.lambda$performRegistration$7(RegistrationFrame.java:662)
	at java.base/java.util.concurrent.CompletableFuture$AsyncRun.run(CompletableFuture.java:1804)
	at java.base/java.util.concurrent.CompletableFuture$AsyncRun.exec(CompletableFuture.java:1796)
	at java.base/java.util.concurrent.ForkJoinTask.doExec(ForkJoinTask.java:387)
	at java.base/java.util.concurrent.ForkJoinPool$WorkQueue.topLevelExec(ForkJoinPool.java:1312)
	at java.base/java.util.concurrent.ForkJoinPool.scan(ForkJoinPool.java:1843)
	at java.base/java.util.concurrent.ForkJoinPool.runWorker(ForkJoinPool.java:1808)
	at java.base/java.util.concurrent.ForkJoinWorkerThread.run(ForkJoinWorkerThread.java:188)
Caused by: java.rmi.RemoteException: Unexpected server error in registerUser; nested exception is: 
	java.lang.RuntimeException: Decryption failed
	at com.attendance.system.server.AttendanceServer.executeWithErrorHandling(AttendanceServer.java:1151)
	at com.attendance.system.server.AttendanceServer.registerUser(AttendanceServer.java:182)
	at java.base/jdk.internal.reflect.DirectMethodHandleAccessor.invoke(DirectMethodHandleAccessor.java:103)
	at java.base/java.lang.reflect.Method.invoke(Method.java:580)
	at java.rmi/sun.rmi.server.UnicastServerRef.dispatch(UnicastServerRef.java:360)
	at java.rmi/sun.rmi.transport.Transport$1.run(Transport.java:200)
	at java.rmi/sun.rmi.transport.Transport$1.run(Transport.java:197)
	at java.base/java.security.AccessController.doPrivileged(AccessController.java:714)
	at java.rmi/sun.rmi.transport.Transport.serviceCall(Transport.java:196)
	at java.rmi/sun.rmi.transport.tcp.TCPTransport.handleMessages(TCPTransport.java:598)
	at java.rmi/sun.rmi.transport.tcp.TCPTransport$ConnectionHandler.run0(TCPTransport.java:844)
	at java.rmi/sun.rmi.transport.tcp.TCPTransport$ConnectionHandler.lambda$run$0(TCPTransport.java:721)
	at java.base/java.security.AccessController.doPrivileged(AccessController.java:400)
	at java.rmi/sun.rmi.transport.tcp.TCPTransport$ConnectionHandler.run(TCPTransport.java:720)
	at java.base/java.util.concurrent.ThreadPoolExecutor.runWorker(ThreadPoolExecutor.java:1144)
	at java.base/java.util.concurrent.ThreadPoolExecutor$Worker.run(ThreadPoolExecutor.java:642)
	at java.base/java.lang.Thread.run(Thread.java:1583)
Caused by: java.lang.RuntimeException: Decryption failed
	at com.attendance.system.util.SecurityUtil.decryptData(SecurityUtil.java:280)
	at com.attendance.system.util.SecurityUtil.decryptData(SecurityUtil.java:235)
	at com.attendance.system.util.SecurityUtil.decrypt(SecurityUtil.java:479)
	at com.attendance.system.server.AttendanceServer.lambda$registerUser$4(AttendanceServer.java:189)
	at com.attendance.system.server.AttendanceServer.executeWithErrorHandling(AttendanceServer.java:1139)
	... 16 common frames omitted
Caused by: java.lang.IllegalArgumentException: Last unit does not have enough valid bits
	at java.base/java.util.Base64$Decoder.decode0(Base64.java:872)
	at java.base/java.util.Base64$Decoder.decode(Base64.java:570)
	at java.base/java.util.Base64$Decoder.decode(Base64.java:593)
	at com.attendance.system.util.SecurityUtil.decryptData(SecurityUtil.java:252)
	... 20 common frames omitted
2026-05-07 02:24:20.369 [ForkJoinPool.commonPool-worker-2] ERROR c.a.system.client.RegistrationFrame - Remote service error during registration
java.rmi.ServerException: RemoteException occurred in server thread; nested exception is: 
	java.rmi.RemoteException: Service error in registerUser: Username already exists
	at java.rmi/sun.rmi.server.UnicastServerRef.dispatch(UnicastServerRef.java:392)
	at java.rmi/sun.rmi.transport.Transport$1.run(Transport.java:200)
	at java.rmi/sun.rmi.transport.Transport$1.run(Transport.java:197)
	at java.base/java.security.AccessController.doPrivileged(AccessController.java:714)
	at java.rmi/sun.rmi.transport.Transport.serviceCall(Transport.java:196)
	at java.rmi/sun.rmi.transport.tcp.TCPTransport.handleMessages(TCPTransport.java:598)
	at java.rmi/sun.rmi.transport.tcp.TCPTransport$ConnectionHandler.run0(TCPTransport.java:844)
	at java.rmi/sun.rmi.transport.tcp.TCPTransport$ConnectionHandler.lambda$run$0(TCPTransport.java:721)
	at java.base/java.security.AccessController.doPrivileged(AccessController.java:400)
	at java.rmi/sun.rmi.transport.tcp.TCPTransport$ConnectionHandler.run(TCPTransport.java:720)
	at java.base/java.util.concurrent.ThreadPoolExecutor.runWorker(ThreadPoolExecutor.java:1144)
	at java.base/java.util.concurrent.ThreadPoolExecutor$Worker.run(ThreadPoolExecutor.java:642)
	at java.base/java.lang.Thread.run(Thread.java:1583)
	at java.rmi/sun.rmi.transport.StreamRemoteCall.exceptionReceivedFromServer(StreamRemoteCall.java:304)
	at java.rmi/sun.rmi.transport.StreamRemoteCall.executeCall(StreamRemoteCall.java:280)
	at java.rmi/sun.rmi.server.UnicastRef.invoke(UnicastRef.java:166)
	at java.rmi/java.rmi.server.RemoteObjectInvocationHandler.invokeRemoteMethod(RemoteObjectInvocationHandler.java:215)
	at java.rmi/java.rmi.server.RemoteObjectInvocationHandler.invoke(RemoteObjectInvocationHandler.java:160)
	at jdk.proxy3/jdk.proxy3.$Proxy25.registerUser(Unknown Source)
	at com.attendance.system.client.RegistrationFrame.lambda$performRegistration$7(RegistrationFrame.java:662)
	at java.base/java.util.concurrent.CompletableFuture$AsyncRun.run(CompletableFuture.java:1804)
	at java.base/java.util.concurrent.CompletableFuture$AsyncRun.exec(CompletableFuture.java:1796)
	at java.base/java.util.concurrent.ForkJoinTask.doExec(ForkJoinTask.java:387)
	at java.base/java.util.concurrent.ForkJoinPool$WorkQueue.topLevelExec(ForkJoinPool.java:1312)
	at java.base/java.util.concurrent.ForkJoinPool.scan(ForkJoinPool.java:1843)
	at java.base/java.util.concurrent.ForkJoinPool.runWorker(ForkJoinPool.java:1808)
	at java.base/java.util.concurrent.ForkJoinWorkerThread.run(ForkJoinWorkerThread.java:188)
Caused by: java.rmi.RemoteException: Service error in registerUser: Username already exists
	at com.attendance.system.server.AttendanceServer.executeWithErrorHandling(AttendanceServer.java:1148)
	at com.attendance.system.server.AttendanceServer.registerUser(AttendanceServer.java:182)
	at java.base/jdk.internal.reflect.DirectMethodHandleAccessor.invoke(DirectMethodHandleAccessor.java:103)
	at java.base/java.lang.reflect.Method.invoke(Method.java:580)
	at java.rmi/sun.rmi.server.UnicastServerRef.dispatch(UnicastServerRef.java:360)
	at java.rmi/sun.rmi.transport.Transport$1.run(Transport.java:200)
	at java.rmi/sun.rmi.transport.Transport$1.run(Transport.java:197)
	at java.base/java.security.AccessController.doPrivileged(AccessController.java:714)
	at java.rmi/sun.rmi.transport.Transport.serviceCall(Transport.java:196)
	at java.rmi/sun.rmi.transport.tcp.TCPTransport.handleMessages(TCPTransport.java:598)
	at java.rmi/sun.rmi.transport.tcp.TCPTransport$ConnectionHandler.run0(TCPTransport.java:844)
	at java.rmi/sun.rmi.transport.tcp.TCPTransport$ConnectionHandler.lambda$run$0(TCPTransport.java:721)
	at java.base/java.security.AccessController.doPrivileged(AccessController.java:400)
	at java.rmi/sun.rmi.transport.tcp.TCPTransport$ConnectionHandler.run(TCPTransport.java:720)
	at java.base/java.util.concurrent.ThreadPoolExecutor.runWorker(ThreadPoolExecutor.java:1144)
	at java.base/java.util.concurrent.ThreadPoolExecutor$Worker.run(ThreadPoolExecutor.java:642)
	at java.base/java.lang.Thread.run(Thread.java:1583)
2026-05-07 02:24:25.117 [ForkJoinPool.commonPool-worker-2] ERROR c.a.system.client.RegistrationFrame - Remote service error during registration
java.rmi.ServerException: RemoteException occurred in server thread; nested exception is: 
	java.rmi.RemoteException: Service error in registerUser: Username already exists
	at java.rmi/sun.rmi.server.UnicastServerRef.dispatch(UnicastServerRef.java:392)
	at java.rmi/sun.rmi.transport.Transport$1.run(Transport.java:200)
	at java.rmi/sun.rmi.transport.Transport$1.run(Transport.java:197)
	at java.base/java.security.AccessController.doPrivileged(AccessController.java:714)
	at java.rmi/sun.rmi.transport.Transport.serviceCall(Transport.java:196)
	at java.rmi/sun.rmi.transport.tcp.TCPTransport.handleMessages(TCPTransport.java:598)
	at java.rmi/sun.rmi.transport.tcp.TCPTransport$ConnectionHandler.run0(TCPTransport.java:844)
	at java.rmi/sun.rmi.transport.tcp.TCPTransport$ConnectionHandler.lambda$run$0(TCPTransport.java:721)
	at java.base/java.security.AccessController.doPrivileged(AccessController.java:400)
	at java.rmi/sun.rmi.transport.tcp.TCPTransport$ConnectionHandler.run(TCPTransport.java:720)
	at java.base/java.util.concurrent.ThreadPoolExecutor.runWorker(ThreadPoolExecutor.java:1144)
	at java.base/java.util.concurrent.ThreadPoolExecutor$Worker.run(ThreadPoolExecutor.java:642)
	at java.base/java.lang.Thread.run(Thread.java:1583)
	at java.rmi/sun.rmi.transport.StreamRemoteCall.exceptionReceivedFromServer(StreamRemoteCall.java:304)
	at java.rmi/sun.rmi.transport.StreamRemoteCall.executeCall(StreamRemoteCall.java:280)
	at java.rmi/sun.rmi.server.UnicastRef.invoke(UnicastRef.java:166)
	at java.rmi/java.rmi.server.RemoteObjectInvocationHandler.invokeRemoteMethod(RemoteObjectInvocationHandler.java:215)
	at java.rmi/java.rmi.server.RemoteObjectInvocationHandler.invoke(RemoteObjectInvocationHandler.java:160)
	at jdk.proxy3/jdk.proxy3.$Proxy25.registerUser(Unknown Source)
	at com.attendance.system.client.RegistrationFrame.lambda$performRegistration$7(RegistrationFrame.java:662)
	at java.base/java.util.concurrent.CompletableFuture$AsyncRun.run(CompletableFuture.java:1804)
	at java.base/java.util.concurrent.CompletableFuture$AsyncRun.exec(CompletableFuture.java:1796)
	at java.base/java.util.concurrent.ForkJoinTask.doExec(ForkJoinTask.java:387)
	at java.base/java.util.concurrent.ForkJoinPool$WorkQueue.topLevelExec(ForkJoinPool.java:1312)
	at java.base/java.util.concurrent.ForkJoinPool.scan(ForkJoinPool.java:1843)
	at java.base/java.util.concurrent.ForkJoinPool.runWorker(ForkJoinPool.java:1808)
	at java.base/java.util.concurrent.ForkJoinWorkerThread.run(ForkJoinWorkerThread.java:188)
Caused by: java.rmi.RemoteException: Service error in registerUser: Username already exists
	at com.attendance.system.server.AttendanceServer.executeWithErrorHandling(AttendanceServer.java:1148)
	at com.attendance.system.server.AttendanceServer.registerUser(AttendanceServer.java:182)
	at java.base/jdk.internal.reflect.DirectMethodHandleAccessor.invoke(DirectMethodHandleAccessor.java:103)
	at java.base/java.lang.reflect.Method.invoke(Method.java:580)
	at java.rmi/sun.rmi.server.UnicastServerRef.dispatch(UnicastServerRef.java:360)
	at java.rmi/sun.rmi.transport.Transport$1.run(Transport.java:200)
	at java.rmi/sun.rmi.transport.Transport$1.run(Transport.java:197)
	at java.base/java.security.AccessController.doPrivileged(AccessController.java:714)
	at java.rmi/sun.rmi.transport.Transport.serviceCall(Transport.java:196)
	at java.rmi/sun.rmi.transport.tcp.TCPTransport.handleMessages(TCPTransport.java:598)
	at java.rmi/sun.rmi.transport.tcp.TCPTransport$ConnectionHandler.run0(TCPTransport.java:844)
	at java.rmi/sun.rmi.transport.tcp.TCPTransport$ConnectionHandler.lambda$run$0(TCPTransport.java:721)
	at java.base/java.security.AccessController.doPrivileged(AccessController.java:400)
	at java.rmi/sun.rmi.transport.tcp.TCPTransport$ConnectionHandler.run(TCPTransport.java:720)
	at java.base/java.util.concurrent.ThreadPoolExecutor.runWorker(ThreadPoolExecutor.java:1144)
	at java.base/java.util.concurrent.ThreadPoolExecutor$Worker.run(ThreadPoolExecutor.java:642)
	at java.base/java.lang.Thread.run(Thread.java:1583)
2026-05-07 02:34:46.299 [ForkJoinPool.commonPool-worker-2] ERROR c.a.system.client.AttendanceGUI - Failed to connect to server
java.rmi.ConnectException: Connection refused to host: localhost; nested exception is: 
	java.net.ConnectException: Connection refused
	at java.rmi/sun.rmi.transport.tcp.TCPEndpoint.newSocket(TCPEndpoint.java:625)
	at java.rmi/sun.rmi.transport.tcp.TCPChannel.createConnection(TCPChannel.java:217)
	at java.rmi/sun.rmi.transport.tcp.TCPChannel.newConnection(TCPChannel.java:204)
	at java.rmi/sun.rmi.server.UnicastRef.newCall(UnicastRef.java:345)
	at java.rmi/sun.rmi.registry.RegistryImpl_Stub.lookup(RegistryImpl_Stub.java:116)
	at java.rmi/java.rmi.Naming.lookup(Naming.java:101)
	at com.attendance.system.client.AttendanceGUI.lambda$initializeConnection$0(AttendanceGUI.java:183)
	at java.base/java.util.concurrent.CompletableFuture$AsyncSupply.run(CompletableFuture.java:1768)
	at java.base/java.util.concurrent.CompletableFuture$AsyncSupply.exec(CompletableFuture.java:1760)
	at java.base/java.util.concurrent.ForkJoinTask.doExec(ForkJoinTask.java:387)
	at java.base/java.util.concurrent.ForkJoinPool$WorkQueue.topLevelExec(ForkJoinPool.java:1312)
	at java.base/java.util.concurrent.ForkJoinPool.scan(ForkJoinPool.java:1843)
	at java.base/java.util.concurrent.ForkJoinPool.runWorker(ForkJoinPool.java:1808)
	at java.base/java.util.concurrent.ForkJoinWorkerThread.run(ForkJoinWorkerThread.java:188)
Caused by: java.net.ConnectException: Connection refused
	at java.base/sun.nio.ch.Net.connect0(Native Method)
	at java.base/sun.nio.ch.Net.connect(Net.java:601)
	at java.base/sun.nio.ch.Net.connect(Net.java:590)
	at java.base/sun.nio.ch.NioSocketImpl.connect(NioSocketImpl.java:583)
	at java.base/java.net.SocksSocketImpl.connect(SocksSocketImpl.java:327)
	at java.base/java.net.Socket.connect(Socket.java:751)
	at java.base/java.net.Socket.connect(Socket.java:686)
	at java.base/java.net.Socket.<init>(Socket.java:555)
	at java.base/java.net.Socket.<init>(Socket.java:324)
	at java.rmi/sun.rmi.transport.tcp.TCPDirectSocketFactory.createSocket(TCPDirectSocketFactory.java:40)
	at java.rmi/sun.rmi.transport.tcp.TCPEndpoint.newSocket(TCPEndpoint.java:619)
	... 13 common frames omitted
2026-05-07 02:34:51.343 [ForkJoinPool.commonPool-worker-2] ERROR c.a.system.client.AttendanceGUI - Failed to connect to server
java.rmi.ConnectException: Connection refused to host: localhost; nested exception is: 
	java.net.ConnectException: Connection refused
	at java.rmi/sun.rmi.transport.tcp.TCPEndpoint.newSocket(TCPEndpoint.java:625)
	at java.rmi/sun.rmi.transport.tcp.TCPChannel.createConnection(TCPChannel.java:217)
	at java.rmi/sun.rmi.transport.tcp.TCPChannel.newConnection(TCPChannel.java:204)
	at java.rmi/sun.rmi.server.UnicastRef.newCall(UnicastRef.java:345)
	at java.rmi/sun.rmi.registry.RegistryImpl_Stub.lookup(RegistryImpl_Stub.java:116)
	at java.rmi/java.rmi.Naming.lookup(Naming.java:101)
	at com.attendance.system.client.AttendanceGUI.lambda$initializeConnection$0(AttendanceGUI.java:183)
	at java.base/java.util.concurrent.CompletableFuture$AsyncSupply.run(CompletableFuture.java:1768)
	at java.base/java.util.concurrent.CompletableFuture$AsyncSupply.exec(CompletableFuture.java:1760)
	at java.base/java.util.concurrent.ForkJoinTask.doExec(ForkJoinTask.java:387)
	at java.base/java.util.concurrent.ForkJoinPool$WorkQueue.topLevelExec(ForkJoinPool.java:1312)
	at java.base/java.util.concurrent.ForkJoinPool.scan(ForkJoinPool.java:1843)
	at java.base/java.util.concurrent.ForkJoinPool.runWorker(ForkJoinPool.java:1808)
	at java.base/java.util.concurrent.ForkJoinWorkerThread.run(ForkJoinWorkerThread.java:188)
Caused by: java.net.ConnectException: Connection refused
	at java.base/sun.nio.ch.Net.connect0(Native Method)
	at java.base/sun.nio.ch.Net.connect(Net.java:601)
	at java.base/sun.nio.ch.Net.connect(Net.java:590)
	at java.base/sun.nio.ch.NioSocketImpl.connect(NioSocketImpl.java:583)
	at java.base/java.net.SocksSocketImpl.connect(SocksSocketImpl.java:327)
	at java.base/java.net.Socket.connect(Socket.java:751)
	at java.base/java.net.Socket.connect(Socket.java:686)
	at java.base/java.net.Socket.<init>(Socket.java:555)
	at java.base/java.net.Socket.<init>(Socket.java:324)
	at java.rmi/sun.rmi.transport.tcp.TCPDirectSocketFactory.createSocket(TCPDirectSocketFactory.java:40)
	at java.rmi/sun.rmi.transport.tcp.TCPEndpoint.newSocket(TCPEndpoint.java:619)
	... 13 common frames omitted
2026-05-07 02:34:56.372 [ForkJoinPool.commonPool-worker-2] ERROR c.a.system.client.AttendanceGUI - Failed to connect to server
java.rmi.ConnectException: Connection refused to host: localhost; nested exception is: 
	java.net.ConnectException: Connection refused
	at java.rmi/sun.rmi.transport.tcp.TCPEndpoint.newSocket(TCPEndpoint.java:625)
	at java.rmi/sun.rmi.transport.tcp.TCPChannel.createConnection(TCPChannel.java:217)
	at java.rmi/sun.rmi.transport.tcp.TCPChannel.newConnection(TCPChannel.java:204)
	at java.rmi/sun.rmi.server.UnicastRef.newCall(UnicastRef.java:345)
	at java.rmi/sun.rmi.registry.RegistryImpl_Stub.lookup(RegistryImpl_Stub.java:116)
	at java.rmi/java.rmi.Naming.lookup(Naming.java:101)
	at com.attendance.system.client.AttendanceGUI.lambda$initializeConnection$0(AttendanceGUI.java:183)
	at java.base/java.util.concurrent.CompletableFuture$AsyncSupply.run(CompletableFuture.java:1768)
	at java.base/java.util.concurrent.CompletableFuture$AsyncSupply.exec(CompletableFuture.java:1760)
	at java.base/java.util.concurrent.ForkJoinTask.doExec(ForkJoinTask.java:387)
	at java.base/java.util.concurrent.ForkJoinPool$WorkQueue.topLevelExec(ForkJoinPool.java:1312)
	at java.base/java.util.concurrent.ForkJoinPool.scan(ForkJoinPool.java:1843)
	at java.base/java.util.concurrent.ForkJoinPool.runWorker(ForkJoinPool.java:1808)
	at java.base/java.util.concurrent.ForkJoinWorkerThread.run(ForkJoinWorkerThread.java:188)
Caused by: java.net.ConnectException: Connection refused
	at java.base/sun.nio.ch.Net.connect0(Native Method)
	at java.base/sun.nio.ch.Net.connect(Net.java:601)
	at java.base/sun.nio.ch.Net.connect(Net.java:590)
	at java.base/sun.nio.ch.NioSocketImpl.connect(NioSocketImpl.java:583)
	at java.base/java.net.SocksSocketImpl.connect(SocksSocketImpl.java:327)
	at java.base/java.net.Socket.connect(Socket.java:751)
	at java.base/java.net.Socket.connect(Socket.java:686)
	at java.base/java.net.Socket.<init>(Socket.java:555)
	at java.base/java.net.Socket.<init>(Socket.java:324)
	at java.rmi/sun.rmi.transport.tcp.TCPDirectSocketFactory.createSocket(TCPDirectSocketFactory.java:40)
	at java.rmi/sun.rmi.transport.tcp.TCPEndpoint.newSocket(TCPEndpoint.java:619)
	... 13 common frames omitted
2026-05-07 02:35:01.412 [ForkJoinPool.commonPool-worker-2] ERROR c.a.system.client.AttendanceGUI - Failed to connect to server
java.rmi.ConnectException: Connection refused to host: localhost; nested exception is: 
	java.net.ConnectException: Connection refused
	at java.rmi/sun.rmi.transport.tcp.TCPEndpoint.newSocket(TCPEndpoint.java:625)
	at java.rmi/sun.rmi.transport.tcp.TCPChannel.createConnection(TCPChannel.java:217)
	at java.rmi/sun.rmi.transport.tcp.TCPChannel.newConnection(TCPChannel.java:204)
	at java.rmi/sun.rmi.server.UnicastRef.newCall(UnicastRef.java:345)
	at java.rmi/sun.rmi.registry.RegistryImpl_Stub.lookup(RegistryImpl_Stub.java:116)
	at java.rmi/java.rmi.Naming.lookup(Naming.java:101)
	at com.attendance.system.client.AttendanceGUI.lambda$initializeConnection$0(AttendanceGUI.java:183)
	at java.base/java.util.concurrent.CompletableFuture$AsyncSupply.run(CompletableFuture.java:1768)
	at java.base/java.util.concurrent.CompletableFuture$AsyncSupply.exec(CompletableFuture.java:1760)
	at java.base/java.util.concurrent.ForkJoinTask.doExec(ForkJoinTask.java:387)
	at java.base/java.util.concurrent.ForkJoinPool$WorkQueue.topLevelExec(ForkJoinPool.java:1312)
	at java.base/java.util.concurrent.ForkJoinPool.scan(ForkJoinPool.java:1843)
	at java.base/java.util.concurrent.ForkJoinPool.runWorker(ForkJoinPool.java:1808)
	at java.base/java.util.concurrent.ForkJoinWorkerThread.run(ForkJoinWorkerThread.java:188)
Caused by: java.net.ConnectException: Connection refused
	at java.base/sun.nio.ch.Net.connect0(Native Method)
	at java.base/sun.nio.ch.Net.connect(Net.java:601)
	at java.base/sun.nio.ch.Net.connect(Net.java:590)
	at java.base/sun.nio.ch.NioSocketImpl.connect(NioSocketImpl.java:583)
	at java.base/java.net.SocksSocketImpl.connect(SocksSocketImpl.java:327)
	at java.base/java.net.Socket.connect(Socket.java:751)
	at java.base/java.net.Socket.connect(Socket.java:686)
	at java.base/java.net.Socket.<init>(Socket.java:555)
	at java.base/java.net.Socket.<init>(Socket.java:324)
	at java.rmi/sun.rmi.transport.tcp.TCPDirectSocketFactory.createSocket(TCPDirectSocketFactory.java:40)
	at java.rmi/sun.rmi.transport.tcp.TCPEndpoint.newSocket(TCPEndpoint.java:619)
	... 13 common frames omitted
2026-05-07 02:36:31.496 [com.attendance.system.server.ServerLauncher.main()] ERROR c.a.system.server.ServerLauncher - Failed to create RMI registry on port 1099
java.rmi.server.ExportException: Port already in use: 1099; nested exception is: 
	java.net.BindException: Address already in use
	at java.rmi/sun.rmi.transport.tcp.TCPTransport.listen(TCPTransport.java:356)
	at java.rmi/sun.rmi.transport.tcp.TCPTransport.exportObject(TCPTransport.java:251)
	at java.rmi/sun.rmi.transport.tcp.TCPEndpoint.exportObject(TCPEndpoint.java:415)
	at java.rmi/sun.rmi.transport.LiveRef.exportObject(LiveRef.java:147)
	at java.rmi/sun.rmi.server.UnicastServerRef.exportObject(UnicastServerRef.java:235)
	at java.rmi/sun.rmi.registry.RegistryImpl.setup(RegistryImpl.java:223)
	at java.rmi/sun.rmi.registry.RegistryImpl.<init>(RegistryImpl.java:208)
	at java.rmi/java.rmi.registry.LocateRegistry.createRegistry(LocateRegistry.java:203)
	at com.attendance.system.server.ServerLauncher.setupRMIRegistry(ServerLauncher.java:208)
	at com.attendance.system.server.ServerLauncher.start(ServerLauncher.java:77)
	at com.attendance.system.server.ServerLauncher.main(ServerLauncher.java:365)
	at org.codehaus.mojo.exec.ExecJavaMojo$1.run(ExecJavaMojo.java:279)
	at java.base/java.lang.Thread.run(Thread.java:1583)
Caused by: java.net.BindException: Address already in use
	at java.base/sun.nio.ch.Net.bind0(Native Method)
	at java.base/sun.nio.ch.Net.bind(Net.java:577)
	at java.base/sun.nio.ch.Net.bind(Net.java:566)
	at java.base/sun.nio.ch.NioSocketImpl.bind(NioSocketImpl.java:636)
	at java.base/java.net.ServerSocket.bind(ServerSocket.java:391)
	at java.base/java.net.ServerSocket.<init>(ServerSocket.java:278)
	at java.base/java.net.ServerSocket.<init>(ServerSocket.java:171)
	at java.rmi/sun.rmi.transport.tcp.TCPDirectSocketFactory.createServerSocket(TCPDirectSocketFactory.java:45)
	at java.rmi/sun.rmi.transport.tcp.TCPEndpoint.newServerSocket(TCPEndpoint.java:672)
	at java.rmi/sun.rmi.transport.tcp.TCPTransport.listen(TCPTransport.java:344)
	... 12 common frames omitted
2026-05-07 02:36:31.503 [com.attendance.system.server.ServerLauncher.main()] ERROR c.a.system.server.ServerLauncher - Failed to start server
java.rmi.server.ExportException: Port already in use: 1099; nested exception is: 
	java.net.BindException: Address already in use
	at java.rmi/sun.rmi.transport.tcp.TCPTransport.listen(TCPTransport.java:356)
	at java.rmi/sun.rmi.transport.tcp.TCPTransport.exportObject(TCPTransport.java:251)
	at java.rmi/sun.rmi.transport.tcp.TCPEndpoint.exportObject(TCPEndpoint.java:415)
	at java.rmi/sun.rmi.transport.LiveRef.exportObject(LiveRef.java:147)
	at java.rmi/sun.rmi.server.UnicastServerRef.exportObject(UnicastServerRef.java:235)
	at java.rmi/sun.rmi.registry.RegistryImpl.setup(RegistryImpl.java:223)
	at java.rmi/sun.rmi.registry.RegistryImpl.<init>(RegistryImpl.java:208)
	at java.rmi/java.rmi.registry.LocateRegistry.createRegistry(LocateRegistry.java:203)
	at com.attendance.system.server.ServerLauncher.setupRMIRegistry(ServerLauncher.java:208)
	at com.attendance.system.server.ServerLauncher.start(ServerLauncher.java:77)
	at com.attendance.system.server.ServerLauncher.main(ServerLauncher.java:365)
	at org.codehaus.mojo.exec.ExecJavaMojo$1.run(ExecJavaMojo.java:279)
	at java.base/java.lang.Thread.run(Thread.java:1583)
Caused by: java.net.BindException: Address already in use
	at java.base/sun.nio.ch.Net.bind0(Native Method)
	at java.base/sun.nio.ch.Net.bind(Net.java:577)
	at java.base/sun.nio.ch.Net.bind(Net.java:566)
	at java.base/sun.nio.ch.NioSocketImpl.bind(NioSocketImpl.java:636)
	at java.base/java.net.ServerSocket.bind(ServerSocket.java:391)
	at java.base/java.net.ServerSocket.<init>(ServerSocket.java:278)
	at java.base/java.net.ServerSocket.<init>(ServerSocket.java:171)
	at java.rmi/sun.rmi.transport.tcp.TCPDirectSocketFactory.createServerSocket(TCPDirectSocketFactory.java:45)
	at java.rmi/sun.rmi.transport.tcp.TCPEndpoint.newServerSocket(TCPEndpoint.java:672)
	at java.rmi/sun.rmi.transport.tcp.TCPTransport.listen(TCPTransport.java:344)
	... 12 common frames omitted
2026-05-07 02:36:31.529 [com.attendance.system.server.ServerLauncher.main()] ERROR c.a.system.server.ServerLauncher - Server startup failed
java.rmi.server.ExportException: Port already in use: 1099; nested exception is: 
	java.net.BindException: Address already in use
	at java.rmi/sun.rmi.transport.tcp.TCPTransport.listen(TCPTransport.java:356)
	at java.rmi/sun.rmi.transport.tcp.TCPTransport.exportObject(TCPTransport.java:251)
	at java.rmi/sun.rmi.transport.tcp.TCPEndpoint.exportObject(TCPEndpoint.java:415)
	at java.rmi/sun.rmi.transport.LiveRef.exportObject(LiveRef.java:147)
	at java.rmi/sun.rmi.server.UnicastServerRef.exportObject(UnicastServerRef.java:235)
	at java.rmi/sun.rmi.registry.RegistryImpl.setup(RegistryImpl.java:223)
	at java.rmi/sun.rmi.registry.RegistryImpl.<init>(RegistryImpl.java:208)
	at java.rmi/java.rmi.registry.LocateRegistry.createRegistry(LocateRegistry.java:203)
	at com.attendance.system.server.ServerLauncher.setupRMIRegistry(ServerLauncher.java:208)
	at com.attendance.system.server.ServerLauncher.start(ServerLauncher.java:77)
	at com.attendance.system.server.ServerLauncher.main(ServerLauncher.java:365)
	at org.codehaus.mojo.exec.ExecJavaMojo$1.run(ExecJavaMojo.java:279)
	at java.base/java.lang.Thread.run(Thread.java:1583)
Caused by: java.net.BindException: Address already in use
	at java.base/sun.nio.ch.Net.bind0(Native Method)
	at java.base/sun.nio.ch.Net.bind(Net.java:577)
	at java.base/sun.nio.ch.Net.bind(Net.java:566)
	at java.base/sun.nio.ch.NioSocketImpl.bind(NioSocketImpl.java:636)
	at java.base/java.net.ServerSocket.bind(ServerSocket.java:391)
	at java.base/java.net.ServerSocket.<init>(ServerSocket.java:278)
	at java.base/java.net.ServerSocket.<init>(ServerSocket.java:171)
	at java.rmi/sun.rmi.transport.tcp.TCPDirectSocketFactory.createServerSocket(TCPDirectSocketFactory.java:45)
	at java.rmi/sun.rmi.transport.tcp.TCPEndpoint.newServerSocket(TCPEndpoint.java:672)
	at java.rmi/sun.rmi.transport.tcp.TCPTransport.listen(TCPTransport.java:344)
	... 12 common frames omitted
2026-05-07 02:37:28.680 [com.attendance.system.server.ServerLauncher.main()] ERROR c.a.system.server.ServerLauncher - Failed to create RMI registry on port 1099
java.rmi.server.ExportException: Port already in use: 1099; nested exception is: 
	java.net.BindException: Address already in use
	at java.rmi/sun.rmi.transport.tcp.TCPTransport.listen(TCPTransport.java:356)
	at java.rmi/sun.rmi.transport.tcp.TCPTransport.exportObject(TCPTransport.java:251)
	at java.rmi/sun.rmi.transport.tcp.TCPEndpoint.exportObject(TCPEndpoint.java:415)
	at java.rmi/sun.rmi.transport.LiveRef.exportObject(LiveRef.java:147)
	at java.rmi/sun.rmi.server.UnicastServerRef.exportObject(UnicastServerRef.java:235)
	at java.rmi/sun.rmi.registry.RegistryImpl.setup(RegistryImpl.java:223)
	at java.rmi/sun.rmi.registry.RegistryImpl.<init>(RegistryImpl.java:208)
	at java.rmi/java.rmi.registry.LocateRegistry.createRegistry(LocateRegistry.java:203)
	at com.attendance.system.server.ServerLauncher.setupRMIRegistry(ServerLauncher.java:208)
	at com.attendance.system.server.ServerLauncher.start(ServerLauncher.java:77)
	at com.attendance.system.server.ServerLauncher.main(ServerLauncher.java:365)
	at org.codehaus.mojo.exec.ExecJavaMojo$1.run(ExecJavaMojo.java:279)
	at java.base/java.lang.Thread.run(Thread.java:1583)
Caused by: java.net.BindException: Address already in use
	at java.base/sun.nio.ch.Net.bind0(Native Method)
	at java.base/sun.nio.ch.Net.bind(Net.java:577)
	at java.base/sun.nio.ch.Net.bind(Net.java:566)
	at java.base/sun.nio.ch.NioSocketImpl.bind(NioSocketImpl.java:636)
	at java.base/java.net.ServerSocket.bind(ServerSocket.java:391)
	at java.base/java.net.ServerSocket.<init>(ServerSocket.java:278)
	at java.base/java.net.ServerSocket.<init>(ServerSocket.java:171)
	at java.rmi/sun.rmi.transport.tcp.TCPDirectSocketFactory.createServerSocket(TCPDirectSocketFactory.java:45)
	at java.rmi/sun.rmi.transport.tcp.TCPEndpoint.newServerSocket(TCPEndpoint.java:672)
	at java.rmi/sun.rmi.transport.tcp.TCPTransport.listen(TCPTransport.java:344)
	... 12 common frames omitted
2026-05-07 02:37:28.689 [com.attendance.system.server.ServerLauncher.main()] ERROR c.a.system.server.ServerLauncher - Failed to start server
java.rmi.server.ExportException: Port already in use: 1099; nested exception is: 
	java.net.BindException: Address already in use
	at java.rmi/sun.rmi.transport.tcp.TCPTransport.listen(TCPTransport.java:356)
	at java.rmi/sun.rmi.transport.tcp.TCPTransport.exportObject(TCPTransport.java:251)
	at java.rmi/sun.rmi.transport.tcp.TCPEndpoint.exportObject(TCPEndpoint.java:415)
	at java.rmi/sun.rmi.transport.LiveRef.exportObject(LiveRef.java:147)
	at java.rmi/sun.rmi.server.UnicastServerRef.exportObject(UnicastServerRef.java:235)
	at java.rmi/sun.rmi.registry.RegistryImpl.setup(RegistryImpl.java:223)
	at java.rmi/sun.rmi.registry.RegistryImpl.<init>(RegistryImpl.java:208)
	at java.rmi/java.rmi.registry.LocateRegistry.createRegistry(LocateRegistry.java:203)
	at com.attendance.system.server.ServerLauncher.setupRMIRegistry(ServerLauncher.java:208)
	at com.attendance.system.server.ServerLauncher.start(ServerLauncher.java:77)
	at com.attendance.system.server.ServerLauncher.main(ServerLauncher.java:365)
	at org.codehaus.mojo.exec.ExecJavaMojo$1.run(ExecJavaMojo.java:279)
	at java.base/java.lang.Thread.run(Thread.java:1583)
Caused by: java.net.BindException: Address already in use
	at java.base/sun.nio.ch.Net.bind0(Native Method)
	at java.base/sun.nio.ch.Net.bind(Net.java:577)
	at java.base/sun.nio.ch.Net.bind(Net.java:566)
	at java.base/sun.nio.ch.NioSocketImpl.bind(NioSocketImpl.java:636)
	at java.base/java.net.ServerSocket.bind(ServerSocket.java:391)
	at java.base/java.net.ServerSocket.<init>(ServerSocket.java:278)
	at java.base/java.net.ServerSocket.<init>(ServerSocket.java:171)
	at java.rmi/sun.rmi.transport.tcp.TCPDirectSocketFactory.createServerSocket(TCPDirectSocketFactory.java:45)
	at java.rmi/sun.rmi.transport.tcp.TCPEndpoint.newServerSocket(TCPEndpoint.java:672)
	at java.rmi/sun.rmi.transport.tcp.TCPTransport.listen(TCPTransport.java:344)
	... 12 common frames omitted
2026-05-07 02:37:28.713 [com.attendance.system.server.ServerLauncher.main()] ERROR c.a.system.server.ServerLauncher - Server startup failed
java.rmi.server.ExportException: Port already in use: 1099; nested exception is: 
	java.net.BindException: Address already in use
	at java.rmi/sun.rmi.transport.tcp.TCPTransport.listen(TCPTransport.java:356)
	at java.rmi/sun.rmi.transport.tcp.TCPTransport.exportObject(TCPTransport.java:251)
	at java.rmi/sun.rmi.transport.tcp.TCPEndpoint.exportObject(TCPEndpoint.java:415)
	at java.rmi/sun.rmi.transport.LiveRef.exportObject(LiveRef.java:147)
	at java.rmi/sun.rmi.server.UnicastServerRef.exportObject(UnicastServerRef.java:235)
	at java.rmi/sun.rmi.registry.RegistryImpl.setup(RegistryImpl.java:223)
	at java.rmi/sun.rmi.registry.RegistryImpl.<init>(RegistryImpl.java:208)
	at java.rmi/java.rmi.registry.LocateRegistry.createRegistry(LocateRegistry.java:203)
	at com.attendance.system.server.ServerLauncher.setupRMIRegistry(ServerLauncher.java:208)
	at com.attendance.system.server.ServerLauncher.start(ServerLauncher.java:77)
	at com.attendance.system.server.ServerLauncher.main(ServerLauncher.java:365)
	at org.codehaus.mojo.exec.ExecJavaMojo$1.run(ExecJavaMojo.java:279)
	at java.base/java.lang.Thread.run(Thread.java:1583)
Caused by: java.net.BindException: Address already in use
	at java.base/sun.nio.ch.Net.bind0(Native Method)
	at java.base/sun.nio.ch.Net.bind(Net.java:577)
	at java.base/sun.nio.ch.Net.bind(Net.java:566)
	at java.base/sun.nio.ch.NioSocketImpl.bind(NioSocketImpl.java:636)
	at java.base/java.net.ServerSocket.bind(ServerSocket.java:391)
	at java.base/java.net.ServerSocket.<init>(ServerSocket.java:278)
	at java.base/java.net.ServerSocket.<init>(ServerSocket.java:171)
	at java.rmi/sun.rmi.transport.tcp.TCPDirectSocketFactory.createServerSocket(TCPDirectSocketFactory.java:45)
	at java.rmi/sun.rmi.transport.tcp.TCPEndpoint.newServerSocket(TCPEndpoint.java:672)
	at java.rmi/sun.rmi.transport.tcp.TCPTransport.listen(TCPTransport.java:344)
	... 12 common frames omitted
2026-05-07 02:41:13.957 [RMI TCP Connection(4)-127.0.0.1] ERROR c.a.system.dao.DatabaseManager - Transaction failed
java.lang.NullPointerException: Cannot invoke "java.time.LocalDate.getYear()" because "date" is null
	at java.sql/java.sql.Date.valueOf(Date.java:291)
	at com.attendance.system.dao.UserDAO.createStudentProfile(UserDAO.java:405)
	at com.attendance.system.dao.UserDAO.lambda$createUser$0(UserDAO.java:212)
	at com.attendance.system.dao.DatabaseManager.executeTransaction(DatabaseManager.java:236)
	at com.attendance.system.dao.UserDAO.createUser(UserDAO.java:178)
	at com.attendance.system.server.AttendanceServer.lambda$4(AttendanceServer.java:286)
	at com.attendance.system.server.AttendanceServer.executeWithErrorHandling(AttendanceServer.java:1144)
	at com.attendance.system.server.AttendanceServer.registerUser(AttendanceServer.java:187)
	at java.base/jdk.internal.reflect.DirectMethodHandleAccessor.invoke(DirectMethodHandleAccessor.java:103)
	at java.base/java.lang.reflect.Method.invoke(Method.java:580)
	at java.rmi/sun.rmi.server.UnicastServerRef.dispatch(UnicastServerRef.java:360)
	at java.rmi/sun.rmi.transport.Transport$1.run(Transport.java:200)
	at java.rmi/sun.rmi.transport.Transport$1.run(Transport.java:197)
	at java.base/java.security.AccessController.doPrivileged(AccessController.java:714)
	at java.rmi/sun.rmi.transport.Transport.serviceCall(Transport.java:196)
	at java.rmi/sun.rmi.transport.tcp.TCPTransport.handleMessages(TCPTransport.java:598)
	at java.rmi/sun.rmi.transport.tcp.TCPTransport$ConnectionHandler.run0(TCPTransport.java:844)
	at java.rmi/sun.rmi.transport.tcp.TCPTransport$ConnectionHandler.lambda$run$0(TCPTransport.java:721)
	at java.base/java.security.AccessController.doPrivileged(AccessController.java:400)
	at java.rmi/sun.rmi.transport.tcp.TCPTransport$ConnectionHandler.run(TCPTransport.java:720)
	at java.base/java.util.concurrent.ThreadPoolExecutor.runWorker(ThreadPoolExecutor.java:1144)
	at java.base/java.util.concurrent.ThreadPoolExecutor$Worker.run(ThreadPoolExecutor.java:642)
	at java.base/java.lang.Thread.run(Thread.java:1583)
2026-05-07 02:41:13.974 [ForkJoinPool.commonPool-worker-1] ERROR c.a.system.client.RegistrationFrame - Remote service error during registration
java.rmi.ServerException: RemoteException occurred in server thread; nested exception is: 
	java.rmi.RemoteException: Service error in registerUser: Transaction could not be completed
	at java.rmi/sun.rmi.server.UnicastServerRef.dispatch(UnicastServerRef.java:392)
	at java.rmi/sun.rmi.transport.Transport$1.run(Transport.java:200)
	at java.rmi/sun.rmi.transport.Transport$1.run(Transport.java:197)
	at java.base/java.security.AccessController.doPrivileged(AccessController.java:714)
	at java.rmi/sun.rmi.transport.Transport.serviceCall(Transport.java:196)
	at java.rmi/sun.rmi.transport.tcp.TCPTransport.handleMessages(TCPTransport.java:598)
	at java.rmi/sun.rmi.transport.tcp.TCPTransport$ConnectionHandler.run0(TCPTransport.java:844)
	at java.rmi/sun.rmi.transport.tcp.TCPTransport$ConnectionHandler.lambda$run$0(TCPTransport.java:721)
	at java.base/java.security.AccessController.doPrivileged(AccessController.java:400)
	at java.rmi/sun.rmi.transport.tcp.TCPTransport$ConnectionHandler.run(TCPTransport.java:720)
	at java.base/java.util.concurrent.ThreadPoolExecutor.runWorker(ThreadPoolExecutor.java:1144)
	at java.base/java.util.concurrent.ThreadPoolExecutor$Worker.run(ThreadPoolExecutor.java:642)
	at java.base/java.lang.Thread.run(Thread.java:1583)
	at java.rmi/sun.rmi.transport.StreamRemoteCall.exceptionReceivedFromServer(StreamRemoteCall.java:304)
	at java.rmi/sun.rmi.transport.StreamRemoteCall.executeCall(StreamRemoteCall.java:280)
	at java.rmi/sun.rmi.server.UnicastRef.invoke(UnicastRef.java:166)
	at java.rmi/java.rmi.server.RemoteObjectInvocationHandler.invokeRemoteMethod(RemoteObjectInvocationHandler.java:215)
	at java.rmi/java.rmi.server.RemoteObjectInvocationHandler.invoke(RemoteObjectInvocationHandler.java:160)
	at jdk.proxy3/jdk.proxy3.$Proxy25.registerUser(Unknown Source)
	at com.attendance.system.client.RegistrationFrame.lambda$performRegistration$7(RegistrationFrame.java:662)
	at java.base/java.util.concurrent.CompletableFuture$AsyncRun.run(CompletableFuture.java:1804)
	at java.base/java.util.concurrent.CompletableFuture$AsyncRun.exec(CompletableFuture.java:1796)
	at java.base/java.util.concurrent.ForkJoinTask.doExec(ForkJoinTask.java:387)
	at java.base/java.util.concurrent.ForkJoinPool$WorkQueue.topLevelExec(ForkJoinPool.java:1312)
	at java.base/java.util.concurrent.ForkJoinPool.scan(ForkJoinPool.java:1843)
	at java.base/java.util.concurrent.ForkJoinPool.runWorker(ForkJoinPool.java:1808)
	at java.base/java.util.concurrent.ForkJoinWorkerThread.run(ForkJoinWorkerThread.java:188)
Caused by: java.rmi.RemoteException: Service error in registerUser: Transaction could not be completed
	at com.attendance.system.server.AttendanceServer.executeWithErrorHandling(AttendanceServer.java:1153)
	at com.attendance.system.server.AttendanceServer.registerUser(AttendanceServer.java:187)
	at java.base/jdk.internal.reflect.DirectMethodHandleAccessor.invoke(DirectMethodHandleAccessor.java:103)
	at java.base/java.lang.reflect.Method.invoke(Method.java:580)
	at java.rmi/sun.rmi.server.UnicastServerRef.dispatch(UnicastServerRef.java:360)
	at java.rmi/sun.rmi.transport.Transport$1.run(Transport.java:200)
	at java.rmi/sun.rmi.transport.Transport$1.run(Transport.java:197)
	at java.base/java.security.AccessController.doPrivileged(AccessController.java:714)
	at java.rmi/sun.rmi.transport.Transport.serviceCall(Transport.java:196)
	at java.rmi/sun.rmi.transport.tcp.TCPTransport.handleMessages(TCPTransport.java:598)
	at java.rmi/sun.rmi.transport.tcp.TCPTransport$ConnectionHandler.run0(TCPTransport.java:844)
	at java.rmi/sun.rmi.transport.tcp.TCPTransport$ConnectionHandler.lambda$run$0(TCPTransport.java:721)
	at java.base/java.security.AccessController.doPrivileged(AccessController.java:400)
	at java.rmi/sun.rmi.transport.tcp.TCPTransport$ConnectionHandler.run(TCPTransport.java:720)
	at java.base/java.util.concurrent.ThreadPoolExecutor.runWorker(ThreadPoolExecutor.java:1144)
	at java.base/java.util.concurrent.ThreadPoolExecutor$Worker.run(ThreadPoolExecutor.java:642)
	at java.base/java.lang.Thread.run(Thread.java:1583)
2026-05-07 02:44:02.651 [com.attendance.system.server.ServerLauncher.main()] ERROR c.a.system.server.ServerLauncher - Failed to create RMI registry on port 1099
java.rmi.server.ExportException: Port already in use: 1099; nested exception is: 
	java.net.BindException: Address already in use
	at java.rmi/sun.rmi.transport.tcp.TCPTransport.listen(TCPTransport.java:356)
	at java.rmi/sun.rmi.transport.tcp.TCPTransport.exportObject(TCPTransport.java:251)
	at java.rmi/sun.rmi.transport.tcp.TCPEndpoint.exportObject(TCPEndpoint.java:415)
	at java.rmi/sun.rmi.transport.LiveRef.exportObject(LiveRef.java:147)
	at java.rmi/sun.rmi.server.UnicastServerRef.exportObject(UnicastServerRef.java:235)
	at java.rmi/sun.rmi.registry.RegistryImpl.setup(RegistryImpl.java:223)
	at java.rmi/sun.rmi.registry.RegistryImpl.<init>(RegistryImpl.java:208)
	at java.rmi/java.rmi.registry.LocateRegistry.createRegistry(LocateRegistry.java:203)
	at com.attendance.system.server.ServerLauncher.setupRMIRegistry(ServerLauncher.java:208)
	at com.attendance.system.server.ServerLauncher.start(ServerLauncher.java:77)
	at com.attendance.system.server.ServerLauncher.main(ServerLauncher.java:365)
	at org.codehaus.mojo.exec.ExecJavaMojo$1.run(ExecJavaMojo.java:279)
	at java.base/java.lang.Thread.run(Thread.java:1583)
Caused by: java.net.BindException: Address already in use
	at java.base/sun.nio.ch.Net.bind0(Native Method)
	at java.base/sun.nio.ch.Net.bind(Net.java:577)
	at java.base/sun.nio.ch.Net.bind(Net.java:566)
	at java.base/sun.nio.ch.NioSocketImpl.bind(NioSocketImpl.java:636)
	at java.base/java.net.ServerSocket.bind(ServerSocket.java:391)
	at java.base/java.net.ServerSocket.<init>(ServerSocket.java:278)
	at java.base/java.net.ServerSocket.<init>(ServerSocket.java:171)
	at java.rmi/sun.rmi.transport.tcp.TCPDirectSocketFactory.createServerSocket(TCPDirectSocketFactory.java:45)
	at java.rmi/sun.rmi.transport.tcp.TCPEndpoint.newServerSocket(TCPEndpoint.java:672)
	at java.rmi/sun.rmi.transport.tcp.TCPTransport.listen(TCPTransport.java:344)
	... 12 common frames omitted
2026-05-07 02:44:02.655 [com.attendance.system.server.ServerLauncher.main()] ERROR c.a.system.server.ServerLauncher - Failed to start server
java.rmi.server.ExportException: Port already in use: 1099; nested exception is: 
	java.net.BindException: Address already in use
	at java.rmi/sun.rmi.transport.tcp.TCPTransport.listen(TCPTransport.java:356)
	at java.rmi/sun.rmi.transport.tcp.TCPTransport.exportObject(TCPTransport.java:251)
	at java.rmi/sun.rmi.transport.tcp.TCPEndpoint.exportObject(TCPEndpoint.java:415)
	at java.rmi/sun.rmi.transport.LiveRef.exportObject(LiveRef.java:147)
	at java.rmi/sun.rmi.server.UnicastServerRef.exportObject(UnicastServerRef.java:235)
	at java.rmi/sun.rmi.registry.RegistryImpl.setup(RegistryImpl.java:223)
	at java.rmi/sun.rmi.registry.RegistryImpl.<init>(RegistryImpl.java:208)
	at java.rmi/java.rmi.registry.LocateRegistry.createRegistry(LocateRegistry.java:203)
	at com.attendance.system.server.ServerLauncher.setupRMIRegistry(ServerLauncher.java:208)
	at com.attendance.system.server.ServerLauncher.start(ServerLauncher.java:77)
	at com.attendance.system.server.ServerLauncher.main(ServerLauncher.java:365)
	at org.codehaus.mojo.exec.ExecJavaMojo$1.run(ExecJavaMojo.java:279)
	at java.base/java.lang.Thread.run(Thread.java:1583)
Caused by: java.net.BindException: Address already in use
	at java.base/sun.nio.ch.Net.bind0(Native Method)
	at java.base/sun.nio.ch.Net.bind(Net.java:577)
	at java.base/sun.nio.ch.Net.bind(Net.java:566)
	at java.base/sun.nio.ch.NioSocketImpl.bind(NioSocketImpl.java:636)
	at java.base/java.net.ServerSocket.bind(ServerSocket.java:391)
	at java.base/java.net.ServerSocket.<init>(ServerSocket.java:278)
	at java.base/java.net.ServerSocket.<init>(ServerSocket.java:171)
	at java.rmi/sun.rmi.transport.tcp.TCPDirectSocketFactory.createServerSocket(TCPDirectSocketFactory.java:45)
	at java.rmi/sun.rmi.transport.tcp.TCPEndpoint.newServerSocket(TCPEndpoint.java:672)
	at java.rmi/sun.rmi.transport.tcp.TCPTransport.listen(TCPTransport.java:344)
	... 12 common frames omitted
2026-05-07 02:44:02.685 [com.attendance.system.server.ServerLauncher.main()] ERROR c.a.system.server.ServerLauncher - Server startup failed
java.rmi.server.ExportException: Port already in use: 1099; nested exception is: 
	java.net.BindException: Address already in use
	at java.rmi/sun.rmi.transport.tcp.TCPTransport.listen(TCPTransport.java:356)
	at java.rmi/sun.rmi.transport.tcp.TCPTransport.exportObject(TCPTransport.java:251)
	at java.rmi/sun.rmi.transport.tcp.TCPEndpoint.exportObject(TCPEndpoint.java:415)
	at java.rmi/sun.rmi.transport.LiveRef.exportObject(LiveRef.java:147)
	at java.rmi/sun.rmi.server.UnicastServerRef.exportObject(UnicastServerRef.java:235)
	at java.rmi/sun.rmi.registry.RegistryImpl.setup(RegistryImpl.java:223)
	at java.rmi/sun.rmi.registry.RegistryImpl.<init>(RegistryImpl.java:208)
	at java.rmi/java.rmi.registry.LocateRegistry.createRegistry(LocateRegistry.java:203)
	at com.attendance.system.server.ServerLauncher.setupRMIRegistry(ServerLauncher.java:208)
	at com.attendance.system.server.ServerLauncher.start(ServerLauncher.java:77)
	at com.attendance.system.server.ServerLauncher.main(ServerLauncher.java:365)
	at org.codehaus.mojo.exec.ExecJavaMojo$1.run(ExecJavaMojo.java:279)
	at java.base/java.lang.Thread.run(Thread.java:1583)
Caused by: java.net.BindException: Address already in use
	at java.base/sun.nio.ch.Net.bind0(Native Method)
	at java.base/sun.nio.ch.Net.bind(Net.java:577)
	at java.base/sun.nio.ch.Net.bind(Net.java:566)
	at java.base/sun.nio.ch.NioSocketImpl.bind(NioSocketImpl.java:636)
	at java.base/java.net.ServerSocket.bind(ServerSocket.java:391)
	at java.base/java.net.ServerSocket.<init>(ServerSocket.java:278)
	at java.base/java.net.ServerSocket.<init>(ServerSocket.java:171)
	at java.rmi/sun.rmi.transport.tcp.TCPDirectSocketFactory.createServerSocket(TCPDirectSocketFactory.java:45)
	at java.rmi/sun.rmi.transport.tcp.TCPEndpoint.newServerSocket(TCPEndpoint.java:672)
	at java.rmi/sun.rmi.transport.tcp.TCPTransport.listen(TCPTransport.java:344)
	... 12 common frames omitted
2026-05-07 02:44:49.005 [com.attendance.system.server.ServerLauncher.main()] ERROR c.a.system.server.ServerLauncher - Failed to create RMI registry on port 1099
java.rmi.server.ExportException: Port already in use: 1099; nested exception is: 
	java.net.BindException: Address already in use
	at java.rmi/sun.rmi.transport.tcp.TCPTransport.listen(TCPTransport.java:356)
	at java.rmi/sun.rmi.transport.tcp.TCPTransport.exportObject(TCPTransport.java:251)
	at java.rmi/sun.rmi.transport.tcp.TCPEndpoint.exportObject(TCPEndpoint.java:415)
	at java.rmi/sun.rmi.transport.LiveRef.exportObject(LiveRef.java:147)
	at java.rmi/sun.rmi.server.UnicastServerRef.exportObject(UnicastServerRef.java:235)
	at java.rmi/sun.rmi.registry.RegistryImpl.setup(RegistryImpl.java:223)
	at java.rmi/sun.rmi.registry.RegistryImpl.<init>(RegistryImpl.java:208)
	at java.rmi/java.rmi.registry.LocateRegistry.createRegistry(LocateRegistry.java:203)
	at com.attendance.system.server.ServerLauncher.setupRMIRegistry(ServerLauncher.java:208)
	at com.attendance.system.server.ServerLauncher.start(ServerLauncher.java:77)
	at com.attendance.system.server.ServerLauncher.main(ServerLauncher.java:365)
	at org.codehaus.mojo.exec.ExecJavaMojo$1.run(ExecJavaMojo.java:279)
	at java.base/java.lang.Thread.run(Thread.java:1583)
Caused by: java.net.BindException: Address already in use
	at java.base/sun.nio.ch.Net.bind0(Native Method)
	at java.base/sun.nio.ch.Net.bind(Net.java:577)
	at java.base/sun.nio.ch.Net.bind(Net.java:566)
	at java.base/sun.nio.ch.NioSocketImpl.bind(NioSocketImpl.java:636)
	at java.base/java.net.ServerSocket.bind(ServerSocket.java:391)
	at java.base/java.net.ServerSocket.<init>(ServerSocket.java:278)
	at java.base/java.net.ServerSocket.<init>(ServerSocket.java:171)
	at java.rmi/sun.rmi.transport.tcp.TCPDirectSocketFactory.createServerSocket(TCPDirectSocketFactory.java:45)
	at java.rmi/sun.rmi.transport.tcp.TCPEndpoint.newServerSocket(TCPEndpoint.java:672)
	at java.rmi/sun.rmi.transport.tcp.TCPTransport.listen(TCPTransport.java:344)
	... 12 common frames omitted
2026-05-07 02:44:49.014 [com.attendance.system.server.ServerLauncher.main()] ERROR c.a.system.server.ServerLauncher - Failed to start server
java.rmi.server.ExportException: Port already in use: 1099; nested exception is: 
	java.net.BindException: Address already in use
	at java.rmi/sun.rmi.transport.tcp.TCPTransport.listen(TCPTransport.java:356)
	at java.rmi/sun.rmi.transport.tcp.TCPTransport.exportObject(TCPTransport.java:251)
	at java.rmi/sun.rmi.transport.tcp.TCPEndpoint.exportObject(TCPEndpoint.java:415)
	at java.rmi/sun.rmi.transport.LiveRef.exportObject(LiveRef.java:147)
	at java.rmi/sun.rmi.server.UnicastServerRef.exportObject(UnicastServerRef.java:235)
	at java.rmi/sun.rmi.registry.RegistryImpl.setup(RegistryImpl.java:223)
	at java.rmi/sun.rmi.registry.RegistryImpl.<init>(RegistryImpl.java:208)
	at java.rmi/java.rmi.registry.LocateRegistry.createRegistry(LocateRegistry.java:203)
	at com.attendance.system.server.ServerLauncher.setupRMIRegistry(ServerLauncher.java:208)
	at com.attendance.system.server.ServerLauncher.start(ServerLauncher.java:77)
	at com.attendance.system.server.ServerLauncher.main(ServerLauncher.java:365)
	at org.codehaus.mojo.exec.ExecJavaMojo$1.run(ExecJavaMojo.java:279)
	at java.base/java.lang.Thread.run(Thread.java:1583)
Caused by: java.net.BindException: Address already in use
	at java.base/sun.nio.ch.Net.bind0(Native Method)
	at java.base/sun.nio.ch.Net.bind(Net.java:577)
	at java.base/sun.nio.ch.Net.bind(Net.java:566)
	at java.base/sun.nio.ch.NioSocketImpl.bind(NioSocketImpl.java:636)
	at java.base/java.net.ServerSocket.bind(ServerSocket.java:391)
	at java.base/java.net.ServerSocket.<init>(ServerSocket.java:278)
	at java.base/java.net.ServerSocket.<init>(ServerSocket.java:171)
	at java.rmi/sun.rmi.transport.tcp.TCPDirectSocketFactory.createServerSocket(TCPDirectSocketFactory.java:45)
	at java.rmi/sun.rmi.transport.tcp.TCPEndpoint.newServerSocket(TCPEndpoint.java:672)
	at java.rmi/sun.rmi.transport.tcp.TCPTransport.listen(TCPTransport.java:344)
	... 12 common frames omitted
2026-05-07 02:44:49.049 [com.attendance.system.server.ServerLauncher.main()] ERROR c.a.system.server.ServerLauncher - Server startup failed
java.rmi.server.ExportException: Port already in use: 1099; nested exception is: 
	java.net.BindException: Address already in use
	at java.rmi/sun.rmi.transport.tcp.TCPTransport.listen(TCPTransport.java:356)
	at java.rmi/sun.rmi.transport.tcp.TCPTransport.exportObject(TCPTransport.java:251)
	at java.rmi/sun.rmi.transport.tcp.TCPEndpoint.exportObject(TCPEndpoint.java:415)
	at java.rmi/sun.rmi.transport.LiveRef.exportObject(LiveRef.java:147)
	at java.rmi/sun.rmi.server.UnicastServerRef.exportObject(UnicastServerRef.java:235)
	at java.rmi/sun.rmi.registry.RegistryImpl.setup(RegistryImpl.java:223)
	at java.rmi/sun.rmi.registry.RegistryImpl.<init>(RegistryImpl.java:208)
	at java.rmi/java.rmi.registry.LocateRegistry.createRegistry(LocateRegistry.java:203)
	at com.attendance.system.server.ServerLauncher.setupRMIRegistry(ServerLauncher.java:208)
	at com.attendance.system.server.ServerLauncher.start(ServerLauncher.java:77)
	at com.attendance.system.server.ServerLauncher.main(ServerLauncher.java:365)
	at org.codehaus.mojo.exec.ExecJavaMojo$1.run(ExecJavaMojo.java:279)
	at java.base/java.lang.Thread.run(Thread.java:1583)
Caused by: java.net.BindException: Address already in use
	at java.base/sun.nio.ch.Net.bind0(Native Method)
	at java.base/sun.nio.ch.Net.bind(Net.java:577)
	at java.base/sun.nio.ch.Net.bind(Net.java:566)
	at java.base/sun.nio.ch.NioSocketImpl.bind(NioSocketImpl.java:636)
	at java.base/java.net.ServerSocket.bind(ServerSocket.java:391)
	at java.base/java.net.ServerSocket.<init>(ServerSocket.java:278)
	at java.base/java.net.ServerSocket.<init>(ServerSocket.java:171)
	at java.rmi/sun.rmi.transport.tcp.TCPDirectSocketFactory.createServerSocket(TCPDirectSocketFactory.java:45)
	at java.rmi/sun.rmi.transport.tcp.TCPEndpoint.newServerSocket(TCPEndpoint.java:672)
	at java.rmi/sun.rmi.transport.tcp.TCPTransport.listen(TCPTransport.java:344)
	... 12 common frames omitted
2026-05-07 20:23:32.912 [com.attendance.system.server.ServerLauncher.main()] ERROR c.a.system.server.ServerLauncher - Failed to create RMI registry on port 1099
java.rmi.server.ExportException: Port already in use: 1099; nested exception is: 
	java.net.BindException: Address already in use
	at java.rmi/sun.rmi.transport.tcp.TCPTransport.listen(TCPTransport.java:356)
	at java.rmi/sun.rmi.transport.tcp.TCPTransport.exportObject(TCPTransport.java:251)
	at java.rmi/sun.rmi.transport.tcp.TCPEndpoint.exportObject(TCPEndpoint.java:415)
	at java.rmi/sun.rmi.transport.LiveRef.exportObject(LiveRef.java:147)
	at java.rmi/sun.rmi.server.UnicastServerRef.exportObject(UnicastServerRef.java:235)
	at java.rmi/sun.rmi.registry.RegistryImpl.setup(RegistryImpl.java:223)
	at java.rmi/sun.rmi.registry.RegistryImpl.<init>(RegistryImpl.java:208)
	at java.rmi/java.rmi.registry.LocateRegistry.createRegistry(LocateRegistry.java:203)
	at com.attendance.system.server.ServerLauncher.setupRMIRegistry(ServerLauncher.java:208)
	at com.attendance.system.server.ServerLauncher.start(ServerLauncher.java:77)
	at com.attendance.system.server.ServerLauncher.main(ServerLauncher.java:365)
	at org.codehaus.mojo.exec.ExecJavaMojo$1.run(ExecJavaMojo.java:279)
	at java.base/java.lang.Thread.run(Thread.java:1583)
Caused by: java.net.BindException: Address already in use
	at java.base/sun.nio.ch.Net.bind0(Native Method)
	at java.base/sun.nio.ch.Net.bind(Net.java:577)
	at java.base/sun.nio.ch.Net.bind(Net.java:566)
	at java.base/sun.nio.ch.NioSocketImpl.bind(NioSocketImpl.java:636)
	at java.base/java.net.ServerSocket.bind(ServerSocket.java:391)
	at java.base/java.net.ServerSocket.<init>(ServerSocket.java:278)
	at java.base/java.net.ServerSocket.<init>(ServerSocket.java:171)
	at java.rmi/sun.rmi.transport.tcp.TCPDirectSocketFactory.createServerSocket(TCPDirectSocketFactory.java:45)
	at java.rmi/sun.rmi.transport.tcp.TCPEndpoint.newServerSocket(TCPEndpoint.java:672)
	at java.rmi/sun.rmi.transport.tcp.TCPTransport.listen(TCPTransport.java:344)
	... 12 common frames omitted
2026-05-07 20:23:32.917 [com.attendance.system.server.ServerLauncher.main()] ERROR c.a.system.server.ServerLauncher - Failed to start server
java.rmi.server.ExportException: Port already in use: 1099; nested exception is: 
	java.net.BindException: Address already in use
	at java.rmi/sun.rmi.transport.tcp.TCPTransport.listen(TCPTransport.java:356)
	at java.rmi/sun.rmi.transport.tcp.TCPTransport.exportObject(TCPTransport.java:251)
	at java.rmi/sun.rmi.transport.tcp.TCPEndpoint.exportObject(TCPEndpoint.java:415)
	at java.rmi/sun.rmi.transport.LiveRef.exportObject(LiveRef.java:147)
	at java.rmi/sun.rmi.server.UnicastServerRef.exportObject(UnicastServerRef.java:235)
	at java.rmi/sun.rmi.registry.RegistryImpl.setup(RegistryImpl.java:223)
	at java.rmi/sun.rmi.registry.RegistryImpl.<init>(RegistryImpl.java:208)
	at java.rmi/java.rmi.registry.LocateRegistry.createRegistry(LocateRegistry.java:203)
	at com.attendance.system.server.ServerLauncher.setupRMIRegistry(ServerLauncher.java:208)
	at com.attendance.system.server.ServerLauncher.start(ServerLauncher.java:77)
	at com.attendance.system.server.ServerLauncher.main(ServerLauncher.java:365)
	at org.codehaus.mojo.exec.ExecJavaMojo$1.run(ExecJavaMojo.java:279)
	at java.base/java.lang.Thread.run(Thread.java:1583)
Caused by: java.net.BindException: Address already in use
	at java.base/sun.nio.ch.Net.bind0(Native Method)
	at java.base/sun.nio.ch.Net.bind(Net.java:577)
	at java.base/sun.nio.ch.Net.bind(Net.java:566)
	at java.base/sun.nio.ch.NioSocketImpl.bind(NioSocketImpl.java:636)
	at java.base/java.net.ServerSocket.bind(ServerSocket.java:391)
	at java.base/java.net.ServerSocket.<init>(ServerSocket.java:278)
	at java.base/java.net.ServerSocket.<init>(ServerSocket.java:171)
	at java.rmi/sun.rmi.transport.tcp.TCPDirectSocketFactory.createServerSocket(TCPDirectSocketFactory.java:45)
	at java.rmi/sun.rmi.transport.tcp.TCPEndpoint.newServerSocket(TCPEndpoint.java:672)
	at java.rmi/sun.rmi.transport.tcp.TCPTransport.listen(TCPTransport.java:344)
	... 12 common frames omitted
2026-05-07 20:23:32.937 [com.attendance.system.server.ServerLauncher.main()] ERROR c.a.system.server.ServerLauncher - Server startup failed
java.rmi.server.ExportException: Port already in use: 1099; nested exception is: 
	java.net.BindException: Address already in use
	at java.rmi/sun.rmi.transport.tcp.TCPTransport.listen(TCPTransport.java:356)
	at java.rmi/sun.rmi.transport.tcp.TCPTransport.exportObject(TCPTransport.java:251)
	at java.rmi/sun.rmi.transport.tcp.TCPEndpoint.exportObject(TCPEndpoint.java:415)
	at java.rmi/sun.rmi.transport.LiveRef.exportObject(LiveRef.java:147)
	at java.rmi/sun.rmi.server.UnicastServerRef.exportObject(UnicastServerRef.java:235)
	at java.rmi/sun.rmi.registry.RegistryImpl.setup(RegistryImpl.java:223)
	at java.rmi/sun.rmi.registry.RegistryImpl.<init>(RegistryImpl.java:208)
	at java.rmi/java.rmi.registry.LocateRegistry.createRegistry(LocateRegistry.java:203)
	at com.attendance.system.server.ServerLauncher.setupRMIRegistry(ServerLauncher.java:208)
	at com.attendance.system.server.ServerLauncher.start(ServerLauncher.java:77)
	at com.attendance.system.server.ServerLauncher.main(ServerLauncher.java:365)
	at org.codehaus.mojo.exec.ExecJavaMojo$1.run(ExecJavaMojo.java:279)
	at java.base/java.lang.Thread.run(Thread.java:1583)
Caused by: java.net.BindException: Address already in use
	at java.base/sun.nio.ch.Net.bind0(Native Method)
	at java.base/sun.nio.ch.Net.bind(Net.java:577)
	at java.base/sun.nio.ch.Net.bind(Net.java:566)
	at java.base/sun.nio.ch.NioSocketImpl.bind(NioSocketImpl.java:636)
	at java.base/java.net.ServerSocket.bind(ServerSocket.java:391)
	at java.base/java.net.ServerSocket.<init>(ServerSocket.java:278)
	at java.base/java.net.ServerSocket.<init>(ServerSocket.java:171)
	at java.rmi/sun.rmi.transport.tcp.TCPDirectSocketFactory.createServerSocket(TCPDirectSocketFactory.java:45)
	at java.rmi/sun.rmi.transport.tcp.TCPEndpoint.newServerSocket(TCPEndpoint.java:672)
	at java.rmi/sun.rmi.transport.tcp.TCPTransport.listen(TCPTransport.java:344)
	... 12 common frames omitted
2026-05-07 20:26:03.553 [ForkJoinPool.commonPool-worker-2] ERROR c.a.system.client.AttendanceGUI - Failed to connect to server
java.rmi.ConnectException: Connection refused to host: localhost; nested exception is: 
	java.net.ConnectException: Connection refused
	at java.rmi/sun.rmi.transport.tcp.TCPEndpoint.newSocket(TCPEndpoint.java:625)
	at java.rmi/sun.rmi.transport.tcp.TCPChannel.createConnection(TCPChannel.java:217)
	at java.rmi/sun.rmi.transport.tcp.TCPChannel.newConnection(TCPChannel.java:204)
	at java.rmi/sun.rmi.server.UnicastRef.newCall(UnicastRef.java:345)
	at java.rmi/sun.rmi.registry.RegistryImpl_Stub.lookup(RegistryImpl_Stub.java:116)
	at java.rmi/java.rmi.Naming.lookup(Naming.java:101)
	at com.attendance.system.client.AttendanceGUI.lambda$initializeConnection$0(AttendanceGUI.java:183)
	at java.base/java.util.concurrent.CompletableFuture$AsyncSupply.run(CompletableFuture.java:1768)
	at java.base/java.util.concurrent.CompletableFuture$AsyncSupply.exec(CompletableFuture.java:1760)
	at java.base/java.util.concurrent.ForkJoinTask.doExec(ForkJoinTask.java:387)
	at java.base/java.util.concurrent.ForkJoinPool$WorkQueue.topLevelExec(ForkJoinPool.java:1312)
	at java.base/java.util.concurrent.ForkJoinPool.scan(ForkJoinPool.java:1843)
	at java.base/java.util.concurrent.ForkJoinPool.runWorker(ForkJoinPool.java:1808)
	at java.base/java.util.concurrent.ForkJoinWorkerThread.run(ForkJoinWorkerThread.java:188)
Caused by: java.net.ConnectException: Connection refused
	at java.base/sun.nio.ch.Net.connect0(Native Method)
	at java.base/sun.nio.ch.Net.connect(Net.java:601)
	at java.base/sun.nio.ch.Net.connect(Net.java:590)
	at java.base/sun.nio.ch.NioSocketImpl.connect(NioSocketImpl.java:583)
	at java.base/java.net.SocksSocketImpl.connect(SocksSocketImpl.java:327)
	at java.base/java.net.Socket.connect(Socket.java:751)
	at java.base/java.net.Socket.connect(Socket.java:686)
	at java.base/java.net.Socket.<init>(Socket.java:555)
	at java.base/java.net.Socket.<init>(Socket.java:324)
	at java.rmi/sun.rmi.transport.tcp.TCPDirectSocketFactory.createSocket(TCPDirectSocketFactory.java:40)
	at java.rmi/sun.rmi.transport.tcp.TCPEndpoint.newSocket(TCPEndpoint.java:619)
	... 13 common frames omitted
2026-05-07 20:26:08.629 [ForkJoinPool.commonPool-worker-2] ERROR c.a.system.client.AttendanceGUI - Failed to connect to server
java.rmi.ConnectException: Connection refused to host: localhost; nested exception is: 
	java.net.ConnectException: Connection refused
	at java.rmi/sun.rmi.transport.tcp.TCPEndpoint.newSocket(TCPEndpoint.java:625)
	at java.rmi/sun.rmi.transport.tcp.TCPChannel.createConnection(TCPChannel.java:217)
	at java.rmi/sun.rmi.transport.tcp.TCPChannel.newConnection(TCPChannel.java:204)
	at java.rmi/sun.rmi.server.UnicastRef.newCall(UnicastRef.java:345)
	at java.rmi/sun.rmi.registry.RegistryImpl_Stub.lookup(RegistryImpl_Stub.java:116)
	at java.rmi/java.rmi.Naming.lookup(Naming.java:101)
	at com.attendance.system.client.AttendanceGUI.lambda$initializeConnection$0(AttendanceGUI.java:183)
	at java.base/java.util.concurrent.CompletableFuture$AsyncSupply.run(CompletableFuture.java:1768)
	at java.base/java.util.concurrent.CompletableFuture$AsyncSupply.exec(CompletableFuture.java:1760)
	at java.base/java.util.concurrent.ForkJoinTask.doExec(ForkJoinTask.java:387)
	at java.base/java.util.concurrent.ForkJoinPool$WorkQueue.topLevelExec(ForkJoinPool.java:1312)
	at java.base/java.util.concurrent.ForkJoinPool.scan(ForkJoinPool.java:1843)
	at java.base/java.util.concurrent.ForkJoinPool.runWorker(ForkJoinPool.java:1808)
	at java.base/java.util.concurrent.ForkJoinWorkerThread.run(ForkJoinWorkerThread.java:188)
Caused by: java.net.ConnectException: Connection refused
	at java.base/sun.nio.ch.Net.connect0(Native Method)
	at java.base/sun.nio.ch.Net.connect(Net.java:601)
	at java.base/sun.nio.ch.Net.connect(Net.java:590)
	at java.base/sun.nio.ch.NioSocketImpl.connect(NioSocketImpl.java:583)
	at java.base/java.net.SocksSocketImpl.connect(SocksSocketImpl.java:327)
	at java.base/java.net.Socket.connect(Socket.java:751)
	at java.base/java.net.Socket.connect(Socket.java:686)
	at java.base/java.net.Socket.<init>(Socket.java:555)
	at java.base/java.net.Socket.<init>(Socket.java:324)
	at java.rmi/sun.rmi.transport.tcp.TCPDirectSocketFactory.createSocket(TCPDirectSocketFactory.java:40)
	at java.rmi/sun.rmi.transport.tcp.TCPEndpoint.newSocket(TCPEndpoint.java:619)
	... 13 common frames omitted
2026-05-07 20:26:13.719 [ForkJoinPool.commonPool-worker-2] ERROR c.a.system.client.AttendanceGUI - Failed to connect to server
java.rmi.ConnectException: Connection refused to host: localhost; nested exception is: 
	java.net.ConnectException: Connection refused
	at java.rmi/sun.rmi.transport.tcp.TCPEndpoint.newSocket(TCPEndpoint.java:625)
	at java.rmi/sun.rmi.transport.tcp.TCPChannel.createConnection(TCPChannel.java:217)
	at java.rmi/sun.rmi.transport.tcp.TCPChannel.newConnection(TCPChannel.java:204)
	at java.rmi/sun.rmi.server.UnicastRef.newCall(UnicastRef.java:345)
	at java.rmi/sun.rmi.registry.RegistryImpl_Stub.lookup(RegistryImpl_Stub.java:116)
	at java.rmi/java.rmi.Naming.lookup(Naming.java:101)
	at com.attendance.system.client.AttendanceGUI.lambda$initializeConnection$0(AttendanceGUI.java:183)
	at java.base/java.util.concurrent.CompletableFuture$AsyncSupply.run(CompletableFuture.java:1768)
	at java.base/java.util.concurrent.CompletableFuture$AsyncSupply.exec(CompletableFuture.java:1760)
	at java.base/java.util.concurrent.ForkJoinTask.doExec(ForkJoinTask.java:387)
	at java.base/java.util.concurrent.ForkJoinPool$WorkQueue.topLevelExec(ForkJoinPool.java:1312)
	at java.base/java.util.concurrent.ForkJoinPool.scan(ForkJoinPool.java:1843)
	at java.base/java.util.concurrent.ForkJoinPool.runWorker(ForkJoinPool.java:1808)
	at java.base/java.util.concurrent.ForkJoinWorkerThread.run(ForkJoinWorkerThread.java:188)
Caused by: java.net.ConnectException: Connection refused
	at java.base/sun.nio.ch.Net.connect0(Native Method)
	at java.base/sun.nio.ch.Net.connect(Net.java:601)
	at java.base/sun.nio.ch.Net.connect(Net.java:590)
	at java.base/sun.nio.ch.NioSocketImpl.connect(NioSocketImpl.java:583)
	at java.base/java.net.SocksSocketImpl.connect(SocksSocketImpl.java:327)
	at java.base/java.net.Socket.connect(Socket.java:751)
	at java.base/java.net.Socket.connect(Socket.java:686)
	at java.base/java.net.Socket.<init>(Socket.java:555)
	at java.base/java.net.Socket.<init>(Socket.java:324)
	at java.rmi/sun.rmi.transport.tcp.TCPDirectSocketFactory.createSocket(TCPDirectSocketFactory.java:40)
	at java.rmi/sun.rmi.transport.tcp.TCPEndpoint.newSocket(TCPEndpoint.java:619)
	... 13 common frames omitted
2026-05-07 20:26:18.732 [ForkJoinPool.commonPool-worker-2] ERROR c.a.system.client.AttendanceGUI - Failed to connect to server
java.rmi.ConnectException: Connection refused to host: localhost; nested exception is: 
	java.net.ConnectException: Connection refused
	at java.rmi/sun.rmi.transport.tcp.TCPEndpoint.newSocket(TCPEndpoint.java:625)
	at java.rmi/sun.rmi.transport.tcp.TCPChannel.createConnection(TCPChannel.java:217)
	at java.rmi/sun.rmi.transport.tcp.TCPChannel.newConnection(TCPChannel.java:204)
	at java.rmi/sun.rmi.server.UnicastRef.newCall(UnicastRef.java:345)
	at java.rmi/sun.rmi.registry.RegistryImpl_Stub.lookup(RegistryImpl_Stub.java:116)
	at java.rmi/java.rmi.Naming.lookup(Naming.java:101)
	at com.attendance.system.client.AttendanceGUI.lambda$initializeConnection$0(AttendanceGUI.java:183)
	at java.base/java.util.concurrent.CompletableFuture$AsyncSupply.run(CompletableFuture.java:1768)
	at java.base/java.util.concurrent.CompletableFuture$AsyncSupply.exec(CompletableFuture.java:1760)
	at java.base/java.util.concurrent.ForkJoinTask.doExec(ForkJoinTask.java:387)
	at java.base/java.util.concurrent.ForkJoinPool$WorkQueue.topLevelExec(ForkJoinPool.java:1312)
	at java.base/java.util.concurrent.ForkJoinPool.scan(ForkJoinPool.java:1843)
	at java.base/java.util.concurrent.ForkJoinPool.runWorker(ForkJoinPool.java:1808)
	at java.base/java.util.concurrent.ForkJoinWorkerThread.run(ForkJoinWorkerThread.java:188)
Caused by: java.net.ConnectException: Connection refused
	at java.base/sun.nio.ch.Net.connect0(Native Method)
	at java.base/sun.nio.ch.Net.connect(Net.java:601)
	at java.base/sun.nio.ch.Net.connect(Net.java:590)
	at java.base/sun.nio.ch.NioSocketImpl.connect(NioSocketImpl.java:583)
	at java.base/java.net.SocksSocketImpl.connect(SocksSocketImpl.java:327)
	at java.base/java.net.Socket.connect(Socket.java:751)
	at java.base/java.net.Socket.connect(Socket.java:686)
	at java.base/java.net.Socket.<init>(Socket.java:555)
	at java.base/java.net.Socket.<init>(Socket.java:324)
	at java.rmi/sun.rmi.transport.tcp.TCPDirectSocketFactory.createSocket(TCPDirectSocketFactory.java:40)
	at java.rmi/sun.rmi.transport.tcp.TCPEndpoint.newSocket(TCPEndpoint.java:619)
	... 13 common frames omitted
2026-05-07 20:26:23.755 [ForkJoinPool.commonPool-worker-2] ERROR c.a.system.client.AttendanceGUI - Failed to connect to server
java.rmi.ConnectException: Connection refused to host: localhost; nested exception is: 
	java.net.ConnectException: Connection refused
	at java.rmi/sun.rmi.transport.tcp.TCPEndpoint.newSocket(TCPEndpoint.java:625)
	at java.rmi/sun.rmi.transport.tcp.TCPChannel.createConnection(TCPChannel.java:217)
	at java.rmi/sun.rmi.transport.tcp.TCPChannel.newConnection(TCPChannel.java:204)
	at java.rmi/sun.rmi.server.UnicastRef.newCall(UnicastRef.java:345)
	at java.rmi/sun.rmi.registry.RegistryImpl_Stub.lookup(RegistryImpl_Stub.java:116)
	at java.rmi/java.rmi.Naming.lookup(Naming.java:101)
	at com.attendance.system.client.AttendanceGUI.lambda$initializeConnection$0(AttendanceGUI.java:183)
	at java.base/java.util.concurrent.CompletableFuture$AsyncSupply.run(CompletableFuture.java:1768)
	at java.base/java.util.concurrent.CompletableFuture$AsyncSupply.exec(CompletableFuture.java:1760)
	at java.base/java.util.concurrent.ForkJoinTask.doExec(ForkJoinTask.java:387)
	at java.base/java.util.concurrent.ForkJoinPool$WorkQueue.topLevelExec(ForkJoinPool.java:1312)
	at java.base/java.util.concurrent.ForkJoinPool.scan(ForkJoinPool.java:1843)
	at java.base/java.util.concurrent.ForkJoinPool.runWorker(ForkJoinPool.java:1808)
	at java.base/java.util.concurrent.ForkJoinWorkerThread.run(ForkJoinWorkerThread.java:188)
Caused by: java.net.ConnectException: Connection refused
	at java.base/sun.nio.ch.Net.connect0(Native Method)
	at java.base/sun.nio.ch.Net.connect(Net.java:601)
	at java.base/sun.nio.ch.Net.connect(Net.java:590)
	at java.base/sun.nio.ch.NioSocketImpl.connect(NioSocketImpl.java:583)
	at java.base/java.net.SocksSocketImpl.connect(SocksSocketImpl.java:327)
	at java.base/java.net.Socket.connect(Socket.java:751)
	at java.base/java.net.Socket.connect(Socket.java:686)
	at java.base/java.net.Socket.<init>(Socket.java:555)
	at java.base/java.net.Socket.<init>(Socket.java:324)
	at java.rmi/sun.rmi.transport.tcp.TCPDirectSocketFactory.createSocket(TCPDirectSocketFactory.java:40)
	at java.rmi/sun.rmi.transport.tcp.TCPEndpoint.newSocket(TCPEndpoint.java:619)
	... 13 common frames omitted
2026-05-07 20:26:28.784 [ForkJoinPool.commonPool-worker-2] ERROR c.a.system.client.AttendanceGUI - Failed to connect to server
java.rmi.ConnectException: Connection refused to host: localhost; nested exception is: 
	java.net.ConnectException: Connection refused
	at java.rmi/sun.rmi.transport.tcp.TCPEndpoint.newSocket(TCPEndpoint.java:625)
	at java.rmi/sun.rmi.transport.tcp.TCPChannel.createConnection(TCPChannel.java:217)
	at java.rmi/sun.rmi.transport.tcp.TCPChannel.newConnection(TCPChannel.java:204)
	at java.rmi/sun.rmi.server.UnicastRef.newCall(UnicastRef.java:345)
	at java.rmi/sun.rmi.registry.RegistryImpl_Stub.lookup(RegistryImpl_Stub.java:116)
	at java.rmi/java.rmi.Naming.lookup(Naming.java:101)
	at com.attendance.system.client.AttendanceGUI.lambda$initializeConnection$0(AttendanceGUI.java:183)
	at java.base/java.util.concurrent.CompletableFuture$AsyncSupply.run(CompletableFuture.java:1768)
	at java.base/java.util.concurrent.CompletableFuture$AsyncSupply.exec(CompletableFuture.java:1760)
	at java.base/java.util.concurrent.ForkJoinTask.doExec(ForkJoinTask.java:387)
	at java.base/java.util.concurrent.ForkJoinPool$WorkQueue.topLevelExec(ForkJoinPool.java:1312)
	at java.base/java.util.concurrent.ForkJoinPool.scan(ForkJoinPool.java:1843)
	at java.base/java.util.concurrent.ForkJoinPool.runWorker(ForkJoinPool.java:1808)
	at java.base/java.util.concurrent.ForkJoinWorkerThread.run(ForkJoinWorkerThread.java:188)
Caused by: java.net.ConnectException: Connection refused
	at java.base/sun.nio.ch.Net.connect0(Native Method)
	at java.base/sun.nio.ch.Net.connect(Net.java:601)
	at java.base/sun.nio.ch.Net.connect(Net.java:590)
	at java.base/sun.nio.ch.NioSocketImpl.connect(NioSocketImpl.java:583)
	at java.base/java.net.SocksSocketImpl.connect(SocksSocketImpl.java:327)
	at java.base/java.net.Socket.connect(Socket.java:751)
	at java.base/java.net.Socket.connect(Socket.java:686)
	at java.base/java.net.Socket.<init>(Socket.java:555)
	at java.base/java.net.Socket.<init>(Socket.java:324)
	at java.rmi/sun.rmi.transport.tcp.TCPDirectSocketFactory.createSocket(TCPDirectSocketFactory.java:40)
	at java.rmi/sun.rmi.transport.tcp.TCPEndpoint.newSocket(TCPEndpoint.java:619)
	... 13 common frames omitted
2026-05-07 20:26:33.810 [ForkJoinPool.commonPool-worker-2] ERROR c.a.system.client.AttendanceGUI - Failed to connect to server
java.rmi.ConnectException: Connection refused to host: localhost; nested exception is: 
	java.net.ConnectException: Connection refused
	at java.rmi/sun.rmi.transport.tcp.TCPEndpoint.newSocket(TCPEndpoint.java:625)
	at java.rmi/sun.rmi.transport.tcp.TCPChannel.createConnection(TCPChannel.java:217)
	at java.rmi/sun.rmi.transport.tcp.TCPChannel.newConnection(TCPChannel.java:204)
	at java.rmi/sun.rmi.server.UnicastRef.newCall(UnicastRef.java:345)
	at java.rmi/sun.rmi.registry.RegistryImpl_Stub.lookup(RegistryImpl_Stub.java:116)
	at java.rmi/java.rmi.Naming.lookup(Naming.java:101)
	at com.attendance.system.client.AttendanceGUI.lambda$initializeConnection$0(AttendanceGUI.java:183)
	at java.base/java.util.concurrent.CompletableFuture$AsyncSupply.run(CompletableFuture.java:1768)
	at java.base/java.util.concurrent.CompletableFuture$AsyncSupply.exec(CompletableFuture.java:1760)
	at java.base/java.util.concurrent.ForkJoinTask.doExec(ForkJoinTask.java:387)
	at java.base/java.util.concurrent.ForkJoinPool$WorkQueue.topLevelExec(ForkJoinPool.java:1312)
	at java.base/java.util.concurrent.ForkJoinPool.scan(ForkJoinPool.java:1843)
	at java.base/java.util.concurrent.ForkJoinPool.runWorker(ForkJoinPool.java:1808)
	at java.base/java.util.concurrent.ForkJoinWorkerThread.run(ForkJoinWorkerThread.java:188)
Caused by: java.net.ConnectException: Connection refused
	at java.base/sun.nio.ch.Net.connect0(Native Method)
	at java.base/sun.nio.ch.Net.connect(Net.java:601)
	at java.base/sun.nio.ch.Net.connect(Net.java:590)
	at java.base/sun.nio.ch.NioSocketImpl.connect(NioSocketImpl.java:583)
	at java.base/java.net.SocksSocketImpl.connect(SocksSocketImpl.java:327)
	at java.base/java.net.Socket.connect(Socket.java:751)
	at java.base/java.net.Socket.connect(Socket.java:686)
	at java.base/java.net.Socket.<init>(Socket.java:555)
	at java.base/java.net.Socket.<init>(Socket.java:324)
	at java.rmi/sun.rmi.transport.tcp.TCPDirectSocketFactory.createSocket(TCPDirectSocketFactory.java:40)
	at java.rmi/sun.rmi.transport.tcp.TCPEndpoint.newSocket(TCPEndpoint.java:619)
	... 13 common frames omitted
2026-05-07 20:26:38.827 [ForkJoinPool.commonPool-worker-2] ERROR c.a.system.client.AttendanceGUI - Failed to connect to server
java.rmi.ConnectException: Connection refused to host: localhost; nested exception is: 
	java.net.ConnectException: Connection refused
	at java.rmi/sun.rmi.transport.tcp.TCPEndpoint.newSocket(TCPEndpoint.java:625)
	at java.rmi/sun.rmi.transport.tcp.TCPChannel.createConnection(TCPChannel.java:217)
	at java.rmi/sun.rmi.transport.tcp.TCPChannel.newConnection(TCPChannel.java:204)
	at java.rmi/sun.rmi.server.UnicastRef.newCall(UnicastRef.java:345)
	at java.rmi/sun.rmi.registry.RegistryImpl_Stub.lookup(RegistryImpl_Stub.java:116)
	at java.rmi/java.rmi.Naming.lookup(Naming.java:101)
	at com.attendance.system.client.AttendanceGUI.lambda$initializeConnection$0(AttendanceGUI.java:183)
	at java.base/java.util.concurrent.CompletableFuture$AsyncSupply.run(CompletableFuture.java:1768)
	at java.base/java.util.concurrent.CompletableFuture$AsyncSupply.exec(CompletableFuture.java:1760)
	at java.base/java.util.concurrent.ForkJoinTask.doExec(ForkJoinTask.java:387)
	at java.base/java.util.concurrent.ForkJoinPool$WorkQueue.topLevelExec(ForkJoinPool.java:1312)
	at java.base/java.util.concurrent.ForkJoinPool.scan(ForkJoinPool.java:1843)
	at java.base/java.util.concurrent.ForkJoinPool.runWorker(ForkJoinPool.java:1808)
	at java.base/java.util.concurrent.ForkJoinWorkerThread.run(ForkJoinWorkerThread.java:188)
Caused by: java.net.ConnectException: Connection refused
	at java.base/sun.nio.ch.Net.connect0(Native Method)
	at java.base/sun.nio.ch.Net.connect(Net.java:601)
	at java.base/sun.nio.ch.Net.connect(Net.java:590)
	at java.base/sun.nio.ch.NioSocketImpl.connect(NioSocketImpl.java:583)
	at java.base/java.net.SocksSocketImpl.connect(SocksSocketImpl.java:327)
	at java.base/java.net.Socket.connect(Socket.java:751)
	at java.base/java.net.Socket.connect(Socket.java:686)
	at java.base/java.net.Socket.<init>(Socket.java:555)
	at java.base/java.net.Socket.<init>(Socket.java:324)
	at java.rmi/sun.rmi.transport.tcp.TCPDirectSocketFactory.createSocket(TCPDirectSocketFactory.java:40)
	at java.rmi/sun.rmi.transport.tcp.TCPEndpoint.newSocket(TCPEndpoint.java:619)
	... 13 common frames omitted
2026-05-07 20:26:43.834 [ForkJoinPool.commonPool-worker-2] ERROR c.a.system.client.AttendanceGUI - Failed to connect to server
java.rmi.ConnectException: Connection refused to host: localhost; nested exception is: 
	java.net.ConnectException: Connection refused
	at java.rmi/sun.rmi.transport.tcp.TCPEndpoint.newSocket(TCPEndpoint.java:625)
	at java.rmi/sun.rmi.transport.tcp.TCPChannel.createConnection(TCPChannel.java:217)
	at java.rmi/sun.rmi.transport.tcp.TCPChannel.newConnection(TCPChannel.java:204)
	at java.rmi/sun.rmi.server.UnicastRef.newCall(UnicastRef.java:345)
	at java.rmi/sun.rmi.registry.RegistryImpl_Stub.lookup(RegistryImpl_Stub.java:116)
	at java.rmi/java.rmi.Naming.lookup(Naming.java:101)
	at com.attendance.system.client.AttendanceGUI.lambda$initializeConnection$0(AttendanceGUI.java:183)
	at java.base/java.util.concurrent.CompletableFuture$AsyncSupply.run(CompletableFuture.java:1768)
	at java.base/java.util.concurrent.CompletableFuture$AsyncSupply.exec(CompletableFuture.java:1760)
	at java.base/java.util.concurrent.ForkJoinTask.doExec(ForkJoinTask.java:387)
	at java.base/java.util.concurrent.ForkJoinPool$WorkQueue.topLevelExec(ForkJoinPool.java:1312)
	at java.base/java.util.concurrent.ForkJoinPool.scan(ForkJoinPool.java:1843)
	at java.base/java.util.concurrent.ForkJoinPool.runWorker(ForkJoinPool.java:1808)
	at java.base/java.util.concurrent.ForkJoinWorkerThread.run(ForkJoinWorkerThread.java:188)
Caused by: java.net.ConnectException: Connection refused
	at java.base/sun.nio.ch.Net.connect0(Native Method)
	at java.base/sun.nio.ch.Net.connect(Net.java:601)
	at java.base/sun.nio.ch.Net.connect(Net.java:590)
	at java.base/sun.nio.ch.NioSocketImpl.connect(NioSocketImpl.java:583)
	at java.base/java.net.SocksSocketImpl.connect(SocksSocketImpl.java:327)
	at java.base/java.net.Socket.connect(Socket.java:751)
	at java.base/java.net.Socket.connect(Socket.java:686)
	at java.base/java.net.Socket.<init>(Socket.java:555)
	at java.base/java.net.Socket.<init>(Socket.java:324)
	at java.rmi/sun.rmi.transport.tcp.TCPDirectSocketFactory.createSocket(TCPDirectSocketFactory.java:40)
	at java.rmi/sun.rmi.transport.tcp.TCPEndpoint.newSocket(TCPEndpoint.java:619)
	... 13 common frames omitted
2026-05-07 20:26:48.845 [ForkJoinPool.commonPool-worker-2] ERROR c.a.system.client.AttendanceGUI - Failed to connect to server
java.rmi.ConnectException: Connection refused to host: localhost; nested exception is: 
	java.net.ConnectException: Connection refused
	at java.rmi/sun.rmi.transport.tcp.TCPEndpoint.newSocket(TCPEndpoint.java:625)
	at java.rmi/sun.rmi.transport.tcp.TCPChannel.createConnection(TCPChannel.java:217)
	at java.rmi/sun.rmi.transport.tcp.TCPChannel.newConnection(TCPChannel.java:204)
	at java.rmi/sun.rmi.server.UnicastRef.newCall(UnicastRef.java:345)
	at java.rmi/sun.rmi.registry.RegistryImpl_Stub.lookup(RegistryImpl_Stub.java:116)
	at java.rmi/java.rmi.Naming.lookup(Naming.java:101)
	at com.attendance.system.client.AttendanceGUI.lambda$initializeConnection$0(AttendanceGUI.java:183)
	at java.base/java.util.concurrent.CompletableFuture$AsyncSupply.run(CompletableFuture.java:1768)
	at java.base/java.util.concurrent.CompletableFuture$AsyncSupply.exec(CompletableFuture.java:1760)
	at java.base/java.util.concurrent.ForkJoinTask.doExec(ForkJoinTask.java:387)
	at java.base/java.util.concurrent.ForkJoinPool$WorkQueue.topLevelExec(ForkJoinPool.java:1312)
	at java.base/java.util.concurrent.ForkJoinPool.scan(ForkJoinPool.java:1843)
	at java.base/java.util.concurrent.ForkJoinPool.runWorker(ForkJoinPool.java:1808)
	at java.base/java.util.concurrent.ForkJoinWorkerThread.run(ForkJoinWorkerThread.java:188)
Caused by: java.net.ConnectException: Connection refused
	at java.base/sun.nio.ch.Net.connect0(Native Method)
	at java.base/sun.nio.ch.Net.connect(Net.java:601)
	at java.base/sun.nio.ch.Net.connect(Net.java:590)
	at java.base/sun.nio.ch.NioSocketImpl.connect(NioSocketImpl.java:583)
	at java.base/java.net.SocksSocketImpl.connect(SocksSocketImpl.java:327)
	at java.base/java.net.Socket.connect(Socket.java:751)
	at java.base/java.net.Socket.connect(Socket.java:686)
	at java.base/java.net.Socket.<init>(Socket.java:555)
	at java.base/java.net.Socket.<init>(Socket.java:324)
	at java.rmi/sun.rmi.transport.tcp.TCPDirectSocketFactory.createSocket(TCPDirectSocketFactory.java:40)
	at java.rmi/sun.rmi.transport.tcp.TCPEndpoint.newSocket(TCPEndpoint.java:619)
	... 13 common frames omitted
2026-05-07 20:26:52.400 [ForkJoinPool.commonPool-worker-2] ERROR c.a.system.client.AttendanceGUI - Failed to connect to server
java.rmi.ConnectException: Connection refused to host: localhost; nested exception is: 
	java.net.ConnectException: Connection refused
	at java.rmi/sun.rmi.transport.tcp.TCPEndpoint.newSocket(TCPEndpoint.java:625)
	at java.rmi/sun.rmi.transport.tcp.TCPChannel.createConnection(TCPChannel.java:217)
	at java.rmi/sun.rmi.transport.tcp.TCPChannel.newConnection(TCPChannel.java:204)
	at java.rmi/sun.rmi.server.UnicastRef.newCall(UnicastRef.java:345)
	at java.rmi/sun.rmi.registry.RegistryImpl_Stub.lookup(RegistryImpl_Stub.java:116)
	at java.rmi/java.rmi.Naming.lookup(Naming.java:101)
	at com.attendance.system.client.AttendanceGUI.lambda$initializeConnection$0(AttendanceGUI.java:183)
	at java.base/java.util.concurrent.CompletableFuture$AsyncSupply.run(CompletableFuture.java:1768)
	at java.base/java.util.concurrent.CompletableFuture$AsyncSupply.exec(CompletableFuture.java:1760)
	at java.base/java.util.concurrent.ForkJoinTask.doExec(ForkJoinTask.java:387)
	at java.base/java.util.concurrent.ForkJoinPool$WorkQueue.topLevelExec(ForkJoinPool.java:1312)
	at java.base/java.util.concurrent.ForkJoinPool.scan(ForkJoinPool.java:1843)
	at java.base/java.util.concurrent.ForkJoinPool.runWorker(ForkJoinPool.java:1808)
	at java.base/java.util.concurrent.ForkJoinWorkerThread.run(ForkJoinWorkerThread.java:188)
Caused by: java.net.ConnectException: Connection refused
	at java.base/sun.nio.ch.Net.connect0(Native Method)
	at java.base/sun.nio.ch.Net.connect(Net.java:601)
	at java.base/sun.nio.ch.Net.connect(Net.java:590)
	at java.base/sun.nio.ch.NioSocketImpl.connect(NioSocketImpl.java:583)
	at java.base/java.net.SocksSocketImpl.connect(SocksSocketImpl.java:327)
	at java.base/java.net.Socket.connect(Socket.java:751)
	at java.base/java.net.Socket.connect(Socket.java:686)
	at java.base/java.net.Socket.<init>(Socket.java:555)
	at java.base/java.net.Socket.<init>(Socket.java:324)
	at java.rmi/sun.rmi.transport.tcp.TCPDirectSocketFactory.createSocket(TCPDirectSocketFactory.java:40)
	at java.rmi/sun.rmi.transport.tcp.TCPEndpoint.newSocket(TCPEndpoint.java:619)
	... 13 common frames omitted
2026-05-07 20:26:57.437 [ForkJoinPool.commonPool-worker-2] ERROR c.a.system.client.AttendanceGUI - Failed to connect to server
java.rmi.ConnectException: Connection refused to host: localhost; nested exception is: 
	java.net.ConnectException: Connection refused
	at java.rmi/sun.rmi.transport.tcp.TCPEndpoint.newSocket(TCPEndpoint.java:625)
	at java.rmi/sun.rmi.transport.tcp.TCPChannel.createConnection(TCPChannel.java:217)
	at java.rmi/sun.rmi.transport.tcp.TCPChannel.newConnection(TCPChannel.java:204)
	at java.rmi/sun.rmi.server.UnicastRef.newCall(UnicastRef.java:345)
	at java.rmi/sun.rmi.registry.RegistryImpl_Stub.lookup(RegistryImpl_Stub.java:116)
	at java.rmi/java.rmi.Naming.lookup(Naming.java:101)
	at com.attendance.system.client.AttendanceGUI.lambda$initializeConnection$0(AttendanceGUI.java:183)
	at java.base/java.util.concurrent.CompletableFuture$AsyncSupply.run(CompletableFuture.java:1768)
	at java.base/java.util.concurrent.CompletableFuture$AsyncSupply.exec(CompletableFuture.java:1760)
	at java.base/java.util.concurrent.ForkJoinTask.doExec(ForkJoinTask.java:387)
	at java.base/java.util.concurrent.ForkJoinPool$WorkQueue.topLevelExec(ForkJoinPool.java:1312)
	at java.base/java.util.concurrent.ForkJoinPool.scan(ForkJoinPool.java:1843)
	at java.base/java.util.concurrent.ForkJoinPool.runWorker(ForkJoinPool.java:1808)
	at java.base/java.util.concurrent.ForkJoinWorkerThread.run(ForkJoinWorkerThread.java:188)
Caused by: java.net.ConnectException: Connection refused
	at java.base/sun.nio.ch.Net.connect0(Native Method)
	at java.base/sun.nio.ch.Net.connect(Net.java:601)
	at java.base/sun.nio.ch.Net.connect(Net.java:590)
	at java.base/sun.nio.ch.NioSocketImpl.connect(NioSocketImpl.java:583)
	at java.base/java.net.SocksSocketImpl.connect(SocksSocketImpl.java:327)
	at java.base/java.net.Socket.connect(Socket.java:751)
	at java.base/java.net.Socket.connect(Socket.java:686)
	at java.base/java.net.Socket.<init>(Socket.java:555)
	at java.base/java.net.Socket.<init>(Socket.java:324)
	at java.rmi/sun.rmi.transport.tcp.TCPDirectSocketFactory.createSocket(TCPDirectSocketFactory.java:40)
	at java.rmi/sun.rmi.transport.tcp.TCPEndpoint.newSocket(TCPEndpoint.java:619)
	... 13 common frames omitted
2026-05-07 20:27:02.454 [ForkJoinPool.commonPool-worker-2] ERROR c.a.system.client.AttendanceGUI - Failed to connect to server
java.rmi.ConnectException: Connection refused to host: localhost; nested exception is: 
	java.net.ConnectException: Connection refused
	at java.rmi/sun.rmi.transport.tcp.TCPEndpoint.newSocket(TCPEndpoint.java:625)
	at java.rmi/sun.rmi.transport.tcp.TCPChannel.createConnection(TCPChannel.java:217)
	at java.rmi/sun.rmi.transport.tcp.TCPChannel.newConnection(TCPChannel.java:204)
	at java.rmi/sun.rmi.server.UnicastRef.newCall(UnicastRef.java:345)
	at java.rmi/sun.rmi.registry.RegistryImpl_Stub.lookup(RegistryImpl_Stub.java:116)
	at java.rmi/java.rmi.Naming.lookup(Naming.java:101)
	at com.attendance.system.client.AttendanceGUI.lambda$initializeConnection$0(AttendanceGUI.java:183)
	at java.base/java.util.concurrent.CompletableFuture$AsyncSupply.run(CompletableFuture.java:1768)
	at java.base/java.util.concurrent.CompletableFuture$AsyncSupply.exec(CompletableFuture.java:1760)
	at java.base/java.util.concurrent.ForkJoinTask.doExec(ForkJoinTask.java:387)
	at java.base/java.util.concurrent.ForkJoinPool$WorkQueue.topLevelExec(ForkJoinPool.java:1312)
	at java.base/java.util.concurrent.ForkJoinPool.scan(ForkJoinPool.java:1843)
	at java.base/java.util.concurrent.ForkJoinPool.runWorker(ForkJoinPool.java:1808)
	at java.base/java.util.concurrent.ForkJoinWorkerThread.run(ForkJoinWorkerThread.java:188)
Caused by: java.net.ConnectException: Connection refused
	at java.base/sun.nio.ch.Net.connect0(Native Method)
	at java.base/sun.nio.ch.Net.connect(Net.java:601)
	at java.base/sun.nio.ch.Net.connect(Net.java:590)
	at java.base/sun.nio.ch.NioSocketImpl.connect(NioSocketImpl.java:583)
	at java.base/java.net.SocksSocketImpl.connect(SocksSocketImpl.java:327)
	at java.base/java.net.Socket.connect(Socket.java:751)
	at java.base/java.net.Socket.connect(Socket.java:686)
	at java.base/java.net.Socket.<init>(Socket.java:555)
	at java.base/java.net.Socket.<init>(Socket.java:324)
	at java.rmi/sun.rmi.transport.tcp.TCPDirectSocketFactory.createSocket(TCPDirectSocketFactory.java:40)
	at java.rmi/sun.rmi.transport.tcp.TCPEndpoint.newSocket(TCPEndpoint.java:619)
	... 13 common frames omitted
2026-05-07 20:27:07.472 [ForkJoinPool.commonPool-worker-2] ERROR c.a.system.client.AttendanceGUI - Failed to connect to server
java.rmi.ConnectException: Connection refused to host: localhost; nested exception is: 
	java.net.ConnectException: Connection refused
	at java.rmi/sun.rmi.transport.tcp.TCPEndpoint.newSocket(TCPEndpoint.java:625)
	at java.rmi/sun.rmi.transport.tcp.TCPChannel.createConnection(TCPChannel.java:217)
	at java.rmi/sun.rmi.transport.tcp.TCPChannel.newConnection(TCPChannel.java:204)
	at java.rmi/sun.rmi.server.UnicastRef.newCall(UnicastRef.java:345)
	at java.rmi/sun.rmi.registry.RegistryImpl_Stub.lookup(RegistryImpl_Stub.java:116)
	at java.rmi/java.rmi.Naming.lookup(Naming.java:101)
	at com.attendance.system.client.AttendanceGUI.lambda$initializeConnection$0(AttendanceGUI.java:183)
	at java.base/java.util.concurrent.CompletableFuture$AsyncSupply.run(CompletableFuture.java:1768)
	at java.base/java.util.concurrent.CompletableFuture$AsyncSupply.exec(CompletableFuture.java:1760)
	at java.base/java.util.concurrent.ForkJoinTask.doExec(ForkJoinTask.java:387)
	at java.base/java.util.concurrent.ForkJoinPool$WorkQueue.topLevelExec(ForkJoinPool.java:1312)
	at java.base/java.util.concurrent.ForkJoinPool.scan(ForkJoinPool.java:1843)
	at java.base/java.util.concurrent.ForkJoinPool.runWorker(ForkJoinPool.java:1808)
	at java.base/java.util.concurrent.ForkJoinWorkerThread.run(ForkJoinWorkerThread.java:188)
Caused by: java.net.ConnectException: Connection refused
	at java.base/sun.nio.ch.Net.connect0(Native Method)
	at java.base/sun.nio.ch.Net.connect(Net.java:601)
	at java.base/sun.nio.ch.Net.connect(Net.java:590)
	at java.base/sun.nio.ch.NioSocketImpl.connect(NioSocketImpl.java:583)
	at java.base/java.net.SocksSocketImpl.connect(SocksSocketImpl.java:327)
	at java.base/java.net.Socket.connect(Socket.java:751)
	at java.base/java.net.Socket.connect(Socket.java:686)
	at java.base/java.net.Socket.<init>(Socket.java:555)
	at java.base/java.net.Socket.<init>(Socket.java:324)
	at java.rmi/sun.rmi.transport.tcp.TCPDirectSocketFactory.createSocket(TCPDirectSocketFactory.java:40)
	at java.rmi/sun.rmi.transport.tcp.TCPEndpoint.newSocket(TCPEndpoint.java:619)
	... 13 common frames omitted
2026-05-07 20:27:12.490 [ForkJoinPool.commonPool-worker-2] ERROR c.a.system.client.AttendanceGUI - Failed to connect to server
java.rmi.ConnectException: Connection refused to host: localhost; nested exception is: 
	java.net.ConnectException: Connection refused
	at java.rmi/sun.rmi.transport.tcp.TCPEndpoint.newSocket(TCPEndpoint.java:625)
	at java.rmi/sun.rmi.transport.tcp.TCPChannel.createConnection(TCPChannel.java:217)
	at java.rmi/sun.rmi.transport.tcp.TCPChannel.newConnection(TCPChannel.java:204)
	at java.rmi/sun.rmi.server.UnicastRef.newCall(UnicastRef.java:345)
	at java.rmi/sun.rmi.registry.RegistryImpl_Stub.lookup(RegistryImpl_Stub.java:116)
	at java.rmi/java.rmi.Naming.lookup(Naming.java:101)
	at com.attendance.system.client.AttendanceGUI.lambda$initializeConnection$0(AttendanceGUI.java:183)
	at java.base/java.util.concurrent.CompletableFuture$AsyncSupply.run(CompletableFuture.java:1768)
	at java.base/java.util.concurrent.CompletableFuture$AsyncSupply.exec(CompletableFuture.java:1760)
	at java.base/java.util.concurrent.ForkJoinTask.doExec(ForkJoinTask.java:387)
	at java.base/java.util.concurrent.ForkJoinPool$WorkQueue.topLevelExec(ForkJoinPool.java:1312)
	at java.base/java.util.concurrent.ForkJoinPool.scan(ForkJoinPool.java:1843)
	at java.base/java.util.concurrent.ForkJoinPool.runWorker(ForkJoinPool.java:1808)
	at java.base/java.util.concurrent.ForkJoinWorkerThread.run(ForkJoinWorkerThread.java:188)
Caused by: java.net.ConnectException: Connection refused
	at java.base/sun.nio.ch.Net.connect0(Native Method)
	at java.base/sun.nio.ch.Net.connect(Net.java:601)
	at java.base/sun.nio.ch.Net.connect(Net.java:590)
	at java.base/sun.nio.ch.NioSocketImpl.connect(NioSocketImpl.java:583)
	at java.base/java.net.SocksSocketImpl.connect(SocksSocketImpl.java:327)
	at java.base/java.net.Socket.connect(Socket.java:751)
	at java.base/java.net.Socket.connect(Socket.java:686)
	at java.base/java.net.Socket.<init>(Socket.java:555)
	at java.base/java.net.Socket.<init>(Socket.java:324)
	at java.rmi/sun.rmi.transport.tcp.TCPDirectSocketFactory.createSocket(TCPDirectSocketFactory.java:40)
	at java.rmi/sun.rmi.transport.tcp.TCPEndpoint.newSocket(TCPEndpoint.java:619)
	... 13 common frames omitted
2026-05-07 20:27:17.507 [ForkJoinPool.commonPool-worker-2] ERROR c.a.system.client.AttendanceGUI - Failed to connect to server
java.rmi.ConnectException: Connection refused to host: localhost; nested exception is: 
	java.net.ConnectException: Connection refused
	at java.rmi/sun.rmi.transport.tcp.TCPEndpoint.newSocket(TCPEndpoint.java:625)
	at java.rmi/sun.rmi.transport.tcp.TCPChannel.createConnection(TCPChannel.java:217)
	at java.rmi/sun.rmi.transport.tcp.TCPChannel.newConnection(TCPChannel.java:204)
	at java.rmi/sun.rmi.server.UnicastRef.newCall(UnicastRef.java:345)
	at java.rmi/sun.rmi.registry.RegistryImpl_Stub.lookup(RegistryImpl_Stub.java:116)
	at java.rmi/java.rmi.Naming.lookup(Naming.java:101)
	at com.attendance.system.client.AttendanceGUI.lambda$initializeConnection$0(AttendanceGUI.java:183)
	at java.base/java.util.concurrent.CompletableFuture$AsyncSupply.run(CompletableFuture.java:1768)
	at java.base/java.util.concurrent.CompletableFuture$AsyncSupply.exec(CompletableFuture.java:1760)
	at java.base/java.util.concurrent.ForkJoinTask.doExec(ForkJoinTask.java:387)
	at java.base/java.util.concurrent.ForkJoinPool$WorkQueue.topLevelExec(ForkJoinPool.java:1312)
	at java.base/java.util.concurrent.ForkJoinPool.scan(ForkJoinPool.java:1843)
	at java.base/java.util.concurrent.ForkJoinPool.runWorker(ForkJoinPool.java:1808)
	at java.base/java.util.concurrent.ForkJoinWorkerThread.run(ForkJoinWorkerThread.java:188)
Caused by: java.net.ConnectException: Connection refused
	at java.base/sun.nio.ch.Net.connect0(Native Method)
	at java.base/sun.nio.ch.Net.connect(Net.java:601)
	at java.base/sun.nio.ch.Net.connect(Net.java:590)
	at java.base/sun.nio.ch.NioSocketImpl.connect(NioSocketImpl.java:583)
	at java.base/java.net.SocksSocketImpl.connect(SocksSocketImpl.java:327)
	at java.base/java.net.Socket.connect(Socket.java:751)
	at java.base/java.net.Socket.connect(Socket.java:686)
	at java.base/java.net.Socket.<init>(Socket.java:555)
	at java.base/java.net.Socket.<init>(Socket.java:324)
	at java.rmi/sun.rmi.transport.tcp.TCPDirectSocketFactory.createSocket(TCPDirectSocketFactory.java:40)
	at java.rmi/sun.rmi.transport.tcp.TCPEndpoint.newSocket(TCPEndpoint.java:619)
	... 13 common frames omitted
2026-05-07 20:27:22.522 [ForkJoinPool.commonPool-worker-2] ERROR c.a.system.client.AttendanceGUI - Failed to connect to server
java.rmi.ConnectException: Connection refused to host: localhost; nested exception is: 
	java.net.ConnectException: Connection refused
	at java.rmi/sun.rmi.transport.tcp.TCPEndpoint.newSocket(TCPEndpoint.java:625)
	at java.rmi/sun.rmi.transport.tcp.TCPChannel.createConnection(TCPChannel.java:217)
	at java.rmi/sun.rmi.transport.tcp.TCPChannel.newConnection(TCPChannel.java:204)
	at java.rmi/sun.rmi.server.UnicastRef.newCall(UnicastRef.java:345)
	at java.rmi/sun.rmi.registry.RegistryImpl_Stub.lookup(RegistryImpl_Stub.java:116)
	at java.rmi/java.rmi.Naming.lookup(Naming.java:101)
	at com.attendance.system.client.AttendanceGUI.lambda$initializeConnection$0(AttendanceGUI.java:183)
	at java.base/java.util.concurrent.CompletableFuture$AsyncSupply.run(CompletableFuture.java:1768)
	at java.base/java.util.concurrent.CompletableFuture$AsyncSupply.exec(CompletableFuture.java:1760)
	at java.base/java.util.concurrent.ForkJoinTask.doExec(ForkJoinTask.java:387)
	at java.base/java.util.concurrent.ForkJoinPool$WorkQueue.topLevelExec(ForkJoinPool.java:1312)
	at java.base/java.util.concurrent.ForkJoinPool.scan(ForkJoinPool.java:1843)
	at java.base/java.util.concurrent.ForkJoinPool.runWorker(ForkJoinPool.java:1808)
	at java.base/java.util.concurrent.ForkJoinWorkerThread.run(ForkJoinWorkerThread.java:188)
Caused by: java.net.ConnectException: Connection refused
	at java.base/sun.nio.ch.Net.connect0(Native Method)
	at java.base/sun.nio.ch.Net.connect(Net.java:601)
	at java.base/sun.nio.ch.Net.connect(Net.java:590)
	at java.base/sun.nio.ch.NioSocketImpl.connect(NioSocketImpl.java:583)
	at java.base/java.net.SocksSocketImpl.connect(SocksSocketImpl.java:327)
	at java.base/java.net.Socket.connect(Socket.java:751)
	at java.base/java.net.Socket.connect(Socket.java:686)
	at java.base/java.net.Socket.<init>(Socket.java:555)
	at java.base/java.net.Socket.<init>(Socket.java:324)
	at java.rmi/sun.rmi.transport.tcp.TCPDirectSocketFactory.createSocket(TCPDirectSocketFactory.java:40)
	at java.rmi/sun.rmi.transport.tcp.TCPEndpoint.newSocket(TCPEndpoint.java:619)
	... 13 common frames omitted
2026-05-07 20:27:27.532 [ForkJoinPool.commonPool-worker-2] ERROR c.a.system.client.AttendanceGUI - Failed to connect to server
java.rmi.ConnectException: Connection refused to host: localhost; nested exception is: 
	java.net.ConnectException: Connection refused
	at java.rmi/sun.rmi.transport.tcp.TCPEndpoint.newSocket(TCPEndpoint.java:625)
	at java.rmi/sun.rmi.transport.tcp.TCPChannel.createConnection(TCPChannel.java:217)
	at java.rmi/sun.rmi.transport.tcp.TCPChannel.newConnection(TCPChannel.java:204)
	at java.rmi/sun.rmi.server.UnicastRef.newCall(UnicastRef.java:345)
	at java.rmi/sun.rmi.registry.RegistryImpl_Stub.lookup(RegistryImpl_Stub.java:116)
	at java.rmi/java.rmi.Naming.lookup(Naming.java:101)
	at com.attendance.system.client.AttendanceGUI.lambda$initializeConnection$0(AttendanceGUI.java:183)
	at java.base/java.util.concurrent.CompletableFuture$AsyncSupply.run(CompletableFuture.java:1768)
	at java.base/java.util.concurrent.CompletableFuture$AsyncSupply.exec(CompletableFuture.java:1760)
	at java.base/java.util.concurrent.ForkJoinTask.doExec(ForkJoinTask.java:387)
	at java.base/java.util.concurrent.ForkJoinPool$WorkQueue.topLevelExec(ForkJoinPool.java:1312)
	at java.base/java.util.concurrent.ForkJoinPool.scan(ForkJoinPool.java:1843)
	at java.base/java.util.concurrent.ForkJoinPool.runWorker(ForkJoinPool.java:1808)
	at java.base/java.util.concurrent.ForkJoinWorkerThread.run(ForkJoinWorkerThread.java:188)
Caused by: java.net.ConnectException: Connection refused
	at java.base/sun.nio.ch.Net.connect0(Native Method)
	at java.base/sun.nio.ch.Net.connect(Net.java:601)
	at java.base/sun.nio.ch.Net.connect(Net.java:590)
	at java.base/sun.nio.ch.NioSocketImpl.connect(NioSocketImpl.java:583)
	at java.base/java.net.SocksSocketImpl.connect(SocksSocketImpl.java:327)
	at java.base/java.net.Socket.connect(Socket.java:751)
	at java.base/java.net.Socket.connect(Socket.java:686)
	at java.base/java.net.Socket.<init>(Socket.java:555)
	at java.base/java.net.Socket.<init>(Socket.java:324)
	at java.rmi/sun.rmi.transport.tcp.TCPDirectSocketFactory.createSocket(TCPDirectSocketFactory.java:40)
	at java.rmi/sun.rmi.transport.tcp.TCPEndpoint.newSocket(TCPEndpoint.java:619)
	... 13 common frames omitted
2026-05-07 20:27:32.549 [ForkJoinPool.commonPool-worker-2] ERROR c.a.system.client.AttendanceGUI - Failed to connect to server
java.rmi.ConnectException: Connection refused to host: localhost; nested exception is: 
	java.net.ConnectException: Connection refused
	at java.rmi/sun.rmi.transport.tcp.TCPEndpoint.newSocket(TCPEndpoint.java:625)
	at java.rmi/sun.rmi.transport.tcp.TCPChannel.createConnection(TCPChannel.java:217)
	at java.rmi/sun.rmi.transport.tcp.TCPChannel.newConnection(TCPChannel.java:204)
	at java.rmi/sun.rmi.server.UnicastRef.newCall(UnicastRef.java:345)
	at java.rmi/sun.rmi.registry.RegistryImpl_Stub.lookup(RegistryImpl_Stub.java:116)
	at java.rmi/java.rmi.Naming.lookup(Naming.java:101)
	at com.attendance.system.client.AttendanceGUI.lambda$initializeConnection$0(AttendanceGUI.java:183)
	at java.base/java.util.concurrent.CompletableFuture$AsyncSupply.run(CompletableFuture.java:1768)
	at java.base/java.util.concurrent.CompletableFuture$AsyncSupply.exec(CompletableFuture.java:1760)
	at java.base/java.util.concurrent.ForkJoinTask.doExec(ForkJoinTask.java:387)
	at java.base/java.util.concurrent.ForkJoinPool$WorkQueue.topLevelExec(ForkJoinPool.java:1312)
	at java.base/java.util.concurrent.ForkJoinPool.scan(ForkJoinPool.java:1843)
	at java.base/java.util.concurrent.ForkJoinPool.runWorker(ForkJoinPool.java:1808)
	at java.base/java.util.concurrent.ForkJoinWorkerThread.run(ForkJoinWorkerThread.java:188)
Caused by: java.net.ConnectException: Connection refused
	at java.base/sun.nio.ch.Net.connect0(Native Method)
	at java.base/sun.nio.ch.Net.connect(Net.java:601)
	at java.base/sun.nio.ch.Net.connect(Net.java:590)
	at java.base/sun.nio.ch.NioSocketImpl.connect(NioSocketImpl.java:583)
	at java.base/java.net.SocksSocketImpl.connect(SocksSocketImpl.java:327)
	at java.base/java.net.Socket.connect(Socket.java:751)
	at java.base/java.net.Socket.connect(Socket.java:686)
	at java.base/java.net.Socket.<init>(Socket.java:555)
	at java.base/java.net.Socket.<init>(Socket.java:324)
	at java.rmi/sun.rmi.transport.tcp.TCPDirectSocketFactory.createSocket(TCPDirectSocketFactory.java:40)
	at java.rmi/sun.rmi.transport.tcp.TCPEndpoint.newSocket(TCPEndpoint.java:619)
	... 13 common frames omitted
2026-05-07 20:27:37.560 [ForkJoinPool.commonPool-worker-2] ERROR c.a.system.client.AttendanceGUI - Failed to connect to server
java.rmi.ConnectException: Connection refused to host: localhost; nested exception is: 
	java.net.ConnectException: Connection refused
	at java.rmi/sun.rmi.transport.tcp.TCPEndpoint.newSocket(TCPEndpoint.java:625)
	at java.rmi/sun.rmi.transport.tcp.TCPChannel.createConnection(TCPChannel.java:217)
	at java.rmi/sun.rmi.transport.tcp.TCPChannel.newConnection(TCPChannel.java:204)
	at java.rmi/sun.rmi.server.UnicastRef.newCall(UnicastRef.java:345)
	at java.rmi/sun.rmi.registry.RegistryImpl_Stub.lookup(RegistryImpl_Stub.java:116)
	at java.rmi/java.rmi.Naming.lookup(Naming.java:101)
	at com.attendance.system.client.AttendanceGUI.lambda$initializeConnection$0(AttendanceGUI.java:183)
	at java.base/java.util.concurrent.CompletableFuture$AsyncSupply.run(CompletableFuture.java:1768)
	at java.base/java.util.concurrent.CompletableFuture$AsyncSupply.exec(CompletableFuture.java:1760)
	at java.base/java.util.concurrent.ForkJoinTask.doExec(ForkJoinTask.java:387)
	at java.base/java.util.concurrent.ForkJoinPool$WorkQueue.topLevelExec(ForkJoinPool.java:1312)
	at java.base/java.util.concurrent.ForkJoinPool.scan(ForkJoinPool.java:1843)
	at java.base/java.util.concurrent.ForkJoinPool.runWorker(ForkJoinPool.java:1808)
	at java.base/java.util.concurrent.ForkJoinWorkerThread.run(ForkJoinWorkerThread.java:188)
Caused by: java.net.ConnectException: Connection refused
	at java.base/sun.nio.ch.Net.connect0(Native Method)
	at java.base/sun.nio.ch.Net.connect(Net.java:601)
	at java.base/sun.nio.ch.Net.connect(Net.java:590)
	at java.base/sun.nio.ch.NioSocketImpl.connect(NioSocketImpl.java:583)
	at java.base/java.net.SocksSocketImpl.connect(SocksSocketImpl.java:327)
	at java.base/java.net.Socket.connect(Socket.java:751)
	at java.base/java.net.Socket.connect(Socket.java:686)
	at java.base/java.net.Socket.<init>(Socket.java:555)
	at java.base/java.net.Socket.<init>(Socket.java:324)
	at java.rmi/sun.rmi.transport.tcp.TCPDirectSocketFactory.createSocket(TCPDirectSocketFactory.java:40)
	at java.rmi/sun.rmi.transport.tcp.TCPEndpoint.newSocket(TCPEndpoint.java:619)
	... 13 common frames omitted
2026-05-07 20:53:29.222 [RMI TCP Connection(3)-127.0.0.1] ERROR c.a.system.dao.DatabaseManager - Transaction failed
java.lang.NullPointerException: Cannot invoke "java.time.LocalDate.getYear()" because "date" is null
	at java.sql/java.sql.Date.valueOf(Date.java:291)
	at com.attendance.system.dao.UserDAO.createStudentProfile(UserDAO.java:405)
	at com.attendance.system.dao.UserDAO.lambda$createUser$0(UserDAO.java:212)
	at com.attendance.system.dao.DatabaseManager.executeTransaction(DatabaseManager.java:236)
	at com.attendance.system.dao.UserDAO.createUser(UserDAO.java:178)
	at com.attendance.system.server.AttendanceServer.lambda$registerUser$4(AttendanceServer.java:286)
	at com.attendance.system.server.AttendanceServer.executeWithErrorHandling(AttendanceServer.java:1144)
	at com.attendance.system.server.AttendanceServer.registerUser(AttendanceServer.java:187)
	at java.base/jdk.internal.reflect.DirectMethodHandleAccessor.invoke(DirectMethodHandleAccessor.java:103)
	at java.base/java.lang.reflect.Method.invoke(Method.java:580)
	at java.rmi/sun.rmi.server.UnicastServerRef.dispatch(UnicastServerRef.java:360)
	at java.rmi/sun.rmi.transport.Transport$1.run(Transport.java:200)
	at java.rmi/sun.rmi.transport.Transport$1.run(Transport.java:197)
	at java.base/java.security.AccessController.doPrivileged(AccessController.java:714)
	at java.rmi/sun.rmi.transport.Transport.serviceCall(Transport.java:196)
	at java.rmi/sun.rmi.transport.tcp.TCPTransport.handleMessages(TCPTransport.java:598)
	at java.rmi/sun.rmi.transport.tcp.TCPTransport$ConnectionHandler.run0(TCPTransport.java:844)
	at java.rmi/sun.rmi.transport.tcp.TCPTransport$ConnectionHandler.lambda$run$0(TCPTransport.java:721)
	at java.base/java.security.AccessController.doPrivileged(AccessController.java:400)
	at java.rmi/sun.rmi.transport.tcp.TCPTransport$ConnectionHandler.run(TCPTransport.java:720)
	at java.base/java.util.concurrent.ThreadPoolExecutor.runWorker(ThreadPoolExecutor.java:1144)
	at java.base/java.util.concurrent.ThreadPoolExecutor$Worker.run(ThreadPoolExecutor.java:642)
	at java.base/java.lang.Thread.run(Thread.java:1583)
2026-05-07 20:53:29.260 [ForkJoinPool.commonPool-worker-1] ERROR c.a.system.client.RegistrationFrame - Remote service error during registration
java.rmi.ServerException: RemoteException occurred in server thread; nested exception is: 
	java.rmi.RemoteException: Service error in registerUser: Transaction could not be completed
	at java.rmi/sun.rmi.server.UnicastServerRef.dispatch(UnicastServerRef.java:392)
	at java.rmi/sun.rmi.transport.Transport$1.run(Transport.java:200)
	at java.rmi/sun.rmi.transport.Transport$1.run(Transport.java:197)
	at java.base/java.security.AccessController.doPrivileged(AccessController.java:714)
	at java.rmi/sun.rmi.transport.Transport.serviceCall(Transport.java:196)
	at java.rmi/sun.rmi.transport.tcp.TCPTransport.handleMessages(TCPTransport.java:598)
	at java.rmi/sun.rmi.transport.tcp.TCPTransport$ConnectionHandler.run0(TCPTransport.java:844)
	at java.rmi/sun.rmi.transport.tcp.TCPTransport$ConnectionHandler.lambda$run$0(TCPTransport.java:721)
	at java.base/java.security.AccessController.doPrivileged(AccessController.java:400)
	at java.rmi/sun.rmi.transport.tcp.TCPTransport$ConnectionHandler.run(TCPTransport.java:720)
	at java.base/java.util.concurrent.ThreadPoolExecutor.runWorker(ThreadPoolExecutor.java:1144)
	at java.base/java.util.concurrent.ThreadPoolExecutor$Worker.run(ThreadPoolExecutor.java:642)
	at java.base/java.lang.Thread.run(Thread.java:1583)
	at java.rmi/sun.rmi.transport.StreamRemoteCall.exceptionReceivedFromServer(StreamRemoteCall.java:304)
	at java.rmi/sun.rmi.transport.StreamRemoteCall.executeCall(StreamRemoteCall.java:280)
	at java.rmi/sun.rmi.server.UnicastRef.invoke(UnicastRef.java:166)
	at java.rmi/java.rmi.server.RemoteObjectInvocationHandler.invokeRemoteMethod(RemoteObjectInvocationHandler.java:215)
	at java.rmi/java.rmi.server.RemoteObjectInvocationHandler.invoke(RemoteObjectInvocationHandler.java:160)
	at jdk.proxy3/jdk.proxy3.$Proxy25.registerUser(Unknown Source)
	at com.attendance.system.client.RegistrationFrame.lambda$performRegistration$7(RegistrationFrame.java:666)
	at java.base/java.util.concurrent.CompletableFuture$AsyncRun.run(CompletableFuture.java:1804)
	at java.base/java.util.concurrent.CompletableFuture$AsyncRun.exec(CompletableFuture.java:1796)
	at java.base/java.util.concurrent.ForkJoinTask.doExec(ForkJoinTask.java:387)
	at java.base/java.util.concurrent.ForkJoinPool$WorkQueue.topLevelExec(ForkJoinPool.java:1312)
	at java.base/java.util.concurrent.ForkJoinPool.scan(ForkJoinPool.java:1843)
	at java.base/java.util.concurrent.ForkJoinPool.runWorker(ForkJoinPool.java:1808)
	at java.base/java.util.concurrent.ForkJoinWorkerThread.run(ForkJoinWorkerThread.java:188)
Caused by: java.rmi.RemoteException: Service error in registerUser: Transaction could not be completed
	at com.attendance.system.server.AttendanceServer.executeWithErrorHandling(AttendanceServer.java:1153)
	at com.attendance.system.server.AttendanceServer.registerUser(AttendanceServer.java:187)
	at java.base/jdk.internal.reflect.DirectMethodHandleAccessor.invoke(DirectMethodHandleAccessor.java:103)
	at java.base/java.lang.reflect.Method.invoke(Method.java:580)
	at java.rmi/sun.rmi.server.UnicastServerRef.dispatch(UnicastServerRef.java:360)
	at java.rmi/sun.rmi.transport.Transport$1.run(Transport.java:200)
	at java.rmi/sun.rmi.transport.Transport$1.run(Transport.java:197)
	at java.base/java.security.AccessController.doPrivileged(AccessController.java:714)
	at java.rmi/sun.rmi.transport.Transport.serviceCall(Transport.java:196)
	at java.rmi/sun.rmi.transport.tcp.TCPTransport.handleMessages(TCPTransport.java:598)
	at java.rmi/sun.rmi.transport.tcp.TCPTransport$ConnectionHandler.run0(TCPTransport.java:844)
	at java.rmi/sun.rmi.transport.tcp.TCPTransport$ConnectionHandler.lambda$run$0(TCPTransport.java:721)
	at java.base/java.security.AccessController.doPrivileged(AccessController.java:400)
	at java.rmi/sun.rmi.transport.tcp.TCPTransport$ConnectionHandler.run(TCPTransport.java:720)
	at java.base/java.util.concurrent.ThreadPoolExecutor.runWorker(ThreadPoolExecutor.java:1144)
	at java.base/java.util.concurrent.ThreadPoolExecutor$Worker.run(ThreadPoolExecutor.java:642)
	at java.base/java.lang.Thread.run(Thread.java:1583)
2026-05-07 21:02:08.734 [RMI TCP Connection(3)-127.0.0.1] ERROR c.a.system.dao.DatabaseManager - Transaction failed
java.sql.SQLIntegrityConstraintViolationException: Column 'student_number' cannot be null
	at com.mysql.cj.jdbc.exceptions.SQLError.createSQLException(SQLError.java:118)
	at com.mysql.cj.jdbc.exceptions.SQLExceptionsMapping.translateException(SQLExceptionsMapping.java:122)
	at com.mysql.cj.jdbc.ServerPreparedStatement.serverExecute(ServerPreparedStatement.java:555)
	at com.mysql.cj.jdbc.ServerPreparedStatement.executeInternal(ServerPreparedStatement.java:339)
	at com.mysql.cj.jdbc.ClientPreparedStatement.executeUpdateInternal(ClientPreparedStatement.java:1061)
	at com.mysql.cj.jdbc.ClientPreparedStatement.executeUpdateInternal(ClientPreparedStatement.java:1009)
	at com.mysql.cj.jdbc.ClientPreparedStatement.executeLargeUpdate(ClientPreparedStatement.java:1320)
	at com.mysql.cj.jdbc.ClientPreparedStatement.executeUpdate(ClientPreparedStatement.java:994)
	at com.zaxxer.hikari.pool.ProxyPreparedStatement.executeUpdate(ProxyPreparedStatement.java:61)
	at com.zaxxer.hikari.pool.HikariProxyPreparedStatement.executeUpdate(HikariProxyPreparedStatement.java)
	at com.attendance.system.dao.UserDAO.createStudentProfile(UserDAO.java:414)
	at com.attendance.system.dao.UserDAO.lambda$createUser$0(UserDAO.java:213)
	at com.attendance.system.dao.DatabaseManager.executeTransaction(DatabaseManager.java:236)
	at com.attendance.system.dao.UserDAO.createUser(UserDAO.java:179)
	at com.attendance.system.server.AttendanceServer.lambda$registerUser$4(AttendanceServer.java:286)
	at com.attendance.system.server.AttendanceServer.executeWithErrorHandling(AttendanceServer.java:1144)
	at com.attendance.system.server.AttendanceServer.registerUser(AttendanceServer.java:187)
	at java.base/jdk.internal.reflect.DirectMethodHandleAccessor.invoke(DirectMethodHandleAccessor.java:103)
	at java.base/java.lang.reflect.Method.invoke(Method.java:580)
	at java.rmi/sun.rmi.server.UnicastServerRef.dispatch(UnicastServerRef.java:360)
	at java.rmi/sun.rmi.transport.Transport$1.run(Transport.java:200)
	at java.rmi/sun.rmi.transport.Transport$1.run(Transport.java:197)
	at java.base/java.security.AccessController.doPrivileged(AccessController.java:714)
	at java.rmi/sun.rmi.transport.Transport.serviceCall(Transport.java:196)
	at java.rmi/sun.rmi.transport.tcp.TCPTransport.handleMessages(TCPTransport.java:598)
	at java.rmi/sun.rmi.transport.tcp.TCPTransport$ConnectionHandler.run0(TCPTransport.java:844)
	at java.rmi/sun.rmi.transport.tcp.TCPTransport$ConnectionHandler.lambda$run$0(TCPTransport.java:721)
	at java.base/java.security.AccessController.doPrivileged(AccessController.java:400)
	at java.rmi/sun.rmi.transport.tcp.TCPTransport$ConnectionHandler.run(TCPTransport.java:720)
	at java.base/java.util.concurrent.ThreadPoolExecutor.runWorker(ThreadPoolExecutor.java:1144)
	at java.base/java.util.concurrent.ThreadPoolExecutor$Worker.run(ThreadPoolExecutor.java:642)
	at java.base/java.lang.Thread.run(Thread.java:1583)
2026-05-07 21:02:08.773 [ForkJoinPool.commonPool-worker-2] ERROR c.a.system.client.RegistrationFrame - Remote service error during registration
java.rmi.ServerException: RemoteException occurred in server thread; nested exception is: 
	java.rmi.RemoteException: Service error in registerUser: Transaction could not be completed
	at java.rmi/sun.rmi.server.UnicastServerRef.dispatch(UnicastServerRef.java:392)
	at java.rmi/sun.rmi.transport.Transport$1.run(Transport.java:200)
	at java.rmi/sun.rmi.transport.Transport$1.run(Transport.java:197)
	at java.base/java.security.AccessController.doPrivileged(AccessController.java:714)
	at java.rmi/sun.rmi.transport.Transport.serviceCall(Transport.java:196)
	at java.rmi/sun.rmi.transport.tcp.TCPTransport.handleMessages(TCPTransport.java:598)
	at java.rmi/sun.rmi.transport.tcp.TCPTransport$ConnectionHandler.run0(TCPTransport.java:844)
	at java.rmi/sun.rmi.transport.tcp.TCPTransport$ConnectionHandler.lambda$run$0(TCPTransport.java:721)
	at java.base/java.security.AccessController.doPrivileged(AccessController.java:400)
	at java.rmi/sun.rmi.transport.tcp.TCPTransport$ConnectionHandler.run(TCPTransport.java:720)
	at java.base/java.util.concurrent.ThreadPoolExecutor.runWorker(ThreadPoolExecutor.java:1144)
	at java.base/java.util.concurrent.ThreadPoolExecutor$Worker.run(ThreadPoolExecutor.java:642)
	at java.base/java.lang.Thread.run(Thread.java:1583)
	at java.rmi/sun.rmi.transport.StreamRemoteCall.exceptionReceivedFromServer(StreamRemoteCall.java:304)
	at java.rmi/sun.rmi.transport.StreamRemoteCall.executeCall(StreamRemoteCall.java:280)
	at java.rmi/sun.rmi.server.UnicastRef.invoke(UnicastRef.java:166)
	at java.rmi/java.rmi.server.RemoteObjectInvocationHandler.invokeRemoteMethod(RemoteObjectInvocationHandler.java:215)
	at java.rmi/java.rmi.server.RemoteObjectInvocationHandler.invoke(RemoteObjectInvocationHandler.java:160)
	at jdk.proxy3/jdk.proxy3.$Proxy25.registerUser(Unknown Source)
	at com.attendance.system.client.RegistrationFrame.lambda$performRegistration$7(RegistrationFrame.java:666)
	at java.base/java.util.concurrent.CompletableFuture$AsyncRun.run(CompletableFuture.java:1804)
	at java.base/java.util.concurrent.CompletableFuture$AsyncRun.exec(CompletableFuture.java:1796)
	at java.base/java.util.concurrent.ForkJoinTask.doExec(ForkJoinTask.java:387)
	at java.base/java.util.concurrent.ForkJoinPool$WorkQueue.topLevelExec(ForkJoinPool.java:1312)
	at java.base/java.util.concurrent.ForkJoinPool.scan(ForkJoinPool.java:1843)
	at java.base/java.util.concurrent.ForkJoinPool.runWorker(ForkJoinPool.java:1808)
	at java.base/java.util.concurrent.ForkJoinWorkerThread.run(ForkJoinWorkerThread.java:188)
Caused by: java.rmi.RemoteException: Service error in registerUser: Transaction could not be completed
	at com.attendance.system.server.AttendanceServer.executeWithErrorHandling(AttendanceServer.java:1153)
	at com.attendance.system.server.AttendanceServer.registerUser(AttendanceServer.java:187)
	at java.base/jdk.internal.reflect.DirectMethodHandleAccessor.invoke(DirectMethodHandleAccessor.java:103)
	at java.base/java.lang.reflect.Method.invoke(Method.java:580)
	at java.rmi/sun.rmi.server.UnicastServerRef.dispatch(UnicastServerRef.java:360)
	at java.rmi/sun.rmi.transport.Transport$1.run(Transport.java:200)
	at java.rmi/sun.rmi.transport.Transport$1.run(Transport.java:197)
	at java.base/java.security.AccessController.doPrivileged(AccessController.java:714)
	at java.rmi/sun.rmi.transport.Transport.serviceCall(Transport.java:196)
	at java.rmi/sun.rmi.transport.tcp.TCPTransport.handleMessages(TCPTransport.java:598)
	at java.rmi/sun.rmi.transport.tcp.TCPTransport$ConnectionHandler.run0(TCPTransport.java:844)
	at java.rmi/sun.rmi.transport.tcp.TCPTransport$ConnectionHandler.lambda$run$0(TCPTransport.java:721)
	at java.base/java.security.AccessController.doPrivileged(AccessController.java:400)
	at java.rmi/sun.rmi.transport.tcp.TCPTransport$ConnectionHandler.run(TCPTransport.java:720)
	at java.base/java.util.concurrent.ThreadPoolExecutor.runWorker(ThreadPoolExecutor.java:1144)
	at java.base/java.util.concurrent.ThreadPoolExecutor$Worker.run(ThreadPoolExecutor.java:642)
	at java.base/java.lang.Thread.run(Thread.java:1583)
2026-05-07 21:11:48.304 [RMI TCP Connection(6)-127.0.0.1] ERROR c.a.system.dao.DatabaseManager - Transaction failed
java.sql.SQLIntegrityConstraintViolationException: Column 'student_number' cannot be null
	at com.mysql.cj.jdbc.exceptions.SQLError.createSQLException(SQLError.java:118)
	at com.mysql.cj.jdbc.exceptions.SQLExceptionsMapping.translateException(SQLExceptionsMapping.java:122)
	at com.mysql.cj.jdbc.ServerPreparedStatement.serverExecute(ServerPreparedStatement.java:555)
	at com.mysql.cj.jdbc.ServerPreparedStatement.executeInternal(ServerPreparedStatement.java:339)
	at com.mysql.cj.jdbc.ClientPreparedStatement.executeUpdateInternal(ClientPreparedStatement.java:1061)
	at com.mysql.cj.jdbc.ClientPreparedStatement.executeUpdateInternal(ClientPreparedStatement.java:1009)
	at com.mysql.cj.jdbc.ClientPreparedStatement.executeLargeUpdate(ClientPreparedStatement.java:1320)
	at com.mysql.cj.jdbc.ClientPreparedStatement.executeUpdate(ClientPreparedStatement.java:994)
	at com.zaxxer.hikari.pool.ProxyPreparedStatement.executeUpdate(ProxyPreparedStatement.java:61)
	at com.zaxxer.hikari.pool.HikariProxyPreparedStatement.executeUpdate(HikariProxyPreparedStatement.java)
	at com.attendance.system.dao.UserDAO.createStudentProfile(UserDAO.java:414)
	at com.attendance.system.dao.UserDAO.lambda$createUser$0(UserDAO.java:213)
	at com.attendance.system.dao.DatabaseManager.executeTransaction(DatabaseManager.java:236)
	at com.attendance.system.dao.UserDAO.createUser(UserDAO.java:179)
	at com.attendance.system.server.AttendanceServer.lambda$registerUser$4(AttendanceServer.java:286)
	at com.attendance.system.server.AttendanceServer.executeWithErrorHandling(AttendanceServer.java:1144)
	at com.attendance.system.server.AttendanceServer.registerUser(AttendanceServer.java:187)
	at java.base/jdk.internal.reflect.DirectMethodHandleAccessor.invoke(DirectMethodHandleAccessor.java:103)
	at java.base/java.lang.reflect.Method.invoke(Method.java:580)
	at java.rmi/sun.rmi.server.UnicastServerRef.dispatch(UnicastServerRef.java:360)
	at java.rmi/sun.rmi.transport.Transport$1.run(Transport.java:200)
	at java.rmi/sun.rmi.transport.Transport$1.run(Transport.java:197)
	at java.base/java.security.AccessController.doPrivileged(AccessController.java:714)
	at java.rmi/sun.rmi.transport.Transport.serviceCall(Transport.java:196)
	at java.rmi/sun.rmi.transport.tcp.TCPTransport.handleMessages(TCPTransport.java:598)
	at java.rmi/sun.rmi.transport.tcp.TCPTransport$ConnectionHandler.run0(TCPTransport.java:844)
	at java.rmi/sun.rmi.transport.tcp.TCPTransport$ConnectionHandler.lambda$run$0(TCPTransport.java:721)
	at java.base/java.security.AccessController.doPrivileged(AccessController.java:400)
	at java.rmi/sun.rmi.transport.tcp.TCPTransport$ConnectionHandler.run(TCPTransport.java:720)
	at java.base/java.util.concurrent.ThreadPoolExecutor.runWorker(ThreadPoolExecutor.java:1144)
	at java.base/java.util.concurrent.ThreadPoolExecutor$Worker.run(ThreadPoolExecutor.java:642)
	at java.base/java.lang.Thread.run(Thread.java:1583)
2026-05-07 21:11:48.313 [ForkJoinPool.commonPool-worker-3] ERROR c.a.system.client.RegistrationFrame - Remote service error during registration
java.rmi.ServerException: RemoteException occurred in server thread; nested exception is: 
	java.rmi.RemoteException: Service error in registerUser: Transaction could not be completed
	at java.rmi/sun.rmi.server.UnicastServerRef.dispatch(UnicastServerRef.java:392)
	at java.rmi/sun.rmi.transport.Transport$1.run(Transport.java:200)
	at java.rmi/sun.rmi.transport.Transport$1.run(Transport.java:197)
	at java.base/java.security.AccessController.doPrivileged(AccessController.java:714)
	at java.rmi/sun.rmi.transport.Transport.serviceCall(Transport.java:196)
	at java.rmi/sun.rmi.transport.tcp.TCPTransport.handleMessages(TCPTransport.java:598)
	at java.rmi/sun.rmi.transport.tcp.TCPTransport$ConnectionHandler.run0(TCPTransport.java:844)
	at java.rmi/sun.rmi.transport.tcp.TCPTransport$ConnectionHandler.lambda$run$0(TCPTransport.java:721)
	at java.base/java.security.AccessController.doPrivileged(AccessController.java:400)
	at java.rmi/sun.rmi.transport.tcp.TCPTransport$ConnectionHandler.run(TCPTransport.java:720)
	at java.base/java.util.concurrent.ThreadPoolExecutor.runWorker(ThreadPoolExecutor.java:1144)
	at java.base/java.util.concurrent.ThreadPoolExecutor$Worker.run(ThreadPoolExecutor.java:642)
	at java.base/java.lang.Thread.run(Thread.java:1583)
	at java.rmi/sun.rmi.transport.StreamRemoteCall.exceptionReceivedFromServer(StreamRemoteCall.java:304)
	at java.rmi/sun.rmi.transport.StreamRemoteCall.executeCall(StreamRemoteCall.java:280)
	at java.rmi/sun.rmi.server.UnicastRef.invoke(UnicastRef.java:166)
	at java.rmi/java.rmi.server.RemoteObjectInvocationHandler.invokeRemoteMethod(RemoteObjectInvocationHandler.java:215)
	at java.rmi/java.rmi.server.RemoteObjectInvocationHandler.invoke(RemoteObjectInvocationHandler.java:160)
	at jdk.proxy3/jdk.proxy3.$Proxy25.registerUser(Unknown Source)
	at com.attendance.system.client.RegistrationFrame.lambda$performRegistration$7(RegistrationFrame.java:666)
	at java.base/java.util.concurrent.CompletableFuture$AsyncRun.run(CompletableFuture.java:1804)
	at java.base/java.util.concurrent.CompletableFuture$AsyncRun.exec(CompletableFuture.java:1796)
	at java.base/java.util.concurrent.ForkJoinTask.doExec(ForkJoinTask.java:387)
	at java.base/java.util.concurrent.ForkJoinPool$WorkQueue.topLevelExec(ForkJoinPool.java:1312)
	at java.base/java.util.concurrent.ForkJoinPool.scan(ForkJoinPool.java:1843)
	at java.base/java.util.concurrent.ForkJoinPool.runWorker(ForkJoinPool.java:1808)
	at java.base/java.util.concurrent.ForkJoinWorkerThread.run(ForkJoinWorkerThread.java:188)
Caused by: java.rmi.RemoteException: Service error in registerUser: Transaction could not be completed
	at com.attendance.system.server.AttendanceServer.executeWithErrorHandling(AttendanceServer.java:1153)
	at com.attendance.system.server.AttendanceServer.registerUser(AttendanceServer.java:187)
	at java.base/jdk.internal.reflect.DirectMethodHandleAccessor.invoke(DirectMethodHandleAccessor.java:103)
	at java.base/java.lang.reflect.Method.invoke(Method.java:580)
	at java.rmi/sun.rmi.server.UnicastServerRef.dispatch(UnicastServerRef.java:360)
	at java.rmi/sun.rmi.transport.Transport$1.run(Transport.java:200)
	at java.rmi/sun.rmi.transport.Transport$1.run(Transport.java:197)
	at java.base/java.security.AccessController.doPrivileged(AccessController.java:714)
	at java.rmi/sun.rmi.transport.Transport.serviceCall(Transport.java:196)
	at java.rmi/sun.rmi.transport.tcp.TCPTransport.handleMessages(TCPTransport.java:598)
	at java.rmi/sun.rmi.transport.tcp.TCPTransport$ConnectionHandler.run0(TCPTransport.java:844)
	at java.rmi/sun.rmi.transport.tcp.TCPTransport$ConnectionHandler.lambda$run$0(TCPTransport.java:721)
	at java.base/java.security.AccessController.doPrivileged(AccessController.java:400)
	at java.rmi/sun.rmi.transport.tcp.TCPTransport$ConnectionHandler.run(TCPTransport.java:720)
	at java.base/java.util.concurrent.ThreadPoolExecutor.runWorker(ThreadPoolExecutor.java:1144)
	at java.base/java.util.concurrent.ThreadPoolExecutor$Worker.run(ThreadPoolExecutor.java:642)
	at java.base/java.lang.Thread.run(Thread.java:1583)
2026-05-07 22:14:42.868 [AWT-EventQueue-0] ERROR c.a.s.client.UserManagementPanel - Failed to load users
java.util.concurrent.CompletionException: java.lang.RuntimeException: java.rmi.ServerException: RemoteException occurred in server thread; nested exception is: 
	java.rmi.RemoteException: Service error in getAllUsers: Your session has expired. Please log in again
	at java.base/java.util.concurrent.CompletableFuture.encodeThrowable(CompletableFuture.java:315)
	at java.base/java.util.concurrent.CompletableFuture.completeThrowable(CompletableFuture.java:320)
	at java.base/java.util.concurrent.CompletableFuture$AsyncSupply.run(CompletableFuture.java:1770)
	at java.base/java.util.concurrent.CompletableFuture$AsyncSupply.exec(CompletableFuture.java:1760)
	at java.base/java.util.concurrent.ForkJoinTask.doExec(ForkJoinTask.java:387)
	at java.base/java.util.concurrent.ForkJoinPool$WorkQueue.topLevelExec(ForkJoinPool.java:1312)
	at java.base/java.util.concurrent.ForkJoinPool.scan(ForkJoinPool.java:1843)
	at java.base/java.util.concurrent.ForkJoinPool.runWorker(ForkJoinPool.java:1808)
	at java.base/java.util.concurrent.ForkJoinWorkerThread.run(ForkJoinWorkerThread.java:188)
Caused by: java.lang.RuntimeException: java.rmi.ServerException: RemoteException occurred in server thread; nested exception is: 
	java.rmi.RemoteException: Service error in getAllUsers: Your session has expired. Please log in again
	at com.attendance.system.client.UserManagementPanel.lambda$loadUsers$9(UserManagementPanel.java:251)
	at java.base/java.util.concurrent.CompletableFuture$AsyncSupply.run(CompletableFuture.java:1768)
	... 6 common frames omitted
Caused by: java.rmi.ServerException: RemoteException occurred in server thread; nested exception is: 
	java.rmi.RemoteException: Service error in getAllUsers: Your session has expired. Please log in again
	at java.rmi/sun.rmi.server.UnicastServerRef.dispatch(UnicastServerRef.java:392)
	at java.rmi/sun.rmi.transport.Transport$1.run(Transport.java:200)
	at java.rmi/sun.rmi.transport.Transport$1.run(Transport.java:197)
	at java.base/java.security.AccessController.doPrivileged(AccessController.java:714)
	at java.rmi/sun.rmi.transport.Transport.serviceCall(Transport.java:196)
	at java.rmi/sun.rmi.transport.tcp.TCPTransport.handleMessages(TCPTransport.java:598)
	at java.rmi/sun.rmi.transport.tcp.TCPTransport$ConnectionHandler.run0(TCPTransport.java:844)
	at java.rmi/sun.rmi.transport.tcp.TCPTransport$ConnectionHandler.lambda$run$0(TCPTransport.java:721)
	at java.base/java.security.AccessController.doPrivileged(AccessController.java:400)
	at java.rmi/sun.rmi.transport.tcp.TCPTransport$ConnectionHandler.run(TCPTransport.java:720)
	at java.base/java.util.concurrent.ThreadPoolExecutor.runWorker(ThreadPoolExecutor.java:1144)
	at java.base/java.util.concurrent.ThreadPoolExecutor$Worker.run(ThreadPoolExecutor.java:642)
	at java.base/java.lang.Thread.run(Thread.java:1583)
	at java.rmi/sun.rmi.transport.StreamRemoteCall.exceptionReceivedFromServer(StreamRemoteCall.java:304)
	at java.rmi/sun.rmi.transport.StreamRemoteCall.executeCall(StreamRemoteCall.java:280)
	at java.rmi/sun.rmi.server.UnicastRef.invoke(UnicastRef.java:166)
	at java.rmi/java.rmi.server.RemoteObjectInvocationHandler.invokeRemoteMethod(RemoteObjectInvocationHandler.java:215)
	at java.rmi/java.rmi.server.RemoteObjectInvocationHandler.invoke(RemoteObjectInvocationHandler.java:160)
	at jdk.proxy3/jdk.proxy3.$Proxy25.getAllUsers(Unknown Source)
	at com.attendance.system.client.UserManagementPanel.lambda$loadUsers$9(UserManagementPanel.java:249)
	... 7 common frames omitted
Caused by: java.rmi.RemoteException: Service error in getAllUsers: Your session has expired. Please log in again
	at com.attendance.system.server.AttendanceServer.executeWithErrorHandling(AttendanceServer.java:1168)
	at com.attendance.system.server.AttendanceServer.getAllUsers(AttendanceServer.java:423)
	at java.base/jdk.internal.reflect.DirectMethodHandleAccessor.invoke(DirectMethodHandleAccessor.java:103)
	at java.base/java.lang.reflect.Method.invoke(Method.java:580)
	at java.rmi/sun.rmi.server.UnicastServerRef.dispatch(UnicastServerRef.java:360)
	at java.rmi/sun.rmi.transport.Transport$1.run(Transport.java:200)
	at java.rmi/sun.rmi.transport.Transport$1.run(Transport.java:197)
	at java.base/java.security.AccessController.doPrivileged(AccessController.java:714)
	at java.rmi/sun.rmi.transport.Transport.serviceCall(Transport.java:196)
	at java.rmi/sun.rmi.transport.tcp.TCPTransport.handleMessages(TCPTransport.java:598)
	at java.rmi/sun.rmi.transport.tcp.TCPTransport$ConnectionHandler.run0(TCPTransport.java:844)
	at java.rmi/sun.rmi.transport.tcp.TCPTransport$ConnectionHandler.lambda$run$0(TCPTransport.java:721)
	at java.base/java.security.AccessController.doPrivileged(AccessController.java:400)
	at java.rmi/sun.rmi.transport.tcp.TCPTransport$ConnectionHandler.run(TCPTransport.java:720)
	at java.base/java.util.concurrent.ThreadPoolExecutor.runWorker(ThreadPoolExecutor.java:1144)
	at java.base/java.util.concurrent.ThreadPoolExecutor$Worker.run(ThreadPoolExecutor.java:642)
	at java.base/java.lang.Thread.run(Thread.java:1583)
2026-05-07 22:15:13.192 [AWT-EventQueue-0] ERROR c.a.s.client.UserManagementPanel - Failed to toggle user active status
java.util.concurrent.CompletionException: java.lang.RuntimeException: java.rmi.ServerException: RemoteException occurred in server thread; nested exception is: 
	java.rmi.RemoteException: Service error in getAllUsers: Your session has expired. Please log in again
	at java.base/java.util.concurrent.CompletableFuture.encodeThrowable(CompletableFuture.java:315)
	at java.base/java.util.concurrent.CompletableFuture.completeThrowable(CompletableFuture.java:320)
	at java.base/java.util.concurrent.CompletableFuture$AsyncSupply.run(CompletableFuture.java:1770)
	at java.base/java.util.concurrent.CompletableFuture$AsyncSupply.exec(CompletableFuture.java:1760)
	at java.base/java.util.concurrent.ForkJoinTask.doExec(ForkJoinTask.java:387)
	at java.base/java.util.concurrent.ForkJoinPool$WorkQueue.topLevelExec(ForkJoinPool.java:1312)
	at java.base/java.util.concurrent.ForkJoinPool.scan(ForkJoinPool.java:1843)
	at java.base/java.util.concurrent.ForkJoinPool.runWorker(ForkJoinPool.java:1808)
	at java.base/java.util.concurrent.ForkJoinWorkerThread.run(ForkJoinWorkerThread.java:188)
Caused by: java.lang.RuntimeException: java.rmi.ServerException: RemoteException occurred in server thread; nested exception is: 
	java.rmi.RemoteException: Service error in getAllUsers: Your session has expired. Please log in again
	at com.attendance.system.client.UserManagementPanel.lambda$toggleSelectedUserActive$31(UserManagementPanel.java:558)
	at java.base/java.util.concurrent.CompletableFuture$AsyncSupply.run(CompletableFuture.java:1768)
	... 6 common frames omitted
Caused by: java.rmi.ServerException: RemoteException occurred in server thread; nested exception is: 
	java.rmi.RemoteException: Service error in getAllUsers: Your session has expired. Please log in again
	at java.rmi/sun.rmi.server.UnicastServerRef.dispatch(UnicastServerRef.java:392)
	at java.rmi/sun.rmi.transport.Transport$1.run(Transport.java:200)
	at java.rmi/sun.rmi.transport.Transport$1.run(Transport.java:197)
	at java.base/java.security.AccessController.doPrivileged(AccessController.java:714)
	at java.rmi/sun.rmi.transport.Transport.serviceCall(Transport.java:196)
	at java.rmi/sun.rmi.transport.tcp.TCPTransport.handleMessages(TCPTransport.java:598)
	at java.rmi/sun.rmi.transport.tcp.TCPTransport$ConnectionHandler.run0(TCPTransport.java:844)
	at java.rmi/sun.rmi.transport.tcp.TCPTransport$ConnectionHandler.lambda$run$0(TCPTransport.java:721)
	at java.base/java.security.AccessController.doPrivileged(AccessController.java:400)
	at java.rmi/sun.rmi.transport.tcp.TCPTransport$ConnectionHandler.run(TCPTransport.java:720)
	at java.base/java.util.concurrent.ThreadPoolExecutor.runWorker(ThreadPoolExecutor.java:1144)
	at java.base/java.util.concurrent.ThreadPoolExecutor$Worker.run(ThreadPoolExecutor.java:642)
	at java.base/java.lang.Thread.run(Thread.java:1583)
	at java.rmi/sun.rmi.transport.StreamRemoteCall.exceptionReceivedFromServer(StreamRemoteCall.java:304)
	at java.rmi/sun.rmi.transport.StreamRemoteCall.executeCall(StreamRemoteCall.java:280)
	at java.rmi/sun.rmi.server.UnicastRef.invoke(UnicastRef.java:166)
	at java.rmi/java.rmi.server.RemoteObjectInvocationHandler.invokeRemoteMethod(RemoteObjectInvocationHandler.java:215)
	at java.rmi/java.rmi.server.RemoteObjectInvocationHandler.invoke(RemoteObjectInvocationHandler.java:160)
	at jdk.proxy3/jdk.proxy3.$Proxy25.getAllUsers(Unknown Source)
	at com.attendance.system.client.UserManagementPanel.lambda$toggleSelectedUserActive$31(UserManagementPanel.java:550)
	... 7 common frames omitted
Caused by: java.rmi.RemoteException: Service error in getAllUsers: Your session has expired. Please log in again
	at com.attendance.system.server.AttendanceServer.executeWithErrorHandling(AttendanceServer.java:1168)
	at com.attendance.system.server.AttendanceServer.getAllUsers(AttendanceServer.java:423)
	at java.base/jdk.internal.reflect.DirectMethodHandleAccessor.invoke(DirectMethodHandleAccessor.java:103)
	at java.base/java.lang.reflect.Method.invoke(Method.java:580)
	at java.rmi/sun.rmi.server.UnicastServerRef.dispatch(UnicastServerRef.java:360)
	at java.rmi/sun.rmi.transport.Transport$1.run(Transport.java:200)
	at java.rmi/sun.rmi.transport.Transport$1.run(Transport.java:197)
	at java.base/java.security.AccessController.doPrivileged(AccessController.java:714)
	at java.rmi/sun.rmi.transport.Transport.serviceCall(Transport.java:196)
	at java.rmi/sun.rmi.transport.tcp.TCPTransport.handleMessages(TCPTransport.java:598)
	at java.rmi/sun.rmi.transport.tcp.TCPTransport$ConnectionHandler.run0(TCPTransport.java:844)
	at java.rmi/sun.rmi.transport.tcp.TCPTransport$ConnectionHandler.lambda$run$0(TCPTransport.java:721)
	at java.base/java.security.AccessController.doPrivileged(AccessController.java:400)
	at java.rmi/sun.rmi.transport.tcp.TCPTransport$ConnectionHandler.run(TCPTransport.java:720)
	at java.base/java.util.concurrent.ThreadPoolExecutor.runWorker(ThreadPoolExecutor.java:1144)
	at java.base/java.util.concurrent.ThreadPoolExecutor$Worker.run(ThreadPoolExecutor.java:642)
	at java.base/java.lang.Thread.run(Thread.java:1583)
2026-05-07 22:15:43.253 [AWT-EventQueue-0] ERROR c.a.s.client.UserManagementPanel - Failed to load user for editing
java.util.concurrent.CompletionException: java.lang.RuntimeException: java.rmi.ServerException: RemoteException occurred in server thread; nested exception is: 
	java.rmi.RemoteException: Service error in getAllUsers: Your session has expired. Please log in again
	at java.base/java.util.concurrent.CompletableFuture.encodeThrowable(CompletableFuture.java:315)
	at java.base/java.util.concurrent.CompletableFuture.completeThrowable(CompletableFuture.java:320)
	at java.base/java.util.concurrent.CompletableFuture$AsyncSupply.run(CompletableFuture.java:1770)
	at java.base/java.util.concurrent.CompletableFuture$AsyncSupply.exec(CompletableFuture.java:1760)
	at java.base/java.util.concurrent.ForkJoinTask.doExec(ForkJoinTask.java:387)
	at java.base/java.util.concurrent.ForkJoinPool$WorkQueue.topLevelExec(ForkJoinPool.java:1312)
	at java.base/java.util.concurrent.ForkJoinPool.scan(ForkJoinPool.java:1843)
	at java.base/java.util.concurrent.ForkJoinPool.runWorker(ForkJoinPool.java:1808)
	at java.base/java.util.concurrent.ForkJoinWorkerThread.run(ForkJoinWorkerThread.java:188)
Caused by: java.lang.RuntimeException: java.rmi.ServerException: RemoteException occurred in server thread; nested exception is: 
	java.rmi.RemoteException: Service error in getAllUsers: Your session has expired. Please log in again
	at com.attendance.system.client.UserManagementPanel.lambda$showEditUserDialog$15(UserManagementPanel.java:361)
	at java.base/java.util.concurrent.CompletableFuture$AsyncSupply.run(CompletableFuture.java:1768)
	... 6 common frames omitted
Caused by: java.rmi.ServerException: RemoteException occurred in server thread; nested exception is: 
	java.rmi.RemoteException: Service error in getAllUsers: Your session has expired. Please log in again
	at java.rmi/sun.rmi.server.UnicastServerRef.dispatch(UnicastServerRef.java:392)
	at java.rmi/sun.rmi.transport.Transport$1.run(Transport.java:200)
	at java.rmi/sun.rmi.transport.Transport$1.run(Transport.java:197)
	at java.base/java.security.AccessController.doPrivileged(AccessController.java:714)
	at java.rmi/sun.rmi.transport.Transport.serviceCall(Transport.java:196)
	at java.rmi/sun.rmi.transport.tcp.TCPTransport.handleMessages(TCPTransport.java:598)
	at java.rmi/sun.rmi.transport.tcp.TCPTransport$ConnectionHandler.run0(TCPTransport.java:844)
	at java.rmi/sun.rmi.transport.tcp.TCPTransport$ConnectionHandler.lambda$run$0(TCPTransport.java:721)
	at java.base/java.security.AccessController.doPrivileged(AccessController.java:400)
	at java.rmi/sun.rmi.transport.tcp.TCPTransport$ConnectionHandler.run(TCPTransport.java:720)
	at java.base/java.util.concurrent.ThreadPoolExecutor.runWorker(ThreadPoolExecutor.java:1144)
	at java.base/java.util.concurrent.ThreadPoolExecutor$Worker.run(ThreadPoolExecutor.java:642)
	at java.base/java.lang.Thread.run(Thread.java:1583)
	at java.rmi/sun.rmi.transport.StreamRemoteCall.exceptionReceivedFromServer(StreamRemoteCall.java:304)
	at java.rmi/sun.rmi.transport.StreamRemoteCall.executeCall(StreamRemoteCall.java:280)
	at java.rmi/sun.rmi.server.UnicastRef.invoke(UnicastRef.java:166)
	at java.rmi/java.rmi.server.RemoteObjectInvocationHandler.invokeRemoteMethod(RemoteObjectInvocationHandler.java:215)
	at java.rmi/java.rmi.server.RemoteObjectInvocationHandler.invoke(RemoteObjectInvocationHandler.java:160)
	at jdk.proxy3/jdk.proxy3.$Proxy25.getAllUsers(Unknown Source)
	at com.attendance.system.client.UserManagementPanel.lambda$showEditUserDialog$15(UserManagementPanel.java:358)
	... 7 common frames omitted
Caused by: java.rmi.RemoteException: Service error in getAllUsers: Your session has expired. Please log in again
	at com.attendance.system.server.AttendanceServer.executeWithErrorHandling(AttendanceServer.java:1168)
	at com.attendance.system.server.AttendanceServer.getAllUsers(AttendanceServer.java:423)
	at java.base/jdk.internal.reflect.DirectMethodHandleAccessor.invoke(DirectMethodHandleAccessor.java:103)
	at java.base/java.lang.reflect.Method.invoke(Method.java:580)
	at java.rmi/sun.rmi.server.UnicastServerRef.dispatch(UnicastServerRef.java:360)
	at java.rmi/sun.rmi.transport.Transport$1.run(Transport.java:200)
	at java.rmi/sun.rmi.transport.Transport$1.run(Transport.java:197)
	at java.base/java.security.AccessController.doPrivileged(AccessController.java:714)
	at java.rmi/sun.rmi.transport.Transport.serviceCall(Transport.java:196)
	at java.rmi/sun.rmi.transport.tcp.TCPTransport.handleMessages(TCPTransport.java:598)
	at java.rmi/sun.rmi.transport.tcp.TCPTransport$ConnectionHandler.run0(TCPTransport.java:844)
	at java.rmi/sun.rmi.transport.tcp.TCPTransport$ConnectionHandler.lambda$run$0(TCPTransport.java:721)
	at java.base/java.security.AccessController.doPrivileged(AccessController.java:400)
	at java.rmi/sun.rmi.transport.tcp.TCPTransport$ConnectionHandler.run(TCPTransport.java:720)
	at java.base/java.util.concurrent.ThreadPoolExecutor.runWorker(ThreadPoolExecutor.java:1144)
	at java.base/java.util.concurrent.ThreadPoolExecutor$Worker.run(ThreadPoolExecutor.java:642)
	at java.base/java.lang.Thread.run(Thread.java:1583)
2026-05-07 22:18:02.863 [AWT-EventQueue-0] ERROR c.a.system.client.UserEditDialog - Failed to save user
java.util.concurrent.CompletionException: java.lang.RuntimeException: java.rmi.ServerException: RemoteException occurred in server thread; nested exception is: 
	java.rmi.RemoteException: Service error in createUser: Your session has expired. Please log in again
	at java.base/java.util.concurrent.CompletableFuture.encodeThrowable(CompletableFuture.java:315)
	at java.base/java.util.concurrent.CompletableFuture.completeThrowable(CompletableFuture.java:320)
	at java.base/java.util.concurrent.CompletableFuture$AsyncSupply.run(CompletableFuture.java:1770)
	at java.base/java.util.concurrent.CompletableFuture$AsyncSupply.exec(CompletableFuture.java:1760)
	at java.base/java.util.concurrent.ForkJoinTask.doExec(ForkJoinTask.java:387)
	at java.base/java.util.concurrent.ForkJoinPool$WorkQueue.topLevelExec(ForkJoinPool.java:1312)
	at java.base/java.util.concurrent.ForkJoinPool.scan(ForkJoinPool.java:1843)
	at java.base/java.util.concurrent.ForkJoinPool.runWorker(ForkJoinPool.java:1808)
	at java.base/java.util.concurrent.ForkJoinWorkerThread.run(ForkJoinWorkerThread.java:188)
Caused by: java.lang.RuntimeException: java.rmi.ServerException: RemoteException occurred in server thread; nested exception is: 
	java.rmi.RemoteException: Service error in createUser: Your session has expired. Please log in again
	at com.attendance.system.client.UserEditDialog.lambda$saveUser$2(UserEditDialog.java:475)
	at java.base/java.util.concurrent.CompletableFuture$AsyncSupply.run(CompletableFuture.java:1768)
	... 6 common frames omitted
Caused by: java.rmi.ServerException: RemoteException occurred in server thread; nested exception is: 
	java.rmi.RemoteException: Service error in createUser: Your session has expired. Please log in again
	at java.rmi/sun.rmi.server.UnicastServerRef.dispatch(UnicastServerRef.java:392)
	at java.rmi/sun.rmi.transport.Transport$1.run(Transport.java:200)
	at java.rmi/sun.rmi.transport.Transport$1.run(Transport.java:197)
	at java.base/java.security.AccessController.doPrivileged(AccessController.java:714)
	at java.rmi/sun.rmi.transport.Transport.serviceCall(Transport.java:196)
	at java.rmi/sun.rmi.transport.tcp.TCPTransport.handleMessages(TCPTransport.java:598)
	at java.rmi/sun.rmi.transport.tcp.TCPTransport$ConnectionHandler.run0(TCPTransport.java:844)
	at java.rmi/sun.rmi.transport.tcp.TCPTransport$ConnectionHandler.lambda$run$0(TCPTransport.java:721)
	at java.base/java.security.AccessController.doPrivileged(AccessController.java:400)
	at java.rmi/sun.rmi.transport.tcp.TCPTransport$ConnectionHandler.run(TCPTransport.java:720)
	at java.base/java.util.concurrent.ThreadPoolExecutor.runWorker(ThreadPoolExecutor.java:1144)
	at java.base/java.util.concurrent.ThreadPoolExecutor$Worker.run(ThreadPoolExecutor.java:642)
	at java.base/java.lang.Thread.run(Thread.java:1583)
	at java.rmi/sun.rmi.transport.StreamRemoteCall.exceptionReceivedFromServer(StreamRemoteCall.java:304)
	at java.rmi/sun.rmi.transport.StreamRemoteCall.executeCall(StreamRemoteCall.java:280)
	at java.rmi/sun.rmi.server.UnicastRef.invoke(UnicastRef.java:166)
	at java.rmi/java.rmi.server.RemoteObjectInvocationHandler.invokeRemoteMethod(RemoteObjectInvocationHandler.java:215)
	at java.rmi/java.rmi.server.RemoteObjectInvocationHandler.invoke(RemoteObjectInvocationHandler.java:160)
	at jdk.proxy3/jdk.proxy3.$Proxy25.createUser(Unknown Source)
	at com.attendance.system.client.UserEditDialog.lambda$saveUser$2(UserEditDialog.java:461)
	... 7 common frames omitted
Caused by: java.rmi.RemoteException: Service error in createUser: Your session has expired. Please log in again
	at com.attendance.system.server.AttendanceServer.executeWithErrorHandling(AttendanceServer.java:1168)
	at com.attendance.system.server.AttendanceServer.createUser(AttendanceServer.java:317)
	at java.base/jdk.internal.reflect.DirectMethodHandleAccessor.invoke(DirectMethodHandleAccessor.java:103)
	at java.base/java.lang.reflect.Method.invoke(Method.java:580)
	at java.rmi/sun.rmi.server.UnicastServerRef.dispatch(UnicastServerRef.java:360)
	at java.rmi/sun.rmi.transport.Transport$1.run(Transport.java:200)
	at java.rmi/sun.rmi.transport.Transport$1.run(Transport.java:197)
	at java.base/java.security.AccessController.doPrivileged(AccessController.java:714)
	at java.rmi/sun.rmi.transport.Transport.serviceCall(Transport.java:196)
	at java.rmi/sun.rmi.transport.tcp.TCPTransport.handleMessages(TCPTransport.java:598)
	at java.rmi/sun.rmi.transport.tcp.TCPTransport$ConnectionHandler.run0(TCPTransport.java:844)
	at java.rmi/sun.rmi.transport.tcp.TCPTransport$ConnectionHandler.lambda$run$0(TCPTransport.java:721)
	at java.base/java.security.AccessController.doPrivileged(AccessController.java:400)
	at java.rmi/sun.rmi.transport.tcp.TCPTransport$ConnectionHandler.run(TCPTransport.java:720)
	at java.base/java.util.concurrent.ThreadPoolExecutor.runWorker(ThreadPoolExecutor.java:1144)
	at java.base/java.util.concurrent.ThreadPoolExecutor$Worker.run(ThreadPoolExecutor.java:642)
	at java.base/java.lang.Thread.run(Thread.java:1583)
2026-05-07 22:26:42.921 [RMI TCP Connection(37)-127.0.0.1] ERROR com.attendance.system.dao.CourseDAO - Failed to create course
java.sql.SQLIntegrityConstraintViolationException: Cannot add or update a child row: a foreign key constraint fails (`Wolde`.`COURSES`, CONSTRAINT `COURSES_ibfk_1` FOREIGN KEY (`teacher_id`) REFERENCES `TEACHERS` (`teacher_id`))
	at com.mysql.cj.jdbc.exceptions.SQLError.createSQLException(SQLError.java:118)
	at com.mysql.cj.jdbc.exceptions.SQLExceptionsMapping.translateException(SQLExceptionsMapping.java:122)
	at com.mysql.cj.jdbc.ServerPreparedStatement.serverExecute(ServerPreparedStatement.java:555)
	at com.mysql.cj.jdbc.ServerPreparedStatement.executeInternal(ServerPreparedStatement.java:339)
	at com.mysql.cj.jdbc.ClientPreparedStatement.executeUpdateInternal(ClientPreparedStatement.java:1061)
	at com.mysql.cj.jdbc.ClientPreparedStatement.executeUpdateInternal(ClientPreparedStatement.java:1009)
	at com.mysql.cj.jdbc.ClientPreparedStatement.executeLargeUpdate(ClientPreparedStatement.java:1320)
	at com.mysql.cj.jdbc.ClientPreparedStatement.executeUpdate(ClientPreparedStatement.java:994)
	at com.zaxxer.hikari.pool.ProxyPreparedStatement.executeUpdate(ProxyPreparedStatement.java:61)
	at com.zaxxer.hikari.pool.HikariProxyPreparedStatement.executeUpdate(HikariProxyPreparedStatement.java)
	at com.attendance.system.dao.CourseDAO.createCourse(CourseDAO.java:53)
	at com.attendance.system.server.AttendanceServer.lambda$createCourse$10(AttendanceServer.java:477)
	at com.attendance.system.server.AttendanceServer.executeWithErrorHandling(AttendanceServer.java:1159)
	at com.attendance.system.server.AttendanceServer.createCourse(AttendanceServer.java:455)
	at java.base/jdk.internal.reflect.DirectMethodHandleAccessor.invoke(DirectMethodHandleAccessor.java:103)
	at java.base/java.lang.reflect.Method.invoke(Method.java:580)
	at java.rmi/sun.rmi.server.UnicastServerRef.dispatch(UnicastServerRef.java:360)
	at java.rmi/sun.rmi.transport.Transport$1.run(Transport.java:200)
	at java.rmi/sun.rmi.transport.Transport$1.run(Transport.java:197)
	at java.base/java.security.AccessController.doPrivileged(AccessController.java:714)
	at java.rmi/sun.rmi.transport.Transport.serviceCall(Transport.java:196)
	at java.rmi/sun.rmi.transport.tcp.TCPTransport.handleMessages(TCPTransport.java:598)
	at java.rmi/sun.rmi.transport.tcp.TCPTransport$ConnectionHandler.run0(TCPTransport.java:844)
	at java.rmi/sun.rmi.transport.tcp.TCPTransport$ConnectionHandler.lambda$run$0(TCPTransport.java:721)
	at java.base/java.security.AccessController.doPrivileged(AccessController.java:400)
	at java.rmi/sun.rmi.transport.tcp.TCPTransport$ConnectionHandler.run(TCPTransport.java:720)
	at java.base/java.util.concurrent.ThreadPoolExecutor.runWorker(ThreadPoolExecutor.java:1144)
	at java.base/java.util.concurrent.ThreadPoolExecutor$Worker.run(ThreadPoolExecutor.java:642)
	at java.base/java.lang.Thread.run(Thread.java:1583)
2026-05-07 22:30:33.607 [AWT-EventQueue-0] ERROR c.a.s.c.SystemConfigurationPanel - Failed to check system health
java.util.concurrent.CompletionException: java.lang.RuntimeException: java.rmi.ConnectException: Connection refused to host: localhost; nested exception is: 
	java.net.ConnectException: Connection refused
	at java.base/java.util.concurrent.CompletableFuture.encodeThrowable(CompletableFuture.java:315)
	at java.base/java.util.concurrent.CompletableFuture.completeThrowable(CompletableFuture.java:320)
	at java.base/java.util.concurrent.CompletableFuture$AsyncSupply.run(CompletableFuture.java:1770)
	at java.base/java.util.concurrent.CompletableFuture$AsyncSupply.exec(CompletableFuture.java:1760)
	at java.base/java.util.concurrent.ForkJoinTask.doExec(ForkJoinTask.java:387)
	at java.base/java.util.concurrent.ForkJoinPool$WorkQueue.topLevelExec(ForkJoinPool.java:1312)
	at java.base/java.util.concurrent.ForkJoinPool.scan(ForkJoinPool.java:1843)
	at java.base/java.util.concurrent.ForkJoinPool.runWorker(ForkJoinPool.java:1808)
	at java.base/java.util.concurrent.ForkJoinWorkerThread.run(ForkJoinWorkerThread.java:188)
Caused by: java.lang.RuntimeException: java.rmi.ConnectException: Connection refused to host: localhost; nested exception is: 
	java.net.ConnectException: Connection refused
	at com.attendance.system.client.SystemConfigurationPanel.lambda$checkSystemHealth$39(SystemConfigurationPanel.java:972)
	at java.base/java.util.concurrent.CompletableFuture$AsyncSupply.run(CompletableFuture.java:1768)
	... 6 common frames omitted
Caused by: java.rmi.ConnectException: Connection refused to host: localhost; nested exception is: 
	java.net.ConnectException: Connection refused
	at java.rmi/sun.rmi.transport.tcp.TCPEndpoint.newSocket(TCPEndpoint.java:625)
	at java.rmi/sun.rmi.transport.tcp.TCPChannel.createConnection(TCPChannel.java:217)
	at java.rmi/sun.rmi.transport.tcp.TCPChannel.newConnection(TCPChannel.java:204)
	at java.rmi/sun.rmi.server.UnicastRef.invoke(UnicastRef.java:134)
	at java.rmi/java.rmi.server.RemoteObjectInvocationHandler.invokeRemoteMethod(RemoteObjectInvocationHandler.java:215)
	at java.rmi/java.rmi.server.RemoteObjectInvocationHandler.invoke(RemoteObjectInvocationHandler.java:160)
	at jdk.proxy3/jdk.proxy3.$Proxy25.getServerInfo(Unknown Source)
	at com.attendance.system.client.SystemConfigurationPanel.lambda$checkSystemHealth$39(SystemConfigurationPanel.java:970)
	... 7 common frames omitted
Caused by: java.net.ConnectException: Connection refused
	at java.base/sun.nio.ch.Net.connect0(Native Method)
	at java.base/sun.nio.ch.Net.connect(Net.java:601)
	at java.base/sun.nio.ch.Net.connect(Net.java:590)
	at java.base/sun.nio.ch.NioSocketImpl.connect(NioSocketImpl.java:583)
	at java.base/java.net.SocksSocketImpl.connect(SocksSocketImpl.java:327)
	at java.base/java.net.Socket.connect(Socket.java:751)
	at java.base/java.net.Socket.connect(Socket.java:686)
	at java.base/java.net.Socket.<init>(Socket.java:555)
	at java.base/java.net.Socket.<init>(Socket.java:324)
	at java.rmi/sun.rmi.transport.tcp.TCPDirectSocketFactory.createSocket(TCPDirectSocketFactory.java:40)
	at java.rmi/sun.rmi.transport.tcp.TCPEndpoint.newSocket(TCPEndpoint.java:619)
	... 14 common frames omitted
2026-05-07 22:30:35.287 [AWT-EventQueue-0] ERROR c.a.s.c.SystemConfigurationPanel - Failed to check system health
java.util.concurrent.CompletionException: java.lang.RuntimeException: java.rmi.ConnectException: Connection refused to host: localhost; nested exception is: 
	java.net.ConnectException: Connection refused
	at java.base/java.util.concurrent.CompletableFuture.encodeThrowable(CompletableFuture.java:315)
	at java.base/java.util.concurrent.CompletableFuture.completeThrowable(CompletableFuture.java:320)
	at java.base/java.util.concurrent.CompletableFuture$AsyncSupply.run(CompletableFuture.java:1770)
	at java.base/java.util.concurrent.CompletableFuture$AsyncSupply.exec(CompletableFuture.java:1760)
	at java.base/java.util.concurrent.ForkJoinTask.doExec(ForkJoinTask.java:387)
	at java.base/java.util.concurrent.ForkJoinPool$WorkQueue.topLevelExec(ForkJoinPool.java:1312)
	at java.base/java.util.concurrent.ForkJoinPool.scan(ForkJoinPool.java:1843)
	at java.base/java.util.concurrent.ForkJoinPool.runWorker(ForkJoinPool.java:1808)
	at java.base/java.util.concurrent.ForkJoinWorkerThread.run(ForkJoinWorkerThread.java:188)
Caused by: java.lang.RuntimeException: java.rmi.ConnectException: Connection refused to host: localhost; nested exception is: 
	java.net.ConnectException: Connection refused
	at com.attendance.system.client.SystemConfigurationPanel.lambda$checkSystemHealth$39(SystemConfigurationPanel.java:972)
	at java.base/java.util.concurrent.CompletableFuture$AsyncSupply.run(CompletableFuture.java:1768)
	... 6 common frames omitted
Caused by: java.rmi.ConnectException: Connection refused to host: localhost; nested exception is: 
	java.net.ConnectException: Connection refused
	at java.rmi/sun.rmi.transport.tcp.TCPEndpoint.newSocket(TCPEndpoint.java:625)
	at java.rmi/sun.rmi.transport.tcp.TCPChannel.createConnection(TCPChannel.java:217)
	at java.rmi/sun.rmi.transport.tcp.TCPChannel.newConnection(TCPChannel.java:204)
	at java.rmi/sun.rmi.server.UnicastRef.invoke(UnicastRef.java:134)
	at java.rmi/java.rmi.server.RemoteObjectInvocationHandler.invokeRemoteMethod(RemoteObjectInvocationHandler.java:215)
	at java.rmi/java.rmi.server.RemoteObjectInvocationHandler.invoke(RemoteObjectInvocationHandler.java:160)
	at jdk.proxy3/jdk.proxy3.$Proxy25.getServerInfo(Unknown Source)
	at com.attendance.system.client.SystemConfigurationPanel.lambda$checkSystemHealth$39(SystemConfigurationPanel.java:970)
	... 7 common frames omitted
Caused by: java.net.ConnectException: Connection refused
	at java.base/sun.nio.ch.Net.connect0(Native Method)
	at java.base/sun.nio.ch.Net.connect(Net.java:601)
	at java.base/sun.nio.ch.Net.connect(Net.java:590)
	at java.base/sun.nio.ch.NioSocketImpl.connect(NioSocketImpl.java:583)
	at java.base/java.net.SocksSocketImpl.connect(SocksSocketImpl.java:327)
	at java.base/java.net.Socket.connect(Socket.java:751)
	at java.base/java.net.Socket.connect(Socket.java:686)
	at java.base/java.net.Socket.<init>(Socket.java:555)
	at java.base/java.net.Socket.<init>(Socket.java:324)
	at java.rmi/sun.rmi.transport.tcp.TCPDirectSocketFactory.createSocket(TCPDirectSocketFactory.java:40)
	at java.rmi/sun.rmi.transport.tcp.TCPEndpoint.newSocket(TCPEndpoint.java:619)
	... 14 common frames omitted
2026-05-07 22:30:36.657 [AWT-EventQueue-0] ERROR c.a.s.c.SystemConfigurationPanel - Failed to check system health
java.util.concurrent.CompletionException: java.lang.RuntimeException: java.rmi.ConnectException: Connection refused to host: localhost; nested exception is: 
	java.net.ConnectException: Connection refused
	at java.base/java.util.concurrent.CompletableFuture.encodeThrowable(CompletableFuture.java:315)
	at java.base/java.util.concurrent.CompletableFuture.completeThrowable(CompletableFuture.java:320)
	at java.base/java.util.concurrent.CompletableFuture$AsyncSupply.run(CompletableFuture.java:1770)
	at java.base/java.util.concurrent.CompletableFuture$AsyncSupply.exec(CompletableFuture.java:1760)
	at java.base/java.util.concurrent.ForkJoinTask.doExec(ForkJoinTask.java:387)
	at java.base/java.util.concurrent.ForkJoinPool$WorkQueue.topLevelExec(ForkJoinPool.java:1312)
	at java.base/java.util.concurrent.ForkJoinPool.scan(ForkJoinPool.java:1843)
	at java.base/java.util.concurrent.ForkJoinPool.runWorker(ForkJoinPool.java:1808)
	at java.base/java.util.concurrent.ForkJoinWorkerThread.run(ForkJoinWorkerThread.java:188)
Caused by: java.lang.RuntimeException: java.rmi.ConnectException: Connection refused to host: localhost; nested exception is: 
	java.net.ConnectException: Connection refused
	at com.attendance.system.client.SystemConfigurationPanel.lambda$checkSystemHealth$39(SystemConfigurationPanel.java:972)
	at java.base/java.util.concurrent.CompletableFuture$AsyncSupply.run(CompletableFuture.java:1768)
	... 6 common frames omitted
Caused by: java.rmi.ConnectException: Connection refused to host: localhost; nested exception is: 
	java.net.ConnectException: Connection refused
	at java.rmi/sun.rmi.transport.tcp.TCPEndpoint.newSocket(TCPEndpoint.java:625)
	at java.rmi/sun.rmi.transport.tcp.TCPChannel.createConnection(TCPChannel.java:217)
	at java.rmi/sun.rmi.transport.tcp.TCPChannel.newConnection(TCPChannel.java:204)
	at java.rmi/sun.rmi.server.UnicastRef.invoke(UnicastRef.java:134)
	at java.rmi/java.rmi.server.RemoteObjectInvocationHandler.invokeRemoteMethod(RemoteObjectInvocationHandler.java:215)
	at java.rmi/java.rmi.server.RemoteObjectInvocationHandler.invoke(RemoteObjectInvocationHandler.java:160)
	at jdk.proxy3/jdk.proxy3.$Proxy25.getServerInfo(Unknown Source)
	at com.attendance.system.client.SystemConfigurationPanel.lambda$checkSystemHealth$39(SystemConfigurationPanel.java:970)
	... 7 common frames omitted
Caused by: java.net.ConnectException: Connection refused
	at java.base/sun.nio.ch.Net.connect0(Native Method)
	at java.base/sun.nio.ch.Net.connect(Net.java:601)
	at java.base/sun.nio.ch.Net.connect(Net.java:590)
	at java.base/sun.nio.ch.NioSocketImpl.connect(NioSocketImpl.java:583)
	at java.base/java.net.SocksSocketImpl.connect(SocksSocketImpl.java:327)
	at java.base/java.net.Socket.connect(Socket.java:751)
	at java.base/java.net.Socket.connect(Socket.java:686)
	at java.base/java.net.Socket.<init>(Socket.java:555)
	at java.base/java.net.Socket.<init>(Socket.java:324)
	at java.rmi/sun.rmi.transport.tcp.TCPDirectSocketFactory.createSocket(TCPDirectSocketFactory.java:40)
	at java.rmi/sun.rmi.transport.tcp.TCPEndpoint.newSocket(TCPEndpoint.java:619)
	... 14 common frames omitted
2026-05-07 22:30:39.678 [AWT-EventQueue-0] ERROR c.a.s.c.SystemConfigurationPanel - Failed to check system health
java.util.concurrent.CompletionException: java.lang.RuntimeException: java.rmi.ConnectException: Connection refused to host: localhost; nested exception is: 
	java.net.ConnectException: Connection refused
	at java.base/java.util.concurrent.CompletableFuture.encodeThrowable(CompletableFuture.java:315)
	at java.base/java.util.concurrent.CompletableFuture.completeThrowable(CompletableFuture.java:320)
	at java.base/java.util.concurrent.CompletableFuture$AsyncSupply.run(CompletableFuture.java:1770)
	at java.base/java.util.concurrent.CompletableFuture$AsyncSupply.exec(CompletableFuture.java:1760)
	at java.base/java.util.concurrent.ForkJoinTask.doExec(ForkJoinTask.java:387)
	at java.base/java.util.concurrent.ForkJoinPool$WorkQueue.topLevelExec(ForkJoinPool.java:1312)
	at java.base/java.util.concurrent.ForkJoinPool.scan(ForkJoinPool.java:1843)
	at java.base/java.util.concurrent.ForkJoinPool.runWorker(ForkJoinPool.java:1808)
	at java.base/java.util.concurrent.ForkJoinWorkerThread.run(ForkJoinWorkerThread.java:188)
Caused by: java.lang.RuntimeException: java.rmi.ConnectException: Connection refused to host: localhost; nested exception is: 
	java.net.ConnectException: Connection refused
	at com.attendance.system.client.SystemConfigurationPanel.lambda$checkSystemHealth$39(SystemConfigurationPanel.java:972)
	at java.base/java.util.concurrent.CompletableFuture$AsyncSupply.run(CompletableFuture.java:1768)
	... 6 common frames omitted
Caused by: java.rmi.ConnectException: Connection refused to host: localhost; nested exception is: 
	java.net.ConnectException: Connection refused
	at java.rmi/sun.rmi.transport.tcp.TCPEndpoint.newSocket(TCPEndpoint.java:625)
	at java.rmi/sun.rmi.transport.tcp.TCPChannel.createConnection(TCPChannel.java:217)
	at java.rmi/sun.rmi.transport.tcp.TCPChannel.newConnection(TCPChannel.java:204)
	at java.rmi/sun.rmi.server.UnicastRef.invoke(UnicastRef.java:134)
	at java.rmi/java.rmi.server.RemoteObjectInvocationHandler.invokeRemoteMethod(RemoteObjectInvocationHandler.java:215)
	at java.rmi/java.rmi.server.RemoteObjectInvocationHandler.invoke(RemoteObjectInvocationHandler.java:160)
	at jdk.proxy3/jdk.proxy3.$Proxy25.getServerInfo(Unknown Source)
	at com.attendance.system.client.SystemConfigurationPanel.lambda$checkSystemHealth$39(SystemConfigurationPanel.java:970)
	... 7 common frames omitted
Caused by: java.net.ConnectException: Connection refused
	at java.base/sun.nio.ch.Net.connect0(Native Method)
	at java.base/sun.nio.ch.Net.connect(Net.java:601)
	at java.base/sun.nio.ch.Net.connect(Net.java:590)
	at java.base/sun.nio.ch.NioSocketImpl.connect(NioSocketImpl.java:583)
	at java.base/java.net.SocksSocketImpl.connect(SocksSocketImpl.java:327)
	at java.base/java.net.Socket.connect(Socket.java:751)
	at java.base/java.net.Socket.connect(Socket.java:686)
	at java.base/java.net.Socket.<init>(Socket.java:555)
	at java.base/java.net.Socket.<init>(Socket.java:324)
	at java.rmi/sun.rmi.transport.tcp.TCPDirectSocketFactory.createSocket(TCPDirectSocketFactory.java:40)
	at java.rmi/sun.rmi.transport.tcp.TCPEndpoint.newSocket(TCPEndpoint.java:619)
	... 14 common frames omitted
2026-05-07 22:30:55.860 [AWT-EventQueue-0] ERROR c.a.s.c.SystemConfigurationPanel - Failed to enable maintenance mode
java.rmi.ConnectException: Connection refused to host: localhost; nested exception is: 
	java.net.ConnectException: Connection refused
	at java.rmi/sun.rmi.transport.tcp.TCPEndpoint.newSocket(TCPEndpoint.java:625)
	at java.rmi/sun.rmi.transport.tcp.TCPChannel.createConnection(TCPChannel.java:217)
	at java.rmi/sun.rmi.transport.tcp.TCPChannel.newConnection(TCPChannel.java:204)
	at java.rmi/sun.rmi.server.UnicastRef.invoke(UnicastRef.java:134)
	at java.rmi/java.rmi.server.RemoteObjectInvocationHandler.invokeRemoteMethod(RemoteObjectInvocationHandler.java:215)
	at java.rmi/java.rmi.server.RemoteObjectInvocationHandler.invoke(RemoteObjectInvocationHandler.java:160)
	at jdk.proxy3/jdk.proxy3.$Proxy25.enableMaintenanceMode(Unknown Source)
	at com.attendance.system.client.SystemConfigurationPanel.enableMaintenanceMode(SystemConfigurationPanel.java:768)
	at com.attendance.system.client.SystemConfigurationPanel.lambda$setupEventHandlers$7(SystemConfigurationPanel.java:532)
	at java.desktop/javax.swing.AbstractButton.fireActionPerformed(AbstractButton.java:1972)
	at java.desktop/javax.swing.AbstractButton$Handler.actionPerformed(AbstractButton.java:2314)
	at java.desktop/javax.swing.DefaultButtonModel.fireActionPerformed(DefaultButtonModel.java:407)
	at java.desktop/javax.swing.DefaultButtonModel.setPressed(DefaultButtonModel.java:262)
	at java.desktop/javax.swing.plaf.basic.BasicButtonListener.mouseReleased(BasicButtonListener.java:279)
	at java.desktop/java.awt.Component.processMouseEvent(Component.java:6621)
	at java.desktop/javax.swing.JComponent.processMouseEvent(JComponent.java:3398)
	at java.desktop/java.awt.Component.processEvent(Component.java:6386)
	at java.desktop/java.awt.Container.processEvent(Container.java:2266)
	at java.desktop/java.awt.Component.dispatchEventImpl(Component.java:4996)
	at java.desktop/java.awt.Container.dispatchEventImpl(Container.java:2324)
	at java.desktop/java.awt.Component.dispatchEvent(Component.java:4828)
	at java.desktop/java.awt.LightweightDispatcher.retargetMouseEvent(Container.java:4948)
	at java.desktop/java.awt.LightweightDispatcher.processMouseEvent(Container.java:4575)
	at java.desktop/java.awt.LightweightDispatcher.dispatchEvent(Container.java:4516)
	at java.desktop/java.awt.Container.dispatchEventImpl(Container.java:2310)
	at java.desktop/java.awt.Window.dispatchEventImpl(Window.java:2780)
	at java.desktop/java.awt.Component.dispatchEvent(Component.java:4828)
	at java.desktop/java.awt.EventQueue.dispatchEventImpl(EventQueue.java:775)
	at java.desktop/java.awt.EventQueue$4.run(EventQueue.java:720)
	at java.desktop/java.awt.EventQueue$4.run(EventQueue.java:714)
	at java.base/java.security.AccessController.doPrivileged(AccessController.java:400)
	at java.base/java.security.ProtectionDomain$JavaSecurityAccessImpl.doIntersectionPrivilege(ProtectionDomain.java:87)
	at java.base/java.security.ProtectionDomain$JavaSecurityAccessImpl.doIntersectionPrivilege(ProtectionDomain.java:98)
	at java.desktop/java.awt.EventQueue$5.run(EventQueue.java:747)
	at java.desktop/java.awt.EventQueue$5.run(EventQueue.java:745)
	at java.base/java.security.AccessController.doPrivileged(AccessController.java:400)
	at java.base/java.security.ProtectionDomain$JavaSecurityAccessImpl.doIntersectionPrivilege(ProtectionDomain.java:87)
	at java.desktop/java.awt.EventQueue.dispatchEvent(EventQueue.java:744)
	at java.desktop/java.awt.EventDispatchThread.pumpOneEventForFilters(EventDispatchThread.java:203)
	at java.desktop/java.awt.EventDispatchThread.pumpEventsForFilter(EventDispatchThread.java:124)
	at java.desktop/java.awt.EventDispatchThread.pumpEventsForHierarchy(EventDispatchThread.java:113)
	at java.desktop/java.awt.EventDispatchThread.pumpEvents(EventDispatchThread.java:109)
	at java.desktop/java.awt.EventDispatchThread.pumpEvents(EventDispatchThread.java:101)
	at java.desktop/java.awt.EventDispatchThread.run(EventDispatchThread.java:90)
Caused by: java.net.ConnectException: Connection refused
	at java.base/sun.nio.ch.Net.connect0(Native Method)
	at java.base/sun.nio.ch.Net.connect(Net.java:601)
	at java.base/sun.nio.ch.Net.connect(Net.java:590)
	at java.base/sun.nio.ch.NioSocketImpl.connect(NioSocketImpl.java:583)
	at java.base/java.net.SocksSocketImpl.connect(SocksSocketImpl.java:327)
	at java.base/java.net.Socket.connect(Socket.java:751)
	at java.base/java.net.Socket.connect(Socket.java:686)
	at java.base/java.net.Socket.<init>(Socket.java:555)
	at java.base/java.net.Socket.<init>(Socket.java:324)
	at java.rmi/sun.rmi.transport.tcp.TCPDirectSocketFactory.createSocket(TCPDirectSocketFactory.java:40)
	at java.rmi/sun.rmi.transport.tcp.TCPEndpoint.newSocket(TCPEndpoint.java:619)
	... 43 common frames omitted
2026-05-07 22:40:35.933 [RMI TCP Connection(2)-127.0.0.1] ERROR c.a.system.dao.AttendanceDAO - Failed to insert attendance record
java.sql.SQLIntegrityConstraintViolationException: Cannot add or update a child row: a foreign key constraint fails (`Wolde`.`ATTENDANCE_RECORDS`, CONSTRAINT `ATTENDANCE_RECORDS_ibfk_1` FOREIGN KEY (`student_id`) REFERENCES `STUDENTS` (`student_id`) ON DELETE CASCADE)
	at com.mysql.cj.jdbc.exceptions.SQLError.createSQLException(SQLError.java:118)
	at com.mysql.cj.jdbc.exceptions.SQLExceptionsMapping.translateException(SQLExceptionsMapping.java:122)
	at com.mysql.cj.jdbc.ServerPreparedStatement.serverExecute(ServerPreparedStatement.java:555)
	at com.mysql.cj.jdbc.ServerPreparedStatement.executeInternal(ServerPreparedStatement.java:339)
	at com.mysql.cj.jdbc.ClientPreparedStatement.executeUpdateInternal(ClientPreparedStatement.java:1061)
	at com.mysql.cj.jdbc.ClientPreparedStatement.executeUpdateInternal(ClientPreparedStatement.java:1009)
	at com.mysql.cj.jdbc.ClientPreparedStatement.executeLargeUpdate(ClientPreparedStatement.java:1320)
	at com.mysql.cj.jdbc.ClientPreparedStatement.executeUpdate(ClientPreparedStatement.java:994)
	at com.zaxxer.hikari.pool.ProxyPreparedStatement.executeUpdate(ProxyPreparedStatement.java:61)
	at com.zaxxer.hikari.pool.HikariProxyPreparedStatement.executeUpdate(HikariProxyPreparedStatement.java)
	at com.attendance.system.dao.AttendanceDAO.insertAttendanceRecord(AttendanceDAO.java:56)
	at com.attendance.system.service.AttendanceServiceImpl.markAttendance(AttendanceServiceImpl.java:75)
	at com.attendance.system.server.AttendanceServer.lambda$markAttendance$17(AttendanceServer.java:638)
	at com.attendance.system.server.AttendanceServer.executeWithErrorHandling(AttendanceServer.java:1159)
	at com.attendance.system.server.AttendanceServer.markAttendance(AttendanceServer.java:637)
	at java.base/jdk.internal.reflect.DirectMethodHandleAccessor.invoke(DirectMethodHandleAccessor.java:103)
	at java.base/java.lang.reflect.Method.invoke(Method.java:580)
	at java.rmi/sun.rmi.server.UnicastServerRef.dispatch(UnicastServerRef.java:360)
	at java.rmi/sun.rmi.transport.Transport$1.run(Transport.java:200)
	at java.rmi/sun.rmi.transport.Transport$1.run(Transport.java:197)
	at java.base/java.security.AccessController.doPrivileged(AccessController.java:714)
	at java.rmi/sun.rmi.transport.Transport.serviceCall(Transport.java:196)
	at java.rmi/sun.rmi.transport.tcp.TCPTransport.handleMessages(TCPTransport.java:598)
	at java.rmi/sun.rmi.transport.tcp.TCPTransport$ConnectionHandler.run0(TCPTransport.java:844)
	at java.rmi/sun.rmi.transport.tcp.TCPTransport$ConnectionHandler.lambda$run$0(TCPTransport.java:721)
	at java.base/java.security.AccessController.doPrivileged(AccessController.java:400)
	at java.rmi/sun.rmi.transport.tcp.TCPTransport$ConnectionHandler.run(TCPTransport.java:720)
	at java.base/java.util.concurrent.ThreadPoolExecutor.runWorker(ThreadPoolExecutor.java:1144)
	at java.base/java.util.concurrent.ThreadPoolExecutor$Worker.run(ThreadPoolExecutor.java:642)
	at java.base/java.lang.Thread.run(Thread.java:1583)
2026-05-07 22:56:54.685 [RMI TCP Connection(7)-127.0.0.1] ERROR com.attendance.system.dao.UserDAO - Failed to delete user: 9
java.sql.SQLIntegrityConstraintViolationException: Cannot delete or update a parent row: a foreign key constraint fails (`Wolde`.`ATTENDANCE_RECORDS`, CONSTRAINT `ATTENDANCE_RECORDS_ibfk_3` FOREIGN KEY (`marked_by`) REFERENCES `USERS` (`user_id`))
	at com.mysql.cj.jdbc.exceptions.SQLError.createSQLException(SQLError.java:118)
	at com.mysql.cj.jdbc.exceptions.SQLExceptionsMapping.translateException(SQLExceptionsMapping.java:122)
	at com.mysql.cj.jdbc.ServerPreparedStatement.serverExecute(ServerPreparedStatement.java:555)
	at com.mysql.cj.jdbc.ServerPreparedStatement.executeInternal(ServerPreparedStatement.java:339)
	at com.mysql.cj.jdbc.ClientPreparedStatement.executeUpdateInternal(ClientPreparedStatement.java:1061)
	at com.mysql.cj.jdbc.ClientPreparedStatement.executeUpdateInternal(ClientPreparedStatement.java:1009)
	at com.mysql.cj.jdbc.ClientPreparedStatement.executeLargeUpdate(ClientPreparedStatement.java:1320)
	at com.mysql.cj.jdbc.ClientPreparedStatement.executeUpdate(ClientPreparedStatement.java:994)
	at com.zaxxer.hikari.pool.ProxyPreparedStatement.executeUpdate(ProxyPreparedStatement.java:61)
	at com.zaxxer.hikari.pool.HikariProxyPreparedStatement.executeUpdate(HikariProxyPreparedStatement.java)
	at com.attendance.system.dao.UserDAO.deleteUser(UserDAO.java:281)
	at com.attendance.system.server.AttendanceServer.lambda$deleteUser$7(AttendanceServer.java:409)
	at com.attendance.system.server.AttendanceServer.executeWithErrorHandling(AttendanceServer.java:1159)
	at com.attendance.system.server.AttendanceServer.deleteUser(AttendanceServer.java:393)
	at java.base/jdk.internal.reflect.DirectMethodHandleAccessor.invoke(DirectMethodHandleAccessor.java:103)
	at java.base/java.lang.reflect.Method.invoke(Method.java:580)
	at java.rmi/sun.rmi.server.UnicastServerRef.dispatch(UnicastServerRef.java:360)
	at java.rmi/sun.rmi.transport.Transport$1.run(Transport.java:200)
	at java.rmi/sun.rmi.transport.Transport$1.run(Transport.java:197)
	at java.base/java.security.AccessController.doPrivileged(AccessController.java:714)
	at java.rmi/sun.rmi.transport.Transport.serviceCall(Transport.java:196)
	at java.rmi/sun.rmi.transport.tcp.TCPTransport.handleMessages(TCPTransport.java:598)
	at java.rmi/sun.rmi.transport.tcp.TCPTransport$ConnectionHandler.run0(TCPTransport.java:844)
	at java.rmi/sun.rmi.transport.tcp.TCPTransport$ConnectionHandler.lambda$run$0(TCPTransport.java:721)
	at java.base/java.security.AccessController.doPrivileged(AccessController.java:400)
	at java.rmi/sun.rmi.transport.tcp.TCPTransport$ConnectionHandler.run(TCPTransport.java:720)
	at java.base/java.util.concurrent.ThreadPoolExecutor.runWorker(ThreadPoolExecutor.java:1144)
	at java.base/java.util.concurrent.ThreadPoolExecutor$Worker.run(ThreadPoolExecutor.java:642)
	at java.base/java.lang.Thread.run(Thread.java:1583)
2026-05-07 22:56:54.728 [AWT-EventQueue-0] ERROR c.a.s.client.UserManagementPanel - Failed to delete user
java.util.concurrent.CompletionException: java.lang.RuntimeException: java.rmi.ServerException: RemoteException occurred in server thread; nested exception is: 
	java.rmi.RemoteException: Service error in deleteUser: Database operation failed
	at java.base/java.util.concurrent.CompletableFuture.encodeThrowable(CompletableFuture.java:315)
	at java.base/java.util.concurrent.CompletableFuture.completeThrowable(CompletableFuture.java:320)
	at java.base/java.util.concurrent.CompletableFuture$AsyncSupply.run(CompletableFuture.java:1770)
	at java.base/java.util.concurrent.CompletableFuture$AsyncSupply.exec(CompletableFuture.java:1760)
	at java.base/java.util.concurrent.ForkJoinTask.doExec(ForkJoinTask.java:387)
	at java.base/java.util.concurrent.ForkJoinPool$WorkQueue.topLevelExec(ForkJoinPool.java:1312)
	at java.base/java.util.concurrent.ForkJoinPool.scan(ForkJoinPool.java:1843)
	at java.base/java.util.concurrent.ForkJoinPool.runWorker(ForkJoinPool.java:1808)
	at java.base/java.util.concurrent.ForkJoinWorkerThread.run(ForkJoinWorkerThread.java:188)
Caused by: java.lang.RuntimeException: java.rmi.ServerException: RemoteException occurred in server thread; nested exception is: 
	java.rmi.RemoteException: Service error in deleteUser: Database operation failed
	at com.attendance.system.client.UserManagementPanel.lambda$deleteSelectedUser$20(UserManagementPanel.java:410)
	at java.base/java.util.concurrent.CompletableFuture$AsyncSupply.run(CompletableFuture.java:1768)
	... 6 common frames omitted
Caused by: java.rmi.ServerException: RemoteException occurred in server thread; nested exception is: 
	java.rmi.RemoteException: Service error in deleteUser: Database operation failed
	at java.rmi/sun.rmi.server.UnicastServerRef.dispatch(UnicastServerRef.java:392)
	at java.rmi/sun.rmi.transport.Transport$1.run(Transport.java:200)
	at java.rmi/sun.rmi.transport.Transport$1.run(Transport.java:197)
	at java.base/java.security.AccessController.doPrivileged(AccessController.java:714)
	at java.rmi/sun.rmi.transport.Transport.serviceCall(Transport.java:196)
	at java.rmi/sun.rmi.transport.tcp.TCPTransport.handleMessages(TCPTransport.java:598)
	at java.rmi/sun.rmi.transport.tcp.TCPTransport$ConnectionHandler.run0(TCPTransport.java:844)
	at java.rmi/sun.rmi.transport.tcp.TCPTransport$ConnectionHandler.lambda$run$0(TCPTransport.java:721)
	at java.base/java.security.AccessController.doPrivileged(AccessController.java:400)
	at java.rmi/sun.rmi.transport.tcp.TCPTransport$ConnectionHandler.run(TCPTransport.java:720)
	at java.base/java.util.concurrent.ThreadPoolExecutor.runWorker(ThreadPoolExecutor.java:1144)
	at java.base/java.util.concurrent.ThreadPoolExecutor$Worker.run(ThreadPoolExecutor.java:642)
	at java.base/java.lang.Thread.run(Thread.java:1583)
	at java.rmi/sun.rmi.transport.StreamRemoteCall.exceptionReceivedFromServer(StreamRemoteCall.java:304)
	at java.rmi/sun.rmi.transport.StreamRemoteCall.executeCall(StreamRemoteCall.java:280)
	at java.rmi/sun.rmi.server.UnicastRef.invoke(UnicastRef.java:166)
	at java.rmi/java.rmi.server.RemoteObjectInvocationHandler.invokeRemoteMethod(RemoteObjectInvocationHandler.java:215)
	at java.rmi/java.rmi.server.RemoteObjectInvocationHandler.invoke(RemoteObjectInvocationHandler.java:160)
	at jdk.proxy3/jdk.proxy3.$Proxy25.deleteUser(Unknown Source)
	at com.attendance.system.client.UserManagementPanel.lambda$deleteSelectedUser$20(UserManagementPanel.java:408)
	... 7 common frames omitted
Caused by: java.rmi.RemoteException: Service error in deleteUser: Database operation failed
	at com.attendance.system.server.AttendanceServer.executeWithErrorHandling(AttendanceServer.java:1168)
	at com.attendance.system.server.AttendanceServer.deleteUser(AttendanceServer.java:393)
	at java.base/jdk.internal.reflect.DirectMethodHandleAccessor.invoke(DirectMethodHandleAccessor.java:103)
	at java.base/java.lang.reflect.Method.invoke(Method.java:580)
	at java.rmi/sun.rmi.server.UnicastServerRef.dispatch(UnicastServerRef.java:360)
	at java.rmi/sun.rmi.transport.Transport$1.run(Transport.java:200)
	at java.rmi/sun.rmi.transport.Transport$1.run(Transport.java:197)
	at java.base/java.security.AccessController.doPrivileged(AccessController.java:714)
	at java.rmi/sun.rmi.transport.Transport.serviceCall(Transport.java:196)
	at java.rmi/sun.rmi.transport.tcp.TCPTransport.handleMessages(TCPTransport.java:598)
	at java.rmi/sun.rmi.transport.tcp.TCPTransport$ConnectionHandler.run0(TCPTransport.java:844)
	at java.rmi/sun.rmi.transport.tcp.TCPTransport$ConnectionHandler.lambda$run$0(TCPTransport.java:721)
	at java.base/java.security.AccessController.doPrivileged(AccessController.java:400)
	at java.rmi/sun.rmi.transport.tcp.TCPTransport$ConnectionHandler.run(TCPTransport.java:720)
	at java.base/java.util.concurrent.ThreadPoolExecutor.runWorker(ThreadPoolExecutor.java:1144)
	at java.base/java.util.concurrent.ThreadPoolExecutor$Worker.run(ThreadPoolExecutor.java:642)
	at java.base/java.lang.Thread.run(Thread.java:1583)
2026-05-07 22:58:15.198 [com.attendance.system.server.ServerLauncher.main()] ERROR c.a.system.server.ServerLauncher - Failed to create RMI registry on port 1100
java.rmi.server.ExportException: Port already in use: 1100; nested exception is: 
	java.net.BindException: Address already in use
	at java.rmi/sun.rmi.transport.tcp.TCPTransport.listen(TCPTransport.java:356)
	at java.rmi/sun.rmi.transport.tcp.TCPTransport.exportObject(TCPTransport.java:251)
	at java.rmi/sun.rmi.transport.tcp.TCPEndpoint.exportObject(TCPEndpoint.java:415)
	at java.rmi/sun.rmi.transport.LiveRef.exportObject(LiveRef.java:147)
	at java.rmi/sun.rmi.server.UnicastServerRef.exportObject(UnicastServerRef.java:235)
	at java.rmi/sun.rmi.registry.RegistryImpl.setup(RegistryImpl.java:223)
	at java.rmi/sun.rmi.registry.RegistryImpl.<init>(RegistryImpl.java:208)
	at java.rmi/java.rmi.registry.LocateRegistry.createRegistry(LocateRegistry.java:203)
	at com.attendance.system.server.ServerLauncher.setupRMIRegistry(ServerLauncher.java:208)
	at com.attendance.system.server.ServerLauncher.start(ServerLauncher.java:77)
	at com.attendance.system.server.ServerLauncher.main(ServerLauncher.java:365)
	at org.codehaus.mojo.exec.ExecJavaMojo$1.run(ExecJavaMojo.java:279)
	at java.base/java.lang.Thread.run(Thread.java:1583)
Caused by: java.net.BindException: Address already in use
	at java.base/sun.nio.ch.Net.bind0(Native Method)
	at java.base/sun.nio.ch.Net.bind(Net.java:577)
	at java.base/sun.nio.ch.Net.bind(Net.java:566)
	at java.base/sun.nio.ch.NioSocketImpl.bind(NioSocketImpl.java:636)
	at java.base/java.net.ServerSocket.bind(ServerSocket.java:391)
	at java.base/java.net.ServerSocket.<init>(ServerSocket.java:278)
	at java.base/java.net.ServerSocket.<init>(ServerSocket.java:171)
	at java.rmi/sun.rmi.transport.tcp.TCPDirectSocketFactory.createServerSocket(TCPDirectSocketFactory.java:45)
	at java.rmi/sun.rmi.transport.tcp.TCPEndpoint.newServerSocket(TCPEndpoint.java:672)
	at java.rmi/sun.rmi.transport.tcp.TCPTransport.listen(TCPTransport.java:344)
	... 12 common frames omitted
2026-05-07 22:58:15.202 [com.attendance.system.server.ServerLauncher.main()] ERROR c.a.system.server.ServerLauncher - Failed to start server
java.rmi.server.ExportException: Port already in use: 1100; nested exception is: 
	java.net.BindException: Address already in use
	at java.rmi/sun.rmi.transport.tcp.TCPTransport.listen(TCPTransport.java:356)
	at java.rmi/sun.rmi.transport.tcp.TCPTransport.exportObject(TCPTransport.java:251)
	at java.rmi/sun.rmi.transport.tcp.TCPEndpoint.exportObject(TCPEndpoint.java:415)
	at java.rmi/sun.rmi.transport.LiveRef.exportObject(LiveRef.java:147)
	at java.rmi/sun.rmi.server.UnicastServerRef.exportObject(UnicastServerRef.java:235)
	at java.rmi/sun.rmi.registry.RegistryImpl.setup(RegistryImpl.java:223)
	at java.rmi/sun.rmi.registry.RegistryImpl.<init>(RegistryImpl.java:208)
	at java.rmi/java.rmi.registry.LocateRegistry.createRegistry(LocateRegistry.java:203)
	at com.attendance.system.server.ServerLauncher.setupRMIRegistry(ServerLauncher.java:208)
	at com.attendance.system.server.ServerLauncher.start(ServerLauncher.java:77)
	at com.attendance.system.server.ServerLauncher.main(ServerLauncher.java:365)
	at org.codehaus.mojo.exec.ExecJavaMojo$1.run(ExecJavaMojo.java:279)
	at java.base/java.lang.Thread.run(Thread.java:1583)
Caused by: java.net.BindException: Address already in use
	at java.base/sun.nio.ch.Net.bind0(Native Method)
	at java.base/sun.nio.ch.Net.bind(Net.java:577)
	at java.base/sun.nio.ch.Net.bind(Net.java:566)
	at java.base/sun.nio.ch.NioSocketImpl.bind(NioSocketImpl.java:636)
	at java.base/java.net.ServerSocket.bind(ServerSocket.java:391)
	at java.base/java.net.ServerSocket.<init>(ServerSocket.java:278)
	at java.base/java.net.ServerSocket.<init>(ServerSocket.java:171)
	at java.rmi/sun.rmi.transport.tcp.TCPDirectSocketFactory.createServerSocket(TCPDirectSocketFactory.java:45)
	at java.rmi/sun.rmi.transport.tcp.TCPEndpoint.newServerSocket(TCPEndpoint.java:672)
	at java.rmi/sun.rmi.transport.tcp.TCPTransport.listen(TCPTransport.java:344)
	... 12 common frames omitted
2026-05-07 22:58:15.218 [com.attendance.system.server.ServerLauncher.main()] ERROR c.a.system.server.ServerLauncher - Server startup failed
java.rmi.server.ExportException: Port already in use: 1100; nested exception is: 
	java.net.BindException: Address already in use
	at java.rmi/sun.rmi.transport.tcp.TCPTransport.listen(TCPTransport.java:356)
	at java.rmi/sun.rmi.transport.tcp.TCPTransport.exportObject(TCPTransport.java:251)
	at java.rmi/sun.rmi.transport.tcp.TCPEndpoint.exportObject(TCPEndpoint.java:415)
	at java.rmi/sun.rmi.transport.LiveRef.exportObject(LiveRef.java:147)
	at java.rmi/sun.rmi.server.UnicastServerRef.exportObject(UnicastServerRef.java:235)
	at java.rmi/sun.rmi.registry.RegistryImpl.setup(RegistryImpl.java:223)
	at java.rmi/sun.rmi.registry.RegistryImpl.<init>(RegistryImpl.java:208)
	at java.rmi/java.rmi.registry.LocateRegistry.createRegistry(LocateRegistry.java:203)
	at com.attendance.system.server.ServerLauncher.setupRMIRegistry(ServerLauncher.java:208)
	at com.attendance.system.server.ServerLauncher.start(ServerLauncher.java:77)
	at com.attendance.system.server.ServerLauncher.main(ServerLauncher.java:365)
	at org.codehaus.mojo.exec.ExecJavaMojo$1.run(ExecJavaMojo.java:279)
	at java.base/java.lang.Thread.run(Thread.java:1583)
Caused by: java.net.BindException: Address already in use
	at java.base/sun.nio.ch.Net.bind0(Native Method)
	at java.base/sun.nio.ch.Net.bind(Net.java:577)
	at java.base/sun.nio.ch.Net.bind(Net.java:566)
	at java.base/sun.nio.ch.NioSocketImpl.bind(NioSocketImpl.java:636)
	at java.base/java.net.ServerSocket.bind(ServerSocket.java:391)
	at java.base/java.net.ServerSocket.<init>(ServerSocket.java:278)
	at java.base/java.net.ServerSocket.<init>(ServerSocket.java:171)
	at java.rmi/sun.rmi.transport.tcp.TCPDirectSocketFactory.createServerSocket(TCPDirectSocketFactory.java:45)
	at java.rmi/sun.rmi.transport.tcp.TCPEndpoint.newServerSocket(TCPEndpoint.java:672)
	at java.rmi/sun.rmi.transport.tcp.TCPTransport.listen(TCPTransport.java:344)
	... 12 common frames omitted
2026-05-07 23:02:26.888 [com.attendance.system.server.ServerLauncher.main()] ERROR c.a.system.server.ServerLauncher - Failed to create RMI registry on port 1100
java.rmi.server.ExportException: Port already in use: 1100; nested exception is: 
	java.net.BindException: Address already in use
	at java.rmi/sun.rmi.transport.tcp.TCPTransport.listen(TCPTransport.java:356)
	at java.rmi/sun.rmi.transport.tcp.TCPTransport.exportObject(TCPTransport.java:251)
	at java.rmi/sun.rmi.transport.tcp.TCPEndpoint.exportObject(TCPEndpoint.java:415)
	at java.rmi/sun.rmi.transport.LiveRef.exportObject(LiveRef.java:147)
	at java.rmi/sun.rmi.server.UnicastServerRef.exportObject(UnicastServerRef.java:235)
	at java.rmi/sun.rmi.registry.RegistryImpl.setup(RegistryImpl.java:223)
	at java.rmi/sun.rmi.registry.RegistryImpl.<init>(RegistryImpl.java:208)
	at java.rmi/java.rmi.registry.LocateRegistry.createRegistry(LocateRegistry.java:203)
	at com.attendance.system.server.ServerLauncher.setupRMIRegistry(ServerLauncher.java:208)
	at com.attendance.system.server.ServerLauncher.start(ServerLauncher.java:77)
	at com.attendance.system.server.ServerLauncher.main(ServerLauncher.java:365)
	at org.codehaus.mojo.exec.ExecJavaMojo$1.run(ExecJavaMojo.java:279)
	at java.base/java.lang.Thread.run(Thread.java:1583)
Caused by: java.net.BindException: Address already in use
	at java.base/sun.nio.ch.Net.bind0(Native Method)
	at java.base/sun.nio.ch.Net.bind(Net.java:577)
	at java.base/sun.nio.ch.Net.bind(Net.java:566)
	at java.base/sun.nio.ch.NioSocketImpl.bind(NioSocketImpl.java:636)
	at java.base/java.net.ServerSocket.bind(ServerSocket.java:391)
	at java.base/java.net.ServerSocket.<init>(ServerSocket.java:278)
	at java.base/java.net.ServerSocket.<init>(ServerSocket.java:171)
	at java.rmi/sun.rmi.transport.tcp.TCPDirectSocketFactory.createServerSocket(TCPDirectSocketFactory.java:45)
	at java.rmi/sun.rmi.transport.tcp.TCPEndpoint.newServerSocket(TCPEndpoint.java:672)
	at java.rmi/sun.rmi.transport.tcp.TCPTransport.listen(TCPTransport.java:344)
	... 12 common frames omitted
2026-05-07 23:02:26.895 [com.attendance.system.server.ServerLauncher.main()] ERROR c.a.system.server.ServerLauncher - Failed to start server
java.rmi.server.ExportException: Port already in use: 1100; nested exception is: 
	java.net.BindException: Address already in use
	at java.rmi/sun.rmi.transport.tcp.TCPTransport.listen(TCPTransport.java:356)
	at java.rmi/sun.rmi.transport.tcp.TCPTransport.exportObject(TCPTransport.java:251)
	at java.rmi/sun.rmi.transport.tcp.TCPEndpoint.exportObject(TCPEndpoint.java:415)
	at java.rmi/sun.rmi.transport.LiveRef.exportObject(LiveRef.java:147)
	at java.rmi/sun.rmi.server.UnicastServerRef.exportObject(UnicastServerRef.java:235)
	at java.rmi/sun.rmi.registry.RegistryImpl.setup(RegistryImpl.java:223)
	at java.rmi/sun.rmi.registry.RegistryImpl.<init>(RegistryImpl.java:208)
	at java.rmi/java.rmi.registry.LocateRegistry.createRegistry(LocateRegistry.java:203)
	at com.attendance.system.server.ServerLauncher.setupRMIRegistry(ServerLauncher.java:208)
	at com.attendance.system.server.ServerLauncher.start(ServerLauncher.java:77)
	at com.attendance.system.server.ServerLauncher.main(ServerLauncher.java:365)
	at org.codehaus.mojo.exec.ExecJavaMojo$1.run(ExecJavaMojo.java:279)
	at java.base/java.lang.Thread.run(Thread.java:1583)
Caused by: java.net.BindException: Address already in use
	at java.base/sun.nio.ch.Net.bind0(Native Method)
	at java.base/sun.nio.ch.Net.bind(Net.java:577)
	at java.base/sun.nio.ch.Net.bind(Net.java:566)
	at java.base/sun.nio.ch.NioSocketImpl.bind(NioSocketImpl.java:636)
	at java.base/java.net.ServerSocket.bind(ServerSocket.java:391)
	at java.base/java.net.ServerSocket.<init>(ServerSocket.java:278)
	at java.base/java.net.ServerSocket.<init>(ServerSocket.java:171)
	at java.rmi/sun.rmi.transport.tcp.TCPDirectSocketFactory.createServerSocket(TCPDirectSocketFactory.java:45)
	at java.rmi/sun.rmi.transport.tcp.TCPEndpoint.newServerSocket(TCPEndpoint.java:672)
	at java.rmi/sun.rmi.transport.tcp.TCPTransport.listen(TCPTransport.java:344)
	... 12 common frames omitted
2026-05-07 23:02:26.928 [com.attendance.system.server.ServerLauncher.main()] ERROR c.a.system.server.ServerLauncher - Server startup failed
java.rmi.server.ExportException: Port already in use: 1100; nested exception is: 
	java.net.BindException: Address already in use
	at java.rmi/sun.rmi.transport.tcp.TCPTransport.listen(TCPTransport.java:356)
	at java.rmi/sun.rmi.transport.tcp.TCPTransport.exportObject(TCPTransport.java:251)
	at java.rmi/sun.rmi.transport.tcp.TCPEndpoint.exportObject(TCPEndpoint.java:415)
	at java.rmi/sun.rmi.transport.LiveRef.exportObject(LiveRef.java:147)
	at java.rmi/sun.rmi.server.UnicastServerRef.exportObject(UnicastServerRef.java:235)
	at java.rmi/sun.rmi.registry.RegistryImpl.setup(RegistryImpl.java:223)
	at java.rmi/sun.rmi.registry.RegistryImpl.<init>(RegistryImpl.java:208)
	at java.rmi/java.rmi.registry.LocateRegistry.createRegistry(LocateRegistry.java:203)
	at com.attendance.system.server.ServerLauncher.setupRMIRegistry(ServerLauncher.java:208)
	at com.attendance.system.server.ServerLauncher.start(ServerLauncher.java:77)
	at com.attendance.system.server.ServerLauncher.main(ServerLauncher.java:365)
	at org.codehaus.mojo.exec.ExecJavaMojo$1.run(ExecJavaMojo.java:279)
	at java.base/java.lang.Thread.run(Thread.java:1583)
Caused by: java.net.BindException: Address already in use
	at java.base/sun.nio.ch.Net.bind0(Native Method)
	at java.base/sun.nio.ch.Net.bind(Net.java:577)
	at java.base/sun.nio.ch.Net.bind(Net.java:566)
	at java.base/sun.nio.ch.NioSocketImpl.bind(NioSocketImpl.java:636)
	at java.base/java.net.ServerSocket.bind(ServerSocket.java:391)
	at java.base/java.net.ServerSocket.<init>(ServerSocket.java:278)
	at java.base/java.net.ServerSocket.<init>(ServerSocket.java:171)
	at java.rmi/sun.rmi.transport.tcp.TCPDirectSocketFactory.createServerSocket(TCPDirectSocketFactory.java:45)
	at java.rmi/sun.rmi.transport.tcp.TCPEndpoint.newServerSocket(TCPEndpoint.java:672)
	at java.rmi/sun.rmi.transport.tcp.TCPTransport.listen(TCPTransport.java:344)
	... 12 common frames omitted
2026-05-07 23:11:49.945 [com.attendance.system.server.ServerLauncher.main()] ERROR c.a.system.server.ServerLauncher - Failed to create RMI registry on port 1100
java.rmi.server.ExportException: Port already in use: 1100; nested exception is: 
	java.net.BindException: Address already in use
	at java.rmi/sun.rmi.transport.tcp.TCPTransport.listen(TCPTransport.java:356)
	at java.rmi/sun.rmi.transport.tcp.TCPTransport.exportObject(TCPTransport.java:251)
	at java.rmi/sun.rmi.transport.tcp.TCPEndpoint.exportObject(TCPEndpoint.java:415)
	at java.rmi/sun.rmi.transport.LiveRef.exportObject(LiveRef.java:147)
	at java.rmi/sun.rmi.server.UnicastServerRef.exportObject(UnicastServerRef.java:235)
	at java.rmi/sun.rmi.registry.RegistryImpl.setup(RegistryImpl.java:223)
	at java.rmi/sun.rmi.registry.RegistryImpl.<init>(RegistryImpl.java:208)
	at java.rmi/java.rmi.registry.LocateRegistry.createRegistry(LocateRegistry.java:203)
	at com.attendance.system.server.ServerLauncher.setupRMIRegistry(ServerLauncher.java:208)
	at com.attendance.system.server.ServerLauncher.start(ServerLauncher.java:77)
	at com.attendance.system.server.ServerLauncher.main(ServerLauncher.java:365)
	at org.codehaus.mojo.exec.ExecJavaMojo$1.run(ExecJavaMojo.java:279)
	at java.base/java.lang.Thread.run(Thread.java:1583)
Caused by: java.net.BindException: Address already in use
	at java.base/sun.nio.ch.Net.bind0(Native Method)
	at java.base/sun.nio.ch.Net.bind(Net.java:577)
	at java.base/sun.nio.ch.Net.bind(Net.java:566)
	at java.base/sun.nio.ch.NioSocketImpl.bind(NioSocketImpl.java:636)
	at java.base/java.net.ServerSocket.bind(ServerSocket.java:391)
	at java.base/java.net.ServerSocket.<init>(ServerSocket.java:278)
	at java.base/java.net.ServerSocket.<init>(ServerSocket.java:171)
	at java.rmi/sun.rmi.transport.tcp.TCPDirectSocketFactory.createServerSocket(TCPDirectSocketFactory.java:45)
	at java.rmi/sun.rmi.transport.tcp.TCPEndpoint.newServerSocket(TCPEndpoint.java:672)
	at java.rmi/sun.rmi.transport.tcp.TCPTransport.listen(TCPTransport.java:344)
	... 12 common frames omitted
2026-05-07 23:11:49.954 [com.attendance.system.server.ServerLauncher.main()] ERROR c.a.system.server.ServerLauncher - Failed to start server
java.rmi.server.ExportException: Port already in use: 1100; nested exception is: 
	java.net.BindException: Address already in use
	at java.rmi/sun.rmi.transport.tcp.TCPTransport.listen(TCPTransport.java:356)
	at java.rmi/sun.rmi.transport.tcp.TCPTransport.exportObject(TCPTransport.java:251)
	at java.rmi/sun.rmi.transport.tcp.TCPEndpoint.exportObject(TCPEndpoint.java:415)
	at java.rmi/sun.rmi.transport.LiveRef.exportObject(LiveRef.java:147)
	at java.rmi/sun.rmi.server.UnicastServerRef.exportObject(UnicastServerRef.java:235)
	at java.rmi/sun.rmi.registry.RegistryImpl.setup(RegistryImpl.java:223)
	at java.rmi/sun.rmi.registry.RegistryImpl.<init>(RegistryImpl.java:208)
	at java.rmi/java.rmi.registry.LocateRegistry.createRegistry(LocateRegistry.java:203)
	at com.attendance.system.server.ServerLauncher.setupRMIRegistry(ServerLauncher.java:208)
	at com.attendance.system.server.ServerLauncher.start(ServerLauncher.java:77)
	at com.attendance.system.server.ServerLauncher.main(ServerLauncher.java:365)
	at org.codehaus.mojo.exec.ExecJavaMojo$1.run(ExecJavaMojo.java:279)
	at java.base/java.lang.Thread.run(Thread.java:1583)
Caused by: java.net.BindException: Address already in use
	at java.base/sun.nio.ch.Net.bind0(Native Method)
	at java.base/sun.nio.ch.Net.bind(Net.java:577)
	at java.base/sun.nio.ch.Net.bind(Net.java:566)
	at java.base/sun.nio.ch.NioSocketImpl.bind(NioSocketImpl.java:636)
	at java.base/java.net.ServerSocket.bind(ServerSocket.java:391)
	at java.base/java.net.ServerSocket.<init>(ServerSocket.java:278)
	at java.base/java.net.ServerSocket.<init>(ServerSocket.java:171)
	at java.rmi/sun.rmi.transport.tcp.TCPDirectSocketFactory.createServerSocket(TCPDirectSocketFactory.java:45)
	at java.rmi/sun.rmi.transport.tcp.TCPEndpoint.newServerSocket(TCPEndpoint.java:672)
	at java.rmi/sun.rmi.transport.tcp.TCPTransport.listen(TCPTransport.java:344)
	... 12 common frames omitted
2026-05-07 23:11:49.982 [com.attendance.system.server.ServerLauncher.main()] ERROR c.a.system.server.ServerLauncher - Server startup failed
java.rmi.server.ExportException: Port already in use: 1100; nested exception is: 
	java.net.BindException: Address already in use
	at java.rmi/sun.rmi.transport.tcp.TCPTransport.listen(TCPTransport.java:356)
	at java.rmi/sun.rmi.transport.tcp.TCPTransport.exportObject(TCPTransport.java:251)
	at java.rmi/sun.rmi.transport.tcp.TCPEndpoint.exportObject(TCPEndpoint.java:415)
	at java.rmi/sun.rmi.transport.LiveRef.exportObject(LiveRef.java:147)
	at java.rmi/sun.rmi.server.UnicastServerRef.exportObject(UnicastServerRef.java:235)
	at java.rmi/sun.rmi.registry.RegistryImpl.setup(RegistryImpl.java:223)
	at java.rmi/sun.rmi.registry.RegistryImpl.<init>(RegistryImpl.java:208)
	at java.rmi/java.rmi.registry.LocateRegistry.createRegistry(LocateRegistry.java:203)
	at com.attendance.system.server.ServerLauncher.setupRMIRegistry(ServerLauncher.java:208)
	at com.attendance.system.server.ServerLauncher.start(ServerLauncher.java:77)
	at com.attendance.system.server.ServerLauncher.main(ServerLauncher.java:365)
	at org.codehaus.mojo.exec.ExecJavaMojo$1.run(ExecJavaMojo.java:279)
	at java.base/java.lang.Thread.run(Thread.java:1583)
Caused by: java.net.BindException: Address already in use
	at java.base/sun.nio.ch.Net.bind0(Native Method)
	at java.base/sun.nio.ch.Net.bind(Net.java:577)
	at java.base/sun.nio.ch.Net.bind(Net.java:566)
	at java.base/sun.nio.ch.NioSocketImpl.bind(NioSocketImpl.java:636)
	at java.base/java.net.ServerSocket.bind(ServerSocket.java:391)
	at java.base/java.net.ServerSocket.<init>(ServerSocket.java:278)
	at java.base/java.net.ServerSocket.<init>(ServerSocket.java:171)
	at java.rmi/sun.rmi.transport.tcp.TCPDirectSocketFactory.createServerSocket(TCPDirectSocketFactory.java:45)
	at java.rmi/sun.rmi.transport.tcp.TCPEndpoint.newServerSocket(TCPEndpoint.java:672)
	at java.rmi/sun.rmi.transport.tcp.TCPTransport.listen(TCPTransport.java:344)
	... 12 common frames omitted
2026-05-07 23:20:09.279 [RMI TCP Connection(3)-127.0.0.1] ERROR c.a.system.dao.AttendanceDAO - Failed to insert attendance record
java.sql.SQLIntegrityConstraintViolationException: Duplicate entry '2-3-2026-05-07-10:00:00' for key 'unique_attendance'
	at com.mysql.cj.jdbc.exceptions.SQLError.createSQLException(SQLError.java:118)
	at com.mysql.cj.jdbc.exceptions.SQLExceptionsMapping.translateException(SQLExceptionsMapping.java:122)
	at com.mysql.cj.jdbc.ServerPreparedStatement.serverExecute(ServerPreparedStatement.java:555)
	at com.mysql.cj.jdbc.ServerPreparedStatement.executeInternal(ServerPreparedStatement.java:339)
	at com.mysql.cj.jdbc.ClientPreparedStatement.executeUpdateInternal(ClientPreparedStatement.java:1061)
	at com.mysql.cj.jdbc.ClientPreparedStatement.executeUpdateInternal(ClientPreparedStatement.java:1009)
	at com.mysql.cj.jdbc.ClientPreparedStatement.executeLargeUpdate(ClientPreparedStatement.java:1320)
	at com.mysql.cj.jdbc.ClientPreparedStatement.executeUpdate(ClientPreparedStatement.java:994)
	at com.zaxxer.hikari.pool.ProxyPreparedStatement.executeUpdate(ProxyPreparedStatement.java:61)
	at com.zaxxer.hikari.pool.HikariProxyPreparedStatement.executeUpdate(HikariProxyPreparedStatement.java)
	at com.attendance.system.dao.AttendanceDAO.insertAttendanceRecord(AttendanceDAO.java:59)
	at com.attendance.system.service.AttendanceServiceImpl.markAttendance(AttendanceServiceImpl.java:75)
	at com.attendance.system.server.AttendanceServer.lambda$markAttendance$17(AttendanceServer.java:638)
	at com.attendance.system.server.AttendanceServer.executeWithErrorHandling(AttendanceServer.java:1159)
	at com.attendance.system.server.AttendanceServer.markAttendance(AttendanceServer.java:637)
	at java.base/jdk.internal.reflect.DirectMethodHandleAccessor.invoke(DirectMethodHandleAccessor.java:103)
	at java.base/java.lang.reflect.Method.invoke(Method.java:580)
	at java.rmi/sun.rmi.server.UnicastServerRef.dispatch(UnicastServerRef.java:360)
	at java.rmi/sun.rmi.transport.Transport$1.run(Transport.java:200)
	at java.rmi/sun.rmi.transport.Transport$1.run(Transport.java:197)
	at java.base/java.security.AccessController.doPrivileged(AccessController.java:714)
	at java.rmi/sun.rmi.transport.Transport.serviceCall(Transport.java:196)
	at java.rmi/sun.rmi.transport.tcp.TCPTransport.handleMessages(TCPTransport.java:598)
	at java.rmi/sun.rmi.transport.tcp.TCPTransport$ConnectionHandler.run0(TCPTransport.java:844)
	at java.rmi/sun.rmi.transport.tcp.TCPTransport$ConnectionHandler.lambda$run$0(TCPTransport.java:721)
	at java.base/java.security.AccessController.doPrivileged(AccessController.java:400)
	at java.rmi/sun.rmi.transport.tcp.TCPTransport$ConnectionHandler.run(TCPTransport.java:720)
	at java.base/java.util.concurrent.ThreadPoolExecutor.runWorker(ThreadPoolExecutor.java:1144)
	at java.base/java.util.concurrent.ThreadPoolExecutor$Worker.run(ThreadPoolExecutor.java:642)
	at java.base/java.lang.Thread.run(Thread.java:1583)
2026-05-07 23:22:12.778 [RMI TCP Connection(8)-127.0.0.1] ERROR c.a.system.dao.AttendanceDAO - Failed to insert attendance record
java.sql.SQLIntegrityConstraintViolationException: Duplicate entry '2-3-2026-05-07-09:00:00' for key 'unique_attendance'
	at com.mysql.cj.jdbc.exceptions.SQLError.createSQLException(SQLError.java:118)
	at com.mysql.cj.jdbc.exceptions.SQLExceptionsMapping.translateException(SQLExceptionsMapping.java:122)
	at com.mysql.cj.jdbc.ServerPreparedStatement.serverExecute(ServerPreparedStatement.java:555)
	at com.mysql.cj.jdbc.ServerPreparedStatement.executeInternal(ServerPreparedStatement.java:339)
	at com.mysql.cj.jdbc.ClientPreparedStatement.executeUpdateInternal(ClientPreparedStatement.java:1061)
	at com.mysql.cj.jdbc.ClientPreparedStatement.executeUpdateInternal(ClientPreparedStatement.java:1009)
	at com.mysql.cj.jdbc.ClientPreparedStatement.executeLargeUpdate(ClientPreparedStatement.java:1320)
	at com.mysql.cj.jdbc.ClientPreparedStatement.executeUpdate(ClientPreparedStatement.java:994)
	at com.zaxxer.hikari.pool.ProxyPreparedStatement.executeUpdate(ProxyPreparedStatement.java:61)
	at com.zaxxer.hikari.pool.HikariProxyPreparedStatement.executeUpdate(HikariProxyPreparedStatement.java)
	at com.attendance.system.dao.AttendanceDAO.insertAttendanceRecord(AttendanceDAO.java:59)
	at com.attendance.system.service.AttendanceServiceImpl.markAttendance(AttendanceServiceImpl.java:75)
	at com.attendance.system.server.AttendanceServer.lambda$markAttendance$17(AttendanceServer.java:638)
	at com.attendance.system.server.AttendanceServer.executeWithErrorHandling(AttendanceServer.java:1159)
	at com.attendance.system.server.AttendanceServer.markAttendance(AttendanceServer.java:637)
	at java.base/jdk.internal.reflect.DirectMethodHandleAccessor.invoke(DirectMethodHandleAccessor.java:103)
	at java.base/java.lang.reflect.Method.invoke(Method.java:580)
	at java.rmi/sun.rmi.server.UnicastServerRef.dispatch(UnicastServerRef.java:360)
	at java.rmi/sun.rmi.transport.Transport$1.run(Transport.java:200)
	at java.rmi/sun.rmi.transport.Transport$1.run(Transport.java:197)
	at java.base/java.security.AccessController.doPrivileged(AccessController.java:714)
	at java.rmi/sun.rmi.transport.Transport.serviceCall(Transport.java:196)
	at java.rmi/sun.rmi.transport.tcp.TCPTransport.handleMessages(TCPTransport.java:598)
	at java.rmi/sun.rmi.transport.tcp.TCPTransport$ConnectionHandler.run0(TCPTransport.java:844)
	at java.rmi/sun.rmi.transport.tcp.TCPTransport$ConnectionHandler.lambda$run$0(TCPTransport.java:721)
	at java.base/java.security.AccessController.doPrivileged(AccessController.java:400)
	at java.rmi/sun.rmi.transport.tcp.TCPTransport$ConnectionHandler.run(TCPTransport.java:720)
	at java.base/java.util.concurrent.ThreadPoolExecutor.runWorker(ThreadPoolExecutor.java:1144)
	at java.base/java.util.concurrent.ThreadPoolExecutor$Worker.run(ThreadPoolExecutor.java:642)
	at java.base/java.lang.Thread.run(Thread.java:1583)
2026-05-07 23:24:13.953 [com.attendance.system.server.ServerLauncher.main()] ERROR c.a.system.server.ServerLauncher - Failed to create RMI registry on port 1100
java.rmi.server.ExportException: Port already in use: 1100; nested exception is: 
	java.net.BindException: Address already in use
	at java.rmi/sun.rmi.transport.tcp.TCPTransport.listen(TCPTransport.java:356)
	at java.rmi/sun.rmi.transport.tcp.TCPTransport.exportObject(TCPTransport.java:251)
	at java.rmi/sun.rmi.transport.tcp.TCPEndpoint.exportObject(TCPEndpoint.java:415)
	at java.rmi/sun.rmi.transport.LiveRef.exportObject(LiveRef.java:147)
	at java.rmi/sun.rmi.server.UnicastServerRef.exportObject(UnicastServerRef.java:235)
	at java.rmi/sun.rmi.registry.RegistryImpl.setup(RegistryImpl.java:223)
	at java.rmi/sun.rmi.registry.RegistryImpl.<init>(RegistryImpl.java:208)
	at java.rmi/java.rmi.registry.LocateRegistry.createRegistry(LocateRegistry.java:203)
	at com.attendance.system.server.ServerLauncher.setupRMIRegistry(ServerLauncher.java:208)
	at com.attendance.system.server.ServerLauncher.start(ServerLauncher.java:77)
	at com.attendance.system.server.ServerLauncher.main(ServerLauncher.java:365)
	at org.codehaus.mojo.exec.ExecJavaMojo$1.run(ExecJavaMojo.java:279)
	at java.base/java.lang.Thread.run(Thread.java:1583)
Caused by: java.net.BindException: Address already in use
	at java.base/sun.nio.ch.Net.bind0(Native Method)
	at java.base/sun.nio.ch.Net.bind(Net.java:577)
	at java.base/sun.nio.ch.Net.bind(Net.java:566)
	at java.base/sun.nio.ch.NioSocketImpl.bind(NioSocketImpl.java:636)
	at java.base/java.net.ServerSocket.bind(ServerSocket.java:391)
	at java.base/java.net.ServerSocket.<init>(ServerSocket.java:278)
	at java.base/java.net.ServerSocket.<init>(ServerSocket.java:171)
	at java.rmi/sun.rmi.transport.tcp.TCPDirectSocketFactory.createServerSocket(TCPDirectSocketFactory.java:45)
	at java.rmi/sun.rmi.transport.tcp.TCPEndpoint.newServerSocket(TCPEndpoint.java:672)
	at java.rmi/sun.rmi.transport.tcp.TCPTransport.listen(TCPTransport.java:344)
	... 12 common frames omitted
2026-05-07 23:24:13.964 [com.attendance.system.server.ServerLauncher.main()] ERROR c.a.system.server.ServerLauncher - Failed to start server
java.rmi.server.ExportException: Port already in use: 1100; nested exception is: 
	java.net.BindException: Address already in use
	at java.rmi/sun.rmi.transport.tcp.TCPTransport.listen(TCPTransport.java:356)
	at java.rmi/sun.rmi.transport.tcp.TCPTransport.exportObject(TCPTransport.java:251)
	at java.rmi/sun.rmi.transport.tcp.TCPEndpoint.exportObject(TCPEndpoint.java:415)
	at java.rmi/sun.rmi.transport.LiveRef.exportObject(LiveRef.java:147)
	at java.rmi/sun.rmi.server.UnicastServerRef.exportObject(UnicastServerRef.java:235)
	at java.rmi/sun.rmi.registry.RegistryImpl.setup(RegistryImpl.java:223)
	at java.rmi/sun.rmi.registry.RegistryImpl.<init>(RegistryImpl.java:208)
	at java.rmi/java.rmi.registry.LocateRegistry.createRegistry(LocateRegistry.java:203)
	at com.attendance.system.server.ServerLauncher.setupRMIRegistry(ServerLauncher.java:208)
	at com.attendance.system.server.ServerLauncher.start(ServerLauncher.java:77)
	at com.attendance.system.server.ServerLauncher.main(ServerLauncher.java:365)
	at org.codehaus.mojo.exec.ExecJavaMojo$1.run(ExecJavaMojo.java:279)
	at java.base/java.lang.Thread.run(Thread.java:1583)
Caused by: java.net.BindException: Address already in use
	at java.base/sun.nio.ch.Net.bind0(Native Method)
	at java.base/sun.nio.ch.Net.bind(Net.java:577)
	at java.base/sun.nio.ch.Net.bind(Net.java:566)
	at java.base/sun.nio.ch.NioSocketImpl.bind(NioSocketImpl.java:636)
	at java.base/java.net.ServerSocket.bind(ServerSocket.java:391)
	at java.base/java.net.ServerSocket.<init>(ServerSocket.java:278)
	at java.base/java.net.ServerSocket.<init>(ServerSocket.java:171)
	at java.rmi/sun.rmi.transport.tcp.TCPDirectSocketFactory.createServerSocket(TCPDirectSocketFactory.java:45)
	at java.rmi/sun.rmi.transport.tcp.TCPEndpoint.newServerSocket(TCPEndpoint.java:672)
	at java.rmi/sun.rmi.transport.tcp.TCPTransport.listen(TCPTransport.java:344)
	... 12 common frames omitted
2026-05-07 23:24:14.014 [com.attendance.system.server.ServerLauncher.main()] ERROR c.a.system.server.ServerLauncher - Server startup failed
java.rmi.server.ExportException: Port already in use: 1100; nested exception is: 
	java.net.BindException: Address already in use
	at java.rmi/sun.rmi.transport.tcp.TCPTransport.listen(TCPTransport.java:356)
	at java.rmi/sun.rmi.transport.tcp.TCPTransport.exportObject(TCPTransport.java:251)
	at java.rmi/sun.rmi.transport.tcp.TCPEndpoint.exportObject(TCPEndpoint.java:415)
	at java.rmi/sun.rmi.transport.LiveRef.exportObject(LiveRef.java:147)
	at java.rmi/sun.rmi.server.UnicastServerRef.exportObject(UnicastServerRef.java:235)
	at java.rmi/sun.rmi.registry.RegistryImpl.setup(RegistryImpl.java:223)
	at java.rmi/sun.rmi.registry.RegistryImpl.<init>(RegistryImpl.java:208)
	at java.rmi/java.rmi.registry.LocateRegistry.createRegistry(LocateRegistry.java:203)
	at com.attendance.system.server.ServerLauncher.setupRMIRegistry(ServerLauncher.java:208)
	at com.attendance.system.server.ServerLauncher.start(ServerLauncher.java:77)
	at com.attendance.system.server.ServerLauncher.main(ServerLauncher.java:365)
	at org.codehaus.mojo.exec.ExecJavaMojo$1.run(ExecJavaMojo.java:279)
	at java.base/java.lang.Thread.run(Thread.java:1583)
Caused by: java.net.BindException: Address already in use
	at java.base/sun.nio.ch.Net.bind0(Native Method)
	at java.base/sun.nio.ch.Net.bind(Net.java:577)
	at java.base/sun.nio.ch.Net.bind(Net.java:566)
	at java.base/sun.nio.ch.NioSocketImpl.bind(NioSocketImpl.java:636)
	at java.base/java.net.ServerSocket.bind(ServerSocket.java:391)
	at java.base/java.net.ServerSocket.<init>(ServerSocket.java:278)
	at java.base/java.net.ServerSocket.<init>(ServerSocket.java:171)
	at java.rmi/sun.rmi.transport.tcp.TCPDirectSocketFactory.createServerSocket(TCPDirectSocketFactory.java:45)
	at java.rmi/sun.rmi.transport.tcp.TCPEndpoint.newServerSocket(TCPEndpoint.java:672)
	at java.rmi/sun.rmi.transport.tcp.TCPTransport.listen(TCPTransport.java:344)
	... 12 common frames omitted
2026-05-07 23:28:33.289 [RMI TCP Connection(5)-127.0.0.1] ERROR c.a.system.dao.AttendanceDAO - Failed to insert attendance record
java.sql.SQLIntegrityConstraintViolationException: Duplicate entry '2-3-2026-05-07-09:00:00' for key 'unique_attendance'
	at com.mysql.cj.jdbc.exceptions.SQLError.createSQLException(SQLError.java:118)
	at com.mysql.cj.jdbc.exceptions.SQLExceptionsMapping.translateException(SQLExceptionsMapping.java:122)
	at com.mysql.cj.jdbc.ServerPreparedStatement.serverExecute(ServerPreparedStatement.java:555)
	at com.mysql.cj.jdbc.ServerPreparedStatement.executeInternal(ServerPreparedStatement.java:339)
	at com.mysql.cj.jdbc.ClientPreparedStatement.executeUpdateInternal(ClientPreparedStatement.java:1061)
	at com.mysql.cj.jdbc.ClientPreparedStatement.executeUpdateInternal(ClientPreparedStatement.java:1009)
	at com.mysql.cj.jdbc.ClientPreparedStatement.executeLargeUpdate(ClientPreparedStatement.java:1320)
	at com.mysql.cj.jdbc.ClientPreparedStatement.executeUpdate(ClientPreparedStatement.java:994)
	at com.zaxxer.hikari.pool.ProxyPreparedStatement.executeUpdate(ProxyPreparedStatement.java:61)
	at com.zaxxer.hikari.pool.HikariProxyPreparedStatement.executeUpdate(HikariProxyPreparedStatement.java)
	at com.attendance.system.dao.AttendanceDAO.insertAttendanceRecord(AttendanceDAO.java:59)
	at com.attendance.system.service.AttendanceServiceImpl.markAttendance(AttendanceServiceImpl.java:75)
	at com.attendance.system.server.AttendanceServer.lambda$markAttendance$17(AttendanceServer.java:638)
	at com.attendance.system.server.AttendanceServer.executeWithErrorHandling(AttendanceServer.java:1159)
	at com.attendance.system.server.AttendanceServer.markAttendance(AttendanceServer.java:637)
	at java.base/jdk.internal.reflect.DirectMethodHandleAccessor.invoke(DirectMethodHandleAccessor.java:103)
	at java.base/java.lang.reflect.Method.invoke(Method.java:580)
	at java.rmi/sun.rmi.server.UnicastServerRef.dispatch(UnicastServerRef.java:360)
	at java.rmi/sun.rmi.transport.Transport$1.run(Transport.java:200)
	at java.rmi/sun.rmi.transport.Transport$1.run(Transport.java:197)
	at java.base/java.security.AccessController.doPrivileged(AccessController.java:714)
	at java.rmi/sun.rmi.transport.Transport.serviceCall(Transport.java:196)
	at java.rmi/sun.rmi.transport.tcp.TCPTransport.handleMessages(TCPTransport.java:598)
	at java.rmi/sun.rmi.transport.tcp.TCPTransport$ConnectionHandler.run0(TCPTransport.java:844)
	at java.rmi/sun.rmi.transport.tcp.TCPTransport$ConnectionHandler.lambda$run$0(TCPTransport.java:721)
	at java.base/java.security.AccessController.doPrivileged(AccessController.java:400)
	at java.rmi/sun.rmi.transport.tcp.TCPTransport$ConnectionHandler.run(TCPTransport.java:720)
	at java.base/java.util.concurrent.ThreadPoolExecutor.runWorker(ThreadPoolExecutor.java:1144)
	at java.base/java.util.concurrent.ThreadPoolExecutor$Worker.run(ThreadPoolExecutor.java:642)
	at java.base/java.lang.Thread.run(Thread.java:1583)
